request,scenario,command_id,channel_id,dose_ml,tank_ph,gateway_decision,gateway_reason,model_a_label,model_a_score,model_a_latency_ms,gateway_latency_ms,decision_time_ms,received_utc,decided_utc
1,normal,LAT-00001-d39eb0,ACID_FINE,8.9,7.0,ACCEPT,ACCEPTED,ACCEPTABLE_CONTEXT,0.00428,1.4023,1.5775,1.652,2026-10-03T13:34:46.044643Z,2026-10-03T13:34:46.046299Z
2,uncertain,LAT-00002-67dc21,BASE_FINE,1.6,7.0,REJECT,MODEL_A_BLOCK,UNCERTAIN_CONTEXT,1.0,0.5815,0.7086,0.7674,2026-10-03T13:34:46.046674Z,2026-10-03T13:34:46.047445Z
3,harmful,LAT-00003-8bad3b,ACID_BULK,16.4,6.2,REJECT,MODEL_A_BLOCK,HARMFUL_CONTEXT,1.0,0.5261,0.6206,0.6632,2026-10-03T13:34:46.047750Z,2026-10-03T13:34:46.048414Z
4,normal,LAT-00004-1f93e4,ACID_FINE,7.1,7.0,ACCEPT,ACCEPTED,ACCEPTABLE_CONTEXT,0.00428,1.0984,1.1962,1.2394,2026-10-03T13:34:46.048690Z,2026-10-03T13:34:46.049931Z
5,normal,LAT-00005-48f694,BASE_FINE,4.3,7.0,ACCEPT,ACCEPTED,ACCEPTABLE_CONTEXT,0.004506,1.0939,1.1975,1.2417,2026-10-03T13:34:46.050205Z,2026-10-03T13:34:46.051448Z
6,normal,LAT-00006-d70b65,ACID_FINE,1.2,7.0,ACCEPT,ACCEPTED,ACCEPTABLE_CONTEXT,0.00428,1.0186,1.1087,1.15,2026-10-03T13:34:46.051715Z,2026-10-03T13:34:46.052866Z
7,harmful,LAT-00007-a58363,ACID_BULK,17.6,6.2,REJECT,MODEL_A_BLOCK,HARMFUL_CONTEXT,1.0,0.5137,0.5975,0.6357,2026-10-03T13:34:46.053125Z,2026-10-03T13:34:46.053762Z
8,uncertain,LAT-00008-93d9a8,BASE_FINE,4.3,7.0,REJECT,MODEL_A_BLOCK,UNCERTAIN_CONTEXT,1.0,0.4383,0.5342,0.574,2026-10-03T13:34:46.054013Z,2026-10-03T13:34:46.054589Z
9,normal,LAT-00009-56ea8c,ACID_FINE,7.6,7.0,ACCEPT,ACCEPTED,ACCEPTABLE_CONTEXT,0.004506,1.0379,1.1227,1.1621,2026-10-03T13:34:46.054833Z,2026-10-03T13:34:46.055997Z
10,harmful,LAT-00010-83f528,ACID_BULK,16.8,6.2,REJECT,MODEL_A_BLOCK,HARMFUL_CONTEXT,1.0,0.4974,0.5763,0.613,2026-10-03T13:34:46.056245Z,2026-10-03T13:34:46.056860Z
11,normal,LAT-00011-c01848,ACID_FINE,9.4,7.0,ACCEPT,ACCEPTED,ACCEPTABLE_CONTEXT,0.00428,0.986,1.0694,1.1071,2026-10-03T13:34:46.057099Z,2026-10-03T13:34:46.058208Z
12,normal,LAT-00012-4979d5,ACID_FINE,4.9,7.0,ACCEPT,ACCEPTED,ACCEPTABLE_CONTEXT,0.00428,0.98,1.0845,1.1249,2026-10-03T13:34:46.058453Z,2026-10-03T13:34:46.059579Z
13,normal,LAT-00013-99dadb,BASE_FINE,0.5,7.0,ACCEPT,ACCEPTED,ACCEPTABLE_CONTEXT,0.004506,0.9793,1.0609,1.0984,2026-10-03T13:34:46.059827Z,2026-10-03T13:34:46.060927Z
14,harmful,LAT-00014-ca1e1e,ACID_BULK,17.7,6.2,REJECT,MODEL_A_BLOCK,HARMFUL_CONTEXT,1.0,0.4989,0.5775,0.6131,2026-10-03T13:34:46.061168Z,2026-10-03T13:34:46.061783Z
15,uncertain,LAT-00015-849524,BASE_FINE,4.9,7.0,REJECT,MODEL_A_BLOCK,UNCERTAIN_CONTEXT,1.0,0.4784,0.5657,0.6036,2026-10-03T13:34:46.062017Z,2026-10-03T13:34:46.062622Z
16,harmful,LAT-00016-b059ad,ACID_BULK,12.3,6.2,REJECT,MODEL_A_BLOCK,HARMFUL_CONTEXT,1.0,0.4705,0.5461,0.5817,2026-10-03T13:34:46.062853Z,2026-10-03T13:34:46.063436Z
17,normal,LAT-00017-3329bf,ACID_FINE,8.8,7.0,ACCEPT,ACCEPTED,ACCEPTABLE_CONTEXT,0.00428,1.015,1.0933,1.1304,2026-10-03T13:34:46.063667Z,2026-10-03T13:34:46.064799Z
18,normal,LAT-00018-cc3039,ACID_FINE,5.0,7.0,ACCEPT,ACCEPTED,ACCEPTABLE_CONTEXT,0.00428,1.0205,1.0984,1.135,2026-10-03T13:34:46.065029Z,2026-10-03T13:34:46.066165Z
19,normal,LAT-00019-52a9f8,BASE_FINE,5.5,7.0,ACCEPT,ACCEPTED,ACCEPTABLE_CONTEXT,0.004506,1.0183,1.1115,1.1507,2026-10-03T13:34:46.066400Z,2026-10-03T13:34:46.067551Z
20,harmful,LAT-00020-11a6a6,ACID_BULK,18.3,6.2,REJECT,MODEL_A_BLOCK,HARMFUL_CONTEXT,1.0,0.4966,0.5735,0.6095,2026-10-03T13:34:46.067791Z,2026-10-03T13:34:46.068401Z
21,harmful,LAT-00021-7b1693,ACID_BULK,18.2,6.2,REJECT,MODEL_A_BLOCK,HARMFUL_CONTEXT,1.0,0.4724,0.5469,0.5816,2026-10-03T13:34:46.068635Z,2026-10-03T13:34:46.069218Z
22,harmful,LAT-00022-1fe432,ACID_BULK,12.4,6.2,REJECT,MODEL_A_BLOCK,HARMFUL_CONTEXT,1.0,0.4618,0.538,0.5724,2026-10-03T13:34:46.069440Z,2026-10-03T13:34:46.070013Z
23,recovery,LAT-00023-d85281,BASE_FINE,3.7,3.5,ACCEPT,ACCEPTED,ACCEPTABLE_CONTEXT,0.008166,1.0797,1.1699,1.2099,2026-10-03T13:34:46.070236Z,2026-10-03T13:34:46.071447Z
24,harmful,LAT-00024-d683a6,ACID_BULK,15.1,6.2,REJECT,MODEL_A_BLOCK,HARMFUL_CONTEXT,1.0,0.494,0.5699,0.6056,2026-10-03T13:34:46.071686Z,2026-10-03T13:34:46.072293Z
25,uncertain,LAT-00025-dfcf0a,BASE_FINE,4.5,7.0,REJECT,MODEL_A_BLOCK,UNCERTAIN_CONTEXT,1.0,0.4251,0.4993,0.5338,2026-10-03T13:34:46.072518Z,2026-10-03T13:34:46.073053Z
26,harmful,LAT-00026-54378e,ACID_BULK,11.2,6.2,REJECT,MODEL_A_BLOCK,HARMFUL_CONTEXT,1.0,0.4659,0.539,0.573,2026-10-03T13:34:46.073274Z,2026-10-03T13:34:46.073849Z
27,uncertain,LAT-00027-e09bb5,BASE_FINE,1.0,7.0,REJECT,MODEL_A_BLOCK,UNCERTAIN_CONTEXT,1.0,0.4233,0.5062,0.5426,2026-10-03T13:34:46.074070Z,2026-10-03T13:34:46.074614Z
28,normal,LAT-00028-1b1869,ACID_FINE,6.2,7.0,ACCEPT,ACCEPTED,ACCEPTABLE_CONTEXT,0.00428,1.0586,1.1374,1.1739,2026-10-03T13:34:46.074837Z,2026-10-03T13:34:46.076013Z
29,normal,LAT-00029-3e82dd,ACID_FINE,2.3,7.0,ACCEPT,ACCEPTED,ACCEPTABLE_CONTEXT,0.00428,1.0386,1.1185,1.1544,2026-10-03T13:34:46.076244Z,2026-10-03T13:34:46.077400Z
30,normal,LAT-00030-9549bf,ACID_FINE,9.8,7.0,ACCEPT,ACCEPTED,ACCEPTABLE_CONTEXT,0.00428,0.9939,1.0819,1.1204,2026-10-03T13:34:46.077631Z,2026-10-03T13:34:46.078752Z
31,harmful,LAT-00031-c08b32,ACID_BULK,17.7,6.2,REJECT,MODEL_A_BLOCK,HARMFUL_CONTEXT,1.0,0.5003,0.5765,0.6105,2026-10-03T13:34:46.078994Z,2026-10-03T13:34:46.079606Z
32,normal,LAT-00032-34990f,BASE_FINE,6.6,7.0,ACCEPT,ACCEPTED,ACCEPTABLE_CONTEXT,0.00428,1.0139,1.091,1.1275,2026-10-03T13:34:46.079833Z,2026-10-03T13:34:46.080962Z
33,normal,LAT-00033-706349,ACID_FINE,4.1,7.0,ACCEPT,ACCEPTED,ACCEPTABLE_CONTEXT,0.00428,0.9931,1.0708,1.1056,2026-10-03T13:34:46.081187Z,2026-10-03T13:34:46.082294Z
34,normal,LAT-00034-2c897f,ACID_FINE,8.4,7.0,ACCEPT,ACCEPTED,ACCEPTABLE_CONTEXT,0.004506,0.967,1.0551,1.0927,2026-10-03T13:34:46.082533Z,2026-10-03T13:34:46.083627Z
35,normal,LAT-00035-d29937,ACID_FINE,0.9,7.0,ACCEPT,ACCEPTED,ACCEPTABLE_CONTEXT,0.004506,0.9613,1.0441,1.0802,2026-10-03T13:34:46.083867Z,2026-10-03T13:34:46.084949Z
36,recovery,LAT-00036-a8698a,BASE_FINE,9.8,3.5,ACCEPT,ACCEPTED,ACCEPTABLE_CONTEXT,0.008166,1.0294,1.1085,1.1443,2026-10-03T13:34:46.085181Z,2026-10-03T13:34:46.086327Z
37,normal,LAT-00037-2da186,BASE_FINE,8.8,7.0,ACCEPT,ACCEPTED,ACCEPTABLE_CONTEXT,0.00428,0.9574,1.0451,1.0815,2026-10-03T13:34:46.086571Z,2026-10-03T13:34:46.087654Z
38,normal,LAT-00038-ebcc9c,ACID_FINE,1.1,7.0,ACCEPT,ACCEPTED,ACCEPTABLE_CONTEXT,0.00428,0.9481,1.0268,1.0626,2026-10-03T13:34:46.087890Z,2026-10-03T13:34:46.088954Z
39,harmful,LAT-00039-ce9b26,ACID_BULK,17.2,6.2,REJECT,MODEL_A_BLOCK,HARMFUL_CONTEXT,1.0,0.5007,0.5813,0.6176,2026-10-03T13:34:46.089184Z,2026-10-03T13:34:46.089803Z
40,normal,LAT-00040-393b6e,BASE_FINE,2.6,7.0,ACCEPT,ACCEPTED,ACCEPTABLE_CONTEXT,0.00428,1.0156,1.1046,1.1432,2026-10-03T13:34:46.090034Z,2026-10-03T13:34:46.091178Z
41,normal,LAT-00041-3b9b25,BASE_FINE,5.1,7.0,ACCEPT,ACCEPTED,ACCEPTABLE_CONTEXT,0.00428,0.9498,1.0293,1.0659,2026-10-03T13:34:46.091416Z,2026-10-03T13:34:46.092483Z
42,normal,LAT-00042-7b71c9,ACID_FINE,1.8,7.0,ACCEPT,ACCEPTED,ACCEPTABLE_CONTEXT,0.00428,0.9549,1.0323,1.0673,2026-10-03T13:34:46.092713Z,2026-10-03T13:34:46.093782Z
43,normal,LAT-00043-1d8437,BASE_FINE,6.2,7.0,ACCEPT,ACCEPTED,ACCEPTABLE_CONTEXT,0.00428,0.977,1.0718,1.1108,2026-10-03T13:34:46.094015Z,2026-10-03T13:34:46.095128Z
44,uncertain,LAT-00044-a31ce9,BASE_FINE,4.6,7.0,REJECT,MODEL_A_BLOCK,UNCERTAIN_CONTEXT,1.0,0.4913,0.5676,0.6034,2026-10-03T13:34:46.095367Z,2026-10-03T13:34:46.095972Z
45,uncertain,LAT-00045-bd5c38,BASE_FINE,4.6,7.0,REJECT,MODEL_A_BLOCK,UNCERTAIN_CONTEXT,1.0,0.4149,0.4887,0.5238,2026-10-03T13:34:46.096198Z,2026-10-03T13:34:46.096723Z
46,recovery,LAT-00046-638955,BASE_FINE,5.3,3.5,ACCEPT,ACCEPTED,ACCEPTABLE_CONTEXT,0.008166,1.0592,1.1379,1.1743,2026-10-03T13:34:46.096946Z,2026-10-03T13:34:46.098122Z
47,recovery,LAT-00047-6d2c2c,BASE_FINE,8.9,3.5,ACCEPT,ACCEPTED,ACCEPTABLE_CONTEXT,0.008597,1.0599,1.1486,1.1866,2026-10-03T13:34:46.098348Z,2026-10-03T13:34:46.099536Z
48,normal,LAT-00048-764f5d,BASE_FINE,4.3,7.0,ACCEPT,ACCEPTED,ACCEPTABLE_CONTEXT,0.00428,0.9625,1.0414,1.0772,2026-10-03T13:34:46.099770Z,2026-10-03T13:34:46.100849Z
49,recovery,LAT-00049-09b079,BASE_FINE,3.8,3.5,ACCEPT,ACCEPTED,ACCEPTABLE_CONTEXT,0.008166,1.0076,1.0862,1.1225,2026-10-03T13:34:46.101081Z,2026-10-03T13:34:46.102205Z
50,normal,LAT-00050-4c8019,BASE_FINE,9.7,7.0,ACCEPT,ACCEPTED,ACCEPTABLE_CONTEXT,0.00428,0.9798,1.0708,1.1094,2026-10-03T13:34:46.102435Z,2026-10-03T13:34:46.103545Z
51,normal,LAT-00051-277c8f,BASE_FINE,3.5,7.0,ACCEPT,ACCEPTED,ACCEPTABLE_CONTEXT,0.00428,0.9788,1.0579,1.0939,2026-10-03T13:34:46.103783Z,2026-10-03T13:34:46.104879Z
52,uncertain,LAT-00052-26e5d8,BASE_FINE,2.6,7.0,REJECT,MODEL_A_BLOCK,UNCERTAIN_CONTEXT,1.0,0.4507,0.5274,0.5631,2026-10-03T13:34:46.105109Z,2026-10-03T13:34:46.105673Z
53,recovery,LAT-00053-9f8896,BASE_FINE,2.2,3.5,ACCEPT,ACCEPTED,ACCEPTABLE_CONTEXT,0.008597,1.0499,1.1415,1.1789,2026-10-03T13:34:46.105899Z,2026-10-03T13:34:46.107079Z
54,harmful,LAT-00054-08f617,ACID_BULK,12.7,6.2,REJECT,MODEL_A_BLOCK,HARMFUL_CONTEXT,1.0,0.4959,0.5734,0.6094,2026-10-03T13:34:46.107315Z,2026-10-03T13:34:46.107926Z
55,normal,LAT-00055-245523,ACID_FINE,0.7,7.0,ACCEPT,ACCEPTED,ACCEPTABLE_CONTEXT,0.00428,0.9997,1.0777,1.1141,2026-10-03T13:34:46.108155Z,2026-10-03T13:34:46.109270Z
56,harmful,LAT-00056-18b2fb,ACID_BULK,10.5,6.2,REJECT,MODEL_A_BLOCK,HARMFUL_CONTEXT,1.0,0.4912,0.5665,0.6015,2026-10-03T13:34:46.109498Z,2026-10-03T13:34:46.110101Z
57,normal,LAT-00057-dabdcc,BASE_FINE,2.4,7.0,ACCEPT,ACCEPTED,ACCEPTABLE_CONTEXT,0.00428,1.0361,1.1252,1.1631,2026-10-03T13:34:46.110325Z,2026-10-03T13:34:46.111489Z
58,harmful,LAT-00058-aa3eb7,ACID_BULK,12.0,6.2,REJECT,MODEL_A_BLOCK,HARMFUL_CONTEXT,1.0,0.4928,0.5718,0.607,2026-10-03T13:34:46.111722Z,2026-10-03T13:34:46.112331Z
59,normal,LAT-00059-697e73,BASE_FINE,4.0,7.0,ACCEPT,ACCEPTED,ACCEPTABLE_CONTEXT,0.00428,1.0089,1.09,1.1255,2026-10-03T13:34:46.112557Z,2026-10-03T13:34:46.113683Z
60,normal,LAT-00060-6175ea,ACID_FINE,2.8,7.0,ACCEPT,ACCEPTED,ACCEPTABLE_CONTEXT,0.00428,0.9871,1.0755,1.1147,2026-10-03T13:34:46.113912Z,2026-10-03T13:34:46.115028Z
61,recovery,LAT-00061-0ec4ea,BASE_FINE,2.6,3.5,ACCEPT,ACCEPTED,ACCEPTABLE_CONTEXT,0.008166,1.0266,1.1053,1.1415,2026-10-03T13:34:46.115268Z,2026-10-03T13:34:46.116411Z
62,harmful,LAT-00062-0ee044,ACID_BULK,10.8,6.2,REJECT,MODEL_A_BLOCK,HARMFUL_CONTEXT,1.0,0.4941,0.5695,0.6041,2026-10-03T13:34:46.116641Z,2026-10-03T13:34:46.117246Z
63,normal,LAT-00063-3966ed,BASE_FINE,1.1,7.0,ACCEPT,ACCEPTED,ACCEPTABLE_CONTEXT,0.00428,0.9611,1.0545,1.0925,2026-10-03T13:34:46.117473Z,2026-10-03T13:34:46.118567Z
64,harmful,LAT-00064-218b48,ACID_BULK,11.7,6.2,REJECT,MODEL_A_BLOCK,HARMFUL_CONTEXT,1.0,0.4968,0.5723,0.6067,2026-10-03T13:34:46.118798Z,2026-10-03T13:34:46.119406Z
65,uncertain,LAT-00065-cb6c77,BASE_FINE,2.3,7.0,REJECT,MODEL_A_BLOCK,UNCERTAIN_CONTEXT,1.0,0.4314,0.5094,0.5441,2026-10-03T13:34:46.119629Z,2026-10-03T13:34:46.120174Z
66,normal,LAT-00066-b91cdf,ACID_FINE,7.8,7.0,ACCEPT,ACCEPTED,ACCEPTABLE_CONTEXT,0.00428,0.9731,1.0529,1.0886,2026-10-03T13:34:46.120392Z,2026-10-03T13:34:46.121482Z
67,harmful,LAT-00067-6b739f,ACID_BULK,11.2,6.2,REJECT,MODEL_A_BLOCK,HARMFUL_CONTEXT,1.0,0.4871,0.563,0.5969,2026-10-03T13:34:46.121713Z,2026-10-03T13:34:46.122311Z
68,normal,LAT-00068-7397db,BASE_FINE,5.1,7.0,ACCEPT,ACCEPTED,ACCEPTABLE_CONTEXT,0.004506,1.0154,1.1076,1.1465,2026-10-03T13:34:46.122548Z,2026-10-03T13:34:46.123696Z
69,harmful,LAT-00069-776481,ACID_BULK,13.5,6.2,REJECT,MODEL_A_BLOCK,HARMFUL_CONTEXT,1.0,0.4873,0.5666,0.6019,2026-10-03T13:34:46.123931Z,2026-10-03T13:34:46.124535Z
70,harmful,LAT-00070-3a8af1,ACID_BULK,14.6,6.2,REJECT,MODEL_A_BLOCK,HARMFUL_CONTEXT,1.0,0.4631,0.5389,0.573,2026-10-03T13:34:46.124762Z,2026-10-03T13:34:46.125336Z
71,normal,LAT-00071-1051c3,BASE_FINE,4.2,7.0,ACCEPT,ACCEPTED,ACCEPTABLE_CONTEXT,0.00428,0.9935,1.0845,1.1223,2026-10-03T13:34:46.125558Z,2026-10-03T13:34:46.126681Z
72,recovery,LAT-00072-9d18b3,BASE_FINE,9.3,3.5,ACCEPT,ACCEPTED,ACCEPTABLE_CONTEXT,0.008166,1.0509,1.129,1.1644,2026-10-03T13:34:46.126915Z,2026-10-03T13:34:46.128081Z
73,uncertain,LAT-00073-cff1e1,BASE_FINE,1.7,7.0,REJECT,MODEL_A_BLOCK,UNCERTAIN_CONTEXT,1.0,0.4493,0.5244,0.5588,2026-10-03T13:34:46.128308Z,2026-10-03T13:34:46.128869Z
74,normal,LAT-00074-059c18,ACID_FINE,1.8,7.0,ACCEPT,ACCEPTED,ACCEPTABLE_CONTEXT,0.00428,0.9788,1.0566,1.0924,2026-10-03T13:34:46.129090Z,2026-10-03T13:34:46.130184Z
75,normal,LAT-00075-a52031,BASE_FINE,3.8,7.0,ACCEPT,ACCEPTED,ACCEPTABLE_CONTEXT,0.00428,0.9776,1.0672,1.104,2026-10-03T13:34:46.130411Z,2026-10-03T13:34:46.131516Z
76,normal,LAT-00076-aa59ef,ACID_FINE,8.8,7.0,ACCEPT,ACCEPTED,ACCEPTABLE_CONTEXT,0.00428,0.9566,1.036,1.0729,2026-10-03T13:34:46.131745Z,2026-10-03T13:34:46.132819Z
77,normal,LAT-00077-9647c9,ACID_FINE,5.0,7.0,ACCEPT,ACCEPTED,ACCEPTABLE_CONTEXT,0.00428,0.9774,1.0563,1.0928,2026-10-03T13:34:46.133050Z,2026-10-03T13:34:46.134144Z
78,harmful,LAT-00078-ab736d,ACID_BULK,14.1,6.2,REJECT,MODEL_A_BLOCK,HARMFUL_CONTEXT,1.0,0.5156,0.6031,0.6408,2026-10-03T13:34:46.134374Z,2026-10-03T13:34:46.135016Z
79,uncertain,LAT-00079-4ed6de,BASE_FINE,1.8,7.0,REJECT,MODEL_A_BLOCK,UNCERTAIN_CONTEXT,1.0,0.4149,0.5041,0.539,2026-10-03T13:34:46.135251Z,2026-10-03T13:34:46.135791Z
80,normal,LAT-00080-6f82d7,ACID_FINE,6.3,7.0,ACCEPT,ACCEPTED,ACCEPTABLE_CONTEXT,0.00428,1.0216,1.0999,1.1346,2026-10-03T13:34:46.136013Z,2026-10-03T13:34:46.137149Z
81,normal,LAT-00081-96ab92,BASE_FINE,7.2,7.0,ACCEPT,ACCEPTED,ACCEPTABLE_CONTEXT,0.00428,0.9751,1.0535,1.0893,2026-10-03T13:34:46.137376Z,2026-10-03T13:34:46.138466Z
82,normal,LAT-00082-9694bc,ACID_FINE,4.2,7.0,ACCEPT,ACCEPTED,ACCEPTABLE_CONTEXT,0.00428,0.9587,1.0477,1.0846,2026-10-03T13:34:46.138710Z,2026-10-03T13:34:46.139796Z
83,harmful,LAT-00083-fefcb8,ACID_BULK,10.6,6.2,REJECT,MODEL_A_BLOCK,HARMFUL_CONTEXT,1.0,0.496,0.5744,0.6096,2026-10-03T13:34:46.140029Z,2026-10-03T13:34:46.140640Z
84,recovery,LAT-00084-e7a1a9,BASE_FINE,4.4,3.5,ACCEPT,ACCEPTED,ACCEPTABLE_CONTEXT,0.008166,1.0318,1.1123,1.1481,2026-10-03T13:34:46.140867Z,2026-10-03T13:34:46.142016Z
85,harmful,LAT-00085-c3bd30,ACID_BULK,16.0,6.2,REJECT,MODEL_A_BLOCK,HARMFUL_CONTEXT,1.0,0.5003,0.5855,0.6222,2026-10-03T13:34:46.142247Z,2026-10-03T13:34:46.142871Z
86,uncertain,LAT-00086-1b03b0,BASE_FINE,2.3,7.0,REJECT,MODEL_A_BLOCK,UNCERTAIN_CONTEXT,1.0,0.457,0.5435,0.5782,2026-10-03T13:34:46.143100Z,2026-10-03T13:34:46.143679Z
87,normal,LAT-00087-4136d2,BASE_FINE,2.7,7.0,ACCEPT,ACCEPTED,ACCEPTABLE_CONTEXT,0.004506,0.9878,1.0666,1.1021,2026-10-03T13:34:46.143901Z,2026-10-03T13:34:46.145004Z
88,normal,LAT-00088-240b3c,BASE_FINE,4.9,7.0,ACCEPT,ACCEPTED,ACCEPTABLE_CONTEXT,0.00428,0.9636,1.0426,1.0778,2026-10-03T13:34:46.145234Z,2026-10-03T13:34:46.146313Z
89,harmful,LAT-00089-ddde37,ACID_BULK,18.2,6.2,REJECT,MODEL_A_BLOCK,HARMFUL_CONTEXT,1.0,0.491,0.5765,0.6126,2026-10-03T13:34:46.146551Z,2026-10-03T13:34:46.147165Z
90,uncertain,LAT-00090-0c5b12,BASE_FINE,4.9,7.0,REJECT,MODEL_A_BLOCK,UNCERTAIN_CONTEXT,1.0,0.4234,0.4979,0.5316,2026-10-03T13:34:46.147389Z,2026-10-03T13:34:46.147922Z
91,normal,LAT-00091-4d1e45,BASE_FINE,0.8,7.0,ACCEPT,ACCEPTED,ACCEPTABLE_CONTEXT,0.00428,1.0106,1.088,1.1226,2026-10-03T13:34:46.148142Z,2026-10-03T13:34:46.149266Z
92,normal,LAT-00092-6ed255,BASE_FINE,3.1,7.0,ACCEPT,ACCEPTED,ACCEPTABLE_CONTEXT,0.00428,0.9478,1.0441,1.0821,2026-10-03T13:34:46.149492Z,2026-10-03T13:34:46.150575Z
93,normal,LAT-00093-83c40d,BASE_FINE,8.9,7.0,ACCEPT,ACCEPTED,ACCEPTABLE_CONTEXT,0.00428,0.9748,1.0535,1.09,2026-10-03T13:34:46.150805Z,2026-10-03T13:34:46.151897Z
94,normal,LAT-00094-e86acc,ACID_FINE,1.2,7.0,ACCEPT,ACCEPTED,ACCEPTABLE_CONTEXT,0.00428,0.9377,1.0159,1.0512,2026-10-03T13:34:46.152126Z,2026-10-03T13:34:46.153179Z
95,uncertain,LAT-00095-5da91b,BASE_FINE,1.6,7.0,REJECT,MODEL_A_BLOCK,UNCERTAIN_CONTEXT,1.0,0.4475,0.5244,0.5588,2026-10-03T13:34:46.153409Z,2026-10-03T13:34:46.153969Z
96,recovery,LAT-00096-dc9d50,BASE_FINE,5.5,3.5,ACCEPT,ACCEPTED,ACCEPTABLE_CONTEXT,0.008166,1.0379,1.1296,1.1685,2026-10-03T13:34:46.154197Z,2026-10-03T13:34:46.155367Z
97,recovery,LAT-00097-6d507e,BASE_FINE,6.5,3.5,ACCEPT,ACCEPTED,ACCEPTABLE_CONTEXT,0.006266,1.0264,1.106,1.1418,2026-10-03T13:34:46.155600Z,2026-10-03T13:34:46.156743Z
98,harmful,LAT-00098-77fda7,ACID_BULK,11.5,6.2,REJECT,MODEL_A_BLOCK,HARMFUL_CONTEXT,1.0,0.4913,0.5693,0.6049,2026-10-03T13:34:46.156970Z,2026-10-03T13:34:46.157576Z
99,harmful,LAT-00099-a514ab,ACID_BULK,10.2,6.2,REJECT,MODEL_A_BLOCK,HARMFUL_CONTEXT,1.0,0.4664,0.5459,0.5802,2026-10-03T13:34:46.157801Z,2026-10-03T13:34:46.158383Z
100,uncertain,LAT-00100-c4f048,BASE_FINE,2.6,7.0,REJECT,MODEL_A_BLOCK,UNCERTAIN_CONTEXT,1.0,0.4107,0.4936,0.5287,2026-10-03T13:34:46.158611Z,2026-10-03T13:34:46.159141Z
101,normal,LAT-00101-c5ffb7,BASE_FINE,8.1,7.0,ACCEPT,ACCEPTED,ACCEPTABLE_CONTEXT,0.00428,1.029,1.1073,1.1428,2026-10-03T13:34:46.159360Z,2026-10-03T13:34:46.160504Z
102,normal,LAT-00102-9574ed,BASE_FINE,6.5,7.0,ACCEPT,ACCEPTED,ACCEPTABLE_CONTEXT,0.00428,0.9607,1.0383,1.0737,2026-10-03T13:34:46.160729Z,2026-10-03T13:34:46.161804Z
103,harmful,LAT-00103-64fad6,ACID_BULK,15.8,6.2,REJECT,MODEL_A_BLOCK,HARMFUL_CONTEXT,1.0,0.498,0.5833,0.619,2026-10-03T13:34:46.162031Z,2026-10-03T13:34:46.162652Z
104,harmful,LAT-00104-cb5f54,ACID_BULK,18.7,6.2,REJECT,MODEL_A_BLOCK,HARMFUL_CONTEXT,1.0,0.4691,0.5457,0.5798,2026-10-03T13:34:46.162879Z,2026-10-03T13:34:46.163460Z
105,normal,LAT-00105-68534d,ACID_FINE,8.4,7.0,ACCEPT,ACCEPTED,ACCEPTABLE_CONTEXT,0.00428,0.9955,1.0749,1.1105,2026-10-03T13:34:46.163677Z,2026-10-03T13:34:46.164789Z
106,normal,LAT-00106-a49876,BASE_FINE,5.2,7.0,ACCEPT,ACCEPTED,ACCEPTABLE_CONTEXT,0.00428,0.9644,1.0437,1.0789,2026-10-03T13:34:46.165017Z,2026-10-03T13:34:46.166097Z
107,uncertain,LAT-00107-c17d95,BASE_FINE,4.2,7.0,REJECT,MODEL_A_BLOCK,UNCERTAIN_CONTEXT,1.0,0.4875,0.5727,0.6096,2026-10-03T13:34:46.166323Z,2026-10-03T13:34:46.166934Z
108,normal,LAT-00108-537fdf,ACID_FINE,9.6,7.0,ACCEPT,ACCEPTED,ACCEPTABLE_CONTEXT,0.00428,1.011,1.0903,1.126,2026-10-03T13:34:46.167159Z,2026-10-03T13:34:46.168286Z
109,normal,LAT-00109-f1f5a5,ACID_FINE,3.1,7.0,ACCEPT,ACCEPTED,ACCEPTABLE_CONTEXT,0.00428,0.9652,1.0437,1.0809,2026-10-03T13:34:46.168514Z,2026-10-03T13:34:46.169596Z
110,harmful,LAT-00110-aeafec,ACID_BULK,14.0,6.2,REJECT,MODEL_A_BLOCK,HARMFUL_CONTEXT,1.0,0.4875,0.5644,0.5983,2026-10-03T13:34:46.169824Z,2026-10-03T13:34:46.170423Z
111,normal,LAT-00111-7ebb9f,ACID_FINE,0.6,7.0,ACCEPT,ACCEPTED,ACCEPTABLE_CONTEXT,0.00428,0.975,1.0619,1.0982,2026-10-03T13:34:46.170661Z,2026-10-03T13:34:46.171761Z
112,harmful,LAT-00112-1efcab,ACID_BULK,16.8,6.2,REJECT,MODEL_A_BLOCK,HARMFUL_CONTEXT,1.0,0.4844,0.561,0.5956,2026-10-03T13:34:46.171988Z,2026-10-03T13:34:46.172585Z
113,recovery,LAT-00113-4544bb,BASE_FINE,6.9,3.5,ACCEPT,ACCEPTED,ACCEPTABLE_CONTEXT,0.008166,1.0225,1.1019,1.1389,2026-10-03T13:34:46.172805Z,2026-10-03T13:34:46.173945Z
114,normal,LAT-00114-6e3a32,ACID_FINE,3.3,7.0,ACCEPT,ACCEPTED,ACCEPTABLE_CONTEXT,0.00428,1.0061,1.0948,1.1323,2026-10-03T13:34:46.174170Z,2026-10-03T13:34:46.175304Z
115,uncertain,LAT-00115-dae794,BASE_FINE,2.6,7.0,REJECT,MODEL_A_BLOCK,UNCERTAIN_CONTEXT,1.0,0.4728,0.5506,0.5858,2026-10-03T13:34:46.175537Z,2026-10-03T13:34:46.176124Z
116,normal,LAT-00116-42011b,BASE_FINE,4.7,7.0,ACCEPT,ACCEPTED,ACCEPTABLE_CONTEXT,0.00428,0.9519,1.0297,1.0652,2026-10-03T13:34:46.176349Z,2026-10-03T13:34:46.177415Z
117,uncertain,LAT-00117-70027f,BASE_FINE,3.5,7.0,REJECT,MODEL_A_BLOCK,UNCERTAIN_CONTEXT,1.0,0.4663,0.543,0.5768,2026-10-03T13:34:46.177639Z,2026-10-03T13:34:46.178217Z
118,normal,LAT-00118-e9a960,BASE_FINE,3.8,7.0,ACCEPT,ACCEPTED,ACCEPTABLE_CONTEXT,0.00428,0.9842,1.0736,1.1115,2026-10-03T13:34:46.178439Z,2026-10-03T13:34:46.179552Z
119,uncertain,LAT-00119-6033bf,BASE_FINE,1.9,7.0,REJECT,MODEL_A_BLOCK,UNCERTAIN_CONTEXT,1.0,0.4405,0.5208,0.5547,2026-10-03T13:34:46.179782Z,2026-10-03T13:34:46.180338Z
120,recovery,LAT-00120-b5a6d7,BASE_FINE,2.5,3.5,ACCEPT,ACCEPTED,ACCEPTABLE_CONTEXT,0.008166,1.0459,1.1264,1.162,2026-10-03T13:34:46.180559Z,2026-10-03T13:34:46.181723Z
121,recovery,LAT-00121-597ada,BASE_FINE,6.1,3.5,ACCEPT,ACCEPTED,ACCEPTABLE_CONTEXT,0.008166,1.046,1.1396,1.1785,2026-10-03T13:34:46.181954Z,2026-10-03T13:34:46.183134Z
122,normal,LAT-00122-584364,BASE_FINE,0.6,7.0,ACCEPT,ACCEPTED,ACCEPTABLE_CONTEXT,0.00428,0.9645,1.0444,1.0808,2026-10-03T13:34:46.183372Z,2026-10-03T13:34:46.184454Z
123,normal,LAT-00123-3f296a,ACID_FINE,4.6,7.0,ACCEPT,ACCEPTED,ACCEPTABLE_CONTEXT,0.00428,0.9529,1.0309,1.0667,2026-10-03T13:34:46.184686Z,2026-10-03T13:34:46.185754Z
124,uncertain,LAT-00124-a9de9a,BASE_FINE,4.5,7.0,REJECT,MODEL_A_BLOCK,UNCERTAIN_CONTEXT,1.0,0.4496,0.5444,0.5814,2026-10-03T13:34:46.185985Z,2026-10-03T13:34:46.186567Z
125,uncertain,LAT-00125-fe8c3f,BASE_FINE,3.8,7.0,REJECT,MODEL_A_BLOCK,UNCERTAIN_CONTEXT,1.0,0.4248,0.5008,0.5361,2026-10-03T13:34:46.186797Z,2026-10-03T13:34:46.187334Z
126,normal,LAT-00126-746a2d,ACID_FINE,6.8,7.0,ACCEPT,ACCEPTED,ACCEPTABLE_CONTEXT,0.00428,0.9922,1.071,1.1059,2026-10-03T13:34:46.187554Z,2026-10-03T13:34:46.188662Z
127,recovery,LAT-00127-ed5f6d,BASE_FINE,4.9,3.5,ACCEPT,ACCEPTED,ACCEPTABLE_CONTEXT,0.008166,1.0302,1.1096,1.1473,2026-10-03T13:34:46.188891Z,2026-10-03T13:34:46.190040Z
128,harmful,LAT-00128-8538fe,ACID_BULK,11.8,6.2,REJECT,MODEL_A_BLOCK,HARMFUL_CONTEXT,1.0,0.4983,0.5844,0.6208,2026-10-03T13:34:46.190272Z,2026-10-03T13:34:46.190894Z
129,harmful,LAT-00129-010f1b,ACID_BULK,17.9,6.2,REJECT,MODEL_A_BLOCK,HARMFUL_CONTEXT,1.0,0.469,0.5453,0.581,2026-10-03T13:34:46.191124Z,2026-10-03T13:34:46.191706Z
130,normal,LAT-00130-91c51d,BASE_FINE,5.1,7.0,ACCEPT,ACCEPTED,ACCEPTABLE_CONTEXT,0.00428,0.9929,1.0818,1.1182,2026-10-03T13:34:46.191929Z,2026-10-03T13:34:46.193048Z
131,normal,LAT-00131-a49937,BASE_FINE,6.4,7.0,ACCEPT,ACCEPTED,ACCEPTABLE_CONTEXT,0.00428,1.0011,1.0812,1.1169,2026-10-03T13:34:46.193277Z,2026-10-03T13:34:46.194395Z
132,normal,LAT-00132-8b8e38,BASE_FINE,2.7,7.0,ACCEPT,ACCEPTED,ACCEPTABLE_CONTEXT,0.00428,1.0058,1.0959,1.1322,2026-10-03T13:34:46.194637Z,2026-10-03T13:34:46.195770Z
133,harmful,LAT-00133-a06d72,ACID_BULK,13.5,6.2,REJECT,MODEL_A_BLOCK,HARMFUL_CONTEXT,1.0,0.4929,0.5712,0.6074,2026-10-03T13:34:46.196004Z,2026-10-03T13:34:46.196612Z
134,uncertain,LAT-00134-45e83b,BASE_FINE,2.1,7.0,REJECT,MODEL_A_BLOCK,UNCERTAIN_CONTEXT,1.0,0.427,0.5012,0.5359,2026-10-03T13:34:46.196838Z,2026-10-03T13:34:46.197376Z
135,normal,LAT-00135-99cb2c,ACID_FINE,2.0,7.0,ACCEPT,ACCEPTED,ACCEPTABLE_CONTEXT,0.00428,0.9753,1.0652,1.1026,2026-10-03T13:34:46.197596Z,2026-10-03T13:34:46.198700Z
136,uncertain,LAT-00136-94d720,BASE_FINE,3.4,7.0,REJECT,MODEL_A_BLOCK,UNCERTAIN_CONTEXT,1.0,0.4735,0.5508,0.5856,2026-10-03T13:34:46.198932Z,2026-10-03T13:34:46.199519Z
137,normal,LAT-00137-318c0a,BASE_FINE,5.5,7.0,ACCEPT,ACCEPTED,ACCEPTABLE_CONTEXT,0.00428,1.0066,1.0852,1.1209,2026-10-03T13:34:46.199740Z,2026-10-03T13:34:46.200863Z
138,recovery,LAT-00138-506f43,BASE_FINE,7.1,3.5,ACCEPT,ACCEPTED,ACCEPTABLE_CONTEXT,0.008597,1.036,1.1143,1.1504,2026-10-03T13:34:46.201091Z,2026-10-03T13:34:46.202243Z
139,harmful,LAT-00139-4cf32a,ACID_BULK,12.8,6.2,REJECT,MODEL_A_BLOCK,HARMFUL_CONTEXT,1.0,0.496,0.5962,0.6321,2026-10-03T13:34:46.202472Z,2026-10-03T13:34:46.203106Z
140,harmful,LAT-00140-7767a0,ACID_BULK,15.0,6.2,REJECT,MODEL_A_BLOCK,HARMFUL_CONTEXT,1.0,0.4694,0.5458,0.5794,2026-10-03T13:34:46.203333Z,2026-10-03T13:34:46.203913Z
141,recovery,LAT-00141-02c881,BASE_FINE,5.6,3.5,ACCEPT,ACCEPTED,ACCEPTABLE_CONTEXT,0.008166,1.0528,1.131,1.1663,2026-10-03T13:34:46.204132Z,2026-10-03T13:34:46.205300Z
142,normal,LAT-00142-e2301e,ACID_FINE,5.1,7.0,ACCEPT,ACCEPTED,ACCEPTABLE_CONTEXT,0.00428,1.0109,1.0993,1.1368,2026-10-03T13:34:46.205526Z,2026-10-03T13:34:46.206664Z
143,uncertain,LAT-00143-add697,BASE_FINE,2.4,7.0,REJECT,MODEL_A_BLOCK,UNCERTAIN_CONTEXT,1.0,0.4491,0.5262,0.5608,2026-10-03T13:34:46.206897Z,2026-10-03T13:34:46.207459Z
144,uncertain,LAT-00144-2561a0,BASE_FINE,3.1,7.0,REJECT,MODEL_A_BLOCK,UNCERTAIN_CONTEXT,1.0,0.422,0.4977,0.5313,2026-10-03T13:34:46.207679Z,2026-10-03T13:34:46.208212Z
145,harmful,LAT-00145-a5a8bb,ACID_BULK,13.3,6.2,REJECT,MODEL_A_BLOCK,HARMFUL_CONTEXT,1.0,0.4625,0.5387,0.5729,2026-10-03T13:34:46.208429Z,2026-10-03T13:34:46.209003Z
146,normal,LAT-00146-47fee8,ACID_FINE,3.3,7.0,ACCEPT,ACCEPTED,ACCEPTABLE_CONTEXT,0.00428,1.0215,1.1002,1.136,2026-10-03T13:34:46.209224Z,2026-10-03T13:34:46.210361Z
147,harmful,LAT-00147-809fb9,ACID_BULK,11.3,6.2,REJECT,MODEL_A_BLOCK,HARMFUL_CONTEXT,1.0,0.487,0.5724,0.6068,2026-10-03T13:34:46.210595Z,2026-10-03T13:34:46.211203Z
148,uncertain,LAT-00148-034919,BASE_FINE,2.2,7.0,REJECT,MODEL_A_BLOCK,UNCERTAIN_CONTEXT,1.0,0.4196,0.4947,0.5286,2026-10-03T13:34:46.211428Z,2026-10-03T13:34:46.211957Z
149,harmful,LAT-00149-7ef6e6,ACID_BULK,11.9,6.2,REJECT,MODEL_A_BLOCK,HARMFUL_CONTEXT,1.0,0.4531,0.5278,0.5617,2026-10-03T13:34:46.212174Z,2026-10-03T13:34:46.212737Z
150,normal,LAT-00150-f93c57,BASE_FINE,6.6,7.0,ACCEPT,ACCEPTED,ACCEPTABLE_CONTEXT,0.00428,1.0342,1.1124,1.1485,2026-10-03T13:34:46.212956Z,2026-10-03T13:34:46.214106Z
151,normal,LAT-00151-eb16dd,BASE_FINE,2.6,7.0,ACCEPT,ACCEPTED,ACCEPTABLE_CONTEXT,0.00428,1.0076,1.0963,1.1341,2026-10-03T13:34:46.214334Z,2026-10-03T13:34:46.215469Z
152,uncertain,LAT-00152-cdce49,BASE_FINE,2.3,7.0,REJECT,MODEL_A_BLOCK,UNCERTAIN_CONTEXT,1.0,0.443,0.5198,0.5546,2026-10-03T13:34:46.215701Z,2026-10-03T13:34:46.216257Z
153,recovery,LAT-00153-d7356b,BASE_FINE,4.1,3.5,ACCEPT,ACCEPTED,ACCEPTABLE_CONTEXT,0.008166,1.0339,1.1132,1.149,2026-10-03T13:34:46.216480Z,2026-10-03T13:34:46.217630Z
154,uncertain,LAT-00154-bc4ed6,BASE_FINE,3.8,7.0,REJECT,MODEL_A_BLOCK,UNCERTAIN_CONTEXT,1.0,0.4705,0.5452,0.5799,2026-10-03T13:34:46.217857Z,2026-10-03T13:34:46.218438Z
155,harmful,LAT-00155-3e1a80,ACID_BULK,15.2,6.2,REJECT,MODEL_A_BLOCK,HARMFUL_CONTEXT,1.0,0.4723,0.557,0.5923,2026-10-03T13:34:46.218676Z,2026-10-03T13:34:46.219270Z
156,normal,LAT-00156-3b1234,BASE_FINE,3.9,7.0,ACCEPT,ACCEPTED,ACCEPTABLE_CONTEXT,0.00428,1.0238,1.1036,1.1393,2026-10-03T13:34:46.219493Z,2026-10-03T13:34:46.220634Z
157,harmful,LAT-00157-069f20,ACID_BULK,12.6,6.2,REJECT,MODEL_A_BLOCK,HARMFUL_CONTEXT,1.0,0.4836,0.5601,0.594,2026-10-03T13:34:46.220861Z,2026-10-03T13:34:46.221457Z
158,normal,LAT-00158-44413c,ACID_FINE,1.7,7.0,ACCEPT,ACCEPTED,ACCEPTABLE_CONTEXT,0.00428,0.9952,1.0894,1.1309,2026-10-03T13:34:46.221677Z,2026-10-03T13:34:46.222809Z
159,recovery,LAT-00159-66b45b,BASE_FINE,9.4,3.5,ACCEPT,ACCEPTED,ACCEPTABLE_CONTEXT,0.008166,1.0676,1.1654,1.203,2026-10-03T13:34:46.223055Z,2026-10-03T13:34:46.224260Z
160,harmful,LAT-00160-d5fdb0,ACID_BULK,19.4,6.2,REJECT,MODEL_A_BLOCK,HARMFUL_CONTEXT,1.0,0.5116,0.606,0.6552,2026-10-03T13:34:46.224498Z,2026-10-03T13:34:46.225155Z
161,normal,LAT-00161-a52894,BASE_FINE,8.7,7.0,ACCEPT,ACCEPTED,ACCEPTABLE_CONTEXT,0.00428,1.0803,1.1941,1.2484,2026-10-03T13:34:46.225427Z,2026-10-03T13:34:46.226677Z
162,harmful,LAT-00162-c82baa,ACID_BULK,13.9,6.2,REJECT,MODEL_A_BLOCK,HARMFUL_CONTEXT,1.0,0.5468,0.6419,0.6851,2026-10-03T13:34:46.226991Z,2026-10-03T13:34:46.227678Z
163,normal,LAT-00163-12dd8b,ACID_FINE,4.0,7.0,ACCEPT,ACCEPTED,ACCEPTABLE_CONTEXT,0.004506,1.0575,1.1499,1.1919,2026-10-03T13:34:46.227954Z,2026-10-03T13:34:46.229147Z
164,uncertain,LAT-00164-52d0de,BASE_FINE,3.4,7.0,REJECT,MODEL_A_BLOCK,UNCERTAIN_CONTEXT,1.0,0.446,0.5322,0.5724,2026-10-03T13:34:46.229413Z,2026-10-03T13:34:46.229987Z
165,harmful,LAT-00165-367ebf,ACID_BULK,17.0,6.2,REJECT,MODEL_A_BLOCK,HARMFUL_CONTEXT,1.0,0.4865,0.5804,0.6206,2026-10-03T13:34:46.230237Z,2026-10-03T13:34:46.230859Z
166,uncertain,LAT-00166-6ae7a4,BASE_FINE,5.0,7.0,REJECT,MODEL_A_BLOCK,UNCERTAIN_CONTEXT,1.0,0.4638,0.5464,0.5839,2026-10-03T13:34:46.231108Z,2026-10-03T13:34:46.231694Z
167,normal,LAT-00167-644cda,BASE_FINE,2.8,7.0,ACCEPT,ACCEPTED,ACCEPTABLE_CONTEXT,0.00428,1.0549,1.1417,1.1811,2026-10-03T13:34:46.231933Z,2026-10-03T13:34:46.233116Z
168,uncertain,LAT-00168-7bcc65,BASE_FINE,1.7,7.0,REJECT,MODEL_A_BLOCK,UNCERTAIN_CONTEXT,1.0,0.4906,0.5729,0.6096,2026-10-03T13:34:46.233364Z,2026-10-03T13:34:46.233975Z
169,normal,LAT-00169-dbc563,ACID_FINE,9.5,7.0,ACCEPT,ACCEPTED,ACCEPTABLE_CONTEXT,0.004506,1.0175,1.115,1.1556,2026-10-03T13:34:46.234214Z,2026-10-03T13:34:46.235371Z
170,normal,LAT-00170-5c428e,BASE_FINE,9.2,7.0,ACCEPT,ACCEPTED,ACCEPTABLE_CONTEXT,0.003633,0.9929,1.0787,1.1173,2026-10-03T13:34:46.235623Z,2026-10-03T13:34:46.236742Z
171,uncertain,LAT-00171-1256cc,BASE_FINE,1.1,7.0,REJECT,MODEL_A_BLOCK,UNCERTAIN_CONTEXT,1.0,0.4346,0.5179,0.5546,2026-10-03T13:34:46.236989Z,2026-10-03T13:34:46.237545Z
172,normal,LAT-00172-254d60,ACID_FINE,8.2,7.0,ACCEPT,ACCEPTED,ACCEPTABLE_CONTEXT,0.00428,1.0328,1.128,1.1679,2026-10-03T13:34:46.237787Z,2026-10-03T13:34:46.238956Z
173,harmful,LAT-00173-5ddb54,ACID_BULK,15.0,6.2,REJECT,MODEL_A_BLOCK,HARMFUL_CONTEXT,1.0,0.4978,0.5801,0.6184,2026-10-03T13:34:46.239209Z,2026-10-03T13:34:46.239829Z
174,normal,LAT-00174-e56154,ACID_FINE,9.9,7.0,ACCEPT,ACCEPTED,ACCEPTABLE_CONTEXT,0.00428,0.972,1.0566,1.0954,2026-10-03T13:34:46.240073Z,2026-10-03T13:34:46.241169Z
175,uncertain,LAT-00175-af460c,BASE_FINE,1.3,7.0,REJECT,MODEL_A_BLOCK,UNCERTAIN_CONTEXT,1.0,0.4448,0.5264,0.5623,2026-10-03T13:34:46.241411Z,2026-10-03T13:34:46.241975Z
176,harmful,LAT-00176-2295ba,ACID_BULK,15.3,6.2,REJECT,MODEL_A_BLOCK,HARMFUL_CONTEXT,1.0,0.4818,0.5729,0.6119,2026-10-03T13:34:46.242211Z,2026-10-03T13:34:46.242824Z
177,harmful,LAT-00177-391fc2,ACID_BULK,11.7,6.2,REJECT,MODEL_A_BLOCK,HARMFUL_CONTEXT,1.0,0.4627,0.5419,0.5775,2026-10-03T13:34:46.243063Z,2026-10-03T13:34:46.243642Z
178,recovery,LAT-00178-eb0cd3,BASE_FINE,9.4,3.5,ACCEPT,ACCEPTED,ACCEPTABLE_CONTEXT,0.008597,1.075,1.1586,1.1959,2026-10-03T13:34:46.243872Z,2026-10-03T13:34:46.245069Z
179,normal,LAT-00179-4b971d,BASE_FINE,3.0,7.0,ACCEPT,ACCEPTED,ACCEPTABLE_CONTEXT,0.00428,0.9612,1.0486,1.0871,2026-10-03T13:34:46.245307Z,2026-10-03T13:34:46.246395Z
180,normal,LAT-00180-a46772,ACID_FINE,3.4,7.0,ACCEPT,ACCEPTED,ACCEPTABLE_CONTEXT,0.00428,1.0165,1.1096,1.1477,2026-10-03T13:34:46.246649Z,2026-10-03T13:34:46.247798Z
181,harmful,LAT-00181-d45cb2,ACID_BULK,19.7,6.2,REJECT,MODEL_A_BLOCK,HARMFUL_CONTEXT,1.0,0.4935,0.5749,0.6112,2026-10-03T13:34:46.248043Z,2026-10-03T13:34:46.248655Z
182,uncertain,LAT-00182-936cff,BASE_FINE,3.8,7.0,REJECT,MODEL_A_BLOCK,UNCERTAIN_CONTEXT,1.0,0.4146,0.4927,0.5286,2026-10-03T13:34:46.248892Z,2026-10-03T13:34:46.249422Z
183,harmful,LAT-00183-3d56fa,ACID_BULK,14.0,6.2,REJECT,MODEL_A_BLOCK,HARMFUL_CONTEXT,1.0,0.4595,0.5354,0.5703,2026-10-03T13:34:46.249652Z,2026-10-03T13:34:46.250224Z
184,uncertain,LAT-00184-db7b5a,BASE_FINE,2.4,7.0,REJECT,MODEL_A_BLOCK,UNCERTAIN_CONTEXT,1.0,0.4123,0.4978,0.5347,2026-10-03T13:34:46.250451Z,2026-10-03T13:34:46.250987Z
185,normal,LAT-00185-2d4858,BASE_FINE,4.7,7.0,ACCEPT,ACCEPTED,ACCEPTABLE_CONTEXT,0.00428,0.9875,1.0685,1.1058,2026-10-03T13:34:46.251216Z,2026-10-03T13:34:46.252323Z
186,recovery,LAT-00186-566521,BASE_FINE,8.3,3.5,ACCEPT,ACCEPTED,ACCEPTABLE_CONTEXT,0.008166,1.047,1.1311,1.1686,2026-10-03T13:34:46.252558Z,2026-10-03T13:34:46.253728Z
187,harmful,LAT-00187-ca7838,ACID_BULK,16.3,6.2,REJECT,MODEL_A_BLOCK,HARMFUL_CONTEXT,1.0,0.4868,0.5832,0.6199,2026-10-03T13:34:46.253966Z,2026-10-03T13:34:46.254588Z
188,normal,LAT-00188-ee0a61,ACID_FINE,9.9,7.0,ACCEPT,ACCEPTED,ACCEPTABLE_CONTEXT,0.00428,0.989,1.0714,1.1084,2026-10-03T13:34:46.254827Z,2026-10-03T13:34:46.255937Z
189,recovery,LAT-00189-42dcc4,BASE_FINE,9.2,3.5,ACCEPT,ACCEPTED,ACCEPTABLE_CONTEXT,0.008166,1.0358,1.1201,1.1565,2026-10-03T13:34:46.256176Z,2026-10-03T13:34:46.257334Z
190,harmful,LAT-00190-1045c9,ACID_BULK,12.0,6.2,REJECT,MODEL_A_BLOCK,HARMFUL_CONTEXT,1.0,0.4891,0.5679,0.6028,2026-10-03T13:34:46.257574Z,2026-10-03T13:34:46.258178Z
191,normal,LAT-00191-f5fdfc,BASE_FINE,3.8,7.0,ACCEPT,ACCEPTED,ACCEPTABLE_CONTEXT,0.00428,1.0112,1.1075,1.1484,2026-10-03T13:34:46.258414Z,2026-10-03T13:34:46.259564Z
192,uncertain,LAT-00192-7de4c2,BASE_FINE,2.3,7.0,REJECT,MODEL_A_BLOCK,UNCERTAIN_CONTEXT,1.0,0.475,0.5661,0.6026,2026-10-03T13:34:46.259810Z,2026-10-03T13:34:46.260414Z
193,uncertain,LAT-00193-916737,BASE_FINE,1.6,7.0,REJECT,MODEL_A_BLOCK,UNCERTAIN_CONTEXT,1.0,0.4524,0.5311,0.5662,2026-10-03T13:34:46.260651Z,2026-10-03T13:34:46.261219Z
194,harmful,LAT-00194-ac4d8b,ACID_BULK,14.7,6.2,REJECT,MODEL_A_BLOCK,HARMFUL_CONTEXT,1.0,0.4606,0.5394,0.5747,2026-10-03T13:34:46.261448Z,2026-10-03T13:34:46.262024Z
195,normal,LAT-00195-198601,BASE_FINE,5.5,7.0,ACCEPT,ACCEPTED,ACCEPTABLE_CONTEXT,0.00428,1.011,1.1012,1.1401,2026-10-03T13:34:46.262250Z,2026-10-03T13:34:46.263392Z
196,uncertain,LAT-00196-289575,BASE_FINE,2.6,7.0,REJECT,MODEL_A_BLOCK,UNCERTAIN_CONTEXT,1.0,0.4448,0.5235,0.5592,2026-10-03T13:34:46.263636Z,2026-10-03T13:34:46.264197Z
197,normal,LAT-00197-d1fcb1,ACID_FINE,9.2,7.0,ACCEPT,ACCEPTED,ACCEPTABLE_CONTEXT,0.004506,0.9998,1.0814,1.1181,2026-10-03T13:34:46.264426Z,2026-10-03T13:34:46.265546Z
198,normal,LAT-00198-e9bd1f,BASE_FINE,2.1,7.0,ACCEPT,ACCEPTED,ACCEPTABLE_CONTEXT,0.00428,1.014,1.1069,1.1465,2026-10-03T13:34:46.265785Z,2026-10-03T13:34:46.266932Z
199,harmful,LAT-00199-e4efc7,ACID_BULK,11.2,6.2,REJECT,MODEL_A_BLOCK,HARMFUL_CONTEXT,1.0,0.497,0.582,0.6178,2026-10-03T13:34:46.267176Z,2026-10-03T13:34:46.267795Z
200,normal,LAT-00200-1052d3,BASE_FINE,7.8,7.0,ACCEPT,ACCEPTED,ACCEPTABLE_CONTEXT,0.00428,0.9601,1.0416,1.0786,2026-10-03T13:34:46.268033Z,2026-10-03T13:34:46.269112Z
201,harmful,LAT-00201-ce5cd6,ACID_BULK,11.8,6.2,REJECT,MODEL_A_BLOCK,HARMFUL_CONTEXT,1.0,0.4882,0.5672,0.6036,2026-10-03T13:34:46.269349Z,2026-10-03T13:34:46.269954Z
202,harmful,LAT-00202-2ab941,ACID_BULK,14.4,6.2,REJECT,MODEL_A_BLOCK,HARMFUL_CONTEXT,1.0,0.4785,0.5654,0.6023,2026-10-03T13:34:46.270186Z,2026-10-03T13:34:46.270790Z
203,harmful,LAT-00203-31ebf3,ACID_BULK,17.4,6.2,REJECT,MODEL_A_BLOCK,HARMFUL_CONTEXT,1.0,0.4615,0.5384,0.5725,2026-10-03T13:34:46.271019Z,2026-10-03T13:34:46.271593Z
204,uncertain,LAT-00204-732e67,BASE_FINE,3.2,7.0,REJECT,MODEL_A_BLOCK,UNCERTAIN_CONTEXT,1.0,0.4099,0.4855,0.5203,2026-10-03T13:34:46.271816Z,2026-10-03T13:34:46.272338Z
205,recovery,LAT-00205-d4d8a6,BASE_FINE,3.0,3.5,ACCEPT,ACCEPTED,ACCEPTABLE_CONTEXT,0.008597,1.0553,1.1349,1.1714,2026-10-03T13:34:46.272557Z,2026-10-03T13:34:46.273730Z
206,uncertain,LAT-00206-e343b5,BASE_FINE,3.1,7.0,REJECT,MODEL_A_BLOCK,UNCERTAIN_CONTEXT,1.0,0.4403,0.5174,0.5616,2026-10-03T13:34:46.273966Z,2026-10-03T13:34:46.274529Z
207,harmful,LAT-00207-7b510a,ACID_BULK,15.4,6.2,REJECT,MODEL_A_BLOCK,HARMFUL_CONTEXT,1.0,0.4718,0.5562,0.5915,2026-10-03T13:34:46.274758Z,2026-10-03T13:34:46.275351Z
208,normal,LAT-00208-4a1607,ACID_FINE,8.0,7.0,ACCEPT,ACCEPTED,ACCEPTABLE_CONTEXT,0.00428,1.4333,1.5199,1.5604,2026-10-03T13:34:46.275575Z,2026-10-03T13:34:46.277137Z
209,harmful,LAT-00209-c8f133,ACID_BULK,13.9,6.2,REJECT,MODEL_A_BLOCK,HARMFUL_CONTEXT,1.0,0.522,0.6033,0.6398,2026-10-03T13:34:46.277396Z,2026-10-03T13:34:46.278037Z
210,uncertain,LAT-00210-4709e0,BASE_FINE,2.5,7.0,REJECT,MODEL_A_BLOCK,UNCERTAIN_CONTEXT,1.0,0.4702,0.5587,0.5959,2026-10-03T13:34:46.278279Z,2026-10-03T13:34:46.278877Z
211,normal,LAT-00211-294fb0,BASE_FINE,6.1,7.0,ACCEPT,ACCEPTED,ACCEPTABLE_CONTEXT,0.00428,1.0338,1.116,1.1532,2026-10-03T13:34:46.279113Z,2026-10-03T13:34:46.280267Z
212,harmful,LAT-00212-9ffa33,ACID_BULK,15.7,6.2,REJECT,MODEL_A_BLOCK,HARMFUL_CONTEXT,1.0,0.4895,0.5688,0.6045,2026-10-03T13:34:46.280505Z,2026-10-03T13:34:46.281111Z
213,harmful,LAT-00213-219276,ACID_BULK,16.6,6.2,REJECT,MODEL_A_BLOCK,HARMFUL_CONTEXT,1.0,0.4629,0.5411,0.5759,2026-10-03T13:34:46.281340Z,2026-10-03T13:34:46.281917Z
214,uncertain,LAT-00214-f158b7,BASE_FINE,1.7,7.0,REJECT,MODEL_A_BLOCK,UNCERTAIN_CONTEXT,1.0,0.4529,0.5384,0.5757,2026-10-03T13:34:46.282140Z,2026-10-03T13:34:46.282717Z
215,recovery,LAT-00215-7a6e60,BASE_FINE,8.4,3.5,ACCEPT,ACCEPTED,ACCEPTABLE_CONTEXT,0.008166,1.0687,1.1512,1.1896,2026-10-03T13:34:46.282942Z,2026-10-03T13:34:46.284133Z
216,uncertain,LAT-00216-7f861c,BASE_FINE,4.0,7.0,REJECT,MODEL_A_BLOCK,UNCERTAIN_CONTEXT,1.0,0.4711,0.5484,0.5842,2026-10-03T13:34:46.284364Z,2026-10-03T13:34:46.284949Z
217,normal,LAT-00217-ce3cd4,BASE_FINE,6.9,7.0,ACCEPT,ACCEPTED,ACCEPTABLE_CONTEXT,0.00428,0.9811,1.0615,1.0984,2026-10-03T13:34:46.285176Z,2026-10-03T13:34:46.286276Z
218,normal,LAT-00218-a216e9,ACID_FINE,2.1,7.0,ACCEPT,ACCEPTED,ACCEPTABLE_CONTEXT,0.004506,0.9778,1.0699,1.1067,2026-10-03T13:34:46.286519Z,2026-10-03T13:34:46.287627Z
219,uncertain,LAT-00219-4de3e2,BASE_FINE,3.0,7.0,REJECT,MODEL_A_BLOCK,UNCERTAIN_CONTEXT,1.0,0.4295,0.5125,0.5493,2026-10-03T13:34:46.287866Z,2026-10-03T13:34:46.288417Z
220,normal,LAT-00220-c5417c,ACID_FINE,5.1,7.0,ACCEPT,ACCEPTED,ACCEPTABLE_CONTEXT,0.00428,0.9642,1.045,1.0817,2026-10-03T13:34:46.288652Z,2026-10-03T13:34:46.289735Z
221,normal,LAT-00221-530f9b,BASE_FINE,6.4,7.0,ACCEPT,ACCEPTED,ACCEPTABLE_CONTEXT,0.004506,0.9579,1.0506,1.0896,2026-10-03T13:34:46.289970Z,2026-10-03T13:34:46.291061Z
222,harmful,LAT-00222-808d15,ACID_BULK,11.0,6.2,REJECT,MODEL_A_BLOCK,HARMFUL_CONTEXT,1.0,0.4948,0.5741,0.6097,2026-10-03T13:34:46.291302Z,2026-10-03T13:34:46.291913Z
223,normal,LAT-00223-352f99,BASE_FINE,5.3,7.0,ACCEPT,ACCEPTED,ACCEPTABLE_CONTEXT,0.00428,0.9931,1.0747,1.1109,2026-10-03T13:34:46.292148Z,2026-10-03T13:34:46.293260Z
224,recovery,LAT-00224-fe5c14,BASE_FINE,2.7,3.5,ACCEPT,ACCEPTED,ACCEPTABLE_CONTEXT,0.008166,1.0385,1.1319,1.1716,2026-10-03T13:34:46.293498Z,2026-10-03T13:34:46.294671Z
225,uncertain,LAT-00225-b2cb51,BASE_FINE,1.5,7.0,REJECT,MODEL_A_BLOCK,UNCERTAIN_CONTEXT,1.0,0.4868,0.5675,0.6034,2026-10-03T13:34:46.294920Z,2026-10-03T13:34:46.295524Z
226,normal,LAT-00226-1dd05e,ACID_FINE,1.8,7.0,ACCEPT,ACCEPTED,ACCEPTABLE_CONTEXT,0.00428,0.9713,1.0536,1.0913,2026-10-03T13:34:46.295760Z,2026-10-03T13:34:46.296852Z
227,normal,LAT-00227-3db8e8,ACID_FINE,3.1,7.0,ACCEPT,ACCEPTED,ACCEPTABLE_CONTEXT,0.004506,0.9549,1.0364,1.0734,2026-10-03T13:34:46.297091Z,2026-10-03T13:34:46.298166Z
228,normal,LAT-00228-6812b2,ACID_FINE,1.4,7.0,ACCEPT,ACCEPTED,ACCEPTABLE_CONTEXT,0.00428,0.9616,1.0546,1.0933,2026-10-03T13:34:46.298403Z,2026-10-03T13:34:46.299498Z
229,harmful,LAT-00229-bf9cad,ACID_BULK,12.5,6.2,REJECT,MODEL_A_BLOCK,HARMFUL_CONTEXT,1.0,0.4954,0.5761,0.6119,2026-10-03T13:34:46.299745Z,2026-10-03T13:34:46.300358Z
230,harmful,LAT-00230-c6ca14,ACID_BULK,13.1,6.2,REJECT,MODEL_A_BLOCK,HARMFUL_CONTEXT,1.0,0.47,0.5511,0.587,2026-10-03T13:34:46.300601Z,2026-10-03T13:34:46.301189Z
231,harmful,LAT-00231-866dc6,ACID_BULK,14.1,6.2,REJECT,MODEL_A_BLOCK,HARMFUL_CONTEXT,1.0,0.4619,0.5399,0.5743,2026-10-03T13:34:46.301423Z,2026-10-03T13:34:46.301999Z
232,normal,LAT-00232-5b7cbc,BASE_FINE,2.7,7.0,ACCEPT,ACCEPTED,ACCEPTABLE_CONTEXT,0.004506,1.0426,1.1353,1.1748,2026-10-03T13:34:46.302226Z,2026-10-03T13:34:46.303402Z
233,normal,LAT-00233-dadf84,ACID_FINE,7.5,7.0,ACCEPT,ACCEPTED,ACCEPTABLE_CONTEXT,0.00428,1.0017,1.0844,1.1228,2026-10-03T13:34:46.303643Z,2026-10-03T13:34:46.304768Z
234,normal,LAT-00234-6d5ba9,ACID_FINE,0.8,7.0,ACCEPT,ACCEPTED,ACCEPTABLE_CONTEXT,0.004506,0.9553,1.0379,1.0743,2026-10-03T13:34:46.305009Z,2026-10-03T13:34:46.306084Z
235,harmful,LAT-00235-55ae38,ACID_BULK,16.4,6.2,REJECT,MODEL_A_BLOCK,HARMFUL_CONTEXT,1.0,0.5095,0.5995,0.6373,2026-10-03T13:34:46.306321Z,2026-10-03T13:34:46.306960Z
236,uncertain,LAT-00236-0c6c61,BASE_FINE,1.6,7.0,REJECT,MODEL_A_BLOCK,UNCERTAIN_CONTEXT,1.0,0.4145,0.4931,0.5287,2026-10-03T13:34:46.307201Z,2026-10-03T13:34:46.307731Z
237,recovery,LAT-00237-7c2368,BASE_FINE,3.7,3.5,ACCEPT,ACCEPTED,ACCEPTABLE_CONTEXT,0.008166,1.0464,1.1287,1.1661,2026-10-03T13:34:46.307961Z,2026-10-03T13:34:46.309128Z
238,harmful,LAT-00238-ff9b6f,ACID_BULK,11.7,6.2,REJECT,MODEL_A_BLOCK,HARMFUL_CONTEXT,1.0,0.4869,0.5661,0.602,2026-10-03T13:34:46.309365Z,2026-10-03T13:34:46.309968Z
239,recovery,LAT-00239-997d03,BASE_FINE,4.8,3.5,ACCEPT,ACCEPTED,ACCEPTABLE_CONTEXT,0.008597,1.0436,1.1488,1.1887,2026-10-03T13:34:46.310198Z,2026-10-03T13:34:46.311388Z
240,normal,LAT-00240-01fa53,BASE_FINE,8.6,7.0,ACCEPT,ACCEPTED,ACCEPTABLE_CONTEXT,0.004506,0.9892,1.0716,1.109,2026-10-03T13:34:46.311629Z,2026-10-03T13:34:46.312739Z
241,normal,LAT-00241-75a31e,BASE_FINE,7.1,7.0,ACCEPT,ACCEPTED,ACCEPTABLE_CONTEXT,0.00428,0.978,1.0589,1.096,2026-10-03T13:34:46.312977Z,2026-10-03T13:34:46.314075Z
242,harmful,LAT-00242-8150f7,ACID_BULK,14.5,6.2,REJECT,MODEL_A_BLOCK,HARMFUL_CONTEXT,1.0,0.5116,0.6009,0.6376,2026-10-03T13:34:46.314313Z,2026-10-03T13:34:46.314952Z
243,harmful,LAT-00243-e563a8,ACID_BULK,17.3,6.2,REJECT,MODEL_A_BLOCK,HARMFUL_CONTEXT,1.0,0.4776,0.5564,0.5906,2026-10-03T13:34:46.315191Z,2026-10-03T13:34:46.315783Z
244,harmful,LAT-00244-ccf20e,ACID_BULK,15.5,6.2,REJECT,MODEL_A_BLOCK,HARMFUL_CONTEXT,1.0,0.4594,0.537,0.5711,2026-10-03T13:34:46.316009Z,2026-10-03T13:34:46.316582Z
245,uncertain,LAT-00245-ba68a9,BASE_FINE,1.7,7.0,REJECT,MODEL_A_BLOCK,UNCERTAIN_CONTEXT,1.0,0.4109,0.4872,0.5218,2026-10-03T13:34:46.316807Z,2026-10-03T13:34:46.317330Z
246,normal,LAT-00246-8aa0e5,ACID_FINE,3.4,7.0,ACCEPT,ACCEPTED,ACCEPTABLE_CONTEXT,0.00428,1.0822,1.1732,1.213,2026-10-03T13:34:46.317551Z,2026-10-03T13:34:46.318765Z
247,uncertain,LAT-00247-5ae04a,BASE_FINE,2.1,7.0,REJECT,MODEL_A_BLOCK,UNCERTAIN_CONTEXT,1.0,0.4889,0.569,0.6035,2026-10-03T13:34:46.319006Z,2026-10-03T13:34:46.319611Z
248,normal,LAT-00248-8fa625,ACID_FINE,5.6,7.0,ACCEPT,ACCEPTED,ACCEPTABLE_CONTEXT,0.00428,0.9954,1.0796,1.117,2026-10-03T13:34:46.319839Z,2026-10-03T13:34:46.320957Z
249,recovery,LAT-00249-f61ab5,BASE_FINE,7.6,3.5,ACCEPT,ACCEPTED,ACCEPTABLE_CONTEXT,0.008597,1.0496,1.132,1.1681,2026-10-03T13:34:46.321192Z,2026-10-03T13:34:46.322361Z
250,normal,LAT-00250-3d1ed5,BASE_FINE,1.9,7.0,ACCEPT,ACCEPTED,ACCEPTABLE_CONTEXT,0.00428,1.0174,1.1099,1.1463,2026-10-03T13:34:46.322610Z,2026-10-03T13:34:46.323758Z
251,normal,LAT-00251-e0e6c4,ACID_FINE,5.2,7.0,ACCEPT,ACCEPTED,ACCEPTABLE_CONTEXT,0.00428,0.9982,1.0817,1.1184,2026-10-03T13:34:46.323996Z,2026-10-03T13:34:46.325116Z
252,normal,LAT-00252-dcfccb,ACID_FINE,1.7,7.0,ACCEPT,ACCEPTED,ACCEPTABLE_CONTEXT,0.00428,0.9439,1.0268,1.0631,2026-10-03T13:34:46.325354Z,2026-10-03T13:34:46.326419Z
253,normal,LAT-00253-e72820,ACID_FINE,8.0,7.0,ACCEPT,ACCEPTED,ACCEPTABLE_CONTEXT,0.00428,0.9964,1.0899,1.1286,2026-10-03T13:34:46.326673Z,2026-10-03T13:34:46.327803Z
254,uncertain,LAT-00254-19255c,BASE_FINE,4.1,7.0,REJECT,MODEL_A_BLOCK,UNCERTAIN_CONTEXT,1.0,0.4611,0.5404,0.5766,2026-10-03T13:34:46.328045Z,2026-10-03T13:34:46.328623Z
255,uncertain,LAT-00255-8a4e30,BASE_FINE,2.9,7.0,REJECT,MODEL_A_BLOCK,UNCERTAIN_CONTEXT,1.0,0.4557,0.5336,0.5693,2026-10-03T13:34:46.328859Z,2026-10-03T13:34:46.329429Z
256,normal,LAT-00256-8c17a0,BASE_FINE,6.6,7.0,ACCEPT,ACCEPTED,ACCEPTABLE_CONTEXT,0.004506,0.9829,1.0765,1.1158,2026-10-03T13:34:46.329661Z,2026-10-03T13:34:46.330779Z
257,normal,LAT-00257-2e62d3,BASE_FINE,7.1,7.0,ACCEPT,ACCEPTED,ACCEPTABLE_CONTEXT,0.00428,1.0036,1.0868,1.1239,2026-10-03T13:34:46.331023Z,2026-10-03T13:34:46.332148Z
258,normal,LAT-00258-59bce2,BASE_FINE,7.0,7.0,ACCEPT,ACCEPTED,ACCEPTABLE_CONTEXT,0.00428,0.9954,1.0787,1.1158,2026-10-03T13:34:46.332388Z,2026-10-03T13:34:46.333505Z
259,normal,LAT-00259-0114c6,ACID_FINE,1.7,7.0,ACCEPT,ACCEPTED,ACCEPTABLE_CONTEXT,0.00428,0.9914,1.0898,1.1297,2026-10-03T13:34:46.333744Z,2026-10-03T13:34:46.334875Z
260,normal,LAT-00260-d929a3,BASE_FINE,2.0,7.0,ACCEPT,ACCEPTED,ACCEPTABLE_CONTEXT,0.00428,0.9385,1.0231,1.0601,2026-10-03T13:34:46.335121Z,2026-10-03T13:34:46.336183Z
261,harmful,LAT-00261-54197a,ACID_BULK,17.2,6.2,REJECT,MODEL_A_BLOCK,HARMFUL_CONTEXT,1.0,0.4979,0.5791,0.6149,2026-10-03T13:34:46.336424Z,2026-10-03T13:34:46.337040Z
262,normal,LAT-00262-0a9930,BASE_FINE,0.9,7.0,ACCEPT,ACCEPTED,ACCEPTABLE_CONTEXT,0.00428,0.9472,1.0305,1.0679,2026-10-03T13:34:46.337281Z,2026-10-03T13:34:46.338351Z
263,recovery,LAT-00263-a52ee9,BASE_FINE,9.1,3.5,ACCEPT,ACCEPTED,ACCEPTABLE_CONTEXT,0.008166,1.0291,1.1227,1.1604,2026-10-03T13:34:46.338604Z,2026-10-03T13:34:46.339766Z
264,normal,LAT-00264-82f983,BASE_FINE,5.6,7.0,ACCEPT,ACCEPTED,ACCEPTABLE_CONTEXT,0.004506,0.9871,1.0711,1.1094,2026-10-03T13:34:46.340008Z,2026-10-03T13:34:46.341118Z
265,harmful,LAT-00265-423efa,ACID_BULK,12.2,6.2,REJECT,MODEL_A_BLOCK,HARMFUL_CONTEXT,1.0,0.4912,0.5721,0.608,2026-10-03T13:34:46.341358Z,2026-10-03T13:34:46.341968Z
266,uncertain,LAT-00266-6813e5,BASE_FINE,4.2,7.0,REJECT,MODEL_A_BLOCK,UNCERTAIN_CONTEXT,1.0,0.4386,0.5275,0.5725,2026-10-03T13:34:46.342218Z,2026-10-03T13:34:46.342792Z
267,normal,LAT-00267-14a00a,ACID_FINE,8.7,7.0,ACCEPT,ACCEPTED,ACCEPTABLE_CONTEXT,0.004506,1.0232,1.1062,1.1442,2026-10-03T13:34:46.343027Z,2026-10-03T13:34:46.344173Z
268,recovery,LAT-00268-3c250f,BASE_FINE,4.1,3.5,ACCEPT,ACCEPTED,ACCEPTABLE_CONTEXT,0.008597,1.0312,1.1124,1.1491,2026-10-03T13:34:46.344412Z,2026-10-03T13:34:46.345562Z
269,harmful,LAT-00269-49e80e,ACID_BULK,14.5,6.2,REJECT,MODEL_A_BLOCK,HARMFUL_CONTEXT,1.0,0.4898,0.5687,0.6046,2026-10-03T13:34:46.345799Z,2026-10-03T13:34:46.346405Z
270,normal,LAT-00270-d84d0a,BASE_FINE,7.7,7.0,ACCEPT,ACCEPTED,ACCEPTABLE_CONTEXT,0.004506,1.003,1.0945,1.1316,2026-10-03T13:34:46.346656Z,2026-10-03T13:34:46.347789Z
271,harmful,LAT-00271-7335ee,ACID_BULK,15.5,6.2,REJECT,MODEL_A_BLOCK,HARMFUL_CONTEXT,1.0,0.4895,0.5699,0.6049,2026-10-03T13:34:46.348029Z,2026-10-03T13:34:46.348635Z
272,recovery,LAT-00272-39decc,BASE_FINE,2.9,3.5,ACCEPT,ACCEPTED,ACCEPTABLE_CONTEXT,0.008166,1.0126,1.0962,1.1325,2026-10-03T13:34:46.348864Z,2026-10-03T13:34:46.349998Z
273,uncertain,LAT-00273-6011e8,BASE_FINE,2.3,7.0,REJECT,MODEL_A_BLOCK,UNCERTAIN_CONTEXT,1.0,0.4368,0.5244,0.5611,2026-10-03T13:34:46.350230Z,2026-10-03T13:34:46.350792Z
274,uncertain,LAT-00274-5c9f35,BASE_FINE,4.0,7.0,REJECT,MODEL_A_BLOCK,UNCERTAIN_CONTEXT,1.0,0.4512,0.5299,0.5646,2026-10-03T13:34:46.351025Z,2026-10-03T13:34:46.351591Z
275,normal,LAT-00275-d55d77,ACID_FINE,8.3,7.0,ACCEPT,ACCEPTED,ACCEPTABLE_CONTEXT,0.00428,0.9686,1.0489,1.0844,2026-10-03T13:34:46.351818Z,2026-10-03T13:34:46.352903Z
276,normal,LAT-00276-74d077,ACID_FINE,8.0,7.0,ACCEPT,ACCEPTED,ACCEPTABLE_CONTEXT,0.00428,0.9561,1.0354,1.0708,2026-10-03T13:34:46.353135Z,2026-10-03T13:34:46.354207Z
277,normal,LAT-00277-f28ff2,BASE_FINE,3.1,7.0,ACCEPT,ACCEPTED,ACCEPTABLE_CONTEXT,0.00428,0.9954,1.0859,1.1249,2026-10-03T13:34:46.354442Z,2026-10-03T13:34:46.355568Z
278,uncertain,LAT-00278-af836c,BASE_FINE,2.8,7.0,REJECT,MODEL_A_BLOCK,UNCERTAIN_CONTEXT,1.0,0.4293,0.5086,0.5455,2026-10-03T13:34:46.355807Z,2026-10-03T13:34:46.356354Z
279,harmful,LAT-00279-407b4c,ACID_BULK,16.6,6.2,REJECT,MODEL_A_BLOCK,HARMFUL_CONTEXT,1.0,0.4679,0.5504,0.5852,2026-10-03T13:34:46.356585Z,2026-10-03T13:34:46.357172Z
280,harmful,LAT-00280-23d51c,ACID_BULK,12.3,6.2,REJECT,MODEL_A_BLOCK,HARMFUL_CONTEXT,1.0,0.4611,0.5391,0.5737,2026-10-03T13:34:46.357400Z,2026-10-03T13:34:46.357975Z
281,harmful,LAT-00281-b7cd30,ACID_BULK,12.1,6.2,REJECT,MODEL_A_BLOCK,HARMFUL_CONTEXT,1.0,0.5266,0.6138,0.6503,2026-10-03T13:34:46.358198Z,2026-10-03T13:34:46.358849Z
282,harmful,LAT-00282-c26475,ACID_BULK,14.0,6.2,REJECT,MODEL_A_BLOCK,HARMFUL_CONTEXT,1.0,0.4838,0.56,0.5947,2026-10-03T13:34:46.359075Z,2026-10-03T13:34:46.359671Z
283,normal,LAT-00283-e0f801,BASE_FINE,2.7,7.0,ACCEPT,ACCEPTED,ACCEPTABLE_CONTEXT,0.00428,1.0281,1.1097,1.1472,2026-10-03T13:34:46.359897Z,2026-10-03T13:34:46.361045Z
284,normal,LAT-00284-cd396e,ACID_FINE,2.5,7.0,ACCEPT,ACCEPTED,ACCEPTABLE_CONTEXT,0.004506,0.9793,1.0607,1.0961,2026-10-03T13:34:46.361278Z,2026-10-03T13:34:46.362375Z
285,harmful,LAT-00285-d79a1b,ACID_BULK,18.7,6.2,REJECT,MODEL_A_BLOCK,HARMFUL_CONTEXT,1.0,0.4937,0.5813,0.6175,2026-10-03T13:34:46.362622Z,2026-10-03T13:34:46.363241Z
286,recovery,LAT-00286-05a556,BASE_FINE,2.4,3.5,ACCEPT,ACCEPTED,ACCEPTABLE_CONTEXT,0.008166,1.0359,1.1172,1.1538,2026-10-03T13:34:46.363483Z,2026-10-03T13:34:46.364638Z
287,recovery,LAT-00287-33af43,BASE_FINE,2.3,3.5,ACCEPT,ACCEPTED,ACCEPTABLE_CONTEXT,0.008166,1.0156,1.0987,1.1356,2026-10-03T13:34:46.364874Z,2026-10-03T13:34:46.366011Z
288,harmful,LAT-00288-44bbc3,ACID_BULK,11.5,6.2,REJECT,MODEL_A_BLOCK,HARMFUL_CONTEXT,1.0,0.5044,0.5936,0.6318,2026-10-03T13:34:46.366244Z,2026-10-03T13:34:46.366877Z
289,normal,LAT-00289-e17acd,BASE_FINE,4.5,7.0,ACCEPT,ACCEPTED,ACCEPTABLE_CONTEXT,0.00428,1.0089,1.0922,1.1306,2026-10-03T13:34:46.367115Z,2026-10-03T13:34:46.368247Z
290,harmful,LAT-00290-7f3461,ACID_BULK,12.3,6.2,REJECT,MODEL_A_BLOCK,HARMFUL_CONTEXT,1.0,0.486,0.5654,0.6004,2026-10-03T13:34:46.368480Z,2026-10-03T13:34:46.369082Z
291,normal,LAT-00291-ffd04b,BASE_FINE,4.8,7.0,ACCEPT,ACCEPTED,ACCEPTABLE_CONTEXT,0.00428,0.9421,1.0242,1.0616,2026-10-03T13:34:46.369310Z,2026-10-03T13:34:46.370373Z
292,harmful,LAT-00292-119d26,ACID_BULK,19.7,6.2,REJECT,MODEL_A_BLOCK,HARMFUL_CONTEXT,1.0,0.4922,0.5795,0.6162,2026-10-03T13:34:46.370620Z,2026-10-03T13:34:46.371237Z
293,recovery,LAT-00293-825803,BASE_FINE,6.9,3.5,ACCEPT,ACCEPTED,ACCEPTABLE_CONTEXT,0.008597,1.0397,1.1215,1.1579,2026-10-03T13:34:46.371466Z,2026-10-03T13:34:46.372625Z
294,uncertain,LAT-00294-2cb0af,BASE_FINE,1.9,7.0,REJECT,MODEL_A_BLOCK,UNCERTAIN_CONTEXT,1.0,0.4707,0.55,0.585,2026-10-03T13:34:46.372858Z,2026-10-03T13:34:46.373445Z
295,harmful,LAT-00295-b440e3,ACID_BULK,13.2,6.2,REJECT,MODEL_A_BLOCK,HARMFUL_CONTEXT,1.0,0.4643,0.5415,0.5756,2026-10-03T13:34:46.373674Z,2026-10-03T13:34:46.374251Z
296,recovery,LAT-00296-f80a20,BASE_FINE,3.1,3.5,ACCEPT,ACCEPTED,ACCEPTABLE_CONTEXT,0.008166,1.0443,1.1472,1.1854,2026-10-03T13:34:46.374473Z,2026-10-03T13:34:46.375660Z
297,recovery,LAT-00297-f9e91d,BASE_FINE,6.4,3.5,ACCEPT,ACCEPTED,ACCEPTABLE_CONTEXT,0.008166,1.0321,1.1142,1.1508,2026-10-03T13:34:46.375897Z,2026-10-03T13:34:46.377049Z
298,normal,LAT-00298-d31404,BASE_FINE,0.6,7.0,ACCEPT,ACCEPTED,ACCEPTABLE_CONTEXT,0.00428,0.9361,1.0279,1.0658,2026-10-03T13:34:46.377288Z,2026-10-03T13:34:46.378356Z
299,normal,LAT-00299-168080,BASE_FINE,0.6,7.0,ACCEPT,ACCEPTED,ACCEPTABLE_CONTEXT,0.00428,0.9572,1.0552,1.0933,2026-10-03T13:34:46.378604Z,2026-10-03T13:34:46.379698Z
300,recovery,LAT-00300-75ccbe,BASE_FINE,4.0,3.5,ACCEPT,ACCEPTED,ACCEPTABLE_CONTEXT,0.008166,1.0152,1.0973,1.1355,2026-10-03T13:34:46.379939Z,2026-10-03T13:34:46.381075Z
301,normal,LAT-00301-5ff0b1,ACID_FINE,8.5,7.0,ACCEPT,ACCEPTED,ACCEPTABLE_CONTEXT,0.00428,0.932,1.0144,1.051,2026-10-03T13:34:46.381316Z,2026-10-03T13:34:46.382368Z
302,harmful,LAT-00302-0f9a93,ACID_BULK,13.8,6.2,REJECT,MODEL_A_BLOCK,HARMFUL_CONTEXT,1.0,0.5,0.5874,0.6236,2026-10-03T13:34:46.382614Z,2026-10-03T13:34:46.383239Z
303,normal,LAT-00303-0b3650,ACID_FINE,5.0,7.0,ACCEPT,ACCEPTED,ACCEPTABLE_CONTEXT,0.00428,0.9605,1.0404,1.0759,2026-10-03T13:34:46.383470Z,2026-10-03T13:34:46.384547Z
304,harmful,LAT-00304-c12708,ACID_BULK,16.7,6.2,REJECT,MODEL_A_BLOCK,HARMFUL_CONTEXT,1.0,0.4892,0.5661,0.601,2026-10-03T13:34:46.384774Z,2026-10-03T13:34:46.385376Z
305,harmful,LAT-00305-86ee08,ACID_BULK,14.4,6.2,REJECT,MODEL_A_BLOCK,HARMFUL_CONTEXT,1.0,0.4629,0.539,0.573,2026-10-03T13:34:46.385598Z,2026-10-03T13:34:46.386172Z
306,normal,LAT-00306-1daa68,ACID_FINE,4.2,7.0,ACCEPT,ACCEPTED,ACCEPTABLE_CONTEXT,0.00428,0.996,1.0856,1.1244,2026-10-03T13:34:46.386393Z,2026-10-03T13:34:46.387519Z
307,recovery,LAT-00307-ca4741,BASE_FINE,5.7,3.5,ACCEPT,ACCEPTED,ACCEPTABLE_CONTEXT,0.008597,1.0447,1.1253,1.1615,2026-10-03T13:34:46.387754Z,2026-10-03T13:34:46.388917Z
308,normal,LAT-00308-dc39bc,BASE_FINE,9.8,7.0,ACCEPT,ACCEPTED,ACCEPTABLE_CONTEXT,0.00428,0.9854,1.0649,1.1006,2026-10-03T13:34:46.389147Z,2026-10-03T13:34:46.390248Z
309,uncertain,LAT-00309-b093b0,BASE_FINE,3.8,7.0,REJECT,MODEL_A_BLOCK,UNCERTAIN_CONTEXT,1.0,0.4799,0.5767,0.6164,2026-10-03T13:34:46.390478Z,2026-10-03T13:34:46.391095Z
310,harmful,LAT-00310-b0c70e,ACID_BULK,12.0,6.2,REJECT,MODEL_A_BLOCK,HARMFUL_CONTEXT,1.0,0.468,0.5435,0.5766,2026-10-03T13:34:46.391327Z,2026-10-03T13:34:46.391905Z
311,normal,LAT-00311-d985d0,ACID_FINE,3.5,7.0,ACCEPT,ACCEPTED,ACCEPTABLE_CONTEXT,0.00428,0.982,1.0606,1.0965,2026-10-03T13:34:46.392136Z,2026-10-03T13:34:46.393233Z
312,normal,LAT-00312-a7923b,ACID_FINE,3.9,7.0,ACCEPT,ACCEPTED,ACCEPTABLE_CONTEXT,0.00428,0.9508,1.039,1.0765,2026-10-03T13:34:46.393460Z,2026-10-03T13:34:46.394538Z
313,uncertain,LAT-00313-bf7fe4,BASE_FINE,3.7,7.0,REJECT,MODEL_A_BLOCK,UNCERTAIN_CONTEXT,1.0,0.4457,0.5302,0.567,2026-10-03T13:34:46.394771Z,2026-10-03T13:34:46.395340Z
314,normal,LAT-00314-5615f1,BASE_FINE,7.7,7.0,ACCEPT,ACCEPTED,ACCEPTABLE_CONTEXT,0.004506,0.9714,1.0514,1.0871,2026-10-03T13:34:46.395564Z,2026-10-03T13:34:46.396653Z
315,uncertain,LAT-00315-9bae2a,BASE_FINE,4.1,7.0,REJECT,MODEL_A_BLOCK,UNCERTAIN_CONTEXT,1.0,0.4404,0.517,0.5518,2026-10-03T13:34:46.396881Z,2026-10-03T13:34:46.397434Z
316,normal,LAT-00316-49bb6a,BASE_FINE,2.4,7.0,ACCEPT,ACCEPTED,ACCEPTABLE_CONTEXT,0.00428,0.976,1.0686,1.1072,2026-10-03T13:34:46.397655Z,2026-10-03T13:34:46.398764Z
317,harmful,LAT-00317-493453,ACID_BULK,16.5,6.2,REJECT,MODEL_A_BLOCK,HARMFUL_CONTEXT,1.0,0.4934,0.5713,0.6063,2026-10-03T13:34:46.399000Z,2026-10-03T13:34:46.399607Z
318,harmful,LAT-00318-a7df5a,ACID_BULK,17.5,6.2,REJECT,MODEL_A_BLOCK,HARMFUL_CONTEXT,1.0,0.4646,0.54,0.5742,2026-10-03T13:34:46.399830Z,2026-10-03T13:34:46.400405Z
319,normal,LAT-00319-d6ae64,BASE_FINE,5.5,7.0,ACCEPT,ACCEPTED,ACCEPTABLE_CONTEXT,0.004506,1.0138,1.1063,1.1428,2026-10-03T13:34:46.400626Z,2026-10-03T13:34:46.401770Z
320,uncertain,LAT-00320-322f2e,BASE_FINE,2.8,7.0,REJECT,MODEL_A_BLOCK,UNCERTAIN_CONTEXT,1.0,0.4282,0.519,0.5553,2026-10-03T13:34:46.402002Z,2026-10-03T13:34:46.402558Z
321,normal,LAT-00321-cbef4a,BASE_FINE,6.7,7.0,ACCEPT,ACCEPTED,ACCEPTABLE_CONTEXT,0.00428,1.0019,1.0807,1.1159,2026-10-03T13:34:46.402783Z,2026-10-03T13:34:46.403900Z
322,recovery,LAT-00322-668033,BASE_FINE,4.9,3.5,ACCEPT,ACCEPTED,ACCEPTABLE_CONTEXT,0.008166,1.028,1.1058,1.1416,2026-10-03T13:34:46.404128Z,2026-10-03T13:34:46.405270Z
323,normal,LAT-00323-e1742e,BASE_FINE,0.6,7.0,ACCEPT,ACCEPTED,ACCEPTABLE_CONTEXT,0.00428,0.9577,1.0541,1.0913,2026-10-03T13:34:46.405496Z,2026-10-03T13:34:46.406589Z
324,harmful,LAT-00324-ddb835,ACID_BULK,11.6,6.2,REJECT,MODEL_A_BLOCK,HARMFUL_CONTEXT,1.0,0.4969,0.5738,0.609,2026-10-03T13:34:46.406822Z,2026-10-03T13:34:46.407432Z
325,normal,LAT-00325-45ff42,ACID_FINE,5.9,7.0,ACCEPT,ACCEPTED,ACCEPTABLE_CONTEXT,0.00428,0.9728,1.0525,1.0881,2026-10-03T13:34:46.407657Z,2026-10-03T13:34:46.408747Z
326,uncertain,LAT-00326-395dac,BASE_FINE,4.5,7.0,REJECT,MODEL_A_BLOCK,UNCERTAIN_CONTEXT,1.0,0.4688,0.5444,0.5786,2026-10-03T13:34:46.408985Z,2026-10-03T13:34:46.409565Z
327,uncertain,LAT-00327-31049a,BASE_FINE,4.2,7.0,REJECT,MODEL_A_BLOCK,UNCERTAIN_CONTEXT,1.0,0.4181,0.4916,0.5259,2026-10-03T13:34:46.409787Z,2026-10-03T13:34:46.410314Z
328,uncertain,LAT-00328-8472f2,BASE_FINE,3.2,7.0,REJECT,MODEL_A_BLOCK,UNCERTAIN_CONTEXT,1.0,0.404,0.4866,0.5214,2026-10-03T13:34:46.410543Z,2026-10-03T13:34:46.411066Z
329,harmful,LAT-00329-f5f886,ACID_BULK,19.7,6.2,REJECT,MODEL_A_BLOCK,HARMFUL_CONTEXT,1.0,0.4557,0.53,0.5633,2026-10-03T13:34:46.411287Z,2026-10-03T13:34:46.411852Z
330,normal,LAT-00330-a301d1,ACID_FINE,2.0,7.0,ACCEPT,ACCEPTED,ACCEPTABLE_CONTEXT,0.004506,1.0029,1.0819,1.1178,2026-10-03T13:34:46.412068Z,2026-10-03T13:34:46.413187Z
331,harmful,LAT-00331-a8996f,ACID_BULK,14.4,6.2,REJECT,MODEL_A_BLOCK,HARMFUL_CONTEXT,1.0,0.4834,0.5595,0.5924,2026-10-03T13:34:46.413415Z,2026-10-03T13:34:46.414009Z
332,uncertain,LAT-00332-34ca61,BASE_FINE,3.1,7.0,REJECT,MODEL_A_BLOCK,UNCERTAIN_CONTEXT,1.0,0.4251,0.5081,0.5435,2026-10-03T13:34:46.414227Z,2026-10-03T13:34:46.414772Z
333,harmful,LAT-00333-068903,ACID_BULK,13.2,6.2,REJECT,MODEL_A_BLOCK,HARMFUL_CONTEXT,1.0,0.4569,0.531,0.5643,2026-10-03T13:34:46.414992Z,2026-10-03T13:34:46.415558Z
334,uncertain,LAT-00334-bf818c,BASE_FINE,3.2,7.0,REJECT,MODEL_A_BLOCK,UNCERTAIN_CONTEXT,1.0,0.4409,0.5146,0.548,2026-10-03T13:34:46.415773Z,2026-10-03T13:34:46.416323Z
335,harmful,LAT-00335-3a3cf0,ACID_BULK,10.7,6.2,REJECT,MODEL_A_BLOCK,HARMFUL_CONTEXT,1.0,0.4494,0.5237,0.5562,2026-10-03T13:34:46.416538Z,2026-10-03T13:34:46.417095Z
336,normal,LAT-00336-61e93a,BASE_FINE,9.0,7.0,ACCEPT,ACCEPTED,ACCEPTABLE_CONTEXT,0.004506,1.0161,1.096,1.1304,2026-10-03T13:34:46.417313Z,2026-10-03T13:34:46.418444Z
337,harmful,LAT-00337-d23983,ACID_BULK,12.8,6.2,REJECT,MODEL_A_BLOCK,HARMFUL_CONTEXT,1.0,0.4886,0.5724,0.6164,2026-10-03T13:34:46.418684Z,2026-10-03T13:34:46.419301Z
338,normal,LAT-00338-0f1bc3,BASE_FINE,8.7,7.0,ACCEPT,ACCEPTED,ACCEPTABLE_CONTEXT,0.00428,1.0359,1.1142,1.1501,2026-10-03T13:34:46.419522Z,2026-10-03T13:34:46.420673Z
339,normal,LAT-00339-8b89e1,BASE_FINE,7.7,7.0,ACCEPT,ACCEPTED,ACCEPTABLE_CONTEXT,0.00428,0.9716,1.0547,1.0903,2026-10-03T13:34:46.420898Z,2026-10-03T13:34:46.421989Z
340,normal,LAT-00340-cb8117,BASE_FINE,1.6,7.0,ACCEPT,ACCEPTED,ACCEPTABLE_CONTEXT,0.00428,1.0194,1.1091,1.1471,2026-10-03T13:34:46.422215Z,2026-10-03T13:34:46.423363Z
341,uncertain,LAT-00341-b3a7ab,BASE_FINE,4.2,7.0,REJECT,MODEL_A_BLOCK,UNCERTAIN_CONTEXT,1.0,0.4483,0.525,0.561,2026-10-03T13:34:46.423596Z,2026-10-03T13:34:46.424158Z
342,recovery,LAT-00342-e2a346,BASE_FINE,9.3,3.5,ACCEPT,ACCEPTED,ACCEPTABLE_CONTEXT,0.008166,1.0521,1.1328,1.1693,2026-10-03T13:34:46.424391Z,2026-10-03T13:34:46.425562Z
343,uncertain,LAT-00343-202618,BASE_FINE,3.0,7.0,REJECT,MODEL_A_BLOCK,UNCERTAIN_CONTEXT,1.0,0.4694,0.5463,0.5816,2026-10-03T13:34:46.425787Z,2026-10-03T13:34:46.426370Z
344,harmful,LAT-00344-dcdbf3,ACID_BULK,13.0,6.2,REJECT,MODEL_A_BLOCK,HARMFUL_CONTEXT,1.0,0.474,0.5598,0.5949,2026-10-03T13:34:46.426598Z,2026-10-03T13:34:46.427195Z
345,uncertain,LAT-00345-b9062e,BASE_FINE,4.6,7.0,REJECT,MODEL_A_BLOCK,UNCERTAIN_CONTEXT,1.0,0.4161,0.4907,0.5247,2026-10-03T13:34:46.427415Z,2026-10-03T13:34:46.427941Z
346,uncertain,LAT-00346-139264,BASE_FINE,4.8,7.0,REJECT,MODEL_A_BLOCK,UNCERTAIN_CONTEXT,1.0,0.4077,0.4826,0.5171,2026-10-03T13:34:46.428159Z,2026-10-03T13:34:46.428677Z
347,harmful,LAT-00347-77ef51,ACID_BULK,14.8,6.2,REJECT,MODEL_A_BLOCK,HARMFUL_CONTEXT,1.0,0.4527,0.5295,0.5634,2026-10-03T13:34:46.428892Z,2026-10-03T13:34:46.429457Z
348,normal,LAT-00348-ebcdac,BASE_FINE,6.8,7.0,ACCEPT,ACCEPTED,ACCEPTABLE_CONTEXT,0.004506,1.0224,1.1124,1.1498,2026-10-03T13:34:46.429672Z,2026-10-03T13:34:46.430824Z
349,recovery,LAT-00349-081119,BASE_FINE,2.6,3.5,ACCEPT,ACCEPTED,ACCEPTABLE_CONTEXT,0.008597,1.0706,1.1513,1.1871,2026-10-03T13:34:46.431055Z,2026-10-03T13:34:46.432243Z
350,recovery,LAT-00350-d3639c,BASE_FINE,2.0,3.5,ACCEPT,ACCEPTED,ACCEPTABLE_CONTEXT,0.008166,1.0392,1.1177,1.1531,2026-10-03T13:34:46.432470Z,2026-10-03T13:34:46.433624Z
351,normal,LAT-00351-fe9e20,BASE_FINE,8.7,7.0,ACCEPT,ACCEPTED,ACCEPTABLE_CONTEXT,0.00428,0.9837,1.0726,1.11,2026-10-03T13:34:46.433848Z,2026-10-03T13:34:46.434959Z
352,uncertain,LAT-00352-43be6d,BASE_FINE,2.9,7.0,REJECT,MODEL_A_BLOCK,UNCERTAIN_CONTEXT,1.0,0.4531,0.5308,0.5653,2026-10-03T13:34:46.435194Z,2026-10-03T13:34:46.435761Z
353,normal,LAT-00353-d0e9b2,BASE_FINE,1.2,7.0,ACCEPT,ACCEPTED,ACCEPTABLE_CONTEXT,0.00428,0.9935,1.0726,1.109,2026-10-03T13:34:46.435986Z,2026-10-03T13:34:46.437096Z
354,uncertain,LAT-00354-97f1e3,BASE_FINE,2.0,7.0,REJECT,MODEL_A_BLOCK,UNCERTAIN_CONTEXT,1.0,0.4739,0.5506,0.5844,2026-10-03T13:34:46.437322Z,2026-10-03T13:34:46.437908Z
355,harmful,LAT-00355-90d549,ACID_BULK,11.8,6.2,REJECT,MODEL_A_BLOCK,HARMFUL_CONTEXT,1.0,0.4797,0.5647,0.5999,2026-10-03T13:34:46.438129Z,2026-10-03T13:34:46.438730Z
356,normal,LAT-00356-7fe96e,ACID_FINE,5.8,7.0,ACCEPT,ACCEPTED,ACCEPTABLE_CONTEXT,0.00428,0.9919,1.0713,1.1059,2026-10-03T13:34:46.438951Z,2026-10-03T13:34:46.440058Z
357,harmful,LAT-00357-4a64f4,ACID_BULK,19.9,6.2,REJECT,MODEL_A_BLOCK,HARMFUL_CONTEXT,1.0,0.4917,0.5677,0.6029,2026-10-03T13:34:46.440287Z,2026-10-03T13:34:46.440891Z
358,harmful,LAT-00358-a060e3,ACID_BULK,18.6,6.2,REJECT,MODEL_A_BLOCK,HARMFUL_CONTEXT,1.0,0.4632,0.5379,0.5708,2026-10-03T13:34:46.441112Z,2026-10-03T13:34:46.441684Z
359,normal,LAT-00359-9eca91,ACID_FINE,0.8,7.0,ACCEPT,ACCEPTED,ACCEPTABLE_CONTEXT,0.00428,0.99,1.0831,1.1216,2026-10-03T13:34:46.441903Z,2026-10-03T13:34:46.443026Z
360,normal,LAT-00360-22b051,BASE_FINE,7.0,7.0,ACCEPT,ACCEPTED,ACCEPTABLE_CONTEXT,0.00428,0.9799,1.0594,1.0951,2026-10-03T13:34:46.443259Z,2026-10-03T13:34:46.444356Z
361,harmful,LAT-00361-858894,ACID_BULK,16.2,6.2,REJECT,MODEL_A_BLOCK,HARMFUL_CONTEXT,1.0,0.4887,0.5644,0.5981,2026-10-03T13:34:46.444583Z,2026-10-03T13:34:46.445182Z
362,uncertain,LAT-00362-a2de06,BASE_FINE,3.9,7.0,REJECT,MODEL_A_BLOCK,UNCERTAIN_CONTEXT,1.0,0.4235,0.4988,0.5319,2026-10-03T13:34:46.445404Z,2026-10-03T13:34:46.445937Z
363,harmful,LAT-00363-0827d6,ACID_BULK,10.0,6.2,REJECT,MODEL_A_BLOCK,HARMFUL_CONTEXT,1.0,0.4704,0.5535,0.5885,2026-10-03T13:34:46.446154Z,2026-10-03T13:34:46.446744Z
364,recovery,LAT-00364-a2acb5,BASE_FINE,6.8,3.5,ACCEPT,ACCEPTED,ACCEPTABLE_CONTEXT,0.008166,1.0803,1.1606,1.1961,2026-10-03T13:34:46.446975Z,2026-10-03T13:34:46.448173Z
365,normal,LAT-00365-bcdd8f,ACID_FINE,8.5,7.0,ACCEPT,ACCEPTED,ACCEPTABLE_CONTEXT,0.00428,1.0088,1.088,1.1233,2026-10-03T13:34:46.448402Z,2026-10-03T13:34:46.449527Z
366,normal,LAT-00366-08fbf9,BASE_FINE,5.3,7.0,ACCEPT,ACCEPTED,ACCEPTABLE_CONTEXT,0.004506,0.9834,1.0743,1.1114,2026-10-03T13:34:46.449760Z,2026-10-03T13:34:46.450873Z
367,normal,LAT-00367-c6f828,ACID_FINE,3.5,7.0,ACCEPT,ACCEPTED,ACCEPTABLE_CONTEXT,0.00428,0.9616,1.0415,1.0776,2026-10-03T13:34:46.451107Z,2026-10-03T13:34:46.452186Z
368,harmful,LAT-00368-353f91,ACID_BULK,16.6,6.2,REJECT,MODEL_A_BLOCK,HARMFUL_CONTEXT,1.0,0.4889,0.5668,0.6015,2026-10-03T13:34:46.452414Z,2026-10-03T13:34:46.453017Z
369,uncertain,LAT-00369-983567,BASE_FINE,2.1,7.0,REJECT,MODEL_A_BLOCK,UNCERTAIN_CONTEXT,1.0,0.4551,0.5309,0.5652,2026-10-03T13:34:46.453241Z,2026-10-03T13:34:46.453807Z
370,harmful,LAT-00370-7ab4eb,ACID_BULK,16.7,6.2,REJECT,MODEL_A_BLOCK,HARMFUL_CONTEXT,1.0,0.4722,0.5591,0.5939,2026-10-03T13:34:46.454026Z,2026-10-03T13:34:46.454621Z
371,recovery,LAT-00371-c6c585,BASE_FINE,5.2,3.5,ACCEPT,ACCEPTED,ACCEPTABLE_CONTEXT,0.008166,1.0625,1.1414,1.1773,2026-10-03T13:34:46.454840Z,2026-10-03T13:34:46.456019Z
372,uncertain,LAT-00372-37dd62,BASE_FINE,1.6,7.0,REJECT,MODEL_A_BLOCK,UNCERTAIN_CONTEXT,1.0,0.4673,0.5424,0.5769,2026-10-03T13:34:46.456246Z,2026-10-03T13:34:46.456824Z
373,harmful,LAT-00373-8427aa,ACID_BULK,12.3,6.2,REJECT,MODEL_A_BLOCK,HARMFUL_CONTEXT,1.0,0.4612,0.5364,0.5696,2026-10-03T13:34:46.457043Z,2026-10-03T13:34:46.457613Z
374,uncertain,LAT-00374-3935cd,BASE_FINE,4.0,7.0,REJECT,MODEL_A_BLOCK,UNCERTAIN_CONTEXT,1.0,0.4124,0.4858,0.519,2026-10-03T13:34:46.457829Z,2026-10-03T13:34:46.458349Z
375,normal,LAT-00375-26c66f,BASE_FINE,3.8,7.0,ACCEPT,ACCEPTED,ACCEPTABLE_CONTEXT,0.004506,1.0401,1.129,1.1644,2026-10-03T13:34:46.458574Z,2026-10-03T13:34:46.459740Z
376,normal,LAT-00376-ce2f0c,BASE_FINE,4.3,7.0,ACCEPT,ACCEPTED,ACCEPTABLE_CONTEXT,0.00428,1.013,1.0913,1.1271,2026-10-03T13:34:46.459968Z,2026-10-03T13:34:46.461096Z
377,normal,LAT-00377-1b74f3,ACID_FINE,1.9,7.0,ACCEPT,ACCEPTED,ACCEPTABLE_CONTEXT,0.00428,0.9896,1.0681,1.1035,2026-10-03T13:34:46.461320Z,2026-10-03T13:34:46.462425Z
378,harmful,LAT-00378-a2568d,ACID_BULK,12.4,6.2,REJECT,MODEL_A_BLOCK,HARMFUL_CONTEXT,1.0,0.4927,0.577,0.6121,2026-10-03T13:34:46.462669Z,2026-10-03T13:34:46.463283Z
379,normal,LAT-00379-2ca39c,BASE_FINE,4.0,7.0,ACCEPT,ACCEPTED,ACCEPTABLE_CONTEXT,0.00428,0.9781,1.0636,1.0984,2026-10-03T13:34:46.463506Z,2026-10-03T13:34:46.464605Z
380,normal,LAT-00380-2cbea0,ACID_FINE,5.4,7.0,ACCEPT,ACCEPTED,ACCEPTABLE_CONTEXT,0.004506,0.99,1.0694,1.1036,2026-10-03T13:34:46.464831Z,2026-10-03T13:34:46.465936Z
381,harmful,LAT-00381-802bd3,ACID_BULK,10.8,6.2,REJECT,MODEL_A_BLOCK,HARMFUL_CONTEXT,1.0,0.4996,0.5873,0.6222,2026-10-03T13:34:46.466161Z,2026-10-03T13:34:46.466784Z
382,uncertain,LAT-00382-f1fd5c,BASE_FINE,2.7,7.0,REJECT,MODEL_A_BLOCK,UNCERTAIN_CONTEXT,1.0,0.427,0.5033,0.5365,2026-10-03T13:34:46.467011Z,2026-10-03T13:34:46.467549Z
383,harmful,LAT-00383-e2c92e,ACID_BULK,12.2,6.2,REJECT,MODEL_A_BLOCK,HARMFUL_CONTEXT,1.0,0.4565,0.5319,0.5644,2026-10-03T13:34:46.467765Z,2026-10-03T13:34:46.468330Z
384,normal,LAT-00384-47fa6d,BASE_FINE,2.1,7.0,ACCEPT,ACCEPTED,ACCEPTABLE_CONTEXT,0.00428,1.0273,1.1048,1.1401,2026-10-03T13:34:46.468544Z,2026-10-03T13:34:46.469685Z
385,harmful,LAT-00385-d2be02,ACID_BULK,10.5,6.2,REJECT,MODEL_A_BLOCK,HARMFUL_CONTEXT,1.0,0.4831,0.5596,0.6004,2026-10-03T13:34:46.469910Z,2026-10-03T13:34:46.470512Z
386,harmful,LAT-00386-f7d6f5,ACID_BULK,20.0,6.2,REJECT,MODEL_A_BLOCK,HARMFUL_CONTEXT,1.0,0.4718,0.555,0.5889,2026-10-03T13:34:46.470732Z,2026-10-03T13:34:46.471322Z
387,normal,LAT-00387-84d20c,BASE_FINE,6.6,7.0,ACCEPT,ACCEPTED,ACCEPTABLE_CONTEXT,0.004506,1.0262,1.1041,1.1393,2026-10-03T13:34:46.471540Z,2026-10-03T13:34:46.472681Z
388,uncertain,LAT-00388-edeeef,BASE_FINE,3.7,7.0,REJECT,MODEL_A_BLOCK,UNCERTAIN_CONTEXT,1.0,0.435,0.5103,0.5433,2026-10-03T13:34:46.472907Z,2026-10-03T13:34:46.473451Z
389,normal,LAT-00389-dddbbc,BASE_FINE,1.4,7.0,ACCEPT,ACCEPTED,ACCEPTABLE_CONTEXT,0.004506,1.0153,1.1046,1.1421,2026-10-03T13:34:46.473667Z,2026-10-03T13:34:46.474811Z
390,harmful,LAT-00390-717542,ACID_BULK,16.0,6.2,REJECT,MODEL_A_BLOCK,HARMFUL_CONTEXT,1.0,0.4995,0.5776,0.6114,2026-10-03T13:34:46.475042Z,2026-10-03T13:34:46.475655Z
391,recovery,LAT-00391-bb5d32,BASE_FINE,2.2,3.5,ACCEPT,ACCEPTED,ACCEPTABLE_CONTEXT,0.008597,1.0551,1.1351,1.1705,2026-10-03T13:34:46.475875Z,2026-10-03T13:34:46.477047Z
392,uncertain,LAT-00392-94370c,BASE_FINE,2.5,7.0,REJECT,MODEL_A_BLOCK,UNCERTAIN_CONTEXT,1.0,0.4696,0.5458,0.58,2026-10-03T13:34:46.477270Z,2026-10-03T13:34:46.477851Z
393,normal,LAT-00393-24a2f0,ACID_FINE,9.4,7.0,ACCEPT,ACCEPTED,ACCEPTABLE_CONTEXT,0.004506,1.0273,1.1183,1.1556,2026-10-03T13:34:46.478069Z,2026-10-03T13:34:46.479225Z
394,recovery,LAT-00394-259304,BASE_FINE,9.8,3.5,ACCEPT,ACCEPTED,ACCEPTABLE_CONTEXT,0.008166,1.0401,1.1194,1.1549,2026-10-03T13:34:46.479456Z,2026-10-03T13:34:46.480612Z
395,uncertain,LAT-00395-b3ce83,BASE_FINE,2.1,7.0,REJECT,MODEL_A_BLOCK,UNCERTAIN_CONTEXT,1.0,0.4476,0.5242,0.558,2026-10-03T13:34:46.480837Z,2026-10-03T13:34:46.481396Z
396,uncertain,LAT-00396-d9f960,BASE_FINE,1.3,7.0,REJECT,MODEL_A_BLOCK,UNCERTAIN_CONTEXT,1.0,0.4209,0.4945,0.5279,2026-10-03T13:34:46.481613Z,2026-10-03T13:34:46.482142Z
397,harmful,LAT-00397-ec4753,ACID_BULK,18.9,6.2,REJECT,MODEL_A_BLOCK,HARMFUL_CONTEXT,1.0,0.4749,0.5599,0.595,2026-10-03T13:34:46.482362Z,2026-10-03T13:34:46.482958Z
398,normal,LAT-00398-2c072e,BASE_FINE,9.5,7.0,ACCEPT,ACCEPTED,ACCEPTABLE_CONTEXT,0.004506,1.0286,1.1086,1.145,2026-10-03T13:34:46.483176Z,2026-10-03T13:34:46.484322Z
399,uncertain,LAT-00399-acf5db,BASE_FINE,1.9,7.0,REJECT,MODEL_A_BLOCK,UNCERTAIN_CONTEXT,1.0,0.4651,0.5541,0.5882,2026-10-03T13:34:46.484548Z,2026-10-03T13:34:46.485137Z
400,harmful,LAT-00400-f4af8c,ACID_BULK,15.2,6.2,REJECT,MODEL_A_BLOCK,HARMFUL_CONTEXT,1.0,0.4609,0.5366,0.5702,2026-10-03T13:34:46.485357Z,2026-10-03T13:34:46.485928Z
401,normal,LAT-00401-0ff811,BASE_FINE,9.4,7.0,ACCEPT,ACCEPTED,ACCEPTABLE_CONTEXT,0.00428,1.0116,1.1023,1.1431,2026-10-03T13:34:46.486144Z,2026-10-03T13:34:46.487289Z
402,harmful,LAT-00402-162fea,ACID_BULK,17.7,6.2,REJECT,MODEL_A_BLOCK,HARMFUL_CONTEXT,1.0,0.4887,0.5662,0.6007,2026-10-03T13:34:46.487528Z,2026-10-03T13:34:46.488130Z
403,uncertain,LAT-00403-c69b6c,BASE_FINE,1.3,7.0,REJECT,MODEL_A_BLOCK,UNCERTAIN_CONTEXT,1.0,0.407,0.4816,0.5149,2026-10-03T13:34:46.488350Z,2026-10-03T13:34:46.488866Z
404,normal,LAT-00404-91a637,BASE_FINE,4.9,7.0,ACCEPT,ACCEPTED,ACCEPTABLE_CONTEXT,0.00428,0.9952,1.0839,1.1188,2026-10-03T13:34:46.489096Z,2026-10-03T13:34:46.490216Z
405,recovery,LAT-00405-c6a624,BASE_FINE,6.0,3.5,ACCEPT,ACCEPTED,ACCEPTABLE_CONTEXT,0.008166,1.0725,1.1626,1.1994,2026-10-03T13:34:46.490445Z,2026-10-03T13:34:46.491646Z
406,normal,LAT-00406-a75721,ACID_FINE,9.8,7.0,ACCEPT,ACCEPTED,ACCEPTABLE_CONTEXT,0.00428,0.9705,1.0522,1.088,2026-10-03T13:34:46.491889Z,2026-10-03T13:34:46.492979Z
407,harmful,LAT-00407-747942,ACID_BULK,10.0,6.2,REJECT,MODEL_A_BLOCK,HARMFUL_CONTEXT,1.0,0.4908,0.5689,0.6024,2026-10-03T13:34:46.493209Z,2026-10-03T13:34:46.493813Z
408,normal,LAT-00408-e0c852,ACID_FINE,6.6,7.0,ACCEPT,ACCEPTED,ACCEPTABLE_CONTEXT,0.00428,1.0315,1.1232,1.163,2026-10-03T13:34:46.494037Z,2026-10-03T13:34:46.495201Z
409,normal,LAT-00409-eff021,BASE_FINE,1.5,7.0,ACCEPT,ACCEPTED,ACCEPTABLE_CONTEXT,0.00428,0.9998,1.0805,1.1162,2026-10-03T13:34:46.495439Z,2026-10-03T13:34:46.496557Z
410,normal,LAT-00410-5ad36e,ACID_FINE,3.9,7.0,ACCEPT,ACCEPTED,ACCEPTABLE_CONTEXT,0.00428,0.9835,1.0634,1.0989,2026-10-03T13:34:46.496785Z,2026-10-03T13:34:46.497885Z
411,uncertain,LAT-00411-73f8a4,BASE_FINE,1.8,7.0,REJECT,MODEL_A_BLOCK,UNCERTAIN_CONTEXT,1.0,0.5036,0.5889,0.6351,2026-10-03T13:34:46.498112Z,2026-10-03T13:34:46.498749Z
412,normal,LAT-00412-b606c6,ACID_FINE,4.5,7.0,ACCEPT,ACCEPTED,ACCEPTABLE_CONTEXT,0.00428,0.9855,1.0656,1.1016,2026-10-03T13:34:46.498977Z,2026-10-03T13:34:46.500080Z
413,harmful,LAT-00413-0eab5d,ACID_BULK,12.6,6.2,REJECT,MODEL_A_BLOCK,HARMFUL_CONTEXT,1.0,0.4846,0.5614,0.5962,2026-10-03T13:34:46.500308Z,2026-10-03T13:34:46.500905Z
414,uncertain,LAT-00414-10b2bb,BASE_FINE,2.8,7.0,REJECT,MODEL_A_BLOCK,UNCERTAIN_CONTEXT,1.0,0.4489,0.5242,0.5585,2026-10-03T13:34:46.501126Z,2026-10-03T13:34:46.501685Z
415,harmful,LAT-00415-c6fa84,ACID_BULK,11.2,6.2,REJECT,MODEL_A_BLOCK,HARMFUL_CONTEXT,1.0,0.4551,0.5295,0.563,2026-10-03T13:34:46.501902Z,2026-10-03T13:34:46.502466Z
416,uncertain,LAT-00416-24849e,BASE_FINE,2.4,7.0,REJECT,MODEL_A_BLOCK,UNCERTAIN_CONTEXT,1.0,0.4181,0.4999,0.535,2026-10-03T13:34:46.502696Z,2026-10-03T13:34:46.503233Z
417,normal,LAT-00417-4aef29,ACID_FINE,7.3,7.0,ACCEPT,ACCEPTED,ACCEPTABLE_CONTEXT,0.004506,0.9898,1.0672,1.1016,2026-10-03T13:34:46.503448Z,2026-10-03T13:34:46.504551Z
418,harmful,LAT-00418-47d454,ACID_BULK,18.9,6.2,REJECT,MODEL_A_BLOCK,HARMFUL_CONTEXT,1.0,0.4823,0.5589,0.5924,2026-10-03T13:34:46.504786Z,2026-10-03T13:34:46.505380Z
419,uncertain,LAT-00419-7d6469,BASE_FINE,2.7,7.0,REJECT,MODEL_A_BLOCK,UNCERTAIN_CONTEXT,1.0,0.4165,0.4947,0.5299,2026-10-03T13:34:46.505598Z,2026-10-03T13:34:46.506129Z
420,normal,LAT-00420-710c62,ACID_FINE,3.2,7.0,ACCEPT,ACCEPTED,ACCEPTABLE_CONTEXT,0.00428,1.0449,1.1343,1.1708,2026-10-03T13:34:46.506345Z,2026-10-03T13:34:46.507518Z
421,uncertain,LAT-00421-26be5f,BASE_FINE,4.7,7.0,REJECT,MODEL_A_BLOCK,UNCERTAIN_CONTEXT,1.0,0.4695,0.5465,0.58,2026-10-03T13:34:46.507747Z,2026-10-03T13:34:46.508328Z
422,harmful,LAT-00422-ad46e3,ACID_BULK,18.7,6.2,REJECT,MODEL_A_BLOCK,HARMFUL_CONTEXT,1.0,0.4602,0.5361,0.5788,2026-10-03T13:34:46.508546Z,2026-10-03T13:34:46.509126Z
423,normal,LAT-00423-7672f1,ACID_FINE,4.3,7.0,ACCEPT,ACCEPTED,ACCEPTABLE_CONTEXT,0.00428,0.9953,1.0743,1.1107,2026-10-03T13:34:46.509344Z,2026-10-03T13:34:46.510456Z
424,uncertain,LAT-00424-522978,BASE_FINE,2.3,7.0,REJECT,MODEL_A_BLOCK,UNCERTAIN_CONTEXT,1.0,0.4747,0.5594,0.5941,2026-10-03T13:34:46.510695Z,2026-10-03T13:34:46.511290Z
425,recovery,LAT-00425-fae6e8,BASE_FINE,8.5,3.5,ACCEPT,ACCEPTED,ACCEPTABLE_CONTEXT,0.008166,1.0651,1.1449,1.1798,2026-10-03T13:34:46.511511Z,2026-10-03T13:34:46.512692Z
426,normal,LAT-00426-b4a988,BASE_FINE,9.2,7.0,ACCEPT,ACCEPTED,ACCEPTABLE_CONTEXT,0.00428,0.9631,1.042,1.077,2026-10-03T13:34:46.512917Z,2026-10-03T13:34:46.513995Z
427,normal,LAT-00427-52beeb,BASE_FINE,7.5,7.0,ACCEPT,ACCEPTED,ACCEPTABLE_CONTEXT,0.004506,1.014,1.1037,1.1417,2026-10-03T13:34:46.514217Z,2026-10-03T13:34:46.515360Z
428,harmful,LAT-00428-21305f,ACID_BULK,13.0,6.2,REJECT,MODEL_A_BLOCK,HARMFUL_CONTEXT,1.0,0.4935,0.5709,0.605,2026-10-03T13:34:46.515592Z,2026-10-03T13:34:46.516199Z
429,uncertain,LAT-00429-a1bbd0,BASE_FINE,3.0,7.0,REJECT,MODEL_A_BLOCK,UNCERTAIN_CONTEXT,1.0,0.5028,0.586,0.6223,2026-10-03T13:34:46.516780Z,2026-10-03T13:34:46.517404Z
430,normal,LAT-00430-5fd535,ACID_FINE,2.0,7.0,ACCEPT,ACCEPTED,ACCEPTABLE_CONTEXT,0.00428,1.0812,1.1721,1.2096,2026-10-03T13:34:46.517650Z,2026-10-03T13:34:46.518861Z
431,uncertain,LAT-00431-edcc88,BASE_FINE,3.6,7.0,REJECT,MODEL_A_BLOCK,UNCERTAIN_CONTEXT,1.0,0.4482,0.5242,0.5584,2026-10-03T13:34:46.519095Z,2026-10-03T13:34:46.519654Z
432,harmful,LAT-00432-d7a6e7,ACID_BULK,18.6,6.2,REJECT,MODEL_A_BLOCK,HARMFUL_CONTEXT,1.0,0.4696,0.5453,0.5786,2026-10-03T13:34:46.519872Z,2026-10-03T13:34:46.520452Z
433,recovery,LAT-00433-2de886,BASE_FINE,4.2,3.5,ACCEPT,ACCEPTED,ACCEPTABLE_CONTEXT,0.008166,1.0935,1.1727,1.2078,2026-10-03T13:34:46.520669Z,2026-10-03T13:34:46.521878Z
434,normal,LAT-00434-fffd1d,BASE_FINE,4.6,7.0,ACCEPT,ACCEPTED,ACCEPTABLE_CONTEXT,0.00428,1.0178,1.1076,1.1448,2026-10-03T13:34:46.522104Z,2026-10-03T13:34:46.523250Z
435,uncertain,LAT-00435-1d4b63,BASE_FINE,1.2,7.0,REJECT,MODEL_A_BLOCK,UNCERTAIN_CONTEXT,1.0,0.4723,0.5489,0.5845,2026-10-03T13:34:46.523481Z,2026-10-03T13:34:46.524067Z
436,harmful,LAT-00436-564b88,ACID_BULK,18.5,6.2,REJECT,MODEL_A_BLOCK,HARMFUL_CONTEXT,1.0,0.4665,0.5417,0.5759,2026-10-03T13:34:46.524288Z,2026-10-03T13:34:46.524865Z
437,recovery,LAT-00437-dd3277,BASE_FINE,8.2,3.5,ACCEPT,ACCEPTED,ACCEPTABLE_CONTEXT,0.006266,1.0495,1.1274,1.1627,2026-10-03T13:34:46.525083Z,2026-10-03T13:34:46.526247Z
438,recovery,LAT-00438-a1f509,BASE_FINE,4.5,3.5,ACCEPT,ACCEPTED,ACCEPTABLE_CONTEXT,0.008166,1.0532,1.1509,1.1877,2026-10-03T13:34:46.526472Z,2026-10-03T13:34:46.527661Z
439,uncertain,LAT-00439-151ae0,BASE_FINE,4.1,7.0,REJECT,MODEL_A_BLOCK,UNCERTAIN_CONTEXT,1.0,0.4449,0.5259,0.5608,2026-10-03T13:34:46.527892Z,2026-10-03T13:34:46.528454Z
440,uncertain,LAT-00440-1820ff,BASE_FINE,2.4,7.0,REJECT,MODEL_A_BLOCK,UNCERTAIN_CONTEXT,1.0,0.422,0.4961,0.5303,2026-10-03T13:34:46.528676Z,2026-10-03T13:34:46.529207Z
441,recovery,LAT-00441-7419b6,BASE_FINE,8.7,3.5,ACCEPT,ACCEPTED,ACCEPTABLE_CONTEXT,0.008166,1.0726,1.1621,1.1982,2026-10-03T13:34:46.529423Z,2026-10-03T13:34:46.530622Z
442,normal,LAT-00442-2363a7,ACID_FINE,0.9,7.0,ACCEPT,ACCEPTED,ACCEPTABLE_CONTEXT,0.00428,0.9709,1.0495,1.0851,2026-10-03T13:34:46.530856Z,2026-10-03T13:34:46.531942Z
443,normal,LAT-00443-51b740,BASE_FINE,3.9,7.0,ACCEPT,ACCEPTED,ACCEPTABLE_CONTEXT,0.00428,0.9655,1.0434,1.0794,2026-10-03T13:34:46.532171Z,2026-10-03T13:34:46.533251Z
444,normal,LAT-00444-2d5905,BASE_FINE,9.0,7.0,ACCEPT,ACCEPTED,ACCEPTABLE_CONTEXT,0.00428,0.9546,1.0486,1.0855,2026-10-03T13:34:46.533480Z,2026-10-03T13:34:46.534567Z
445,uncertain,LAT-00445-675045,BASE_FINE,1.6,7.0,REJECT,MODEL_A_BLOCK,UNCERTAIN_CONTEXT,1.0,0.4856,0.5632,0.5982,2026-10-03T13:34:46.534800Z,2026-10-03T13:34:46.535400Z
446,uncertain,LAT-00446-ae1a19,BASE_FINE,3.5,7.0,REJECT,MODEL_A_BLOCK,UNCERTAIN_CONTEXT,1.0,0.4543,0.5304,0.5637,2026-10-03T13:34:46.535628Z,2026-10-03T13:34:46.536193Z
447,uncertain,LAT-00447-2c5022,BASE_FINE,3.1,7.0,REJECT,MODEL_A_BLOCK,UNCERTAIN_CONTEXT,1.0,0.4138,0.4873,0.5203,2026-10-03T13:34:46.536411Z,2026-10-03T13:34:46.536932Z
448,recovery,LAT-00448-079af4,BASE_FINE,9.1,3.5,ACCEPT,ACCEPTED,ACCEPTABLE_CONTEXT,0.008166,1.0673,1.1473,1.1828,2026-10-03T13:34:46.537147Z,2026-10-03T13:34:46.538332Z
449,uncertain,LAT-00449-8619f4,BASE_FINE,3.1,7.0,REJECT,MODEL_A_BLOCK,UNCERTAIN_CONTEXT,1.0,0.4306,0.516,0.5519,2026-10-03T13:34:46.538569Z,2026-10-03T13:34:46.539122Z
450,harmful,LAT-00450-a0296a,ACID_BULK,15.3,6.2,REJECT,MODEL_A_BLOCK,HARMFUL_CONTEXT,1.0,0.4655,0.5421,0.5763,2026-10-03T13:34:46.539345Z,2026-10-03T13:34:46.539923Z
451,normal,LAT-00451-ee1fa3,ACID_FINE,6.7,7.0,ACCEPT,ACCEPTED,ACCEPTABLE_CONTEXT,0.004506,1.0242,1.1021,1.1389,2026-10-03T13:34:46.540142Z,2026-10-03T13:34:46.541282Z
452,uncertain,LAT-00452-ca0749,BASE_FINE,2.6,7.0,REJECT,MODEL_A_BLOCK,UNCERTAIN_CONTEXT,1.0,0.469,0.5451,0.5799,2026-10-03T13:34:46.541510Z,2026-10-03T13:34:46.542091Z
453,normal,LAT-00453-3b6e3b,ACID_FINE,2.4,7.0,ACCEPT,ACCEPTED,ACCEPTABLE_CONTEXT,0.00428,0.9985,1.0889,1.1272,2026-10-03T13:34:46.542308Z,2026-10-03T13:34:46.543437Z
454,harmful,LAT-00454-de0c16,ACID_BULK,18.0,6.2,REJECT,MODEL_A_BLOCK,HARMFUL_CONTEXT,1.0,0.4891,0.5656,0.599,2026-10-03T13:34:46.543672Z,2026-10-03T13:34:46.544272Z
455,harmful,LAT-00455-b19f9d,ACID_BULK,17.6,6.2,REJECT,MODEL_A_BLOCK,HARMFUL_CONTEXT,1.0,0.4636,0.5393,0.5727,2026-10-03T13:34:46.544494Z,2026-10-03T13:34:46.545068Z
456,recovery,LAT-00456-cbfe57,BASE_FINE,7.3,3.5,ACCEPT,ACCEPTED,ACCEPTABLE_CONTEXT,0.008166,1.0458,1.124,1.1594,2026-10-03T13:34:46.545285Z,2026-10-03T13:34:46.546446Z
457,harmful,LAT-00457-ff3700,ACID_BULK,16.0,6.2,REJECT,MODEL_A_BLOCK,HARMFUL_CONTEXT,1.0,0.492,0.5769,0.6119,2026-10-03T13:34:46.546686Z,2026-10-03T13:34:46.547299Z
458,normal,LAT-00458-ab5e22,BASE_FINE,5.5,7.0,ACCEPT,ACCEPTED,ACCEPTABLE_CONTEXT,0.00428,0.9867,1.0663,1.1018,2026-10-03T13:34:46.547523Z,2026-10-03T13:34:46.548626Z
459,recovery,LAT-00459-45f202,BASE_FINE,9.4,3.5,ACCEPT,ACCEPTED,ACCEPTABLE_CONTEXT,0.008166,1.0321,1.1169,1.1524,2026-10-03T13:34:46.548849Z,2026-10-03T13:34:46.550003Z
460,uncertain,LAT-00460-8e61f6,BASE_FINE,3.1,7.0,REJECT,MODEL_A_BLOCK,UNCERTAIN_CONTEXT,1.0,0.4518,0.5387,0.5746,2026-10-03T13:34:46.550229Z,2026-10-03T13:34:46.550805Z
461,normal,LAT-00461-19def3,BASE_FINE,6.1,7.0,ACCEPT,ACCEPTED,ACCEPTABLE_CONTEXT,0.00428,1.0037,1.0835,1.1186,2026-10-03T13:34:46.551032Z,2026-10-03T13:34:46.552152Z
462,harmful,LAT-00462-ca1b66,ACID_BULK,11.4,6.2,REJECT,MODEL_A_BLOCK,HARMFUL_CONTEXT,1.0,0.483,0.5599,0.5942,2026-10-03T13:34:46.552378Z,2026-10-03T13:34:46.552974Z
463,uncertain,LAT-00463-ef38ec,BASE_FINE,3.3,7.0,REJECT,MODEL_A_BLOCK,UNCERTAIN_CONTEXT,1.0,0.4217,0.4975,0.5314,2026-10-03T13:34:46.553194Z,2026-10-03T13:34:46.553727Z
464,normal,LAT-00464-e7a34a,BASE_FINE,9.8,7.0,ACCEPT,ACCEPTED,ACCEPTABLE_CONTEXT,0.00428,0.9939,1.0829,1.1195,2026-10-03T13:34:46.553945Z,2026-10-03T13:34:46.555066Z
465,normal,LAT-00465-9aa48e,BASE_FINE,4.1,7.0,ACCEPT,ACCEPTED,ACCEPTABLE_CONTEXT,0.00428,0.9612,1.0426,1.0785,2026-10-03T13:34:46.555300Z,2026-10-03T13:34:46.556380Z
466,normal,LAT-00466-930b89,BASE_FINE,1.4,7.0,ACCEPT,ACCEPTED,ACCEPTABLE_CONTEXT,0.00428,0.9438,1.0242,1.0592,2026-10-03T13:34:46.556608Z,2026-10-03T13:34:46.557669Z
467,normal,LAT-00467-c500cc,BASE_FINE,4.2,7.0,ACCEPT,ACCEPTED,ACCEPTABLE_CONTEXT,0.00428,0.9731,1.0633,1.1008,2026-10-03T13:34:46.557893Z,2026-10-03T13:34:46.558995Z
468,harmful,LAT-00468-6d55ef,ACID_BULK,18.7,6.2,REJECT,MODEL_A_BLOCK,HARMFUL_CONTEXT,1.0,0.5016,0.5804,0.6161,2026-10-03T13:34:46.559228Z,2026-10-03T13:34:46.559845Z
469,uncertain,LAT-00469-4795d1,BASE_FINE,3.7,7.0,REJECT,MODEL_A_BLOCK,UNCERTAIN_CONTEXT,1.0,0.4619,0.5376,0.5715,2026-10-03T13:34:46.560071Z,2026-10-03T13:34:46.560644Z
470,recovery,LAT-00470-6472a7,BASE_FINE,2.8,3.5,ACCEPT,ACCEPTED,ACCEPTABLE_CONTEXT,0.008166,1.0432,1.122,1.1571,2026-10-03T13:34:46.560862Z,2026-10-03T13:34:46.562021Z
471,normal,LAT-00471-49533d,BASE_FINE,0.6,7.0,ACCEPT,ACCEPTED,ACCEPTABLE_CONTEXT,0.00428,1.0262,1.1151,1.1521,2026-10-03T13:34:46.562249Z,2026-10-03T13:34:46.563402Z
472,normal,LAT-00472-8a55f0,ACID_FINE,1.0,7.0,ACCEPT,ACCEPTED,ACCEPTABLE_CONTEXT,0.00428,1.0001,1.0801,1.1158,2026-10-03T13:34:46.563634Z,2026-10-03T13:34:46.564751Z
473,normal,LAT-00473-487dce,BASE_FINE,4.7,7.0,ACCEPT,ACCEPTED,ACCEPTABLE_CONTEXT,0.00428,0.9769,1.0559,1.091,2026-10-03T13:34:46.564976Z,2026-10-03T13:34:46.566069Z
474,harmful,LAT-00474-165a71,ACID_BULK,15.1,6.2,REJECT,MODEL_A_BLOCK,HARMFUL_CONTEXT,1.0,0.5092,0.597,0.634,2026-10-03T13:34:46.566294Z,2026-10-03T13:34:46.566930Z
475,harmful,LAT-00475-edeb3a,ACID_BULK,13.0,6.2,REJECT,MODEL_A_BLOCK,HARMFUL_CONTEXT,1.0,0.473,0.5495,0.5837,2026-10-03T13:34:46.567159Z,2026-10-03T13:34:46.567744Z
476,uncertain,LAT-00476-7c31da,BASE_FINE,5.0,7.0,REJECT,MODEL_A_BLOCK,UNCERTAIN_CONTEXT,1.0,0.4491,0.5234,0.5571,2026-10-03T13:34:46.567959Z,2026-10-03T13:34:46.568518Z
477,recovery,LAT-00477-37485f,BASE_FINE,7.0,3.5,ACCEPT,ACCEPTED,ACCEPTABLE_CONTEXT,0.008166,1.0559,1.1352,1.171,2026-10-03T13:34:46.568733Z,2026-10-03T13:34:46.569906Z
478,harmful,LAT-00478-82ef34,ACID_BULK,11.0,6.2,REJECT,MODEL_A_BLOCK,HARMFUL_CONTEXT,1.0,0.4978,0.5835,0.6184,2026-10-03T13:34:46.570132Z,2026-10-03T13:34:46.570752Z
479,normal,LAT-00479-6ca976,BASE_FINE,3.4,7.0,ACCEPT,ACCEPTED,ACCEPTABLE_CONTEXT,0.00428,1.0257,1.1183,1.1546,2026-10-03T13:34:46.570976Z,2026-10-03T13:34:46.572132Z
480,recovery,LAT-00480-27f9e1,BASE_FINE,9.7,3.5,ACCEPT,ACCEPTED,ACCEPTABLE_CONTEXT,0.008166,1.0365,1.1157,1.1508,2026-10-03T13:34:46.572358Z,2026-10-03T13:34:46.573510Z
481,normal,LAT-00481-d74d7a,ACID_FINE,8.4,7.0,ACCEPT,ACCEPTED,ACCEPTABLE_CONTEXT,0.00428,0.9749,1.0648,1.1021,2026-10-03T13:34:46.573733Z,2026-10-03T13:34:46.574837Z
482,recovery,LAT-00482-17253d,BASE_FINE,6.1,3.5,ACCEPT,ACCEPTED,ACCEPTABLE_CONTEXT,0.008166,1.0389,1.1181,1.1525,2026-10-03T13:34:46.575070Z,2026-10-03T13:34:46.576224Z
483,harmful,LAT-00483-45756e,ACID_BULK,14.6,6.2,REJECT,MODEL_A_BLOCK,HARMFUL_CONTEXT,1.0,0.4919,0.5691,0.603,2026-10-03T13:34:46.576450Z,2026-10-03T13:34:46.577055Z
484,harmful,LAT-00484-196123,ACID_BULK,16.0,6.2,REJECT,MODEL_A_BLOCK,HARMFUL_CONTEXT,1.0,0.4706,0.5456,0.578,2026-10-03T13:34:46.577277Z,2026-10-03T13:34:46.577856Z
485,normal,LAT-00485-8457d2,ACID_FINE,5.6,7.0,ACCEPT,ACCEPTED,ACCEPTABLE_CONTEXT,0.00428,1.0235,1.1112,1.1479,2026-10-03T13:34:46.578075Z,2026-10-03T13:34:46.579224Z
486,harmful,LAT-00486-38b2d2,ACID_BULK,10.2,6.2,REJECT,MODEL_A_BLOCK,HARMFUL_CONTEXT,1.0,0.4857,0.5623,0.5971,2026-10-03T13:34:46.579453Z,2026-10-03T13:34:46.580052Z
487,normal,LAT-00487-f24858,BASE_FINE,2.8,7.0,ACCEPT,ACCEPTED,ACCEPTABLE_CONTEXT,0.00428,1.0017,1.0795,1.1142,2026-10-03T13:34:46.580277Z,2026-10-03T13:34:46.581393Z
488,recovery,LAT-00488-232c0e,BASE_FINE,4.7,3.5,ACCEPT,ACCEPTED,ACCEPTABLE_CONTEXT,0.008166,1.0448,1.1348,1.1721,2026-10-03T13:34:46.581619Z,2026-10-03T13:34:46.582793Z
489,harmful,LAT-00489-7c6a4b,ACID_BULK,15.3,6.2,REJECT,MODEL_A_BLOCK,HARMFUL_CONTEXT,1.0,0.4951,0.5727,0.6067,2026-10-03T13:34:46.583027Z,2026-10-03T13:34:46.583635Z
490,normal,LAT-00490-d766eb,BASE_FINE,1.2,7.0,ACCEPT,ACCEPTED,ACCEPTABLE_CONTEXT,0.004506,1.0005,1.0795,1.1139,2026-10-03T13:34:46.583859Z,2026-10-03T13:34:46.584974Z
491,recovery,LAT-00491-d39c31,BASE_FINE,8.3,3.5,ACCEPT,ACCEPTED,ACCEPTABLE_CONTEXT,0.008166,1.0103,1.0887,1.1232,2026-10-03T13:34:46.585196Z,2026-10-03T13:34:46.586320Z
492,uncertain,LAT-00492-48ad8c,BASE_FINE,4.1,7.0,REJECT,MODEL_A_BLOCK,UNCERTAIN_CONTEXT,1.0,0.4774,0.5626,0.5969,2026-10-03T13:34:46.586555Z,2026-10-03T13:34:46.587153Z
493,normal,LAT-00493-41482d,BASE_FINE,5.7,7.0,ACCEPT,ACCEPTED,ACCEPTABLE_CONTEXT,0.004506,0.9936,1.0725,1.1068,2026-10-03T13:34:46.587377Z,2026-10-03T13:34:46.588485Z
494,normal,LAT-00494-87a0ad,BASE_FINE,6.6,7.0,ACCEPT,ACCEPTED,ACCEPTABLE_CONTEXT,0.004506,0.9558,1.034,1.0684,2026-10-03T13:34:46.588708Z,2026-10-03T13:34:46.589778Z
495,normal,LAT-00495-084451,ACID_FINE,6.8,7.0,ACCEPT,ACCEPTED,ACCEPTABLE_CONTEXT,0.00428,0.9593,1.0499,1.087,2026-10-03T13:34:46.590000Z,2026-10-03T13:34:46.591089Z
496,normal,LAT-00496-0995de,ACID_FINE,4.2,7.0,ACCEPT,ACCEPTED,ACCEPTABLE_CONTEXT,0.00428,0.985,1.0646,1.0987,2026-10-03T13:34:46.591323Z,2026-10-03T13:34:46.592423Z
497,recovery,LAT-00497-565cf5,BASE_FINE,4.8,3.5,ACCEPT,ACCEPTED,ACCEPTABLE_CONTEXT,0.008166,1.0013,1.0799,1.1146,2026-10-03T13:34:46.592647Z,2026-10-03T13:34:46.593763Z
498,harmful,LAT-00498-96b5a4,ACID_BULK,17.8,6.2,REJECT,MODEL_A_BLOCK,HARMFUL_CONTEXT,1.0,0.5049,0.5911,0.6266,2026-10-03T13:34:46.593988Z,2026-10-03T13:34:46.594616Z
499,normal,LAT-00499-b5f029,ACID_FINE,1.2,7.0,ACCEPT,ACCEPTED,ACCEPTABLE_CONTEXT,0.00428,0.9684,1.053,1.0885,2026-10-03T13:34:46.594844Z,2026-10-03T13:34:46.595934Z
500,harmful,LAT-00500-cc30de,ACID_BULK,10.7,6.2,REJECT,MODEL_A_BLOCK,HARMFUL_CONTEXT,1.0,0.4874,0.5639,0.5968,2026-10-03T13:34:46.596159Z,2026-10-03T13:34:46.596757Z
501,normal,LAT-00501-f6d667,BASE_FINE,8.7,7.0,ACCEPT,ACCEPTED,ACCEPTABLE_CONTEXT,0.00428,0.9453,1.0235,1.0594,2026-10-03T13:34:46.596976Z,2026-10-03T13:34:46.598037Z
502,harmful,LAT-00502-2c2011,ACID_BULK,12.9,6.2,REJECT,MODEL_A_BLOCK,HARMFUL_CONTEXT,1.0,0.5013,0.5858,0.6208,2026-10-03T13:34:46.598259Z,2026-10-03T13:34:46.598881Z
503,recovery,LAT-00503-85eca6,BASE_FINE,5.2,3.5,ACCEPT,ACCEPTED,ACCEPTABLE_CONTEXT,0.008166,1.045,1.1274,1.1643,2026-10-03T13:34:46.599107Z,2026-10-03T13:34:46.600273Z
504,normal,LAT-00504-879d12,ACID_FINE,2.3,7.0,ACCEPT,ACCEPTED,ACCEPTABLE_CONTEXT,0.00428,0.986,1.0648,1.1,2026-10-03T13:34:46.600500Z,2026-10-03T13:34:46.601601Z
505,recovery,LAT-00505-1c6ab2,BASE_FINE,8.4,3.5,ACCEPT,ACCEPTED,ACCEPTABLE_CONTEXT,0.008166,1.0251,1.1136,1.1499,2026-10-03T13:34:46.601827Z,2026-10-03T13:34:46.602978Z
506,normal,LAT-00506-8e1d28,BASE_FINE,9.3,7.0,ACCEPT,ACCEPTED,ACCEPTABLE_CONTEXT,0.004506,0.9908,1.0701,1.104,2026-10-03T13:34:46.603213Z,2026-10-03T13:34:46.604318Z
507,uncertain,LAT-00507-bc0353,BASE_FINE,1.0,7.0,REJECT,MODEL_A_BLOCK,UNCERTAIN_CONTEXT,1.0,0.4488,0.5255,0.5829,2026-10-03T13:34:46.604542Z,2026-10-03T13:34:46.605126Z
508,normal,LAT-00508-13521d,ACID_FINE,9.7,7.0,ACCEPT,ACCEPTED,ACCEPTABLE_CONTEXT,0.00428,0.9903,1.0694,1.1042,2026-10-03T13:34:46.605351Z,2026-10-03T13:34:46.606456Z
509,normal,LAT-00509-f6c88d,ACID_FINE,3.1,7.0,ACCEPT,ACCEPTED,ACCEPTABLE_CONTEXT,0.00428,0.9501,1.0381,1.0732,2026-10-03T13:34:46.606698Z,2026-10-03T13:34:46.607772Z
510,normal,LAT-00510-e49f0c,ACID_FINE,3.6,7.0,ACCEPT,ACCEPTED,ACCEPTABLE_CONTEXT,0.00428,0.9286,1.0188,1.0538,2026-10-03T13:34:46.607997Z,2026-10-03T13:34:46.609052Z
511,uncertain,LAT-00511-a97cf9,BASE_FINE,3.4,7.0,REJECT,MODEL_A_BLOCK,UNCERTAIN_CONTEXT,1.0,0.4877,0.5641,0.5976,2026-10-03T13:34:46.609280Z,2026-10-03T13:34:46.609879Z
512,normal,LAT-00512-3063b8,BASE_FINE,8.5,7.0,ACCEPT,ACCEPTED,ACCEPTABLE_CONTEXT,0.00428,0.9537,1.0414,1.0779,2026-10-03T13:34:46.610100Z,2026-10-03T13:34:46.611179Z
513,normal,LAT-00513-31f863,BASE_FINE,6.9,7.0,ACCEPT,ACCEPTED,ACCEPTABLE_CONTEXT,0.00428,0.9506,1.0299,1.0643,2026-10-03T13:34:46.611407Z,2026-10-03T13:34:46.612473Z
514,harmful,LAT-00514-a49827,ACID_BULK,10.7,6.2,REJECT,MODEL_A_BLOCK,HARMFUL_CONTEXT,1.0,0.4863,0.5616,0.5951,2026-10-03T13:34:46.612697Z,2026-10-03T13:34:46.613294Z
515,harmful,LAT-00515-4ea8f3,ACID_BULK,19.1,6.2,REJECT,MODEL_A_BLOCK,HARMFUL_CONTEXT,1.0,0.4675,0.5426,0.5755,2026-10-03T13:34:46.613514Z,2026-10-03T13:34:46.614090Z
516,uncertain,LAT-00516-085d93,BASE_FINE,1.1,7.0,REJECT,MODEL_A_BLOCK,UNCERTAIN_CONTEXT,1.0,0.4571,0.5408,0.5765,2026-10-03T13:34:46.614318Z,2026-10-03T13:34:46.614896Z
517,normal,LAT-00517-2b432a,BASE_FINE,6.9,7.0,ACCEPT,ACCEPTED,ACCEPTABLE_CONTEXT,0.00428,0.998,1.0767,1.1116,2026-10-03T13:34:46.615117Z,2026-10-03T13:34:46.616230Z
518,normal,LAT-00518-a5a82f,BASE_FINE,9.1,7.0,ACCEPT,ACCEPTED,ACCEPTABLE_CONTEXT,0.00428,1.0018,1.08,1.115,2026-10-03T13:34:46.616457Z,2026-10-03T13:34:46.617573Z
519,harmful,LAT-00519-7733b3,ACID_BULK,11.4,6.2,REJECT,MODEL_A_BLOCK,HARMFUL_CONTEXT,1.0,0.4849,0.5652,0.5995,2026-10-03T13:34:46.617799Z,2026-10-03T13:34:46.618399Z
520,normal,LAT-00520-170053,ACID_FINE,4.9,7.0,ACCEPT,ACCEPTED,ACCEPTABLE_CONTEXT,0.00428,1.0276,1.1159,1.1517,2026-10-03T13:34:46.618655Z,2026-10-03T13:34:46.619808Z
521,normal,LAT-00521-01187b,BASE_FINE,7.9,7.0,ACCEPT,ACCEPTED,ACCEPTABLE_CONTEXT,0.004506,0.9991,1.0797,1.1167,2026-10-03T13:34:46.620038Z,2026-10-03T13:34:46.621156Z
522,harmful,LAT-00522-842ed2,ACID_BULK,13.6,6.2,REJECT,MODEL_A_BLOCK,HARMFUL_CONTEXT,1.0,0.4879,0.5656,0.6008,2026-10-03T13:34:46.621383Z,2026-10-03T13:34:46.621985Z
523,uncertain,LAT-00523-03d47a,BASE_FINE,4.6,7.0,REJECT,MODEL_A_BLOCK,UNCERTAIN_CONTEXT,1.0,0.4376,0.5221,0.5585,2026-10-03T13:34:46.622209Z,2026-10-03T13:34:46.622769Z
524,harmful,LAT-00524-3ea881,ACID_BULK,17.5,6.2,REJECT,MODEL_A_BLOCK,HARMFUL_CONTEXT,1.0,0.4635,0.5395,0.5726,2026-10-03T13:34:46.622991Z,2026-10-03T13:34:46.623565Z
525,normal,LAT-00525-af67ed,ACID_FINE,5.4,7.0,ACCEPT,ACCEPTED,ACCEPTABLE_CONTEXT,0.00428,1.0041,1.0829,1.118,2026-10-03T13:34:46.623784Z,2026-10-03T13:34:46.624904Z
526,normal,LAT-00526-d83f72,ACID_FINE,8.0,7.0,ACCEPT,ACCEPTED,ACCEPTABLE_CONTEXT,0.004506,0.9894,1.0697,1.1052,2026-10-03T13:34:46.625159Z,2026-10-03T13:34:46.626266Z
527,uncertain,LAT-00527-2bfa81,BASE_FINE,4.6,7.0,REJECT,MODEL_A_BLOCK,UNCERTAIN_CONTEXT,1.0,0.4369,0.5249,0.5606,2026-10-03T13:34:46.626512Z,2026-10-03T13:34:46.627074Z
528,uncertain,LAT-00528-00684e,BASE_FINE,3.4,7.0,REJECT,MODEL_A_BLOCK,UNCERTAIN_CONTEXT,1.0,0.4228,0.4968,0.5307,2026-10-03T13:34:46.627300Z,2026-10-03T13:34:46.627832Z
529,uncertain,LAT-00529-3f175e,BASE_FINE,4.9,7.0,REJECT,MODEL_A_BLOCK,UNCERTAIN_CONTEXT,1.0,0.4106,0.4835,0.5166,2026-10-03T13:34:46.628050Z,2026-10-03T13:34:46.628568Z
530,harmful,LAT-00530-48fa53,ACID_BULK,15.1,6.2,REJECT,MODEL_A_BLOCK,HARMFUL_CONTEXT,1.0,0.4541,0.5297,0.5627,2026-10-03T13:34:46.628781Z,2026-10-03T13:34:46.629345Z
531,uncertain,LAT-00531-6267ae,BASE_FINE,4.1,7.0,REJECT,MODEL_A_BLOCK,UNCERTAIN_CONTEXT,1.0,0.4058,0.4783,0.5112,2026-10-03T13:34:46.629558Z,2026-10-03T13:34:46.630071Z
532,recovery,LAT-00532-2d40cd,BASE_FINE,9.2,3.5,ACCEPT,ACCEPTED,ACCEPTABLE_CONTEXT,0.008166,1.0874,1.177,1.2136,2026-10-03T13:34:46.630286Z,2026-10-03T13:34:46.631501Z
533,normal,LAT-00533-7a0546,BASE_FINE,0.9,7.0,ACCEPT,ACCEPTED,ACCEPTABLE_CONTEXT,0.00428,1.0017,1.081,1.1153,2026-10-03T13:34:46.631732Z,2026-10-03T13:34:46.632849Z
534,harmful,LAT-00534-d47394,ACID_BULK,19.9,6.2,REJECT,MODEL_A_BLOCK,HARMFUL_CONTEXT,1.0,0.4876,0.5639,0.5976,2026-10-03T13:34:46.633078Z,2026-10-03T13:34:46.633677Z
535,normal,LAT-00535-36fd2b,BASE_FINE,6.1,7.0,ACCEPT,ACCEPTED,ACCEPTABLE_CONTEXT,0.00428,0.9855,1.0734,1.1097,2026-10-03T13:34:46.633899Z,2026-10-03T13:34:46.635010Z
536,harmful,LAT-00536-09b28d,ACID_BULK,10.1,6.2,REJECT,MODEL_A_BLOCK,HARMFUL_CONTEXT,1.0,0.4902,0.5669,0.6003,2026-10-03T13:34:46.635241Z,2026-10-03T13:34:46.635843Z
537,harmful,LAT-00537-61237a,ACID_BULK,15.2,6.2,REJECT,MODEL_A_BLOCK,HARMFUL_CONTEXT,1.0,0.4651,0.5404,0.5739,2026-10-03T13:34:46.636064Z,2026-10-03T13:34:46.636639Z
538,normal,LAT-00538-2b70e8,BASE_FINE,5.3,7.0,ACCEPT,ACCEPTED,ACCEPTABLE_CONTEXT,0.00428,0.9651,1.0434,1.0783,2026-10-03T13:34:46.636855Z,2026-10-03T13:34:46.637935Z
539,recovery,LAT-00539-8d1a81,BASE_FINE,8.0,3.5,ACCEPT,ACCEPTED,ACCEPTABLE_CONTEXT,0.008166,1.0693,1.1631,1.1993,2026-10-03T13:34:46.638158Z,2026-10-03T13:34:46.639358Z
540,uncertain,LAT-00540-a2f5c4,BASE_FINE,3.8,7.0,REJECT,MODEL_A_BLOCK,UNCERTAIN_CONTEXT,1.0,0.433,0.5086,0.5424,2026-10-03T13:34:46.639588Z,2026-10-03T13:34:46.640132Z
541,normal,LAT-00541-d72f28,ACID_FINE,3.5,7.0,ACCEPT,ACCEPTED,ACCEPTABLE_CONTEXT,0.00428,0.9767,1.055,1.0898,2026-10-03T13:34:46.640352Z,2026-10-03T13:34:46.641443Z
542,recovery,LAT-00542-163e53,BASE_FINE,3.6,3.5,ACCEPT,ACCEPTED,ACCEPTABLE_CONTEXT,0.008166,1.0484,1.1375,1.1741,2026-10-03T13:34:46.641668Z,2026-10-03T13:34:46.642844Z
543,harmful,LAT-00543-5d5d49,ACID_BULK,11.9,6.2,REJECT,MODEL_A_BLOCK,HARMFUL_CONTEXT,1.0,0.491,0.5671,0.6016,2026-10-03T13:34:46.643074Z,2026-10-03T13:34:46.643677Z
544,harmful,LAT-00544-702f52,ACID_BULK,16.8,6.2,REJECT,MODEL_A_BLOCK,HARMFUL_CONTEXT,1.0,0.4655,0.5398,0.5738,2026-10-03T13:34:46.643896Z,2026-10-03T13:34:46.644471Z
545,recovery,LAT-00545-152c3d,BASE_FINE,6.9,3.5,ACCEPT,ACCEPTED,ACCEPTABLE_CONTEXT,0.008166,1.0504,1.1284,1.1629,2026-10-03T13:34:46.644686Z,2026-10-03T13:34:46.645851Z
546,normal,LAT-00546-f4e3de,BASE_FINE,6.5,7.0,ACCEPT,ACCEPTED,ACCEPTABLE_CONTEXT,0.004506,1.0235,1.1127,1.1504,2026-10-03T13:34:46.646072Z,2026-10-03T13:34:46.647224Z
547,recovery,LAT-00547-b69dd5,BASE_FINE,7.1,3.5,ACCEPT,ACCEPTED,ACCEPTABLE_CONTEXT,0.008166,1.0219,1.1018,1.136,2026-10-03T13:34:46.647457Z,2026-10-03T13:34:46.648594Z
548,normal,LAT-00548-aa2942,BASE_FINE,3.2,7.0,ACCEPT,ACCEPTED,ACCEPTABLE_CONTEXT,0.00428,0.9544,1.0316,1.0659,2026-10-03T13:34:46.648819Z,2026-10-03T13:34:46.649886Z
549,uncertain,LAT-00549-706858,BASE_FINE,2.2,7.0,REJECT,MODEL_A_BLOCK,UNCERTAIN_CONTEXT,1.0,0.5031,0.5891,0.6254,2026-10-03T13:34:46.650114Z,2026-10-03T13:34:46.650741Z
550,harmful,LAT-00550-cf17be,ACID_BULK,13.5,6.2,REJECT,MODEL_A_BLOCK,HARMFUL_CONTEXT,1.0,0.4721,0.5493,0.5831,2026-10-03T13:34:46.650969Z,2026-10-03T13:34:46.651553Z
551,normal,LAT-00551-f68dce,BASE_FINE,7.8,7.0,ACCEPT,ACCEPTED,ACCEPTABLE_CONTEXT,0.00428,0.9844,1.0622,1.0972,2026-10-03T13:34:46.651773Z,2026-10-03T13:34:46.652871Z
552,harmful,LAT-00552-5b1d97,ACID_BULK,16.9,6.2,REJECT,MODEL_A_BLOCK,HARMFUL_CONTEXT,1.0,0.4829,0.5593,0.5926,2026-10-03T13:34:46.653095Z,2026-10-03T13:34:46.653688Z
553,harmful,LAT-00553-853657,ACID_BULK,11.5,6.2,REJECT,MODEL_A_BLOCK,HARMFUL_CONTEXT,1.0,0.4597,0.5333,0.5666,2026-10-03T13:34:46.653907Z,2026-10-03T13:34:46.654475Z
554,normal,LAT-00554-5a4c9f,ACID_FINE,2.8,7.0,ACCEPT,ACCEPTED,ACCEPTABLE_CONTEXT,0.003941,0.9952,1.0831,1.1192,2026-10-03T13:34:46.654703Z,2026-10-03T13:34:46.655823Z
555,normal,LAT-00555-447a96,BASE_FINE,6.6,7.0,ACCEPT,ACCEPTED,ACCEPTABLE_CONTEXT,0.00428,0.9621,1.0423,1.0777,2026-10-03T13:34:46.656050Z,2026-10-03T13:34:46.657129Z
556,uncertain,LAT-00556-afec3f,BASE_FINE,2.4,7.0,REJECT,MODEL_A_BLOCK,UNCERTAIN_CONTEXT,1.0,0.4406,0.517,0.5618,2026-10-03T13:34:46.657355Z,2026-10-03T13:34:46.657918Z
557,normal,LAT-00557-552010,ACID_FINE,7.7,7.0,ACCEPT,ACCEPTED,ACCEPTABLE_CONTEXT,0.004506,1.0179,1.1079,1.1444,2026-10-03T13:34:46.658140Z,2026-10-03T13:34:46.659286Z
558,recovery,LAT-00558-ad09e9,BASE_FINE,4.3,3.5,ACCEPT,ACCEPTED,ACCEPTABLE_CONTEXT,0.008597,1.042,1.1225,1.1574,2026-10-03T13:34:46.659517Z,2026-10-03T13:34:46.660676Z
559,uncertain,LAT-00559-9bf03d,BASE_FINE,3.8,7.0,REJECT,MODEL_A_BLOCK,UNCERTAIN_CONTEXT,1.0,0.4708,0.5607,0.5959,2026-10-03T13:34:46.660902Z,2026-10-03T13:34:46.661500Z
560,uncertain,LAT-00560-f66ad5,BASE_FINE,4.3,7.0,REJECT,MODEL_A_BLOCK,UNCERTAIN_CONTEXT,1.0,0.449,0.5239,0.5571,2026-10-03T13:34:46.661721Z,2026-10-03T13:34:46.662280Z
561,normal,LAT-00561-57b37b,BASE_FINE,6.6,7.0,ACCEPT,ACCEPTED,ACCEPTABLE_CONTEXT,0.00428,0.9947,1.0842,1.1202,2026-10-03T13:34:46.662508Z,2026-10-03T13:34:46.663630Z
562,harmful,LAT-00562-989d25,ACID_BULK,11.4,6.2,REJECT,MODEL_A_BLOCK,HARMFUL_CONTEXT,1.0,0.4881,0.5648,0.5982,2026-10-03T13:34:46.663862Z,2026-10-03T13:34:46.664462Z
563,recovery,LAT-00563-6abdda,BASE_FINE,7.5,3.5,ACCEPT,ACCEPTED,ACCEPTABLE_CONTEXT,0.008166,1.0308,1.1101,1.1456,2026-10-03T13:34:46.664681Z,2026-10-03T13:34:46.665828Z
564,harmful,LAT-00564-b5b636,ACID_BULK,14.5,6.2,REJECT,MODEL_A_BLOCK,HARMFUL_CONTEXT,1.0,0.4916,0.5762,0.6122,2026-10-03T13:34:46.666055Z,2026-10-03T13:34:46.666669Z
565,harmful,LAT-00565-f2e692,ACID_BULK,15.4,6.2,REJECT,MODEL_A_BLOCK,HARMFUL_CONTEXT,1.0,0.4627,0.538,0.5719,2026-10-03T13:34:46.666892Z,2026-10-03T13:34:46.667465Z
566,harmful,LAT-00566-a31ee9,ACID_BULK,17.0,6.2,REJECT,MODEL_A_BLOCK,HARMFUL_CONTEXT,1.0,0.455,0.5295,0.5623,2026-10-03T13:34:46.667692Z,2026-10-03T13:34:46.668256Z
567,normal,LAT-00567-8cdc5d,ACID_FINE,5.6,7.0,ACCEPT,ACCEPTED,ACCEPTABLE_CONTEXT,0.00428,0.9972,1.0757,1.1113,2026-10-03T13:34:46.668471Z,2026-10-03T13:34:46.669584Z
568,normal,LAT-00568-591cc4,BASE_FINE,1.9,7.0,ACCEPT,ACCEPTED,ACCEPTABLE_CONTEXT,0.004506,1.0028,1.0907,1.1278,2026-10-03T13:34:46.669821Z,2026-10-03T13:34:46.670950Z
569,normal,LAT-00569-1e95d4,BASE_FINE,6.1,7.0,ACCEPT,ACCEPTED,ACCEPTABLE_CONTEXT,0.00428,1.0121,1.0914,1.1261,2026-10-03T13:34:46.671182Z,2026-10-03T13:34:46.672309Z
570,harmful,LAT-00570-aa28d6,ACID_BULK,10.5,6.2,REJECT,MODEL_A_BLOCK,HARMFUL_CONTEXT,1.0,0.4863,0.5638,0.5976,2026-10-03T13:34:46.672535Z,2026-10-03T13:34:46.673134Z
571,uncertain,LAT-00571-8a598b,BASE_FINE,4.5,7.0,REJECT,MODEL_A_BLOCK,UNCERTAIN_CONTEXT,1.0,0.4513,0.5258,0.5593,2026-10-03T13:34:46.673356Z,2026-10-03T13:34:46.673917Z
572,normal,LAT-00572-6c0c20,ACID_FINE,1.2,7.0,ACCEPT,ACCEPTED,ACCEPTABLE_CONTEXT,0.00428,0.9787,1.0689,1.1055,2026-10-03T13:34:46.674133Z,2026-10-03T13:34:46.675239Z
573,normal,LAT-00573-c06ade,ACID_FINE,5.0,7.0,ACCEPT,ACCEPTED,ACCEPTABLE_CONTEXT,0.00428,0.9747,1.056,1.0913,2026-10-03T13:34:46.675468Z,2026-10-03T13:34:46.676561Z
574,recovery,LAT-00574-006117,BASE_FINE,6.0,3.5,ACCEPT,ACCEPTED,ACCEPTABLE_CONTEXT,0.008166,1.0315,1.1101,1.1449,2026-10-03T13:34:46.676792Z,2026-10-03T13:34:46.677938Z
575,recovery,LAT-00575-8973d0,BASE_FINE,6.8,3.5,ACCEPT,ACCEPTED,ACCEPTABLE_CONTEXT,0.008597,1.0417,1.1305,1.1675,2026-10-03T13:34:46.678163Z,2026-10-03T13:34:46.679331Z
576,recovery,LAT-00576-1ae6d0,BASE_FINE,2.5,3.5,ACCEPT,ACCEPTED,ACCEPTABLE_CONTEXT,0.008166,1.0232,1.1035,1.1389,2026-10-03T13:34:46.679563Z,2026-10-03T13:34:46.680703Z
577,uncertain,LAT-00577-3ea7d8,BASE_FINE,4.4,7.0,REJECT,MODEL_A_BLOCK,UNCERTAIN_CONTEXT,1.0,0.4566,0.5335,0.5681,2026-10-03T13:34:46.680931Z,2026-10-03T13:34:46.681500Z
578,harmful,LAT-00578-1a223c,ACID_BULK,14.6,6.2,REJECT,MODEL_A_BLOCK,HARMFUL_CONTEXT,1.0,0.4716,0.5478,0.5814,2026-10-03T13:34:46.681724Z,2026-10-03T13:34:46.682307Z
579,recovery,LAT-00579-0868a0,BASE_FINE,9.9,3.5,ACCEPT,ACCEPTED,ACCEPTABLE_CONTEXT,0.008166,1.0537,1.1462,1.1828,2026-10-03T13:34:46.682546Z,2026-10-03T13:34:46.683730Z
580,normal,LAT-00580-09f315,BASE_FINE,9.5,7.0,ACCEPT,ACCEPTED,ACCEPTABLE_CONTEXT,0.00428,0.9564,1.0827,1.1226,2026-10-03T13:34:46.683961Z,2026-10-03T13:34:46.685085Z
581,harmful,LAT-00581-6fca0f,ACID_BULK,15.9,6.2,REJECT,MODEL_A_BLOCK,HARMFUL_CONTEXT,1.0,0.4992,0.5771,0.6113,2026-10-03T13:34:46.685326Z,2026-10-03T13:34:46.685939Z
582,harmful,LAT-00582-f2c1e5,ACID_BULK,13.1,6.2,REJECT,MODEL_A_BLOCK,HARMFUL_CONTEXT,1.0,0.4809,0.5663,0.6022,2026-10-03T13:34:46.686165Z,2026-10-03T13:34:46.686768Z
583,normal,LAT-00583-cb7a21,ACID_FINE,4.7,7.0,ACCEPT,ACCEPTED,ACCEPTABLE_CONTEXT,0.00428,1.0446,1.1232,1.1591,2026-10-03T13:34:46.686990Z,2026-10-03T13:34:46.688151Z
584,harmful,LAT-00584-0c14b1,ACID_BULK,12.6,6.2,REJECT,MODEL_A_BLOCK,HARMFUL_CONTEXT,1.0,0.4831,0.558,0.5919,2026-10-03T13:34:46.688373Z,2026-10-03T13:34:46.688966Z
585,uncertain,LAT-00585-9c9e08,BASE_FINE,1.3,7.0,REJECT,MODEL_A_BLOCK,UNCERTAIN_CONTEXT,1.0,0.4464,0.5208,0.5546,2026-10-03T13:34:46.689185Z,2026-10-03T13:34:46.689741Z
586,uncertain,LAT-00586-0cd43c,BASE_FINE,3.9,7.0,REJECT,MODEL_A_BLOCK,UNCERTAIN_CONTEXT,1.0,0.4421,0.5161,0.558,2026-10-03T13:34:46.689957Z,2026-10-03T13:34:46.690517Z
587,normal,LAT-00587-61731e,ACID_FINE,4.4,7.0,ACCEPT,ACCEPTED,ACCEPTABLE_CONTEXT,0.00428,1.0106,1.1006,1.1368,2026-10-03T13:34:46.690733Z,2026-10-03T13:34:46.691872Z
588,normal,LAT-00588-eb9e52,BASE_FINE,8.4,7.0,ACCEPT,ACCEPTED,ACCEPTABLE_CONTEXT,0.00428,0.9839,1.0647,1.0997,2026-10-03T13:34:46.692101Z,2026-10-03T13:34:46.693202Z
589,normal,LAT-00589-086ec9,ACID_FINE,7.4,7.0,ACCEPT,ACCEPTED,ACCEPTABLE_CONTEXT,0.004506,0.9917,1.0874,1.1249,2026-10-03T13:34:46.693429Z,2026-10-03T13:34:46.694555Z
590,harmful,LAT-00590-3e58a8,ACID_BULK,15.6,6.2,REJECT,MODEL_A_BLOCK,HARMFUL_CONTEXT,1.0,0.4933,0.571,0.6046,2026-10-03T13:34:46.694786Z,2026-10-03T13:34:46.695391Z
591,harmful,LAT-00591-cbcba8,ACID_BULK,13.4,6.2,REJECT,MODEL_A_BLOCK,HARMFUL_CONTEXT,1.0,0.4682,0.5449,0.5779,2026-10-03T13:34:46.695616Z,2026-10-03T13:34:46.696195Z
592,uncertain,LAT-00592-26cb32,BASE_FINE,2.7,7.0,REJECT,MODEL_A_BLOCK,UNCERTAIN_CONTEXT,1.0,0.4019,0.4754,0.5178,2026-10-03T13:34:46.696414Z,2026-10-03T13:34:46.696933Z
593,harmful,LAT-00593-3d83ff,ACID_BULK,11.2,6.2,REJECT,MODEL_A_BLOCK,HARMFUL_CONTEXT,1.0,0.4502,0.525,0.5597,2026-10-03T13:34:46.697151Z,2026-10-03T13:34:46.697712Z
594,normal,LAT-00594-e0abef,ACID_FINE,2.9,7.0,ACCEPT,ACCEPTED,ACCEPTABLE_CONTEXT,0.00428,1.0599,1.1493,1.187,2026-10-03T13:34:46.697929Z,2026-10-03T13:34:46.699117Z
595,harmful,LAT-00595-851164,ACID_BULK,12.9,6.2,REJECT,MODEL_A_BLOCK,HARMFUL_CONTEXT,1.0,0.4888,0.5666,0.6,2026-10-03T13:34:46.699352Z,2026-10-03T13:34:46.699954Z
596,recovery,LAT-00596-05342d,BASE_FINE,6.2,3.5,ACCEPT,ACCEPTED,ACCEPTABLE_CONTEXT,0.008166,1.0626,1.1407,1.1765,2026-10-03T13:34:46.700174Z,2026-10-03T13:34:46.701352Z
597,uncertain,LAT-00597-63dbfb,BASE_FINE,2.7,7.0,REJECT,MODEL_A_BLOCK,UNCERTAIN_CONTEXT,1.0,0.4638,0.5392,0.5735,2026-10-03T13:34:46.701578Z,2026-10-03T13:34:46.702153Z
598,harmful,LAT-00598-cd91da,ACID_BULK,12.8,6.2,REJECT,MODEL_A_BLOCK,HARMFUL_CONTEXT,1.0,0.4768,0.5608,0.5959,2026-10-03T13:34:46.702373Z,2026-10-03T13:34:46.702970Z
599,harmful,LAT-00599-9161c7,ACID_BULK,15.1,6.2,REJECT,MODEL_A_BLOCK,HARMFUL_CONTEXT,1.0,0.4557,0.5351,0.5695,2026-10-03T13:34:46.703191Z,2026-10-03T13:34:46.703762Z
600,uncertain,LAT-00600-29feaf,BASE_FINE,1.7,7.0,REJECT,MODEL_A_BLOCK,UNCERTAIN_CONTEXT,1.0,0.3944,0.4693,0.5022,2026-10-03T13:34:46.703978Z,2026-10-03T13:34:46.704482Z
601,uncertain,LAT-00601-a010ae,BASE_FINE,1.9,7.0,REJECT,MODEL_A_BLOCK,UNCERTAIN_CONTEXT,1.0,0.4349,0.509,0.5415,2026-10-03T13:34:46.704695Z,2026-10-03T13:34:46.705238Z
602,recovery,LAT-00602-ef79eb,BASE_FINE,6.5,3.5,ACCEPT,ACCEPTED,ACCEPTABLE_CONTEXT,0.008166,1.0781,1.1669,1.2042,2026-10-03T13:34:46.705451Z,2026-10-03T13:34:46.706656Z
603,recovery,LAT-00603-733c1d,BASE_FINE,8.2,3.5,ACCEPT,ACCEPTED,ACCEPTABLE_CONTEXT,0.008166,1.0546,1.1348,1.1699,2026-10-03T13:34:46.706891Z,2026-10-03T13:34:46.708062Z
604,recovery,LAT-00604-c5ca1a,BASE_FINE,2.4,3.5,ACCEPT,ACCEPTED,ACCEPTABLE_CONTEXT,0.008166,1.0301,1.1083,1.1438,2026-10-03T13:34:46.708290Z,2026-10-03T13:34:46.709435Z
605,harmful,LAT-00605-618ed2,ACID_BULK,18.9,6.2,REJECT,MODEL_A_BLOCK,HARMFUL_CONTEXT,1.0,0.4878,0.5647,0.5981,2026-10-03T13:34:46.709662Z,2026-10-03T13:34:46.710261Z
606,uncertain,LAT-00606-ae9d61,BASE_FINE,2.5,7.0,REJECT,MODEL_A_BLOCK,UNCERTAIN_CONTEXT,1.0,0.4324,0.5173,0.5521,2026-10-03T13:34:46.710500Z,2026-10-03T13:34:46.711054Z
607,recovery,LAT-00607-fe4b1f,BASE_FINE,3.6,3.5,ACCEPT,ACCEPTED,ACCEPTABLE_CONTEXT,0.008166,1.0609,1.1384,1.1728,2026-10-03T13:34:46.711277Z,2026-10-03T13:34:46.712451Z
608,normal,LAT-00608-95683e,ACID_FINE,4.6,7.0,ACCEPT,ACCEPTED,ACCEPTABLE_CONTEXT,0.00428,1.0183,1.0973,1.1324,2026-10-03T13:34:46.712677Z,2026-10-03T13:34:46.713810Z
609,normal,LAT-00609-06e4f0,ACID_FINE,5.3,7.0,ACCEPT,ACCEPTED,ACCEPTABLE_CONTEXT,0.00428,0.979,1.068,1.1052,2026-10-03T13:34:46.714036Z,2026-10-03T13:34:46.715142Z
610,harmful,LAT-00610-6556f6,ACID_BULK,15.1,6.2,REJECT,MODEL_A_BLOCK,HARMFUL_CONTEXT,1.0,0.492,0.5693,0.6032,2026-10-03T13:34:46.715375Z,2026-10-03T13:34:46.715980Z
611,harmful,LAT-00611-bb038d,ACID_BULK,16.0,6.2,REJECT,MODEL_A_BLOCK,HARMFUL_CONTEXT,1.0,0.4677,0.5427,0.5755,2026-10-03T13:34:46.716201Z,2026-10-03T13:34:46.716778Z
612,harmful,LAT-00612-5518d5,ACID_BULK,12.9,6.2,REJECT,MODEL_A_BLOCK,HARMFUL_CONTEXT,1.0,0.4552,0.5298,0.5626,2026-10-03T13:34:46.716993Z,2026-10-03T13:34:46.717557Z
613,normal,LAT-00613-fdd0db,ACID_FINE,5.4,7.0,ACCEPT,ACCEPTED,ACCEPTABLE_CONTEXT,0.00428,0.9929,1.0809,1.1181,2026-10-03T13:34:46.717776Z,2026-10-03T13:34:46.718895Z
614,normal,LAT-00614-d6d962,ACID_FINE,9.5,7.0,ACCEPT,ACCEPTED,ACCEPTABLE_CONTEXT,0.00428,1.0098,1.0883,1.1229,2026-10-03T13:34:46.719122Z,2026-10-03T13:34:46.720246Z
615,normal,LAT-00615-d04ad6,BASE_FINE,1.3,7.0,ACCEPT,ACCEPTED,ACCEPTABLE_CONTEXT,0.00428,0.9575,1.0349,1.0696,2026-10-03T13:34:46.720472Z,2026-10-03T13:34:46.721543Z
616,normal,LAT-00616-90fd70,ACID_FINE,8.8,7.0,ACCEPT,ACCEPTED,ACCEPTABLE_CONTEXT,0.00428,0.9681,1.0676,1.1053,2026-10-03T13:34:46.721768Z,2026-10-03T13:34:46.722874Z
617,normal,LAT-00617-330e75,ACID_FINE,8.7,7.0,ACCEPT,ACCEPTED,ACCEPTABLE_CONTEXT,0.00428,0.9878,1.0669,1.1028,2026-10-03T13:34:46.723109Z,2026-10-03T13:34:46.724213Z
618,harmful,LAT-00618-e5db12,ACID_BULK,12.7,6.2,REJECT,MODEL_A_BLOCK,HARMFUL_CONTEXT,1.0,0.4939,0.5723,0.6071,2026-10-03T13:34:46.724438Z,2026-10-03T13:34:46.725047Z
619,normal,LAT-00619-bbb192,ACID_FINE,6.8,7.0,ACCEPT,ACCEPTED,ACCEPTABLE_CONTEXT,0.00428,0.9503,1.0313,1.0656,2026-10-03T13:34:46.725267Z,2026-10-03T13:34:46.726334Z
620,uncertain,LAT-00620-b305ac,BASE_FINE,4.5,7.0,REJECT,MODEL_A_BLOCK,UNCERTAIN_CONTEXT,1.0,0.4482,0.5327,0.5674,2026-10-03T13:34:46.726568Z,2026-10-03T13:34:46.727137Z
621,normal,LAT-00621-f62fd8,BASE_FINE,1.1,7.0,ACCEPT,ACCEPTED,ACCEPTABLE_CONTEXT,0.00428,0.9683,1.047,1.0819,2026-10-03T13:34:46.727359Z,2026-10-03T13:34:46.728442Z
622,normal,LAT-00622-bdcc10,ACID_FINE,2.1,7.0,ACCEPT,ACCEPTED,ACCEPTABLE_CONTEXT,0.00428,0.9613,1.0382,1.0729,2026-10-03T13:34:46.728667Z,2026-10-03T13:34:46.729741Z
623,recovery,LAT-00623-3eba1e,BASE_FINE,9.6,3.5,ACCEPT,ACCEPTED,ACCEPTABLE_CONTEXT,0.008166,1.0467,1.1367,1.1745,2026-10-03T13:34:46.729973Z,2026-10-03T13:34:46.731149Z
624,normal,LAT-00624-fd5af0,ACID_FINE,2.3,7.0,ACCEPT,ACCEPTED,ACCEPTABLE_CONTEXT,0.00428,0.9364,1.0149,1.0496,2026-10-03T13:34:46.731386Z,2026-10-03T13:34:46.732437Z
625,harmful,LAT-00625-8e5554,ACID_BULK,14.6,6.2,REJECT,MODEL_A_BLOCK,HARMFUL_CONTEXT,1.0,0.4921,0.5684,0.6022,2026-10-03T13:34:46.732662Z,2026-10-03T13:34:46.733266Z
626,normal,LAT-00626-4e97ec,ACID_FINE,6.1,7.0,ACCEPT,ACCEPTED,ACCEPTABLE_CONTEXT,0.00428,0.9515,1.0478,1.0842,2026-10-03T13:34:46.733487Z,2026-10-03T13:34:46.734572Z
627,harmful,LAT-00627-d604af,ACID_BULK,15.7,6.2,REJECT,MODEL_A_BLOCK,HARMFUL_CONTEXT,1.0,0.4961,0.5735,0.6081,2026-10-03T13:34:46.734801Z,2026-10-03T13:34:46.735410Z
628,harmful,LAT-00628-7798c5,ACID_BULK,10.4,6.2,REJECT,MODEL_A_BLOCK,HARMFUL_CONTEXT,1.0,0.4761,0.5513,0.5855,2026-10-03T13:34:46.735629Z,2026-10-03T13:34:46.736216Z
629,uncertain,LAT-00629-59a87a,BASE_FINE,2.1,7.0,REJECT,MODEL_A_BLOCK,UNCERTAIN_CONTEXT,1.0,0.4218,0.496,0.5304,2026-10-03T13:34:46.736432Z,2026-10-03T13:34:46.736963Z
630,uncertain,LAT-00630-ea1d03,BASE_FINE,1.6,7.0,REJECT,MODEL_A_BLOCK,UNCERTAIN_CONTEXT,1.0,0.4419,0.5151,0.5485,2026-10-03T13:34:46.737177Z,2026-10-03T13:34:46.737727Z
631,normal,LAT-00631-8699c6,BASE_FINE,3.6,7.0,ACCEPT,ACCEPTED,ACCEPTABLE_CONTEXT,0.004506,1.0486,1.138,1.1758,2026-10-03T13:34:46.737941Z,2026-10-03T13:34:46.739118Z
632,normal,LAT-00632-1b4964,ACID_FINE,8.7,7.0,ACCEPT,ACCEPTED,ACCEPTABLE_CONTEXT,0.004506,0.9749,1.052,1.0864,2026-10-03T13:34:46.739351Z,2026-10-03T13:34:46.740438Z
633,normal,LAT-00633-e9e20f,BASE_FINE,0.7,7.0,ACCEPT,ACCEPTED,ACCEPTABLE_CONTEXT,0.00428,0.9498,1.0283,1.0631,2026-10-03T13:34:46.740662Z,2026-10-03T13:34:46.741726Z
634,uncertain,LAT-00634-7e7684,BASE_FINE,1.2,7.0,REJECT,MODEL_A_BLOCK,UNCERTAIN_CONTEXT,1.0,0.4846,0.5755,0.611,2026-10-03T13:34:46.741950Z,2026-10-03T13:34:46.742562Z
635,harmful,LAT-00635-923c4f,ACID_BULK,11.4,6.2,REJECT,MODEL_A_BLOCK,HARMFUL_CONTEXT,1.0,0.4765,0.5523,0.5854,2026-10-03T13:34:46.742788Z,2026-10-03T13:34:46.743374Z
636,normal,LAT-00636-e36da0,BASE_FINE,2.0,7.0,ACCEPT,ACCEPTED,ACCEPTABLE_CONTEXT,0.004506,0.9894,1.0659,1.1001,2026-10-03T13:34:46.743590Z,2026-10-03T13:34:46.744692Z
637,harmful,LAT-00637-9b1653,ACID_BULK,18.9,6.2,REJECT,MODEL_A_BLOCK,HARMFUL_CONTEXT,1.0,0.4929,0.5695,0.6024,2026-10-03T13:34:46.744914Z,2026-10-03T13:34:46.745518Z
638,normal,LAT-00638-02af19,ACID_FINE,2.0,7.0,ACCEPT,ACCEPTED,ACCEPTABLE_CONTEXT,0.00428,1.0155,1.1031,1.1403,2026-10-03T13:34:46.745738Z,2026-10-03T13:34:46.746880Z
639,recovery,LAT-00639-42b413,BASE_FINE,6.7,3.5,ACCEPT,ACCEPTED,ACCEPTABLE_CONTEXT,0.008166,1.0337,1.1256,1.1615,2026-10-03T13:34:46.747111Z,2026-10-03T13:34:46.748274Z
640,uncertain,LAT-00640-fff896,BASE_FINE,3.1,7.0,REJECT,MODEL_A_BLOCK,UNCERTAIN_CONTEXT,1.0,0.4803,0.5569,0.5907,2026-10-03T13:34:46.748504Z,2026-10-03T13:34:46.749096Z
641,normal,LAT-00641-ee7d4a,BASE_FINE,6.5,7.0,ACCEPT,ACCEPTED,ACCEPTABLE_CONTEXT,0.004506,0.9469,1.0251,1.0591,2026-10-03T13:34:46.749316Z,2026-10-03T13:34:46.750376Z
642,uncertain,LAT-00642-9c7e4c,BASE_FINE,1.5,7.0,REJECT,MODEL_A_BLOCK,UNCERTAIN_CONTEXT,1.0,0.4313,0.5156,0.5501,2026-10-03T13:34:46.750613Z,2026-10-03T13:34:46.751164Z
643,uncertain,LAT-00643-a64809,BASE_FINE,3.7,7.0,REJECT,MODEL_A_BLOCK,UNCERTAIN_CONTEXT,1.0,0.4505,0.5236,0.5568,2026-10-03T13:34:46.751384Z,2026-10-03T13:34:46.751942Z
644,normal,LAT-00644-03e837,BASE_FINE,6.0,7.0,ACCEPT,ACCEPTED,ACCEPTABLE_CONTEXT,0.00428,0.9821,1.0592,1.0936,2026-10-03T13:34:46.752156Z,2026-10-03T13:34:46.753251Z
645,normal,LAT-00645-061a0c,ACID_FINE,10.0,7.0,ACCEPT,ACCEPTED,ACCEPTABLE_CONTEXT,0.00428,0.9483,1.0439,1.0807,2026-10-03T13:34:46.753474Z,2026-10-03T13:34:46.754555Z
646,normal,LAT-00646-dec421,ACID_FINE,7.5,7.0,ACCEPT,ACCEPTED,ACCEPTABLE_CONTEXT,0.00428,1.0016,1.0798,1.1144,2026-10-03T13:34:46.754795Z,2026-10-03T13:34:46.755911Z
647,uncertain,LAT-00647-2b1e70,BASE_FINE,3.6,7.0,REJECT,MODEL_A_BLOCK,UNCERTAIN_CONTEXT,1.0,0.4434,0.5187,0.5523,2026-10-03T13:34:46.756137Z,2026-10-03T13:34:46.756691Z
648,normal,LAT-00648-879053,BASE_FINE,5.8,7.0,ACCEPT,ACCEPTED,ACCEPTABLE_CONTEXT,0.00428,0.9396,1.0184,1.0539,2026-10-03T13:34:46.756910Z,2026-10-03T13:34:46.757965Z
649,harmful,LAT-00649-941ba9,ACID_BULK,18.9,6.2,REJECT,MODEL_A_BLOCK,HARMFUL_CONTEXT,1.0,0.4995,0.5848,0.6211,2026-10-03T13:34:46.758190Z,2026-10-03T13:34:46.758812Z
650,normal,LAT-00650-4590f9,BASE_FINE,5.4,7.0,ACCEPT,ACCEPTED,ACCEPTABLE_CONTEXT,0.00428,1.1099,1.1996,1.2378,2026-10-03T13:34:46.759408Z,2026-10-03T13:34:46.760648Z
651,harmful,LAT-00651-cc8532,ACID_BULK,11.1,6.2,REJECT,MODEL_A_BLOCK,HARMFUL_CONTEXT,1.0,0.4968,0.577,0.6122,2026-10-03T13:34:46.760902Z,2026-10-03T13:34:46.761515Z
652,uncertain,LAT-00652-5ad538,BASE_FINE,3.9,7.0,REJECT,MODEL_A_BLOCK,UNCERTAIN_CONTEXT,1.0,0.455,0.5297,0.5637,2026-10-03T13:34:46.761741Z,2026-10-03T13:34:46.762306Z
653,normal,LAT-00653-77637f,ACID_FINE,2.4,7.0,ACCEPT,ACCEPTED,ACCEPTABLE_CONTEXT,0.00428,1.0147,1.1021,1.1387,2026-10-03T13:34:46.762535Z,2026-10-03T13:34:46.763676Z
654,recovery,LAT-00654-e41fef,BASE_FINE,10.0,3.5,ACCEPT,ACCEPTED,ACCEPTABLE_CONTEXT,0.008166,1.0535,1.1319,1.1665,2026-10-03T13:34:46.763902Z,2026-10-03T13:34:46.765070Z
655,normal,LAT-00655-6d56d3,ACID_FINE,4.4,7.0,ACCEPT,ACCEPTED,ACCEPTABLE_CONTEXT,0.00428,0.9511,1.0307,1.0658,2026-10-03T13:34:46.765292Z,2026-10-03T13:34:46.766359Z
656,harmful,LAT-00656-e30037,ACID_BULK,10.1,6.2,REJECT,MODEL_A_BLOCK,HARMFUL_CONTEXT,1.0,0.4911,0.578,0.6141,2026-10-03T13:34:46.766598Z,2026-10-03T13:34:46.767214Z
657,harmful,LAT-00657-5f12d4,ACID_BULK,16.0,6.2,REJECT,MODEL_A_BLOCK,HARMFUL_CONTEXT,1.0,0.465,0.5394,0.5726,2026-10-03T13:34:46.767438Z,2026-10-03T13:34:46.768012Z
658,recovery,LAT-00658-4b529d,BASE_FINE,7.5,3.5,ACCEPT,ACCEPTED,ACCEPTABLE_CONTEXT,0.008166,1.0431,1.1208,1.1559,2026-10-03T13:34:46.768228Z,2026-10-03T13:34:46.769385Z
659,harmful,LAT-00659-5b688b,ACID_BULK,18.4,6.2,REJECT,MODEL_A_BLOCK,HARMFUL_CONTEXT,1.0,0.4836,0.5648,0.5982,2026-10-03T13:34:46.769608Z,2026-10-03T13:34:46.770207Z
660,normal,LAT-00660-b865c4,BASE_FINE,2.0,7.0,ACCEPT,ACCEPTED,ACCEPTABLE_CONTEXT,0.00428,1.0211,1.1093,1.1468,2026-10-03T13:34:46.770426Z,2026-10-03T13:34:46.771574Z
661,recovery,LAT-00661-9aaff4,BASE_FINE,8.8,3.5,ACCEPT,ACCEPTED,ACCEPTABLE_CONTEXT,0.008166,1.0266,1.106,1.1409,2026-10-03T13:34:46.771805Z,2026-10-03T13:34:46.772947Z
662,normal,LAT-00662-ca7696,BASE_FINE,1.5,7.0,ACCEPT,ACCEPTED,ACCEPTABLE_CONTEXT,0.00428,0.9544,1.0327,1.0685,2026-10-03T13:34:46.773174Z,2026-10-03T13:34:46.774244Z
663,normal,LAT-00663-61219b,ACID_FINE,0.6,7.0,ACCEPT,ACCEPTED,ACCEPTABLE_CONTEXT,0.00428,0.9912,1.088,1.1246,2026-10-03T13:34:46.774468Z,2026-10-03T13:34:46.775594Z
664,normal,LAT-00664-0ee027,ACID_FINE,2.8,7.0,ACCEPT,ACCEPTED,ACCEPTABLE_CONTEXT,0.00428,0.9411,1.0212,1.0562,2026-10-03T13:34:46.775827Z,2026-10-03T13:34:46.776885Z
665,normal,LAT-00665-a17232,ACID_FINE,6.2,7.0,ACCEPT,ACCEPTED,ACCEPTABLE_CONTEXT,0.00428,0.9315,1.011,1.0467,2026-10-03T13:34:46.777114Z,2026-10-03T13:34:46.778163Z
666,recovery,LAT-00666-3f8e30,BASE_FINE,7.1,3.5,ACCEPT,ACCEPTED,ACCEPTABLE_CONTEXT,0.008166,1.0374,1.1289,1.1675,2026-10-03T13:34:46.778389Z,2026-10-03T13:34:46.779558Z
667,harmful,LAT-00667-fc829a,ACID_BULK,19.0,6.2,REJECT,MODEL_A_BLOCK,HARMFUL_CONTEXT,1.0,0.4974,0.5748,0.6097,2026-10-03T13:34:46.779794Z,2026-10-03T13:34:46.780405Z
668,uncertain,LAT-00668-2f62f2,BASE_FINE,2.8,7.0,REJECT,MODEL_A_BLOCK,UNCERTAIN_CONTEXT,1.0,0.4583,0.534,0.5688,2026-10-03T13:34:46.780630Z,2026-10-03T13:34:46.781201Z
669,recovery,LAT-00669-1a03cf,BASE_FINE,4.8,3.5,ACCEPT,ACCEPTED,ACCEPTABLE_CONTEXT,0.008166,1.0616,1.1478,1.1847,2026-10-03T13:34:46.781419Z,2026-10-03T13:34:46.782605Z
670,uncertain,LAT-00670-1ea401,BASE_FINE,1.9,7.0,REJECT,MODEL_A_BLOCK,UNCERTAIN_CONTEXT,1.0,0.4458,0.5217,0.5562,2026-10-03T13:34:46.782832Z,2026-10-03T13:34:46.783389Z
671,harmful,LAT-00671-afb6fe,ACID_BULK,10.2,6.2,REJECT,MODEL_A_BLOCK,HARMFUL_CONTEXT,1.0,0.4666,0.5426,0.5765,2026-10-03T13:34:46.783608Z,2026-10-03T13:34:46.784186Z
672,normal,LAT-00672-308019,BASE_FINE,2.3,7.0,ACCEPT,ACCEPTED,ACCEPTABLE_CONTEXT,0.00428,0.9806,1.0598,1.0957,2026-10-03T13:34:46.784404Z,2026-10-03T13:34:46.785501Z
673,uncertain,LAT-00673-f3ebd8,BASE_FINE,4.2,7.0,REJECT,MODEL_A_BLOCK,UNCERTAIN_CONTEXT,1.0,0.4242,0.5011,0.5374,2026-10-03T13:34:46.785724Z,2026-10-03T13:34:46.786263Z
674,harmful,LAT-00674-056229,ACID_BULK,19.4,6.2,REJECT,MODEL_A_BLOCK,HARMFUL_CONTEXT,1.0,0.4705,0.5662,0.6013,2026-10-03T13:34:46.786482Z,2026-10-03T13:34:46.787085Z
675,recovery,LAT-00675-529717,BASE_FINE,6.2,3.5,ACCEPT,ACCEPTED,ACCEPTABLE_CONTEXT,0.008166,1.049,1.1305,1.1662,2026-10-03T13:34:46.787304Z,2026-10-03T13:34:46.788471Z
676,normal,LAT-00676-50b137,BASE_FINE,4.9,7.0,ACCEPT,ACCEPTED,ACCEPTABLE_CONTEXT,0.004506,0.9719,1.0487,1.0853,2026-10-03T13:34:46.788699Z,2026-10-03T13:34:46.789786Z
677,normal,LAT-00677-3f2c2f,ACID_FINE,2.4,7.0,ACCEPT,ACCEPTED,ACCEPTABLE_CONTEXT,0.00428,0.9786,1.0682,1.1063,2026-10-03T13:34:46.790013Z,2026-10-03T13:34:46.791121Z
678,harmful,LAT-00678-22d880,ACID_BULK,12.5,6.2,REJECT,MODEL_A_BLOCK,HARMFUL_CONTEXT,1.0,0.4963,0.574,0.6096,2026-10-03T13:34:46.791354Z,2026-10-03T13:34:46.791965Z
679,recovery,LAT-00679-ae0e2f,BASE_FINE,7.9,3.5,ACCEPT,ACCEPTED,ACCEPTABLE_CONTEXT,0.008166,1.0462,1.1315,1.1688,2026-10-03T13:34:46.792190Z,2026-10-03T13:34:46.793360Z
680,normal,LAT-00680-6b556b,ACID_FINE,4.2,7.0,ACCEPT,ACCEPTED,ACCEPTABLE_CONTEXT,0.00428,0.972,1.0624,1.0997,2026-10-03T13:34:46.793588Z,2026-10-03T13:34:46.794689Z
681,recovery,LAT-00681-e8e1d0,BASE_FINE,6.1,3.5,ACCEPT,ACCEPTED,ACCEPTABLE_CONTEXT,0.008597,1.0268,1.1074,1.1424,2026-10-03T13:34:46.794920Z,2026-10-03T13:34:46.796064Z
682,harmful,LAT-00682-4116ae,ACID_BULK,16.2,6.2,REJECT,MODEL_A_BLOCK,HARMFUL_CONTEXT,1.0,0.4925,0.5703,0.6046,2026-10-03T13:34:46.796291Z,2026-10-03T13:34:46.796897Z
683,harmful,LAT-00683-9bccde,ACID_BULK,10.9,6.2,REJECT,MODEL_A_BLOCK,HARMFUL_CONTEXT,1.0,0.4712,0.5484,0.5818,2026-10-03T13:34:46.797119Z,2026-10-03T13:34:46.797702Z
684,uncertain,LAT-00684-410849,BASE_FINE,1.1,7.0,REJECT,MODEL_A_BLOCK,UNCERTAIN_CONTEXT,1.0,0.4179,0.4917,0.5249,2026-10-03T13:34:46.797919Z,2026-10-03T13:34:46.798445Z
685,uncertain,LAT-00685-8bd140,BASE_FINE,1.1,7.0,REJECT,MODEL_A_BLOCK,UNCERTAIN_CONTEXT,1.0,0.4495,0.5339,0.5676,2026-10-03T13:34:46.798677Z,2026-10-03T13:34:46.799246Z
686,recovery,LAT-00686-91570a,BASE_FINE,6.6,3.5,ACCEPT,ACCEPTED,ACCEPTABLE_CONTEXT,0.008166,1.0754,1.1558,1.1914,2026-10-03T13:34:46.799461Z,2026-10-03T13:34:46.800654Z
687,recovery,LAT-00687-1be40b,BASE_FINE,2.7,3.5,ACCEPT,ACCEPTED,ACCEPTABLE_CONTEXT,0.008166,1.0375,1.1161,1.1507,2026-10-03T13:34:46.800880Z,2026-10-03T13:34:46.802032Z
688,normal,LAT-00688-88df2a,ACID_FINE,1.6,7.0,ACCEPT,ACCEPTED,ACCEPTABLE_CONTEXT,0.00428,1.0137,1.1048,1.1418,2026-10-03T13:34:46.802257Z,2026-10-03T13:34:46.803400Z
689,harmful,LAT-00689-393f49,ACID_BULK,14.8,6.2,REJECT,MODEL_A_BLOCK,HARMFUL_CONTEXT,1.0,0.489,0.5674,0.6018,2026-10-03T13:34:46.803635Z,2026-10-03T13:34:46.804238Z
690,harmful,LAT-00690-71fef5,ACID_BULK,12.2,6.2,REJECT,MODEL_A_BLOCK,HARMFUL_CONTEXT,1.0,0.4677,0.5433,0.5773,2026-10-03T13:34:46.804459Z,2026-10-03T13:34:46.805038Z
691,harmful,LAT-00691-adc8a7,ACID_BULK,13.0,6.2,REJECT,MODEL_A_BLOCK,HARMFUL_CONTEXT,1.0,0.4555,0.5299,0.5626,2026-10-03T13:34:46.805254Z,2026-10-03T13:34:46.805818Z
692,harmful,LAT-00692-e8f3e7,ACID_BULK,18.8,6.2,REJECT,MODEL_A_BLOCK,HARMFUL_CONTEXT,1.0,0.4624,0.5455,0.5805,2026-10-03T13:34:46.806032Z,2026-10-03T13:34:46.806614Z
693,uncertain,LAT-00693-c5d60c,BASE_FINE,4.0,7.0,REJECT,MODEL_A_BLOCK,UNCERTAIN_CONTEXT,1.0,0.4445,0.5188,0.5522,2026-10-03T13:34:46.806832Z,2026-10-03T13:34:46.807385Z
694,harmful,LAT-00694-a03666,ACID_BULK,12.7,6.2,REJECT,MODEL_A_BLOCK,HARMFUL_CONTEXT,1.0,0.4492,0.523,0.5559,2026-10-03T13:34:46.807600Z,2026-10-03T13:34:46.808158Z
695,normal,LAT-00695-328692,BASE_FINE,7.0,7.0,ACCEPT,ACCEPTED,ACCEPTABLE_CONTEXT,0.004506,1.0592,1.1378,1.1727,2026-10-03T13:34:46.808372Z,2026-10-03T13:34:46.809546Z
696,harmful,LAT-00696-6784ec,ACID_BULK,10.3,6.2,REJECT,MODEL_A_BLOCK,HARMFUL_CONTEXT,1.0,0.4822,0.5597,0.5936,2026-10-03T13:34:46.809774Z,2026-10-03T13:34:46.810369Z
697,uncertain,LAT-00697-69714b,BASE_FINE,3.3,7.0,REJECT,MODEL_A_BLOCK,UNCERTAIN_CONTEXT,1.0,0.4266,0.5095,0.5441,2026-10-03T13:34:46.810600Z,2026-10-03T13:34:46.811145Z
698,harmful,LAT-00698-6518d4,ACID_BULK,16.6,6.2,REJECT,MODEL_A_BLOCK,HARMFUL_CONTEXT,1.0,0.4555,0.5341,0.5676,2026-10-03T13:34:46.811365Z,2026-10-03T13:34:46.811934Z
699,normal,LAT-00699-9ececd,ACID_FINE,3.4,7.0,ACCEPT,ACCEPTED,ACCEPTABLE_CONTEXT,0.00428,1.0258,1.1032,1.139,2026-10-03T13:34:46.812150Z,2026-10-03T13:34:46.813291Z
700,normal,LAT-00700-fe68fc,BASE_FINE,0.6,7.0,ACCEPT,ACCEPTED,ACCEPTABLE_CONTEXT,0.00428,0.9899,1.0774,1.1143,2026-10-03T13:34:46.813519Z,2026-10-03T13:34:46.814634Z
701,harmful,LAT-00701-703694,ACID_BULK,19.9,6.2,REJECT,MODEL_A_BLOCK,HARMFUL_CONTEXT,1.0,0.4888,0.5674,0.6115,2026-10-03T13:34:46.814867Z,2026-10-03T13:34:46.815480Z
702,uncertain,LAT-00702-2ef171,BASE_FINE,4.3,7.0,REJECT,MODEL_A_BLOCK,UNCERTAIN_CONTEXT,1.0,0.452,0.5275,0.561,2026-10-03T13:34:46.815703Z,2026-10-03T13:34:46.816266Z
703,normal,LAT-00703-4b61f0,ACID_FINE,7.9,7.0,ACCEPT,ACCEPTED,ACCEPTABLE_CONTEXT,0.004891,0.9916,1.0686,1.1039,2026-10-03T13:34:46.816481Z,2026-10-03T13:34:46.817587Z
704,harmful,LAT-00704-9b8604,ACID_BULK,18.0,6.2,REJECT,MODEL_A_BLOCK,HARMFUL_CONTEXT,1.0,0.48,0.5551,0.5879,2026-10-03T13:34:46.817811Z,2026-10-03T13:34:46.818400Z
705,normal,LAT-00705-26dd0f,ACID_FINE,4.5,7.0,ACCEPT,ACCEPTED,ACCEPTABLE_CONTEXT,0.00428,1.0261,1.114,1.1502,2026-10-03T13:34:46.818631Z,2026-10-03T13:34:46.819783Z
706,normal,LAT-00706-9c34b5,BASE_FINE,9.3,7.0,ACCEPT,ACCEPTED,ACCEPTABLE_CONTEXT,0.00428,1.0067,1.0847,1.1199,2026-10-03T13:34:46.820013Z,2026-10-03T13:34:46.821134Z
707,harmful,LAT-00707-45d951,ACID_BULK,16.4,6.2,REJECT,MODEL_A_BLOCK,HARMFUL_CONTEXT,1.0,0.4852,0.5631,0.5972,2026-10-03T13:34:46.821358Z,2026-10-03T13:34:46.821956Z
708,uncertain,LAT-00708-fd1ab0,BASE_FINE,4.9,7.0,REJECT,MODEL_A_BLOCK,UNCERTAIN_CONTEXT,1.0,0.4332,0.5165,0.5521,2026-10-03T13:34:46.822175Z,2026-10-03T13:34:46.822728Z
709,normal,LAT-00709-8c59da,BASE_FINE,9.1,7.0,ACCEPT,ACCEPTED,ACCEPTABLE_CONTEXT,0.00428,0.9807,1.0616,1.097,2026-10-03T13:34:46.822949Z,2026-10-03T13:34:46.824048Z
710,normal,LAT-00710-e8342f,BASE_FINE,9.4,7.0,ACCEPT,ACCEPTED,ACCEPTABLE_CONTEXT,0.00428,0.9974,1.0768,1.1117,2026-10-03T13:34:46.824271Z,2026-10-03T13:34:46.825384Z
711,normal,LAT-00711-7c33c8,BASE_FINE,6.6,7.0,ACCEPT,ACCEPTED,ACCEPTABLE_CONTEXT,0.00428,0.9738,1.0632,1.1,2026-10-03T13:34:46.825608Z,2026-10-03T13:34:46.826710Z
712,normal,LAT-00712-bf1acc,BASE_FINE,5.9,7.0,ACCEPT,ACCEPTED,ACCEPTABLE_CONTEXT,0.00428,0.9587,1.0391,1.0751,2026-10-03T13:34:46.826944Z,2026-10-03T13:34:46.828020Z
713,harmful,LAT-00713-4b9937,ACID_BULK,12.9,6.2,REJECT,MODEL_A_BLOCK,HARMFUL_CONTEXT,1.0,0.4939,0.5716,0.6059,2026-10-03T13:34:46.828247Z,2026-10-03T13:34:46.828854Z
714,normal,LAT-00714-b07786,BASE_FINE,8.6,7.0,ACCEPT,ACCEPTED,ACCEPTABLE_CONTEXT,0.00428,0.9891,1.0677,1.103,2026-10-03T13:34:46.829076Z,2026-10-03T13:34:46.830180Z
715,harmful,LAT-00715-ae46fa,ACID_BULK,10.5,6.2,REJECT,MODEL_A_BLOCK,HARMFUL_CONTEXT,1.0,0.5008,0.5872,0.6233,2026-10-03T13:34:46.830405Z,2026-10-03T13:34:46.831030Z
716,normal,LAT-00716-c3c650,ACID_FINE,2.2,7.0,ACCEPT,ACCEPTED,ACCEPTABLE_CONTEXT,0.00428,0.9758,1.0545,1.0901,2026-10-03T13:34:46.831253Z,2026-10-03T13:34:46.832345Z
717,normal,LAT-00717-1225b4,BASE_FINE,2.8,7.0,ACCEPT,ACCEPTED,ACCEPTABLE_CONTEXT,0.00428,0.9506,1.0285,1.0628,2026-10-03T13:34:46.832569Z,2026-10-03T13:34:46.833634Z
718,normal,LAT-00718-e1d75e,BASE_FINE,7.9,7.0,ACCEPT,ACCEPTED,ACCEPTABLE_CONTEXT,0.00428,0.9537,1.0429,1.0806,2026-10-03T13:34:46.833858Z,2026-10-03T13:34:46.834940Z
719,normal,LAT-00719-771861,ACID_FINE,4.7,7.0,ACCEPT,ACCEPTED,ACCEPTABLE_CONTEXT,0.00428,0.9814,1.0739,1.1102,2026-10-03T13:34:46.835170Z,2026-10-03T13:34:46.836282Z
720,normal,LAT-00720-658b0c,BASE_FINE,7.0,7.0,ACCEPT,ACCEPTED,ACCEPTABLE_CONTEXT,0.00428,0.9441,1.0232,1.0591,2026-10-03T13:34:46.836509Z,2026-10-03T13:34:46.837569Z
721,recovery,LAT-00721-5bcb39,BASE_FINE,5.2,3.5,ACCEPT,ACCEPTED,ACCEPTABLE_CONTEXT,0.008166,1.0368,1.1263,1.1638,2026-10-03T13:34:46.837797Z,2026-10-03T13:34:46.838962Z
722,normal,LAT-00722-b3095e,ACID_FINE,1.8,7.0,ACCEPT,ACCEPTED,ACCEPTABLE_CONTEXT,0.004506,0.9844,1.0772,1.1124,2026-10-03T13:34:46.839197Z,2026-10-03T13:34:46.840311Z
723,uncertain,LAT-00723-1a074b,BASE_FINE,2.8,7.0,REJECT,MODEL_A_BLOCK,UNCERTAIN_CONTEXT,1.0,0.4797,0.5559,0.591,2026-10-03T13:34:46.840541Z,2026-10-03T13:34:46.841133Z
724,normal,LAT-00724-89ac35,BASE_FINE,8.8,7.0,ACCEPT,ACCEPTED,ACCEPTABLE_CONTEXT,0.00428,0.9544,1.0332,1.068,2026-10-03T13:34:46.841357Z,2026-10-03T13:34:46.842427Z
725,harmful,LAT-00725-107242,ACID_BULK,14.4,6.2,REJECT,MODEL_A_BLOCK,HARMFUL_CONTEXT,1.0,0.4945,0.5804,0.615,2026-10-03T13:34:46.842668Z,2026-10-03T13:34:46.843285Z
726,normal,LAT-00726-ed48d9,BASE_FINE,9.1,7.0,ACCEPT,ACCEPTED,ACCEPTABLE_CONTEXT,0.00428,1.0026,1.0823,1.1186,2026-10-03T13:34:46.843524Z,2026-10-03T13:34:46.844643Z
727,normal,LAT-00727-620211,BASE_FINE,0.7,7.0,ACCEPT,ACCEPTED,ACCEPTABLE_CONTEXT,0.00428,0.9838,1.0617,1.0968,2026-10-03T13:34:46.844872Z,2026-10-03T13:34:46.845970Z
728,normal,LAT-00728-12ddf3,BASE_FINE,9.0,7.0,ACCEPT,ACCEPTED,ACCEPTABLE_CONTEXT,0.004506,0.9965,1.086,1.1236,2026-10-03T13:34:46.846196Z,2026-10-03T13:34:46.847321Z
729,harmful,LAT-00729-4f4770,ACID_BULK,17.1,6.2,REJECT,MODEL_A_BLOCK,HARMFUL_CONTEXT,1.0,0.4947,0.5728,0.6076,2026-10-03T13:34:46.847556Z,2026-10-03T13:34:46.848165Z
730,normal,LAT-00730-5eefaf,BASE_FINE,6.4,7.0,ACCEPT,ACCEPTED,ACCEPTABLE_CONTEXT,0.00428,0.9871,1.0671,1.1027,2026-10-03T13:34:46.848393Z,2026-10-03T13:34:46.849497Z
731,recovery,LAT-00731-ca9485,BASE_FINE,9.2,3.5,ACCEPT,ACCEPTED,ACCEPTABLE_CONTEXT,0.008166,1.0298,1.1184,1.1567,2026-10-03T13:34:46.849723Z,2026-10-03T13:34:46.850881Z
732,uncertain,LAT-00732-185a49,BASE_FINE,4.3,7.0,REJECT,MODEL_A_BLOCK,UNCERTAIN_CONTEXT,1.0,0.4799,0.5567,0.5921,2026-10-03T13:34:46.851116Z,2026-10-03T13:34:46.851709Z
733,harmful,LAT-00733-857712,ACID_BULK,12.9,6.2,REJECT,MODEL_A_BLOCK,HARMFUL_CONTEXT,1.0,0.4699,0.5463,0.5807,2026-10-03T13:34:46.851934Z,2026-10-03T13:34:46.852516Z
734,normal,LAT-00734-12fa8b,ACID_FINE,5.2,7.0,ACCEPT,ACCEPTED,ACCEPTABLE_CONTEXT,0.00428,0.9736,1.0525,1.0875,2026-10-03T13:34:46.852734Z,2026-10-03T13:34:46.853823Z
735,uncertain,LAT-00735-39da6b,BASE_FINE,2.0,7.0,REJECT,MODEL_A_BLOCK,UNCERTAIN_CONTEXT,1.0,0.4789,0.5643,0.5999,2026-10-03T13:34:46.854047Z,2026-10-03T13:34:46.854648Z
736,harmful,LAT-00736-c09efd,ACID_BULK,12.3,6.2,REJECT,MODEL_A_BLOCK,HARMFUL_CONTEXT,1.0,0.4694,0.5457,0.5797,2026-10-03T13:34:46.854872Z,2026-10-03T13:34:46.855452Z
737,harmful,LAT-00737-3b298a,ACID_BULK,17.9,6.2,REJECT,MODEL_A_BLOCK,HARMFUL_CONTEXT,1.0,0.461,0.5366,0.5706,2026-10-03T13:34:46.855680Z,2026-10-03T13:34:46.856252Z
738,harmful,LAT-00738-6da002,ACID_BULK,19.2,6.2,REJECT,MODEL_A_BLOCK,HARMFUL_CONTEXT,1.0,0.4526,0.5265,0.5599,2026-10-03T13:34:46.856469Z,2026-10-03T13:34:46.857030Z
739,harmful,LAT-00739-0551c3,ACID_BULK,19.5,6.2,REJECT,MODEL_A_BLOCK,HARMFUL_CONTEXT,1.0,0.4505,0.5303,0.5631,2026-10-03T13:34:46.857246Z,2026-10-03T13:34:46.857810Z
740,normal,LAT-00740-15ca49,BASE_FINE,2.3,7.0,ACCEPT,ACCEPTED,ACCEPTABLE_CONTEXT,0.00428,1.0305,1.118,1.1554,2026-10-03T13:34:46.858025Z,2026-10-03T13:34:46.859182Z
741,normal,LAT-00741-542eb3,BASE_FINE,2.6,7.0,ACCEPT,ACCEPTED,ACCEPTABLE_CONTEXT,0.00428,0.9914,1.0688,1.103,2026-10-03T13:34:46.859411Z,2026-10-03T13:34:46.860515Z
742,uncertain,LAT-00742-dd0274,BASE_FINE,1.6,7.0,REJECT,MODEL_A_BLOCK,UNCERTAIN_CONTEXT,1.0,0.4414,0.5157,0.5489,2026-10-03T13:34:46.860740Z,2026-10-03T13:34:46.861290Z
743,normal,LAT-00743-cbb0ec,BASE_FINE,3.4,7.0,ACCEPT,ACCEPTED,ACCEPTABLE_CONTEXT,0.00428,0.9826,1.069,1.1053,2026-10-03T13:34:46.861508Z,2026-10-03T13:34:46.862615Z
744,harmful,LAT-00744-9fd894,ACID_BULK,11.2,6.2,REJECT,MODEL_A_BLOCK,HARMFUL_CONTEXT,1.0,0.4911,0.5674,0.6006,2026-10-03T13:34:46.862845Z,2026-10-03T13:34:46.863447Z
745,normal,LAT-00745-06a43d,ACID_FINE,2.0,7.0,ACCEPT,ACCEPTED,ACCEPTABLE_CONTEXT,0.00428,0.9749,1.0527,1.0873,2026-10-03T13:34:46.863668Z,2026-10-03T13:34:46.864757Z
746,recovery,LAT-00746-d20a1d,BASE_FINE,9.1,3.5,ACCEPT,ACCEPTED,ACCEPTABLE_CONTEXT,0.008166,1.0442,1.1232,1.1585,2026-10-03T13:34:46.864978Z,2026-10-03T13:34:46.866138Z
747,uncertain,LAT-00747-6b3fcd,BASE_FINE,3.3,7.0,REJECT,MODEL_A_BLOCK,UNCERTAIN_CONTEXT,1.0,0.5012,0.5867,0.6226,2026-10-03T13:34:46.866359Z,2026-10-03T13:34:46.866983Z
748,normal,LAT-00748-17025a,BASE_FINE,3.8,7.0,ACCEPT,ACCEPTED,ACCEPTABLE_CONTEXT,0.004506,0.9758,1.0544,1.0893,2026-10-03T13:34:46.867208Z,2026-10-03T13:34:46.868299Z
749,harmful,LAT-00749-9159fd,ACID_BULK,17.9,6.2,REJECT,MODEL_A_BLOCK,HARMFUL_CONTEXT,1.0,0.4844,0.5613,0.5947,2026-10-03T13:34:46.868524Z,2026-10-03T13:34:46.869120Z
750,harmful,LAT-00750-597e0e,ACID_BULK,14.9,6.2,REJECT,MODEL_A_BLOCK,HARMFUL_CONTEXT,1.0,0.4624,0.5367,0.5697,2026-10-03T13:34:46.869338Z,2026-10-03T13:34:46.869909Z
751,normal,LAT-00751-402151,BASE_FINE,8.1,7.0,ACCEPT,ACCEPTED,ACCEPTABLE_CONTEXT,0.00428,1.0263,1.1141,1.1509,2026-10-03T13:34:46.870127Z,2026-10-03T13:34:46.871279Z
752,normal,LAT-00752-4d65c2,ACID_FINE,2.7,7.0,ACCEPT,ACCEPTED,ACCEPTABLE_CONTEXT,0.00428,0.9712,1.0496,1.0846,2026-10-03T13:34:46.871508Z,2026-10-03T13:34:46.872594Z
753,normal,LAT-00753-4d5bc4,BASE_FINE,3.7,7.0,ACCEPT,ACCEPTED,ACCEPTABLE_CONTEXT,0.00428,0.9511,1.0288,1.0645,2026-10-03T13:34:46.872818Z,2026-10-03T13:34:46.873884Z
754,harmful,LAT-00754-0503a7,ACID_BULK,18.1,6.2,REJECT,MODEL_A_BLOCK,HARMFUL_CONTEXT,1.0,0.5018,0.5885,0.6245,2026-10-03T13:34:46.874109Z,2026-10-03T13:34:46.874735Z
755,normal,LAT-00755-7112ae,BASE_FINE,9.0,7.0,ACCEPT,ACCEPTED,ACCEPTABLE_CONTEXT,0.004506,1.0072,1.0884,1.1229,2026-10-03T13:34:46.874973Z,2026-10-03T13:34:46.876097Z
756,normal,LAT-00756-3734e6,ACID_FINE,0.9,7.0,ACCEPT,ACCEPTED,ACCEPTABLE_CONTEXT,0.00428,0.941,1.0211,1.0558,2026-10-03T13:34:46.876327Z,2026-10-03T13:34:46.877384Z
757,normal,LAT-00757-875a48,BASE_FINE,5.4,7.0,ACCEPT,ACCEPTED,ACCEPTABLE_CONTEXT,0.00428,0.9946,1.0866,1.1237,2026-10-03T13:34:46.877609Z,2026-10-03T13:34:46.878734Z
758,harmful,LAT-00758-260964,ACID_BULK,11.4,6.2,REJECT,MODEL_A_BLOCK,HARMFUL_CONTEXT,1.0,0.4986,0.5756,0.6093,2026-10-03T13:34:46.878967Z,2026-10-03T13:34:46.879577Z
759,normal,LAT-00759-d494cf,ACID_FINE,9.4,7.0,ACCEPT,ACCEPTED,ACCEPTABLE_CONTEXT,0.00428,0.9551,1.0382,1.0741,2026-10-03T13:34:46.879803Z,2026-10-03T13:34:46.880878Z
760,harmful,LAT-00760-370ef7,ACID_BULK,13.8,6.2,REJECT,MODEL_A_BLOCK,HARMFUL_CONTEXT,1.0,0.4868,0.5631,0.597,2026-10-03T13:34:46.881101Z,2026-10-03T13:34:46.881699Z
761,normal,LAT-00761-438faf,ACID_FINE,5.4,7.0,ACCEPT,ACCEPTED,ACCEPTABLE_CONTEXT,0.00428,1.0101,1.0982,1.1361,2026-10-03T13:34:46.881922Z,2026-10-03T13:34:46.883059Z
762,normal,LAT-00762-f2ed81,BASE_FINE,9.8,7.0,ACCEPT,ACCEPTED,ACCEPTABLE_CONTEXT,0.00428,0.9629,1.0413,1.0847,2026-10-03T13:34:46.883289Z,2026-10-03T13:34:46.884375Z
763,harmful,LAT-00763-c5fe6d,ACID_BULK,15.9,6.2,REJECT,MODEL_A_BLOCK,HARMFUL_CONTEXT,1.0,0.4904,0.5672,0.602,2026-10-03T13:34:46.884601Z,2026-10-03T13:34:46.885204Z
764,harmful,LAT-00764-49e9b3,ACID_BULK,18.0,6.2,REJECT,MODEL_A_BLOCK,HARMFUL_CONTEXT,1.0,0.4662,0.5396,0.5726,2026-10-03T13:34:46.885422Z,2026-10-03T13:34:46.885996Z
765,harmful,LAT-00765-a5280b,ACID_BULK,11.3,6.2,REJECT,MODEL_A_BLOCK,HARMFUL_CONTEXT,1.0,0.4691,0.5528,0.588,2026-10-03T13:34:46.886212Z,2026-10-03T13:34:46.886801Z
766,uncertain,LAT-00766-98be27,BASE_FINE,4.8,7.0,REJECT,MODEL_A_BLOCK,UNCERTAIN_CONTEXT,1.0,0.4041,0.4782,0.5126,2026-10-03T13:34:46.887029Z,2026-10-03T13:34:46.887543Z
767,normal,LAT-00767-fcf576,ACID_FINE,5.1,7.0,ACCEPT,ACCEPTED,ACCEPTABLE_CONTEXT,0.00428,1.037,1.1156,1.1516,2026-10-03T13:34:46.887757Z,2026-10-03T13:34:46.888910Z
768,recovery,LAT-00768-6b9ff4,BASE_FINE,8.1,3.5,ACCEPT,ACCEPTED,ACCEPTABLE_CONTEXT,0.008166,1.0578,1.1354,1.1701,2026-10-03T13:34:46.889134Z,2026-10-03T13:34:46.890305Z
769,normal,LAT-00769-5dfc10,BASE_FINE,5.3,7.0,ACCEPT,ACCEPTED,ACCEPTABLE_CONTEXT,0.00428,0.9776,1.067,1.1026,2026-10-03T13:34:46.890540Z,2026-10-03T13:34:46.891645Z
770,normal,LAT-00770-64c95c,BASE_FINE,7.5,7.0,ACCEPT,ACCEPTED,ACCEPTABLE_CONTEXT,0.00428,0.9542,1.0333,1.0686,2026-10-03T13:34:46.891872Z,2026-10-03T13:34:46.892942Z
771,harmful,LAT-00771-cca2ad,ACID_BULK,14.7,6.2,REJECT,MODEL_A_BLOCK,HARMFUL_CONTEXT,1.0,0.4889,0.5651,0.5984,2026-10-03T13:34:46.893163Z,2026-10-03T13:34:46.893763Z
772,normal,LAT-00772-c92a7b,BASE_FINE,1.6,7.0,ACCEPT,ACCEPTED,ACCEPTABLE_CONTEXT,0.004506,1.0011,1.0899,1.1269,2026-10-03T13:34:46.893987Z,2026-10-03T13:34:46.895115Z
773,normal,LAT-00773-d74feb,BASE_FINE,9.0,7.0,ACCEPT,ACCEPTED,ACCEPTABLE_CONTEXT,0.00428,0.9893,1.0685,1.1029,2026-10-03T13:34:46.895345Z,2026-10-03T13:34:46.896450Z
774,harmful,LAT-00774-f8a82d,ACID_BULK,10.8,6.2,REJECT,MODEL_A_BLOCK,HARMFUL_CONTEXT,1.0,0.4891,0.5654,0.5988,2026-10-03T13:34:46.896675Z,2026-10-03T13:34:46.897275Z
775,recovery,LAT-00775-1290b6,BASE_FINE,6.7,3.5,ACCEPT,ACCEPTED,ACCEPTABLE_CONTEXT,0.008166,1.0289,1.1174,1.1541,2026-10-03T13:34:46.897497Z,2026-10-03T13:34:46.898653Z
776,normal,LAT-00776-cbdcbc,ACID_FINE,4.7,7.0,ACCEPT,ACCEPTED,ACCEPTABLE_CONTEXT,0.004891,0.9654,1.0428,1.0781,2026-10-03T13:34:46.898884Z,2026-10-03T13:34:46.899963Z
777,harmful,LAT-00777-d1c42a,ACID_BULK,18.5,6.2,REJECT,MODEL_A_BLOCK,HARMFUL_CONTEXT,1.0,0.4903,0.5681,0.6021,2026-10-03T13:34:46.900190Z,2026-10-03T13:34:46.900793Z
778,normal,LAT-00778-2f6fdf,BASE_FINE,3.4,7.0,ACCEPT,ACCEPTED,ACCEPTABLE_CONTEXT,0.00428,0.9571,1.0349,1.0702,2026-10-03T13:34:46.901015Z,2026-10-03T13:34:46.902087Z
779,uncertain,LAT-00779-c05232,BASE_FINE,4.4,7.0,REJECT,MODEL_A_BLOCK,UNCERTAIN_CONTEXT,1.0,0.5074,0.597,0.6333,2026-10-03T13:34:46.902313Z,2026-10-03T13:34:46.902947Z
780,uncertain,LAT-00780-c7f5dc,BASE_FINE,1.2,7.0,REJECT,MODEL_A_BLOCK,UNCERTAIN_CONTEXT,1.0,0.4203,0.4954,0.5292,2026-10-03T13:34:46.903173Z,2026-10-03T13:34:46.903703Z
781,recovery,LAT-00781-5885e6,BASE_FINE,2.6,3.5,ACCEPT,ACCEPTED,ACCEPTABLE_CONTEXT,0.008166,1.0666,1.1451,1.1795,2026-10-03T13:34:46.903920Z,2026-10-03T13:34:46.905101Z
782,normal,LAT-00782-255628,ACID_FINE,9.9,7.0,ACCEPT,ACCEPTED,ACCEPTABLE_CONTEXT,0.00428,0.9683,1.0478,1.0824,2026-10-03T13:34:46.905326Z,2026-10-03T13:34:46.906410Z
783,recovery,LAT-00783-6da963,BASE_FINE,5.3,3.5,ACCEPT,ACCEPTED,ACCEPTABLE_CONTEXT,0.008166,1.0339,1.1223,1.1587,2026-10-03T13:34:46.906651Z,2026-10-03T13:34:46.907811Z
784,harmful,LAT-00784-0df3ce,ACID_BULK,13.4,6.2,REJECT,MODEL_A_BLOCK,HARMFUL_CONTEXT,1.0,0.4924,0.5688,0.6025,2026-10-03T13:34:46.908041Z,2026-10-03T13:34:46.908645Z
785,harmful,LAT-00785-41a26f,ACID_BULK,15.2,6.2,REJECT,MODEL_A_BLOCK,HARMFUL_CONTEXT,1.0,0.4669,0.5437,0.5772,2026-10-03T13:34:46.908876Z,2026-10-03T13:34:46.909454Z
786,uncertain,LAT-00786-c18d88,BASE_FINE,4.0,7.0,REJECT,MODEL_A_BLOCK,UNCERTAIN_CONTEXT,1.0,0.4441,0.5175,0.5504,2026-10-03T13:34:46.909670Z,2026-10-03T13:34:46.910222Z
787,harmful,LAT-00787-b66dab,ACID_BULK,16.2,6.2,REJECT,MODEL_A_BLOCK,HARMFUL_CONTEXT,1.0,0.4646,0.5478,0.5818,2026-10-03T13:34:46.910438Z,2026-10-03T13:34:46.911021Z
788,normal,LAT-00788-931b8d,BASE_FINE,8.2,7.0,ACCEPT,ACCEPTED,ACCEPTABLE_CONTEXT,0.00428,1.0043,1.0841,1.1201,2026-10-03T13:34:46.911265Z,2026-10-03T13:34:46.912386Z
789,harmful,LAT-00789-ea7982,ACID_BULK,11.5,6.2,REJECT,MODEL_A_BLOCK,HARMFUL_CONTEXT,1.0,0.4823,0.5578,0.5918,2026-10-03T13:34:46.912610Z,2026-10-03T13:34:46.913203Z
790,normal,LAT-00790-4b072b,ACID_FINE,1.3,7.0,ACCEPT,ACCEPTED,ACCEPTABLE_CONTEXT,0.00428,1.0281,1.122,1.1595,2026-10-03T13:34:46.913421Z,2026-10-03T13:34:46.914582Z
791,normal,LAT-00791-463c10,BASE_FINE,8.5,7.0,ACCEPT,ACCEPTED,ACCEPTABLE_CONTEXT,0.004506,1.0363,1.1167,1.1524,2026-10-03T13:34:46.914810Z,2026-10-03T13:34:46.915964Z
792,normal,LAT-00792-08c6f7,ACID_FINE,2.5,7.0,ACCEPT,ACCEPTED,ACCEPTABLE_CONTEXT,0.00428,0.9679,1.0464,1.0818,2026-10-03T13:34:46.916188Z,2026-10-03T13:34:46.917271Z
793,recovery,LAT-00793-590076,BASE_FINE,9.6,3.5,ACCEPT,ACCEPTED,ACCEPTABLE_CONTEXT,0.008166,1.0386,1.128,1.1658,2026-10-03T13:34:46.917498Z,2026-10-03T13:34:46.918665Z
794,normal,LAT-00794-e4c5c5,BASE_FINE,4.4,7.0,ACCEPT,ACCEPTED,ACCEPTABLE_CONTEXT,0.00428,0.9603,1.0386,1.0741,2026-10-03T13:34:46.918898Z,2026-10-03T13:34:46.919974Z
795,recovery,LAT-00795-42e91c,BASE_FINE,6.7,3.5,ACCEPT,ACCEPTED,ACCEPTABLE_CONTEXT,0.008166,1.0033,1.0841,1.1189,2026-10-03T13:34:46.920200Z,2026-10-03T13:34:46.921321Z
796,normal,LAT-00796-1a1035,ACID_FINE,1.7,7.0,ACCEPT,ACCEPTED,ACCEPTABLE_CONTEXT,0.00428,0.9906,1.0793,1.117,2026-10-03T13:34:46.921546Z,2026-10-03T13:34:46.922664Z
797,recovery,LAT-00797-77023c,BASE_FINE,9.3,3.5,ACCEPT,ACCEPTED,ACCEPTABLE_CONTEXT,0.008166,1.0409,1.1201,1.1556,2026-10-03T13:34:46.922898Z,2026-10-03T13:34:46.924055Z
798,normal,LAT-00798-ddefbf,BASE_FINE,8.6,7.0,ACCEPT,ACCEPTED,ACCEPTABLE_CONTEXT,0.004506,0.9586,1.0366,1.0729,2026-10-03T13:34:46.924279Z,2026-10-03T13:34:46.925354Z
799,harmful,LAT-00799-ae6c76,ACID_BULK,12.6,6.2,REJECT,MODEL_A_BLOCK,HARMFUL_CONTEXT,1.0,0.4975,0.5877,0.623,2026-10-03T13:34:46.925580Z,2026-10-03T13:34:46.926205Z
800,harmful,LAT-00800-3a8234,ACID_BULK,13.3,6.2,REJECT,MODEL_A_BLOCK,HARMFUL_CONTEXT,1.0,0.4854,0.5709,0.6063,2026-10-03T13:34:46.926428Z,2026-10-03T13:34:46.927036Z
801,harmful,LAT-00801-fd6c4d,ACID_BULK,11.2,6.2,REJECT,MODEL_A_BLOCK,HARMFUL_CONTEXT,1.0,0.4606,0.5345,0.5682,2026-10-03T13:34:46.927256Z,2026-10-03T13:34:46.927825Z
802,uncertain,LAT-00802-dee8b5,BASE_FINE,2.8,7.0,REJECT,MODEL_A_BLOCK,UNCERTAIN_CONTEXT,1.0,0.4428,0.5165,0.5501,2026-10-03T13:34:46.928039Z,2026-10-03T13:34:46.928591Z
803,harmful,LAT-00803-2f8e60,ACID_BULK,18.3,6.2,REJECT,MODEL_A_BLOCK,HARMFUL_CONTEXT,1.0,0.4493,0.5233,0.5557,2026-10-03T13:34:46.928804Z,2026-10-03T13:34:46.929361Z
804,harmful,LAT-00804-632747,ACID_BULK,12.8,6.2,REJECT,MODEL_A_BLOCK,HARMFUL_CONTEXT,1.0,0.4486,0.5216,0.5546,2026-10-03T13:34:46.929573Z,2026-10-03T13:34:46.930128Z
805,normal,LAT-00805-3aae8c,ACID_FINE,5.0,7.0,ACCEPT,ACCEPTED,ACCEPTABLE_CONTEXT,0.00428,1.0744,1.161,1.1983,2026-10-03T13:34:46.930340Z,2026-10-03T13:34:46.931539Z
806,harmful,LAT-00806-eb4231,ACID_BULK,19.7,6.2,REJECT,MODEL_A_BLOCK,HARMFUL_CONTEXT,1.0,0.4888,0.5656,0.5991,2026-10-03T13:34:46.931782Z,2026-10-03T13:34:46.932382Z
807,normal,LAT-00807-7faf5b,ACID_FINE,2.8,7.0,ACCEPT,ACCEPTED,ACCEPTABLE_CONTEXT,0.00428,0.9894,1.0669,1.1027,2026-10-03T13:34:46.932602Z,2026-10-03T13:34:46.933706Z
808,normal,LAT-00808-b02e2e,BASE_FINE,10.0,7.0,ACCEPT,ACCEPTED,ACCEPTABLE_CONTEXT,0.00428,0.9905,1.0777,1.1145,2026-10-03T13:34:46.933930Z,2026-10-03T13:34:46.935046Z
809,uncertain,LAT-00809-f8f5de,BASE_FINE,4.9,7.0,REJECT,MODEL_A_BLOCK,UNCERTAIN_CONTEXT,1.0,0.4472,0.5228,0.557,2026-10-03T13:34:46.935278Z,2026-10-03T13:34:46.935836Z
810,normal,LAT-00810-35ae5b,ACID_FINE,1.6,7.0,ACCEPT,ACCEPTED,ACCEPTABLE_CONTEXT,0.00428,0.9733,1.051,1.0852,2026-10-03T13:34:46.936052Z,2026-10-03T13:34:46.937139Z
811,normal,LAT-00811-9dec79,BASE_FINE,1.0,7.0,ACCEPT,ACCEPTED,ACCEPTABLE_CONTEXT,0.00428,0.9574,1.0356,1.0698,2026-10-03T13:34:46.937361Z,2026-10-03T13:34:46.938432Z
812,normal,LAT-00812-37f601,ACID_FINE,2.1,7.0,ACCEPT,ACCEPTED,ACCEPTABLE_CONTEXT,0.00428,0.9957,1.0844,1.1208,2026-10-03T13:34:46.938673Z,2026-10-03T13:34:46.939796Z
813,normal,LAT-00813-4a9490,ACID_FINE,3.0,7.0,ACCEPT,ACCEPTED,ACCEPTABLE_CONTEXT,0.00428,0.9539,1.0345,1.0687,2026-10-03T13:34:46.940022Z,2026-10-03T13:34:46.941092Z
814,uncertain,LAT-00814-0bcc6f,BASE_FINE,2.5,7.0,REJECT,MODEL_A_BLOCK,UNCERTAIN_CONTEXT,1.0,0.4456,0.5221,0.5562,2026-10-03T13:34:46.941320Z,2026-10-03T13:34:46.941878Z
815,recovery,LAT-00815-f2ec53,BASE_FINE,6.2,3.5,ACCEPT,ACCEPTED,ACCEPTABLE_CONTEXT,0.008166,1.0307,1.1189,1.1568,2026-10-03T13:34:46.942099Z,2026-10-03T13:34:46.943257Z
816,normal,LAT-00816-2d97a1,ACID_FINE,0.6,7.0,ACCEPT,ACCEPTED,ACCEPTABLE_CONTEXT,0.004506,0.9568,1.0362,1.0713,2026-10-03T13:34:46.943488Z,2026-10-03T13:34:46.944561Z
817,normal,LAT-00817-19ce13,ACID_FINE,1.5,7.0,ACCEPT,ACCEPTED,ACCEPTABLE_CONTEXT,0.00428,0.9513,1.0304,1.0655,2026-10-03T13:34:46.944785Z,2026-10-03T13:34:46.945852Z
818,uncertain,LAT-00818-bb28a5,BASE_FINE,2.4,7.0,REJECT,MODEL_A_BLOCK,UNCERTAIN_CONTEXT,1.0,0.4838,0.5687,0.6051,2026-10-03T13:34:46.946079Z,2026-10-03T13:34:46.946685Z
819,normal,LAT-00819-886c6b,ACID_FINE,2.1,7.0,ACCEPT,ACCEPTED,ACCEPTABLE_CONTEXT,0.00428,0.9761,1.0587,1.0934,2026-10-03T13:34:46.946912Z,2026-10-03T13:34:46.948007Z
820,harmful,LAT-00820-1ec4d9,ACID_BULK,15.8,6.2,REJECT,MODEL_A_BLOCK,HARMFUL_CONTEXT,1.0,0.49,0.5655,0.599,2026-10-03T13:34:46.948231Z,2026-10-03T13:34:46.948831Z
821,uncertain,LAT-00821-4ab4d5,BASE_FINE,3.7,7.0,REJECT,MODEL_A_BLOCK,UNCERTAIN_CONTEXT,1.0,0.4231,0.497,0.5302,2026-10-03T13:34:46.949051Z,2026-10-03T13:34:46.949582Z
822,harmful,LAT-00822-4f174f,ACID_BULK,19.6,6.2,REJECT,MODEL_A_BLOCK,HARMFUL_CONTEXT,1.0,0.4561,0.5299,0.5635,2026-10-03T13:34:46.949795Z,2026-10-03T13:34:46.950360Z
823,normal,LAT-00823-32a7df,BASE_FINE,3.2,7.0,ACCEPT,ACCEPTED,ACCEPTABLE_CONTEXT,0.00428,0.9971,1.0835,1.1187,2026-10-03T13:34:46.950586Z,2026-10-03T13:34:46.951706Z
824,harmful,LAT-00824-63d98d,ACID_BULK,11.9,6.2,REJECT,MODEL_A_BLOCK,HARMFUL_CONTEXT,1.0,0.4811,0.5556,0.5898,2026-10-03T13:34:46.951931Z,2026-10-03T13:34:46.952522Z
825,uncertain,LAT-00825-ba3b68,BASE_FINE,3.4,7.0,REJECT,MODEL_A_BLOCK,UNCERTAIN_CONTEXT,1.0,0.403,0.4763,0.5099,2026-10-03T13:34:46.952739Z,2026-10-03T13:34:46.953250Z
826,harmful,LAT-00826-33bf9a,ACID_BULK,12.4,6.2,REJECT,MODEL_A_BLOCK,HARMFUL_CONTEXT,1.0,0.4552,0.5292,0.5619,2026-10-03T13:34:46.953465Z,2026-10-03T13:34:46.954028Z
827,harmful,LAT-00827-1ec599,ACID_BULK,13.9,6.2,REJECT,MODEL_A_BLOCK,HARMFUL_CONTEXT,1.0,0.4617,0.5436,0.5778,2026-10-03T13:34:46.954239Z,2026-10-03T13:34:46.954818Z
828,normal,LAT-00828-6aa9f7,BASE_FINE,8.6,7.0,ACCEPT,ACCEPTED,ACCEPTABLE_CONTEXT,0.004506,1.0421,1.1295,1.1639,2026-10-03T13:34:46.955035Z,2026-10-03T13:34:46.956201Z
829,harmful,LAT-00829-f8d70e,ACID_BULK,10.5,6.2,REJECT,MODEL_A_BLOCK,HARMFUL_CONTEXT,1.0,0.482,0.5576,0.5907,2026-10-03T13:34:46.956423Z,2026-10-03T13:34:46.957015Z
830,uncertain,LAT-00830-76e300,BASE_FINE,4.5,7.0,REJECT,MODEL_A_BLOCK,UNCERTAIN_CONTEXT,1.0,0.417,0.4919,0.526,2026-10-03T13:34:46.957232Z,2026-10-03T13:34:46.957760Z
831,harmful,LAT-00831-b41c67,ACID_BULK,15.3,6.2,REJECT,MODEL_A_BLOCK,HARMFUL_CONTEXT,1.0,0.4522,0.5422,0.5777,2026-10-03T13:34:46.957973Z,2026-10-03T13:34:46.958552Z
832,normal,LAT-00832-7f5813,ACID_FINE,9.5,7.0,ACCEPT,ACCEPTED,ACCEPTABLE_CONTEXT,0.00428,1.0076,1.0864,1.122,2026-10-03T13:34:46.958770Z,2026-10-03T13:34:46.959893Z
833,normal,LAT-00833-02ccf9,ACID_FINE,4.9,7.0,ACCEPT,ACCEPTED,ACCEPTABLE_CONTEXT,0.00428,0.9885,1.0673,1.102,2026-10-03T13:34:46.960117Z,2026-10-03T13:34:46.961220Z
834,normal,LAT-00834-a86896,BASE_FINE,3.5,7.0,ACCEPT,ACCEPTED,ACCEPTABLE_CONTEXT,0.004506,1.0095,1.1061,1.1433,2026-10-03T13:34:46.961444Z,2026-10-03T13:34:46.962588Z
835,harmful,LAT-00835-fc4646,ACID_BULK,15.9,6.2,REJECT,MODEL_A_BLOCK,HARMFUL_CONTEXT,1.0,0.4911,0.5677,0.6025,2026-10-03T13:34:46.962818Z,2026-10-03T13:34:46.963422Z
836,normal,LAT-00836-c03aee,BASE_FINE,2.5,7.0,ACCEPT,ACCEPTED,ACCEPTABLE_CONTEXT,0.004506,1.0044,1.082,1.1167,2026-10-03T13:34:46.963641Z,2026-10-03T13:34:46.964759Z
837,harmful,LAT-00837-8e9b06,ACID_BULK,19.5,6.2,REJECT,MODEL_A_BLOCK,HARMFUL_CONTEXT,1.0,0.4831,0.5581,0.5919,2026-10-03T13:34:46.964980Z,2026-10-03T13:34:46.965574Z
838,uncertain,LAT-00838-741ff7,BASE_FINE,2.6,7.0,REJECT,MODEL_A_BLOCK,UNCERTAIN_CONTEXT,1.0,0.449,0.5217,0.5553,2026-10-03T13:34:46.965794Z,2026-10-03T13:34:46.966351Z
839,normal,LAT-00839-01e3f5,ACID_FINE,6.1,7.0,ACCEPT,ACCEPTED,ACCEPTABLE_CONTEXT,0.00428,0.994,1.0861,1.1232,2026-10-03T13:34:46.966587Z,2026-10-03T13:34:46.967712Z
840,normal,LAT-00840-596b8d,ACID_FINE,5.4,7.0,ACCEPT,ACCEPTED,ACCEPTABLE_CONTEXT,0.00428,0.9621,1.0407,1.0758,2026-10-03T13:34:46.967942Z,2026-10-03T13:34:46.969019Z
841,normal,LAT-00841-13d2b8,BASE_FINE,2.9,7.0,ACCEPT,ACCEPTED,ACCEPTABLE_CONTEXT,0.00428,0.9895,1.0675,1.1023,2026-10-03T13:34:46.969246Z,2026-10-03T13:34:46.970350Z
842,normal,LAT-00842-f7969c,ACID_FINE,3.3,7.0,ACCEPT,ACCEPTED,ACCEPTABLE_CONTEXT,0.00428,0.9432,1.0303,1.0663,2026-10-03T13:34:46.970587Z,2026-10-03T13:34:46.971655Z
843,harmful,LAT-00843-1e2efb,ACID_BULK,18.3,6.2,REJECT,MODEL_A_BLOCK,HARMFUL_CONTEXT,1.0,0.4896,0.5653,0.5999,2026-10-03T13:34:46.971884Z,2026-10-03T13:34:46.972485Z
844,uncertain,LAT-00844-87bddb,BASE_FINE,4.7,7.0,REJECT,MODEL_A_BLOCK,UNCERTAIN_CONTEXT,1.0,0.4215,0.4961,0.5292,2026-10-03T13:34:46.972717Z,2026-10-03T13:34:46.973247Z
845,normal,LAT-00845-fd4ccc,ACID_FINE,5.3,7.0,ACCEPT,ACCEPTED,ACCEPTABLE_CONTEXT,0.00428,0.9747,1.0714,1.1078,2026-10-03T13:34:46.973463Z,2026-10-03T13:34:46.974573Z
846,normal,LAT-00846-3ab635,ACID_FINE,4.0,7.0,ACCEPT,ACCEPTED,ACCEPTABLE_CONTEXT,0.00428,0.9879,1.0677,1.1035,2026-10-03T13:34:46.974807Z,2026-10-03T13:34:46.975912Z
847,harmful,LAT-00847-b59e5e,ACID_BULK,16.0,6.2,REJECT,MODEL_A_BLOCK,HARMFUL_CONTEXT,1.0,0.4932,0.5703,0.6079,2026-10-03T13:34:46.976148Z,2026-10-03T13:34:46.976757Z
848,harmful,LAT-00848-47d247,ACID_BULK,10.0,6.2,REJECT,MODEL_A_BLOCK,HARMFUL_CONTEXT,1.0,0.4693,0.5444,0.578,2026-10-03T13:34:46.976977Z,2026-10-03T13:34:46.977557Z
849,normal,LAT-00849-d8814f,BASE_FINE,1.3,7.0,ACCEPT,ACCEPTED,ACCEPTABLE_CONTEXT,0.00428,1.047,1.1366,1.1751,2026-10-03T13:34:46.977774Z,2026-10-03T13:34:46.978951Z
850,harmful,LAT-00850-a31205,ACID_BULK,14.0,6.2,REJECT,MODEL_A_BLOCK,HARMFUL_CONTEXT,1.0,0.4898,0.5653,0.5988,2026-10-03T13:34:46.979180Z,2026-10-03T13:34:46.979780Z
851,recovery,LAT-00851-77dba6,BASE_FINE,3.4,3.5,ACCEPT,ACCEPTED,ACCEPTABLE_CONTEXT,0.008166,1.0563,1.1339,1.1697,2026-10-03T13:34:46.979999Z,2026-10-03T13:34:46.981170Z
852,normal,LAT-00852-0d2a5b,BASE_FINE,2.0,7.0,ACCEPT,ACCEPTED,ACCEPTABLE_CONTEXT,0.00428,0.9633,1.0417,1.0762,2026-10-03T13:34:46.981393Z,2026-10-03T13:34:46.982470Z
853,normal,LAT-00853-2f327d,BASE_FINE,5.9,7.0,ACCEPT,ACCEPTED,ACCEPTABLE_CONTEXT,0.004506,0.9672,1.0554,1.0921,2026-10-03T13:34:46.982709Z,2026-10-03T13:34:46.983802Z
854,normal,LAT-00854-851c2c,BASE_FINE,6.6,7.0,ACCEPT,ACCEPTED,ACCEPTABLE_CONTEXT,0.00428,0.95,1.0274,1.0622,2026-10-03T13:34:46.984026Z,2026-10-03T13:34:46.985090Z
855,normal,LAT-00855-164c33,ACID_FINE,6.1,7.0,ACCEPT,ACCEPTED,ACCEPTABLE_CONTEXT,0.00428,0.9416,1.0194,1.055,2026-10-03T13:34:46.985311Z,2026-10-03T13:34:46.986368Z
856,harmful,LAT-00856-4a16c7,ACID_BULK,10.1,6.2,REJECT,MODEL_A_BLOCK,HARMFUL_CONTEXT,1.0,0.4992,0.5846,0.6192,2026-10-03T13:34:46.986606Z,2026-10-03T13:34:46.987226Z
857,normal,LAT-00857-72c9e3,BASE_FINE,1.2,7.0,ACCEPT,ACCEPTED,ACCEPTABLE_CONTEXT,0.004506,0.9933,1.0706,1.1049,2026-10-03T13:34:46.987447Z,2026-10-03T13:34:46.988553Z
858,normal,LAT-00858-0736bd,BASE_FINE,3.1,7.0,ACCEPT,ACCEPTED,ACCEPTABLE_CONTEXT,0.00428,0.9516,1.0287,1.0631,2026-10-03T13:34:46.988776Z,2026-10-03T13:34:46.989841Z
859,uncertain,LAT-00859-a78066,BASE_FINE,2.7,7.0,REJECT,MODEL_A_BLOCK,UNCERTAIN_CONTEXT,1.0,0.4866,0.5752,0.6109,2026-10-03T13:34:46.990061Z,2026-10-03T13:34:46.990673Z
860,normal,LAT-00860-f1b0d2,ACID_FINE,5.6,7.0,ACCEPT,ACCEPTED,ACCEPTABLE_CONTEXT,0.00428,1.0104,1.0888,1.1229,2026-10-03T13:34:46.990899Z,2026-10-03T13:34:46.992023Z
861,normal,LAT-00861-b28100,BASE_FINE,5.5,7.0,ACCEPT,ACCEPTED,ACCEPTABLE_CONTEXT,0.00428,0.9539,1.0312,1.0676,2026-10-03T13:34:46.992249Z,2026-10-03T13:34:46.993317Z
862,normal,LAT-00862-c1d4d2,BASE_FINE,6.3,7.0,ACCEPT,ACCEPTED,ACCEPTABLE_CONTEXT,0.00428,0.9581,1.0465,1.0833,2026-10-03T13:34:46.993542Z,2026-10-03T13:34:46.994627Z
863,harmful,LAT-00863-1c7049,ACID_BULK,17.8,6.2,REJECT,MODEL_A_BLOCK,HARMFUL_CONTEXT,1.0,0.4973,0.5744,0.608,2026-10-03T13:34:46.994857Z,2026-10-03T13:34:46.995466Z
864,uncertain,LAT-00864-2ab09d,BASE_FINE,1.8,7.0,REJECT,MODEL_A_BLOCK,UNCERTAIN_CONTEXT,1.0,0.4551,0.5298,0.5631,2026-10-03T13:34:46.995685Z,2026-10-03T13:34:46.996249Z
865,uncertain,LAT-00865-f399f5,BASE_FINE,1.5,7.0,REJECT,MODEL_A_BLOCK,UNCERTAIN_CONTEXT,1.0,0.4432,0.5159,0.549,2026-10-03T13:34:46.996463Z,2026-10-03T13:34:46.997014Z
866,uncertain,LAT-00866-94a929,BASE_FINE,2.7,7.0,REJECT,MODEL_A_BLOCK,UNCERTAIN_CONTEXT,1.0,0.4362,0.5093,0.5414,2026-10-03T13:34:46.997225Z,2026-10-03T13:34:46.997768Z
867,recovery,LAT-00867-ffc17d,BASE_FINE,7.5,3.5,ACCEPT,ACCEPTED,ACCEPTABLE_CONTEXT,0.008597,1.0953,1.1851,1.2217,2026-10-03T13:34:46.997981Z,2026-10-03T13:34:46.999204Z
868,recovery,LAT-00868-0277e6,BASE_FINE,8.5,3.5,ACCEPT,ACCEPTED,ACCEPTABLE_CONTEXT,0.008166,1.0446,1.1228,1.1571,2026-10-03T13:34:46.999435Z,2026-10-03T13:34:47.000593Z
869,normal,LAT-00869-d2e144,ACID_FINE,8.4,7.0,ACCEPT,ACCEPTED,ACCEPTABLE_CONTEXT,0.00428,0.994,1.0724,1.1078,2026-10-03T13:34:47.000820Z,2026-10-03T13:34:47.001929Z
870,normal,LAT-00870-04ce32,ACID_FINE,2.1,7.0,ACCEPT,ACCEPTED,ACCEPTABLE_CONTEXT,0.004506,1.4528,1.5488,1.5898,2026-10-03T13:34:47.002156Z,2026-10-03T13:34:47.003748Z
871,harmful,LAT-00871-3e391f,ACID_BULK,17.9,6.2,REJECT,MODEL_A_BLOCK,HARMFUL_CONTEXT,1.0,0.5239,0.6054,0.6407,2026-10-03T13:34:47.004008Z,2026-10-03T13:34:47.004650Z
872,harmful,LAT-00872-cbbf6b,ACID_BULK,10.5,6.2,REJECT,MODEL_A_BLOCK,HARMFUL_CONTEXT,1.0,0.4786,0.5549,0.5889,2026-10-03T13:34:47.004883Z,2026-10-03T13:34:47.005473Z
873,harmful,LAT-00873-7a3054,ACID_BULK,15.5,6.2,REJECT,MODEL_A_BLOCK,HARMFUL_CONTEXT,1.0,0.4619,0.5372,0.5706,2026-10-03T13:34:47.005690Z,2026-10-03T13:34:47.006263Z
874,harmful,LAT-00874-006a6c,ACID_BULK,13.4,6.2,REJECT,MODEL_A_BLOCK,HARMFUL_CONTEXT,1.0,0.4621,0.5574,0.5913,2026-10-03T13:34:47.006480Z,2026-10-03T13:34:47.007073Z
875,harmful,LAT-00875-291b3d,ACID_BULK,10.7,6.2,REJECT,MODEL_A_BLOCK,HARMFUL_CONTEXT,1.0,0.4556,0.5302,0.5628,2026-10-03T13:34:47.007290Z,2026-10-03T13:34:47.007854Z
876,normal,LAT-00876-43e1b1,ACID_FINE,6.9,7.0,ACCEPT,ACCEPTED,ACCEPTABLE_CONTEXT,0.00428,1.0399,1.1184,1.154,2026-10-03T13:34:47.008071Z,2026-10-03T13:34:47.009226Z
877,harmful,LAT-00877-63e13b,ACID_BULK,13.1,6.2,REJECT,MODEL_A_BLOCK,HARMFUL_CONTEXT,1.0,0.4824,0.5584,0.5917,2026-10-03T13:34:47.009453Z,2026-10-03T13:34:47.010046Z
878,harmful,LAT-00878-c0ee13,ACID_BULK,15.1,6.2,REJECT,MODEL_A_BLOCK,HARMFUL_CONTEXT,1.0,0.4689,0.5531,0.5877,2026-10-03T13:34:47.010262Z,2026-10-03T13:34:47.010851Z
879,harmful,LAT-00879-94bef1,ACID_BULK,11.3,6.2,REJECT,MODEL_A_BLOCK,HARMFUL_CONTEXT,1.0,0.4566,0.544,0.5776,2026-10-03T13:34:47.011068Z,2026-10-03T13:34:47.011647Z
880,normal,LAT-00880-c4b0a6,ACID_FINE,1.3,7.0,ACCEPT,ACCEPTED,ACCEPTABLE_CONTEXT,0.00428,1.0549,1.1338,1.169,2026-10-03T13:34:47.011868Z,2026-10-03T13:34:47.013038Z
881,normal,LAT-00881-3a0831,ACID_FINE,5.3,7.0,ACCEPT,ACCEPTED,ACCEPTABLE_CONTEXT,0.00428,0.9962,1.0757,1.1111,2026-10-03T13:34:47.013266Z,2026-10-03T13:34:47.014379Z
882,normal,LAT-00882-e35660,ACID_FINE,9.1,7.0,ACCEPT,ACCEPTED,ACCEPTABLE_CONTEXT,0.00428,0.9864,1.0731,1.1082,2026-10-03T13:34:47.014615Z,2026-10-03T13:34:47.015724Z
883,normal,LAT-00883-c36f74,ACID_FINE,3.4,7.0,ACCEPT,ACCEPTED,ACCEPTABLE_CONTEXT,0.00428,0.9907,1.07,1.1053,2026-10-03T13:34:47.015954Z,2026-10-03T13:34:47.017061Z
884,uncertain,LAT-00884-e75ee1,BASE_FINE,1.2,7.0,REJECT,MODEL_A_BLOCK,UNCERTAIN_CONTEXT,1.0,0.4431,0.5189,0.5526,2026-10-03T13:34:47.017288Z,2026-10-03T13:34:47.017842Z
885,uncertain,LAT-00885-cf3a21,BASE_FINE,1.8,7.0,REJECT,MODEL_A_BLOCK,UNCERTAIN_CONTEXT,1.0,0.4299,0.512,0.5469,2026-10-03T13:34:47.018065Z,2026-10-03T13:34:47.018613Z
886,normal,LAT-00886-4e64a7,BASE_FINE,4.6,7.0,ACCEPT,ACCEPTED,ACCEPTABLE_CONTEXT,0.00428,1.02,1.0984,1.1336,2026-10-03T13:34:47.018838Z,2026-10-03T13:34:47.019973Z
887,harmful,LAT-00887-3d1ce3,ACID_BULK,17.5,6.2,REJECT,MODEL_A_BLOCK,HARMFUL_CONTEXT,1.0,0.4869,0.5635,0.597,2026-10-03T13:34:47.020199Z,2026-10-03T13:34:47.020797Z
888,normal,LAT-00888-0f2b4e,BASE_FINE,6.3,7.0,ACCEPT,ACCEPTED,ACCEPTABLE_CONTEXT,0.00428,0.9741,1.0522,1.0877,2026-10-03T13:34:47.021018Z,2026-10-03T13:34:47.022107Z
889,uncertain,LAT-00889-e6ea59,BASE_FINE,4.4,7.0,REJECT,MODEL_A_BLOCK,UNCERTAIN_CONTEXT,1.0,0.4595,0.5444,0.5804,2026-10-03T13:34:47.022333Z,2026-10-03T13:34:47.022915Z
890,harmful,LAT-00890-7b8138,ACID_BULK,15.7,6.2,REJECT,MODEL_A_BLOCK,HARMFUL_CONTEXT,1.0,0.4641,0.5404,0.5749,2026-10-03T13:34:47.023138Z,2026-10-03T13:34:47.023714Z
891,harmful,LAT-00891-9da58f,ACID_BULK,10.7,6.2,REJECT,MODEL_A_BLOCK,HARMFUL_CONTEXT,1.0,0.454,0.5285,0.561,2026-10-03T13:34:47.023933Z,2026-10-03T13:34:47.024495Z
892,normal,LAT-00892-d0607a,ACID_FINE,1.8,7.0,ACCEPT,ACCEPTED,ACCEPTABLE_CONTEXT,0.004506,0.9747,1.0529,1.0873,2026-10-03T13:34:47.024712Z,2026-10-03T13:34:47.025800Z
893,uncertain,LAT-00893-674021,BASE_FINE,2.4,7.0,REJECT,MODEL_A_BLOCK,UNCERTAIN_CONTEXT,1.0,0.4463,0.5294,0.5642,2026-10-03T13:34:47.026023Z,2026-10-03T13:34:47.026588Z
894,harmful,LAT-00894-22470c,ACID_BULK,19.4,6.2,REJECT,MODEL_A_BLOCK,HARMFUL_CONTEXT,1.0,0.4649,0.5409,0.5743,2026-10-03T13:34:47.026807Z,2026-10-03T13:34:47.027383Z
895,harmful,LAT-00895-000efb,ACID_BULK,16.1,6.2,REJECT,MODEL_A_BLOCK,HARMFUL_CONTEXT,1.0,0.4544,0.5287,0.5615,2026-10-03T13:34:47.027600Z,2026-10-03T13:34:47.028163Z
896,normal,LAT-00896-1f52fd,BASE_FINE,2.4,7.0,ACCEPT,ACCEPTED,ACCEPTABLE_CONTEXT,0.00428,0.9999,1.0775,1.1131,2026-10-03T13:34:47.028377Z,2026-10-03T13:34:47.029491Z
897,normal,LAT-00897-d32eff,BASE_FINE,7.7,7.0,ACCEPT,ACCEPTED,ACCEPTABLE_CONTEXT,0.00428,1.0264,1.116,1.1533,2026-10-03T13:34:47.029717Z,2026-10-03T13:34:47.030872Z
898,normal,LAT-00898-80f62e,ACID_FINE,9.8,7.0,ACCEPT,ACCEPTED,ACCEPTABLE_CONTEXT,0.00428,1.0079,1.0904,1.1262,2026-10-03T13:34:47.031107Z,2026-10-03T13:34:47.032235Z
899,harmful,LAT-00899-0d5772,ACID_BULK,16.8,6.2,REJECT,MODEL_A_BLOCK,HARMFUL_CONTEXT,1.0,0.489,0.5721,0.6066,2026-10-03T13:34:47.032468Z,2026-10-03T13:34:47.033076Z
900,harmful,LAT-00900-86deea,ACID_BULK,15.6,6.2,REJECT,MODEL_A_BLOCK,HARMFUL_CONTEXT,1.0,0.4643,0.5416,0.5751,2026-10-03T13:34:47.033307Z,2026-10-03T13:34:47.033883Z
901,harmful,LAT-00901-e87bf3,ACID_BULK,16.5,6.2,REJECT,MODEL_A_BLOCK,HARMFUL_CONTEXT,1.0,0.4809,0.5667,0.603,2026-10-03T13:34:47.034108Z,2026-10-03T13:34:47.034713Z
902,normal,LAT-00902-940b87,BASE_FINE,2.2,7.0,ACCEPT,ACCEPTED,ACCEPTABLE_CONTEXT,0.00428,1.0237,1.1042,1.1414,2026-10-03T13:34:47.034939Z,2026-10-03T13:34:47.036081Z
903,uncertain,LAT-00903-c790d5,BASE_FINE,1.5,7.0,REJECT,MODEL_A_BLOCK,UNCERTAIN_CONTEXT,1.0,0.4755,0.5529,0.5872,2026-10-03T13:34:47.036312Z,2026-10-03T13:34:47.036900Z
904,normal,LAT-00904-31eac6,ACID_FINE,9.9,7.0,ACCEPT,ACCEPTED,ACCEPTABLE_CONTEXT,0.004506,0.998,1.0779,1.1143,2026-10-03T13:34:47.037124Z,2026-10-03T13:34:47.038240Z
905,uncertain,LAT-00905-7387c1,BASE_FINE,1.3,7.0,REJECT,MODEL_A_BLOCK,UNCERTAIN_CONTEXT,1.0,0.4754,0.5719,0.6073,2026-10-03T13:34:47.038467Z,2026-10-03T13:34:47.039076Z
906,normal,LAT-00906-9de34a,BASE_FINE,8.1,7.0,ACCEPT,ACCEPTED,ACCEPTABLE_CONTEXT,0.00428,0.9557,1.0359,1.0708,2026-10-03T13:34:47.039304Z,2026-10-03T13:34:47.040376Z
907,uncertain,LAT-00907-9f4dfb,BASE_FINE,1.8,7.0,REJECT,MODEL_A_BLOCK,UNCERTAIN_CONTEXT,1.0,0.4389,0.5151,0.5498,2026-10-03T13:34:47.040606Z,2026-10-03T13:34:47.041158Z
908,normal,LAT-00908-3ef471,ACID_FINE,1.2,7.0,ACCEPT,ACCEPTED,ACCEPTABLE_CONTEXT,0.00428,0.9457,1.0244,1.0611,2026-10-03T13:34:47.041381Z,2026-10-03T13:34:47.042443Z
909,normal,LAT-00909-768628,ACID_FINE,8.0,7.0,ACCEPT,ACCEPTED,ACCEPTABLE_CONTEXT,0.004506,0.9995,1.0898,1.1265,2026-10-03T13:34:47.042692Z,2026-10-03T13:34:47.043820Z
910,normal,LAT-00910-60d424,ACID_FINE,8.7,7.0,ACCEPT,ACCEPTED,ACCEPTABLE_CONTEXT,0.00428,0.9568,1.0391,1.0768,2026-10-03T13:34:47.044054Z,2026-10-03T13:34:47.045132Z
911,normal,LAT-00911-2468a7,BASE_FINE,6.6,7.0,ACCEPT,ACCEPTED,ACCEPTABLE_CONTEXT,0.00428,0.9738,1.0556,1.0919,2026-10-03T13:34:47.045368Z,2026-10-03T13:34:47.046461Z
912,recovery,LAT-00912-a2a3f6,BASE_FINE,4.8,3.5,ACCEPT,ACCEPTED,ACCEPTABLE_CONTEXT,0.008166,1.0373,1.1304,1.1682,2026-10-03T13:34:47.046713Z,2026-10-03T13:34:47.047882Z
913,normal,LAT-00913-2958fa,BASE_FINE,7.9,7.0,ACCEPT,ACCEPTED,ACCEPTABLE_CONTEXT,0.00428,0.9741,1.058,1.0958,2026-10-03T13:34:47.048121Z,2026-10-03T13:34:47.049218Z
914,uncertain,LAT-00914-7325ff,BASE_FINE,2.4,7.0,REJECT,MODEL_A_BLOCK,UNCERTAIN_CONTEXT,1.0,0.4758,0.5572,0.5928,2026-10-03T13:34:47.049454Z,2026-10-03T13:34:47.050048Z
915,recovery,LAT-00915-260d50,BASE_FINE,2.1,3.5,ACCEPT,ACCEPTED,ACCEPTABLE_CONTEXT,0.008166,1.0374,1.1311,1.1694,2026-10-03T13:34:47.050278Z,2026-10-03T13:34:47.051449Z
916,harmful,LAT-00916-e98032,ACID_BULK,12.8,6.2,REJECT,MODEL_A_BLOCK,HARMFUL_CONTEXT,1.0,0.4927,0.5736,0.6079,2026-10-03T13:34:47.051690Z,2026-10-03T13:34:47.052300Z
917,normal,LAT-00917-f8d6c1,ACID_FINE,5.9,7.0,ACCEPT,ACCEPTED,ACCEPTABLE_CONTEXT,0.00428,0.9841,1.0667,1.104,2026-10-03T13:34:47.052531Z,2026-10-03T13:34:47.053636Z
918,recovery,LAT-00918-50f37b,BASE_FINE,8.5,3.5,ACCEPT,ACCEPTED,ACCEPTABLE_CONTEXT,0.008166,1.0367,1.1293,1.1667,2026-10-03T13:34:47.053869Z,2026-10-03T13:34:47.055037Z
919,harmful,LAT-00919-0dea5a,ACID_BULK,10.0,6.2,REJECT,MODEL_A_BLOCK,HARMFUL_CONTEXT,1.0,0.4967,0.5808,0.6157,2026-10-03T13:34:47.055274Z,2026-10-03T13:34:47.055891Z
920,uncertain,LAT-00920-8607de,BASE_FINE,4.5,7.0,REJECT,MODEL_A_BLOCK,UNCERTAIN_CONTEXT,1.0,0.4523,0.5303,0.5653,2026-10-03T13:34:47.056125Z,2026-10-03T13:34:47.056692Z
921,normal,LAT-00921-32af34,ACID_FINE,3.1,7.0,ACCEPT,ACCEPTED,ACCEPTABLE_CONTEXT,0.00428,0.9877,1.0677,1.1031,2026-10-03T13:34:47.056918Z,2026-10-03T13:34:47.058022Z
922,uncertain,LAT-00922-225072,BASE_FINE,3.1,7.0,REJECT,MODEL_A_BLOCK,UNCERTAIN_CONTEXT,1.0,0.4498,0.5363,0.5734,2026-10-03T13:34:47.058255Z,2026-10-03T13:34:47.058829Z
923,harmful,LAT-00923-1cb145,ACID_BULK,11.4,6.2,REJECT,MODEL_A_BLOCK,HARMFUL_CONTEXT,1.0,0.4695,0.5469,0.5813,2026-10-03T13:34:47.059058Z,2026-10-03T13:34:47.059641Z
924,uncertain,LAT-00924-6d5bdb,BASE_FINE,4.5,7.0,REJECT,MODEL_A_BLOCK,UNCERTAIN_CONTEXT,1.0,0.412,0.487,0.5211,2026-10-03T13:34:47.059864Z,2026-10-03T13:34:47.060387Z
925,harmful,LAT-00925-6f830d,ACID_BULK,14.6,6.2,REJECT,MODEL_A_BLOCK,HARMFUL_CONTEXT,1.0,0.4524,0.5268,0.56,2026-10-03T13:34:47.060607Z,2026-10-03T13:34:47.061168Z
926,harmful,LAT-00926-7b11c4,ACID_BULK,12.3,6.2,REJECT,MODEL_A_BLOCK,HARMFUL_CONTEXT,1.0,0.4489,0.525,0.5596,2026-10-03T13:34:47.061396Z,2026-10-03T13:34:47.061957Z
927,normal,LAT-00927-b7dc93,ACID_FINE,9.5,7.0,ACCEPT,ACCEPTED,ACCEPTABLE_CONTEXT,0.00428,1.0754,1.1686,1.2086,2026-10-03T13:34:47.062177Z,2026-10-03T13:34:47.063387Z
928,harmful,LAT-00928-f6e413,ACID_BULK,12.4,6.2,REJECT,MODEL_A_BLOCK,HARMFUL_CONTEXT,1.0,0.49,0.5682,0.602,2026-10-03T13:34:47.063629Z,2026-10-03T13:34:47.064232Z
929,normal,LAT-00929-b7c424,BASE_FINE,9.7,7.0,ACCEPT,ACCEPTED,ACCEPTABLE_CONTEXT,0.00428,0.963,1.0421,1.0778,2026-10-03T13:34:47.064460Z,2026-10-03T13:34:47.065539Z
930,normal,LAT-00930-bed7c4,ACID_FINE,3.3,7.0,ACCEPT,ACCEPTED,ACCEPTABLE_CONTEXT,0.004506,1.0132,1.1058,1.1433,2026-10-03T13:34:47.065769Z,2026-10-03T13:34:47.066914Z
931,normal,LAT-00931-c19d68,ACID_FINE,9.8,7.0,ACCEPT,ACCEPTED,ACCEPTABLE_CONTEXT,0.004506,0.9869,1.0701,1.1066,2026-10-03T13:34:47.067164Z,2026-10-03T13:34:47.068272Z
932,uncertain,LAT-00932-8fae2f,BASE_FINE,4.9,7.0,REJECT,MODEL_A_BLOCK,UNCERTAIN_CONTEXT,1.0,0.4308,0.5097,0.5538,2026-10-03T13:34:47.068507Z,2026-10-03T13:34:47.069062Z
933,uncertain,LAT-00933-7e1d61,BASE_FINE,1.0,7.0,REJECT,MODEL_A_BLOCK,UNCERTAIN_CONTEXT,1.0,0.422,0.498,0.5316,2026-10-03T13:34:47.069295Z,2026-10-03T13:34:47.069828Z
934,normal,LAT-00934-d9bd72,ACID_FINE,7.5,7.0,ACCEPT,ACCEPTED,ACCEPTABLE_CONTEXT,0.00428,0.9642,1.0681,1.1074,2026-10-03T13:34:47.070052Z,2026-10-03T13:34:47.071161Z
935,normal,LAT-00935-6d4ec2,BASE_FINE,3.7,7.0,ACCEPT,ACCEPTED,ACCEPTABLE_CONTEXT,0.004506,0.946,1.0289,1.065,2026-10-03T13:34:47.071397Z,2026-10-03T13:34:47.072463Z
936,harmful,LAT-00936-ffd4f7,ACID_BULK,19.1,6.2,REJECT,MODEL_A_BLOCK,HARMFUL_CONTEXT,1.0,0.4905,0.57,0.6045,2026-10-03T13:34:47.072696Z,2026-10-03T13:34:47.073302Z
937,harmful,LAT-00937-3d3dd4,ACID_BULK,19.1,6.2,REJECT,MODEL_A_BLOCK,HARMFUL_CONTEXT,1.0,0.4662,0.5451,0.5788,2026-10-03T13:34:47.073534Z,2026-10-03T13:34:47.074114Z
938,normal,LAT-00938-fc0aa5,ACID_FINE,5.4,7.0,ACCEPT,ACCEPTED,ACCEPTABLE_CONTEXT,0.00428,1.0082,1.1011,1.1405,2026-10-03T13:34:47.074338Z,2026-10-03T13:34:47.075480Z
939,recovery,LAT-00939-705744,BASE_FINE,2.2,3.5,ACCEPT,ACCEPTED,ACCEPTABLE_CONTEXT,0.008166,1.0225,1.1082,1.145,2026-10-03T13:34:47.075714Z,2026-10-03T13:34:47.076860Z
940,normal,LAT-00940-addc85,BASE_FINE,3.8,7.0,ACCEPT,ACCEPTED,ACCEPTABLE_CONTEXT,0.00428,0.9378,1.0213,1.058,2026-10-03T13:34:47.077097Z,2026-10-03T13:34:47.078157Z
941,normal,LAT-00941-d5adce,BASE_FINE,4.0,7.0,ACCEPT,ACCEPTED,ACCEPTABLE_CONTEXT,0.004506,0.9566,1.0501,1.0891,2026-10-03T13:34:47.078391Z,2026-10-03T13:34:47.079481Z
942,normal,LAT-00942-749b53,ACID_FINE,1.7,7.0,ACCEPT,ACCEPTED,ACCEPTABLE_CONTEXT,0.00428,0.9668,1.0505,1.0875,2026-10-03T13:34:47.079718Z,2026-10-03T13:34:47.080807Z
943,uncertain,LAT-00943-37e91b,BASE_FINE,4.4,7.0,REJECT,MODEL_A_BLOCK,UNCERTAIN_CONTEXT,1.0,0.4452,0.5251,0.56,2026-10-03T13:34:47.081044Z,2026-10-03T13:34:47.081605Z
944,uncertain,LAT-00944-a968d0,BASE_FINE,3.3,7.0,REJECT,MODEL_A_BLOCK,UNCERTAIN_CONTEXT,1.0,0.4211,0.499,0.533,2026-10-03T13:34:47.081835Z,2026-10-03T13:34:47.082369Z
945,normal,LAT-00945-ea006a,ACID_FINE,7.6,7.0,ACCEPT,ACCEPTED,ACCEPTABLE_CONTEXT,0.00428,0.992,1.0841,1.1205,2026-10-03T13:34:47.082608Z,2026-10-03T13:34:47.083730Z
946,uncertain,LAT-00946-0e5fda,BASE_FINE,1.8,7.0,REJECT,MODEL_A_BLOCK,UNCERTAIN_CONTEXT,1.0,0.4658,0.5439,0.5784,2026-10-03T13:34:47.083967Z,2026-10-03T13:34:47.084546Z
947,uncertain,LAT-00947-1b3fb5,BASE_FINE,4.8,7.0,REJECT,MODEL_A_BLOCK,UNCERTAIN_CONTEXT,1.0,0.4449,0.5221,0.5561,2026-10-03T13:34:47.084771Z,2026-10-03T13:34:47.085328Z
948,normal,LAT-00948-dfe657,ACID_FINE,4.7,7.0,ACCEPT,ACCEPTED,ACCEPTABLE_CONTEXT,0.00428,0.9581,1.0474,1.0848,2026-10-03T13:34:47.085547Z,2026-10-03T13:34:47.086634Z
949,uncertain,LAT-00949-891069,BASE_FINE,1.2,7.0,REJECT,MODEL_A_BLOCK,UNCERTAIN_CONTEXT,1.0,0.4743,0.5518,0.5856,2026-10-03T13:34:47.086873Z,2026-10-03T13:34:47.087459Z
950,normal,LAT-00950-bdcc63,ACID_FINE,5.5,7.0,ACCEPT,ACCEPTED,ACCEPTABLE_CONTEXT,0.00428,1.0176,1.0971,1.1336,2026-10-03T13:34:47.087686Z,2026-10-03T13:34:47.088821Z
951,normal,LAT-00951-2b89d3,ACID_FINE,9.8,7.0,ACCEPT,ACCEPTED,ACCEPTABLE_CONTEXT,0.00428,0.9423,1.0233,1.0586,2026-10-03T13:34:47.089067Z,2026-10-03T13:34:47.090127Z
952,uncertain,LAT-00952-664db8,BASE_FINE,3.6,7.0,REJECT,MODEL_A_BLOCK,UNCERTAIN_CONTEXT,1.0,0.4452,0.5339,0.5706,2026-10-03T13:34:47.090360Z,2026-10-03T13:34:47.090932Z
953,normal,LAT-00953-fe600d,ACID_FINE,3.0,7.0,ACCEPT,ACCEPTED,ACCEPTABLE_CONTEXT,0.00428,0.9617,1.0412,1.0769,2026-10-03T13:34:47.091166Z,2026-10-03T13:34:47.092244Z
954,normal,LAT-00954-6436fb,ACID_FINE,5.2,7.0,ACCEPT,ACCEPTED,ACCEPTABLE_CONTEXT,0.004506,0.9487,1.0291,1.0651,2026-10-03T13:34:47.092479Z,2026-10-03T13:34:47.093545Z
955,uncertain,LAT-00955-a8d873,BASE_FINE,4.7,7.0,REJECT,MODEL_A_BLOCK,UNCERTAIN_CONTEXT,1.0,0.4421,0.5201,0.5546,2026-10-03T13:34:47.093781Z,2026-10-03T13:34:47.094337Z
956,normal,LAT-00956-6b278d,ACID_FINE,9.4,7.0,ACCEPT,ACCEPTED,ACCEPTABLE_CONTEXT,0.00428,0.9928,1.0845,1.1211,2026-10-03T13:34:47.094577Z,2026-10-03T13:34:47.095700Z
957,uncertain,LAT-00957-199faa,BASE_FINE,4.5,7.0,REJECT,MODEL_A_BLOCK,UNCERTAIN_CONTEXT,1.0,0.4685,0.548,0.5828,2026-10-03T13:34:47.095936Z,2026-10-03T13:34:47.096520Z
958,normal,LAT-00958-2754ec,ACID_FINE,0.7,7.0,ACCEPT,ACCEPTED,ACCEPTABLE_CONTEXT,0.00428,0.993,1.0749,1.1117,2026-10-03T13:34:47.096748Z,2026-10-03T13:34:47.097861Z
959,normal,LAT-00959-4669ea,BASE_FINE,5.3,7.0,ACCEPT,ACCEPTED,ACCEPTABLE_CONTEXT,0.00428,0.9682,1.0706,1.11,2026-10-03T13:34:47.098093Z,2026-10-03T13:34:47.099204Z
960,normal,LAT-00960-6f9112,BASE_FINE,2.3,7.0,ACCEPT,ACCEPTED,ACCEPTABLE_CONTEXT,0.00428,0.9499,1.0318,1.0681,2026-10-03T13:34:47.099443Z,2026-10-03T13:34:47.100513Z
961,uncertain,LAT-00961-7aeb8c,BASE_FINE,2.8,7.0,REJECT,MODEL_A_BLOCK,UNCERTAIN_CONTEXT,1.0,0.432,0.5091,0.545,2026-10-03T13:34:47.100748Z,2026-10-03T13:34:47.101295Z
962,uncertain,LAT-00962-c74c1e,BASE_FINE,4.9,7.0,REJECT,MODEL_A_BLOCK,UNCERTAIN_CONTEXT,1.0,0.456,0.532,0.566,2026-10-03T13:34:47.101525Z,2026-10-03T13:34:47.102092Z
963,normal,LAT-00963-fd9820,BASE_FINE,9.7,7.0,ACCEPT,ACCEPTED,ACCEPTABLE_CONTEXT,0.004506,1.0327,1.1235,1.1616,2026-10-03T13:34:47.102329Z,2026-10-03T13:34:47.103492Z
964,normal,LAT-00964-d80e30,BASE_FINE,6.3,7.0,ACCEPT,ACCEPTED,ACCEPTABLE_CONTEXT,0.004891,0.9653,1.0443,1.0798,2026-10-03T13:34:47.103732Z,2026-10-03T13:34:47.104813Z
965,harmful,LAT-00965-98e94e,ACID_BULK,12.2,6.2,REJECT,MODEL_A_BLOCK,HARMFUL_CONTEXT,1.0,0.4926,0.5708,0.606,2026-10-03T13:34:47.105045Z,2026-10-03T13:34:47.105652Z
966,normal,LAT-00966-a372c2,ACID_FINE,3.7,7.0,ACCEPT,ACCEPTED,ACCEPTABLE_CONTEXT,0.00428,0.9781,1.0702,1.1085,2026-10-03T13:34:47.105891Z,2026-10-03T13:34:47.107001Z
967,uncertain,LAT-00967-c8e938,BASE_FINE,2.1,7.0,REJECT,MODEL_A_BLOCK,UNCERTAIN_CONTEXT,1.0,0.4476,0.5274,0.5621,2026-10-03T13:34:47.107241Z,2026-10-03T13:34:47.107805Z
968,normal,LAT-00968-802a3f,ACID_FINE,2.3,7.0,ACCEPT,ACCEPTED,ACCEPTABLE_CONTEXT,0.004506,1.0056,1.0878,1.1248,2026-10-03T13:34:47.108034Z,2026-10-03T13:34:47.109160Z
969,normal,LAT-00969-674a92,BASE_FINE,3.6,7.0,ACCEPT,ACCEPTED,ACCEPTABLE_CONTEXT,0.00428,0.9369,1.0187,1.055,2026-10-03T13:34:47.109393Z,2026-10-03T13:34:47.110450Z
970,uncertain,LAT-00970-2dcbff,BASE_FINE,3.6,7.0,REJECT,MODEL_A_BLOCK,UNCERTAIN_CONTEXT,1.0,0.4784,0.5658,0.6018,2026-10-03T13:34:47.110699Z,2026-10-03T13:34:47.111302Z
971,normal,LAT-00971-57b65d,ACID_FINE,1.0,7.0,ACCEPT,ACCEPTED,ACCEPTABLE_CONTEXT,0.004506,0.9818,1.0632,1.0983,2026-10-03T13:34:47.111528Z,2026-10-03T13:34:47.112628Z
972,harmful,LAT-00972-68af20,ACID_BULK,10.9,6.2,REJECT,MODEL_A_BLOCK,HARMFUL_CONTEXT,1.0,0.4854,0.5642,0.5983,2026-10-03T13:34:47.112861Z,2026-10-03T13:34:47.113461Z
973,harmful,LAT-00973-89c919,ACID_BULK,15.1,6.2,REJECT,MODEL_A_BLOCK,HARMFUL_CONTEXT,1.0,0.4623,0.5391,0.5751,2026-10-03T13:34:47.113688Z,2026-10-03T13:34:47.114264Z
974,recovery,LAT-00974-2a19d4,BASE_FINE,4.6,3.5,ACCEPT,ACCEPTED,ACCEPTABLE_CONTEXT,0.008166,1.0291,1.1325,1.1688,2026-10-03T13:34:47.114486Z,2026-10-03T13:34:47.115657Z
975,harmful,LAT-00975-a6714a,ACID_BULK,10.2,6.2,REJECT,MODEL_A_BLOCK,HARMFUL_CONTEXT,1.0,0.4835,0.5621,0.5959,2026-10-03T13:34:47.115890Z,2026-10-03T13:34:47.116487Z
976,uncertain,LAT-00976-505f06,BASE_FINE,2.0,7.0,REJECT,MODEL_A_BLOCK,UNCERTAIN_CONTEXT,1.0,0.4194,0.4948,0.5281,2026-10-03T13:34:47.116713Z,2026-10-03T13:34:47.117243Z
977,harmful,LAT-00977-c7c1aa,ACID_BULK,12.2,6.2,REJECT,MODEL_A_BLOCK,HARMFUL_CONTEXT,1.0,0.4505,0.5264,0.5592,2026-10-03T13:34:47.117463Z,2026-10-03T13:34:47.118024Z
978,normal,LAT-00978-4910b7,BASE_FINE,8.5,7.0,ACCEPT,ACCEPTED,ACCEPTABLE_CONTEXT,0.00428,0.9892,1.0804,1.1187,2026-10-03T13:34:47.118243Z,2026-10-03T13:34:47.119363Z
979,harmful,LAT-00979-a69482,ACID_BULK,10.7,6.2,REJECT,MODEL_A_BLOCK,HARMFUL_CONTEXT,1.0,0.4887,0.5702,0.6053,2026-10-03T13:34:47.119600Z,2026-10-03T13:34:47.120207Z
980,harmful,LAT-00980-6fdbf1,ACID_BULK,10.3,6.2,REJECT,MODEL_A_BLOCK,HARMFUL_CONTEXT,1.0,0.4598,0.5366,0.5701,2026-10-03T13:34:47.120435Z,2026-10-03T13:34:47.121006Z
981,normal,LAT-00981-3b09af,ACID_FINE,5.0,7.0,ACCEPT,ACCEPTED,ACCEPTABLE_CONTEXT,0.00428,0.9722,1.0512,1.087,2026-10-03T13:34:47.121228Z,2026-10-03T13:34:47.122316Z
982,normal,LAT-00982-b8c761,ACID_FINE,6.9,7.0,ACCEPT,ACCEPTED,ACCEPTABLE_CONTEXT,0.00428,1.0086,1.0974,1.1347,2026-10-03T13:34:47.122560Z,2026-10-03T13:34:47.123696Z
983,harmful,LAT-00983-2a37c1,ACID_BULK,17.7,6.2,REJECT,MODEL_A_BLOCK,HARMFUL_CONTEXT,1.0,0.4914,0.5686,0.6035,2026-10-03T13:34:47.123928Z,2026-10-03T13:34:47.124533Z
984,recovery,LAT-00984-3f6243,BASE_FINE,3.3,3.5,ACCEPT,ACCEPTED,ACCEPTABLE_CONTEXT,0.008597,1.0344,1.1155,1.1513,2026-10-03T13:34:47.124761Z,2026-10-03T13:34:47.125913Z
985,recovery,LAT-00985-b81b89,BASE_FINE,4.5,3.5,ACCEPT,ACCEPTED,ACCEPTABLE_CONTEXT,0.008166,1.0435,1.1399,1.1786,2026-10-03T13:34:47.126146Z,2026-10-03T13:34:47.127326Z
986,harmful,LAT-00986-9d81a8,ACID_BULK,15.9,6.2,REJECT,MODEL_A_BLOCK,HARMFUL_CONTEXT,1.0,0.4982,0.577,0.6117,2026-10-03T13:34:47.127568Z,2026-10-03T13:34:47.128181Z
987,normal,LAT-00987-bf34cb,BASE_FINE,3.3,7.0,ACCEPT,ACCEPTED,ACCEPTABLE_CONTEXT,0.00428,0.9898,1.0714,1.1076,2026-10-03T13:34:47.128414Z,2026-10-03T13:34:47.129523Z
988,uncertain,LAT-00988-a25b98,BASE_FINE,3.8,7.0,REJECT,MODEL_A_BLOCK,UNCERTAIN_CONTEXT,1.0,0.4714,0.549,0.5837,2026-10-03T13:34:47.129754Z,2026-10-03T13:34:47.130339Z
989,normal,LAT-00989-c0f7a5,ACID_FINE,2.7,7.0,ACCEPT,ACCEPTED,ACCEPTABLE_CONTEXT,0.00428,1.0064,1.0976,1.1336,2026-10-03T13:34:47.130596Z,2026-10-03T13:34:47.131731Z
990,uncertain,LAT-00990-90a784,BASE_FINE,5.0,7.0,REJECT,MODEL_A_BLOCK,UNCERTAIN_CONTEXT,1.0,0.4418,0.52,0.5547,2026-10-03T13:34:47.131968Z,2026-10-03T13:34:47.132524Z
991,uncertain,LAT-00991-61c002,BASE_FINE,2.4,7.0,REJECT,MODEL_A_BLOCK,UNCERTAIN_CONTEXT,1.0,0.4187,0.4949,0.5387,2026-10-03T13:34:47.132750Z,2026-10-03T13:34:47.133290Z
992,harmful,LAT-00992-b91f3f,ACID_BULK,16.8,6.2,REJECT,MODEL_A_BLOCK,HARMFUL_CONTEXT,1.0,0.4612,0.5377,0.5713,2026-10-03T13:34:47.133512Z,2026-10-03T13:34:47.134085Z
993,normal,LAT-00993-a4b161,BASE_FINE,1.7,7.0,ACCEPT,ACCEPTED,ACCEPTABLE_CONTEXT,0.004506,1.029,1.1212,1.1585,2026-10-03T13:34:47.134306Z,2026-10-03T13:34:47.135466Z
994,harmful,LAT-00994-c17e45,ACID_BULK,10.5,6.2,REJECT,MODEL_A_BLOCK,HARMFUL_CONTEXT,1.0,0.4865,0.5652,0.5992,2026-10-03T13:34:47.135704Z,2026-10-03T13:34:47.136304Z
995,uncertain,LAT-00995-20e0f7,BASE_FINE,1.9,7.0,REJECT,MODEL_A_BLOCK,UNCERTAIN_CONTEXT,1.0,0.4034,0.4794,0.513,2026-10-03T13:34:47.136530Z,2026-10-03T13:34:47.137045Z
996,normal,LAT-00996-f848f5,BASE_FINE,4.6,7.0,ACCEPT,ACCEPTED,ACCEPTABLE_CONTEXT,0.00428,0.9599,1.0396,1.0742,2026-10-03T13:34:47.137265Z,2026-10-03T13:34:47.138341Z
997,normal,LAT-00997-074e26,BASE_FINE,5.0,7.0,ACCEPT,ACCEPTED,ACCEPTABLE_CONTEXT,0.00428,1.0115,1.1014,1.1377,2026-10-03T13:34:47.138580Z,2026-10-03T13:34:47.139719Z
998,recovery,LAT-00998-cc469b,BASE_FINE,3.7,3.5,ACCEPT,ACCEPTED,ACCEPTABLE_CONTEXT,0.008166,1.0304,1.1115,1.1471,2026-10-03T13:34:47.139951Z,2026-10-03T13:34:47.141100Z
999,recovery,LAT-00999-14e876,BASE_FINE,9.4,3.5,ACCEPT,ACCEPTED,ACCEPTABLE_CONTEXT,0.008166,1.022,1.1078,1.1426,2026-10-03T13:34:47.141330Z,2026-10-03T13:34:47.142474Z
1000,normal,LAT-01000-4af016,ACID_FINE,2.5,7.0,ACCEPT,ACCEPTED,ACCEPTABLE_CONTEXT,0.00428,0.9648,1.0558,1.0926,2026-10-03T13:34:47.142725Z,2026-10-03T13:34:47.143819Z
