time_utc,command_id,channel_id,dose_ml,label,score,reason,latency_ms,model_version,ph_mean_5s,ph_slope_5s,ph_curvature_5s,ph_std_5s,sample_age_s,candidate_direction,candidate_mmol,predicted_post_ph,predicted_safety_margin,cumulative_signed_mmol,cumulative_abs_mmol,request_delivery_residual,measured_predicted_residual,mixer_speed_ratio,level_margin_l,heartbeat_age_s
2026-10-03T13:34:46.046Z,LAT-00001-d39eb0,ACID_FINE,8.9,ACCEPTABLE_CONTEXT,0.00428,OK,1.4023,A-1.0-ppr,7.002,0.003,-0.01,0.014697,0.300393,1.0,0.0445,6.977528,1.477528,0,0,0.0,0.0,1.0,0.5,0.300393
2026-10-03T13:34:46.047Z,LAT-00002-67dc21,BASE_FINE,1.6,UNCERTAIN_CONTEXT,1.0,STALE_SAMPLE,0.5815,A-1.0-ppr,7.002,0.0,0.002857,0.007483,4.000278,-1.0,0.008,7.006747,1.506747,0,0,0.0,0.0,1.0,0.5,4.000278
2026-10-03T13:34:46.048Z,LAT-00003-8bad3b,ACID_BULK,16.4,HARMFUL_CONTEXT,1.0,"PREDICTED_UNSAFE:a,b,d",0.5261,A-1.0-ppr,6.192,-0.001,-0.01,0.016,0.300209,1.0,8.2,2.912347,-2.587653,0,0,0.0,0.0,1.0,0.5,0.300209
2026-10-03T13:34:46.049Z,LAT-00004-1f93e4,ACID_FINE,7.1,ACCEPTABLE_CONTEXT,0.00428,OK,1.0984,A-1.0-ppr,6.994,-0.002,-0.002857,0.008,0.300188,1.0,0.0355,6.974604,1.474604,0,0,0.0,0.0,1.0,0.5,0.300188
2026-10-03T13:34:46.051Z,LAT-00005-48f694,BASE_FINE,4.3,ACCEPTABLE_CONTEXT,0.004506,OK,1.0939,A-1.0-ppr,7.006,-0.001,0.004286,0.004899,0.300186,-1.0,0.0215,7.019262,1.519262,0,0,0.0,0.0,1.0,0.5,0.300186
2026-10-03T13:34:46.052Z,LAT-00006-d70b65,ACID_FINE,1.2,ACCEPTABLE_CONTEXT,0.00428,OK,1.0186,A-1.0-ppr,7.0,-0.002,0.005714,0.006325,0.300181,1.0,0.006,6.99669,1.49669,0,0,0.0,0.0,1.0,0.5,0.300181
2026-10-03T13:34:46.053Z,LAT-00007-a58363,ACID_BULK,17.6,HARMFUL_CONTEXT,1.0,"PREDICTED_UNSAFE:a,b,d",0.5137,A-1.0-ppr,6.202,-0.004,-0.008571,0.011662,0.300175,1.0,8.8,2.873858,-2.626142,0,0,0.0,0.0,1.0,0.5,0.300175
2026-10-03T13:34:46.054Z,LAT-00008-93d9a8,BASE_FINE,4.3,UNCERTAIN_CONTEXT,1.0,STALE_SAMPLE,0.4383,A-1.0-ppr,7.0,-0.004,-0.008571,0.010954,4.00017,-1.0,0.0215,7.013003,1.513003,0,0,0.0,0.0,1.0,0.5,4.00017
2026-10-03T13:34:46.055Z,LAT-00009-56ea8c,ACID_FINE,7.6,ACCEPTABLE_CONTEXT,0.004506,OK,1.0379,A-1.0-ppr,7.002,0.001,-0.001429,0.004,0.300166,1.0,0.038,6.981063,1.481063,0,0,0.0,0.0,1.0,0.5,0.300166
2026-10-03T13:34:46.056Z,LAT-00010-83f528,ACID_BULK,16.8,HARMFUL_CONTEXT,1.0,"PREDICTED_UNSAFE:a,b,d",0.4974,A-1.0-ppr,6.196,0.0,0.005714,0.008,0.300168,1.0,8.4,2.899262,-2.600738,0,0,0.0,0.0,1.0,0.5,0.300168
2026-10-03T13:34:46.058Z,LAT-00011-c01848,ACID_FINE,9.4,ACCEPTABLE_CONTEXT,0.00428,OK,0.986,A-1.0-ppr,7.0,0.005,0.001429,0.008944,0.300164,1.0,0.047,6.974283,1.474283,0,0,0.0,0.0,1.0,0.5,0.300164
2026-10-03T13:34:46.059Z,LAT-00012-4979d5,ACID_FINE,4.9,ACCEPTABLE_CONTEXT,0.00428,OK,0.98,A-1.0-ppr,6.998,0.004,0.011429,0.011662,0.300178,1.0,0.0245,6.984498,1.484498,0,0,0.0,0.0,1.0,0.5,0.300178
2026-10-03T13:34:46.060Z,LAT-00013-99dadb,BASE_FINE,0.5,ACCEPTABLE_CONTEXT,0.004506,OK,0.9793,A-1.0-ppr,6.996,0.003,-0.001429,0.004899,0.300168,-1.0,0.0025,6.997484,1.497484,0,0,0.0,0.0,1.0,0.5,0.300168
2026-10-03T13:34:46.061Z,LAT-00014-ca1e1e,ACID_BULK,17.7,HARMFUL_CONTEXT,1.0,"PREDICTED_UNSAFE:a,b,d",0.4989,A-1.0-ppr,6.202,-0.004,-0.002857,0.013266,0.300166,1.0,8.85,2.870649,-2.629351,0,0,0.0,0.0,1.0,0.5,0.300166
2026-10-03T13:34:46.062Z,LAT-00015-849524,BASE_FINE,4.9,UNCERTAIN_CONTEXT,1.0,STALE_SAMPLE,0.4784,A-1.0-ppr,7.002,-0.001,0.001429,0.007483,4.000161,-1.0,0.0245,7.016946,1.516946,0,0,0.0,0.0,1.0,0.5,4.000161
2026-10-03T13:34:46.063Z,LAT-00016-b059ad,ACID_BULK,12.3,HARMFUL_CONTEXT,1.0,"PREDICTED_UNSAFE:a,b,d",0.4705,A-1.0-ppr,6.198,-0.001,0.001429,0.004,0.300158,1.0,6.15,3.089768,-2.410232,0,0,0.0,0.0,1.0,0.5,0.300158
2026-10-03T13:34:46.064Z,LAT-00017-3329bf,ACID_FINE,8.8,ACCEPTABLE_CONTEXT,0.00428,OK,1.015,A-1.0-ppr,7.0,-0.002,-0.005714,0.014142,0.300157,1.0,0.044,6.975871,1.475871,0,0,0.0,0.0,1.0,0.5,0.300157
2026-10-03T13:34:46.066Z,LAT-00018-cc3039,ACID_FINE,5.0,ACCEPTABLE_CONTEXT,0.00428,OK,1.0205,A-1.0-ppr,7.008,0.008,0.002857,0.014697,0.300156,1.0,0.025,6.994172,1.494172,0,0,0.0,0.0,1.0,0.5,0.300156
2026-10-03T13:34:46.067Z,LAT-00019-52a9f8,BASE_FINE,5.5,ACCEPTABLE_CONTEXT,0.004506,OK,1.0183,A-1.0-ppr,7.004,-0.001,-0.004286,0.004899,0.30016,-1.0,0.0275,7.020886,1.520886,0,0,0.0,0.0,1.0,0.5,0.30016
2026-10-03T13:34:46.068Z,LAT-00020-11a6a6,ACID_BULK,18.3,HARMFUL_CONTEXT,1.0,"PREDICTED_UNSAFE:a,b,d",0.4966,A-1.0-ppr,6.194,0.003,-0.001429,0.010198,0.300163,1.0,9.15,2.850492,-2.649508,0,0,0.0,0.0,1.0,0.5,0.300163
2026-10-03T13:34:46.069Z,LAT-00021-7b1693,ACID_BULK,18.2,HARMFUL_CONTEXT,1.0,"PREDICTED_UNSAFE:a,b,d",0.4724,A-1.0-ppr,6.202,-0.003,-0.01,0.014697,0.300157,1.0,9.1,2.854953,-2.645047,0,0,0.0,0.0,1.0,0.5,0.300157
2026-10-03T13:34:46.069Z,LAT-00022-1fe432,ACID_BULK,12.4,HARMFUL_CONTEXT,1.0,"PREDICTED_UNSAFE:a,b,d",0.4618,A-1.0-ppr,6.2,-0.003,0.01,0.010954,0.300154,1.0,6.2,3.085089,-2.414911,0,0,0.0,0.0,1.0,0.5,0.300154
2026-10-03T13:34:46.071Z,LAT-00023-d85281,BASE_FINE,3.7,ACCEPTABLE_CONTEXT,0.008166,OK,1.0797,A-1.0-ppr,3.5,0.003,-0.001429,0.010954,0.300154,-1.0,0.0185,3.506432,-1.993568,0,0,0.0,0.0,1.0,0.5,0.300154
2026-10-03T13:34:46.072Z,LAT-00024-d683a6,ACID_BULK,15.1,HARMFUL_CONTEXT,1.0,"PREDICTED_UNSAFE:a,b,d",0.494,A-1.0-ppr,6.204,-0.001,0.001429,0.004899,0.300161,1.0,7.55,2.963406,-2.536594,0,0,0.0,0.0,1.0,0.5,0.300161
2026-10-03T13:34:46.072Z,LAT-00025-dfcf0a,BASE_FINE,4.5,UNCERTAIN_CONTEXT,1.0,STALE_SAMPLE,0.4251,A-1.0-ppr,7.0,-0.003,0.001429,0.008944,4.000154,-1.0,0.0225,7.013622,1.513622,0,0,0.0,0.0,1.0,0.5,4.000154
2026-10-03T13:34:46.073Z,LAT-00026-54378e,ACID_BULK,11.2,HARMFUL_CONTEXT,1.0,"PREDICTED_UNSAFE:a,b,d",0.4659,A-1.0-ppr,6.2,0.0,0.0,0.0,0.300153,1.0,5.6,3.153119,-2.346881,0,0,0.0,0.0,1.0,0.5,0.300153
2026-10-03T13:34:46.074Z,LAT-00027-e09bb5,BASE_FINE,1.0,UNCERTAIN_CONTEXT,1.0,STALE_SAMPLE,0.4233,A-1.0-ppr,6.996,-0.002,-0.005714,0.008,4.000154,-1.0,0.005,6.998969,1.498969,0,0,0.0,0.0,1.0,0.5,4.000154
2026-10-03T13:34:46.075Z,LAT-00028-1b1869,ACID_FINE,6.2,ACCEPTABLE_CONTEXT,0.00428,OK,1.0586,A-1.0-ppr,7.006,0.0,-0.002857,0.010198,0.300154,1.0,0.031,6.988907,1.488907,0,0,0.0,0.0,1.0,0.5,0.300154
2026-10-03T13:34:46.077Z,LAT-00029-3e82dd,ACID_FINE,2.3,ACCEPTABLE_CONTEXT,0.00428,OK,1.0386,A-1.0-ppr,7.004,0.0,-0.014286,0.012,0.300159,1.0,0.0115,6.997655,1.497655,0,0,0.0,0.0,1.0,0.5,0.300159
2026-10-03T13:34:46.078Z,LAT-00030-9549bf,ACID_FINE,9.8,ACCEPTABLE_CONTEXT,0.00428,OK,0.9939,A-1.0-ppr,6.992,-0.001,0.001429,0.007483,0.300158,1.0,0.049,6.965545,1.465545,0,0,0.0,0.0,1.0,0.5,0.300158
2026-10-03T13:34:46.079Z,LAT-00031-c08b32,ACID_BULK,17.7,HARMFUL_CONTEXT,1.0,"PREDICTED_UNSAFE:a,b,d",0.5003,A-1.0-ppr,6.198,0.005,-0.007143,0.009798,0.300163,1.0,8.85,2.869926,-2.630074,0,0,0.0,0.0,1.0,0.5,0.300163
2026-10-03T13:34:46.080Z,LAT-00032-34990f,BASE_FINE,6.6,ACCEPTABLE_CONTEXT,0.00428,OK,1.0139,A-1.0-ppr,7.002,0.001,0.004286,0.014697,0.300154,-1.0,0.033,7.0222,1.5222,0,0,0.0,0.0,1.0,0.5,0.300154
2026-10-03T13:34:46.082Z,LAT-00033-706349,ACID_FINE,4.1,ACCEPTABLE_CONTEXT,0.00428,OK,0.9931,A-1.0-ppr,7.004,0.002,-0.002857,0.010198,0.300154,1.0,0.0205,6.992693,1.492693,0,0,0.0,0.0,1.0,0.5,0.300154
2026-10-03T13:34:46.083Z,LAT-00034-2c897f,ACID_FINE,8.4,ACCEPTABLE_CONTEXT,0.004506,OK,0.967,A-1.0-ppr,6.996,-0.003,-0.001429,0.004899,0.300167,1.0,0.042,6.973086,1.473086,0,0,0.0,0.0,1.0,0.5,0.300167
2026-10-03T13:34:46.084Z,LAT-00035-d29937,ACID_FINE,0.9,ACCEPTABLE_CONTEXT,0.004506,OK,0.9613,A-1.0-ppr,6.996,-0.003,-0.001429,0.004899,0.300162,1.0,0.0045,6.993518,1.493518,0,0,0.0,0.0,1.0,0.5,0.300162
2026-10-03T13:34:46.086Z,LAT-00036-a8698a,BASE_FINE,9.8,ACCEPTABLE_CONTEXT,0.008166,OK,1.0294,A-1.0-ppr,3.508,0.001,0.001429,0.011662,0.300157,-1.0,0.049,3.52553,-1.97447,0,0,0.0,0.0,1.0,0.5,0.300157
2026-10-03T13:34:46.087Z,LAT-00037-2da186,BASE_FINE,8.8,ACCEPTABLE_CONTEXT,0.00428,OK,0.9574,A-1.0-ppr,6.994,0.004,-0.002857,0.008,0.300171,-1.0,0.044,7.020659,1.520659,0,0,0.0,0.0,1.0,0.5,0.300171
2026-10-03T13:34:46.088Z,LAT-00038-ebcc9c,ACID_FINE,1.1,ACCEPTABLE_CONTEXT,0.00428,OK,0.9481,A-1.0-ppr,6.994,-0.004,0.005714,0.008,0.300159,1.0,0.0055,6.990967,1.490967,0,0,0.0,0.0,1.0,0.5,0.300159
2026-10-03T13:34:46.089Z,LAT-00039-ce9b26,ACID_BULK,17.2,HARMFUL_CONTEXT,1.0,"PREDICTED_UNSAFE:a,b,d",0.5007,A-1.0-ppr,6.202,0.007,-0.007143,0.011662,0.300156,1.0,8.6,2.886937,-2.613063,0,0,0.0,0.0,1.0,0.5,0.300156
2026-10-03T13:34:46.091Z,LAT-00040-393b6e,BASE_FINE,2.6,ACCEPTABLE_CONTEXT,0.00428,OK,1.0156,A-1.0-ppr,7.006,0.004,0.008571,0.010198,0.300158,-1.0,0.013,7.014003,1.514003,0,0,0.0,0.0,1.0,0.5,0.300158
2026-10-03T13:34:46.092Z,LAT-00041-3b9b25,BASE_FINE,5.1,ACCEPTABLE_CONTEXT,0.00428,OK,0.9498,A-1.0-ppr,6.998,-0.003,-0.007143,0.009798,0.30016,-1.0,0.0255,7.013392,1.513392,0,0,0.0,0.0,1.0,0.5,0.30016
2026-10-03T13:34:46.093Z,LAT-00042-7b71c9,ACID_FINE,1.8,ACCEPTABLE_CONTEXT,0.00428,OK,0.9549,A-1.0-ppr,7.0,-0.001,-0.004286,0.006325,0.300155,1.0,0.009,6.995035,1.495035,0,0,0.0,0.0,1.0,0.5,0.300155
2026-10-03T13:34:46.095Z,LAT-00043-1d8437,BASE_FINE,6.2,ACCEPTABLE_CONTEXT,0.00428,OK,0.977,A-1.0-ppr,7.0,0.002,0.002857,0.008944,0.300157,-1.0,0.031,7.01888,1.51888,0,0,0.0,0.0,1.0,0.5,0.300157
2026-10-03T13:34:46.095Z,LAT-00044-a31ce9,BASE_FINE,4.6,UNCERTAIN_CONTEXT,1.0,STALE_SAMPLE,0.4913,A-1.0-ppr,7.006,0.001,0.001429,0.010198,4.000161,-1.0,0.023,7.02019,1.52019,0,0,0.0,0.0,1.0,0.5,4.000161
2026-10-03T13:34:46.096Z,LAT-00045-bd5c38,BASE_FINE,4.6,UNCERTAIN_CONTEXT,1.0,STALE_SAMPLE,0.4149,A-1.0-ppr,6.998,0.003,-0.015714,0.017205,4.000153,-1.0,0.023,7.011845,1.511845,0,0,0.0,0.0,1.0,0.5,4.000153
2026-10-03T13:34:46.098Z,LAT-00046-638955,BASE_FINE,5.3,ACCEPTABLE_CONTEXT,0.008166,OK,1.0592,A-1.0-ppr,3.49,-0.002,0.0,0.008944,0.300153,-1.0,0.0265,3.499039,-2.000961,0,0,0.0,0.0,1.0,0.5,0.300153
2026-10-03T13:34:46.099Z,LAT-00047-6d2c2c,BASE_FINE,8.9,ACCEPTABLE_CONTEXT,0.008597,OK,1.0599,A-1.0-ppr,3.504,0.002,0.0,0.004899,0.300154,-1.0,0.0445,3.519755,-1.980245,0,0,0.0,0.0,1.0,0.5,0.300154
2026-10-03T13:34:46.100Z,LAT-00048-764f5d,BASE_FINE,4.3,ACCEPTABLE_CONTEXT,0.00428,OK,0.9625,A-1.0-ppr,6.996,-0.001,0.001429,0.010198,0.300158,-1.0,0.0215,7.008829,1.508829,0,0,0.0,0.0,1.0,0.5,0.300158
2026-10-03T13:34:46.102Z,LAT-00049-09b079,BASE_FINE,3.8,ACCEPTABLE_CONTEXT,0.008166,OK,1.0076,A-1.0-ppr,3.494,-0.005,-0.001429,0.013565,0.300159,-1.0,0.019,3.50052,-1.99948,0,0,0.0,0.0,1.0,0.5,0.300159
2026-10-03T13:34:46.103Z,LAT-00050-4c8019,BASE_FINE,9.7,ACCEPTABLE_CONTEXT,0.00428,OK,0.9798,A-1.0-ppr,6.992,0.005,0.007143,0.009798,0.300155,-1.0,0.0485,7.021355,1.521355,0,0,0.0,0.0,1.0,0.5,0.300155
2026-10-03T13:34:46.104Z,LAT-00051-277c8f,BASE_FINE,3.5,ACCEPTABLE_CONTEXT,0.00428,OK,0.9788,A-1.0-ppr,7.002,0.004,0.014286,0.014697,0.300161,-1.0,0.0175,7.012614,1.512614,0,0,0.0,0.0,1.0,0.5,0.300161
2026-10-03T13:34:46.105Z,LAT-00052-26e5d8,BASE_FINE,2.6,UNCERTAIN_CONTEXT,1.0,STALE_SAMPLE,0.4507,A-1.0-ppr,7.0,0.005,-0.001429,0.008944,4.000157,-1.0,0.013,7.007739,1.507739,0,0,0.0,0.0,1.0,0.5,4.000157
2026-10-03T13:34:46.106Z,LAT-00053-9f8896,BASE_FINE,2.2,ACCEPTABLE_CONTEXT,0.008597,OK,1.0499,A-1.0-ppr,3.504,0.002,0.0,0.004899,0.300155,-1.0,0.011,3.507847,-1.992153,0,0,0.0,0.0,1.0,0.5,0.300155
2026-10-03T13:34:46.107Z,LAT-00054-08f617,ACID_BULK,12.7,HARMFUL_CONTEXT,1.0,"PREDICTED_UNSAFE:a,b,d",0.4959,A-1.0-ppr,6.198,-0.002,0.002857,0.007483,0.30016,1.0,6.35,3.069053,-2.430947,0,0,0.0,0.0,1.0,0.5,0.30016
2026-10-03T13:34:46.109Z,LAT-00055-245523,ACID_FINE,0.7,ACCEPTABLE_CONTEXT,0.00428,OK,0.9997,A-1.0-ppr,7.008,0.002,-0.005714,0.011662,0.300157,1.0,0.0035,7.006031,1.506031,0,0,0.0,0.0,1.0,0.5,0.300157
2026-10-03T13:34:46.110Z,LAT-00056-18b2fb,ACID_BULK,10.5,HARMFUL_CONTEXT,1.0,"PREDICTED_UNSAFE:a,b,d",0.4912,A-1.0-ppr,6.204,-0.002,-0.005714,0.012,0.300156,1.0,5.25,3.199906,-2.300094,0,0,0.0,0.0,1.0,0.5,0.300156
2026-10-03T13:34:46.111Z,LAT-00057-dabdcc,BASE_FINE,2.4,ACCEPTABLE_CONTEXT,0.00428,OK,1.0361,A-1.0-ppr,7.006,0.0,0.008571,0.010198,0.300154,-1.0,0.012,7.013384,1.513384,0,0,0.0,0.0,1.0,0.5,0.300154
2026-10-03T13:34:46.112Z,LAT-00058-aa3eb7,ACID_BULK,12.0,HARMFUL_CONTEXT,1.0,"PREDICTED_UNSAFE:a,b,d",0.4928,A-1.0-ppr,6.202,0.005,0.001429,0.011662,0.30016,1.0,6.0,3.107224,-2.392776,0,0,0.0,0.0,1.0,0.5,0.30016
2026-10-03T13:34:46.113Z,LAT-00059-697e73,BASE_FINE,4.0,ACCEPTABLE_CONTEXT,0.00428,OK,1.0089,A-1.0-ppr,7.006,0.0,0.005714,0.008,0.300153,-1.0,0.02,7.018335,1.518335,0,0,0.0,0.0,1.0,0.5,0.300153
2026-10-03T13:34:46.114Z,LAT-00060-6175ea,ACID_FINE,2.8,ACCEPTABLE_CONTEXT,0.00428,OK,0.9871,A-1.0-ppr,6.994,-0.002,-0.008571,0.008,0.300156,1.0,0.014,6.986284,1.486284,0,0,0.0,0.0,1.0,0.5,0.300156
2026-10-03T13:34:46.116Z,LAT-00061-0ec4ea,BASE_FINE,2.6,ACCEPTABLE_CONTEXT,0.008166,OK,1.0266,A-1.0-ppr,3.494,0.002,0.005714,0.008,0.300163,-1.0,0.013,3.498452,-2.001548,0,0,0.0,0.0,1.0,0.5,0.300163
2026-10-03T13:34:46.117Z,LAT-00062-0ee044,ACID_BULK,10.8,HARMFUL_CONTEXT,1.0,"PREDICTED_UNSAFE:a,b,d",0.4941,A-1.0-ppr,6.186,0.004,0.002857,0.008,0.300156,1.0,5.4,3.173317,-2.326683,0,0,0.0,0.0,1.0,0.5,0.300156
2026-10-03T13:34:46.118Z,LAT-00063-3966ed,BASE_FINE,1.1,ACCEPTABLE_CONTEXT,0.00428,OK,0.9611,A-1.0-ppr,6.992,0.0,-0.005714,0.009798,0.300153,-1.0,0.0055,6.995266,1.495266,0,0,0.0,0.0,1.0,0.5,0.300153
2026-10-03T13:34:46.119Z,LAT-00064-218b48,ACID_BULK,11.7,HARMFUL_CONTEXT,1.0,"PREDICTED_UNSAFE:a,b,d",0.4968,A-1.0-ppr,6.2,0.002,0.0,0.006325,0.300155,1.0,5.85,3.123466,-2.376534,0,0,0.0,0.0,1.0,0.5,0.300155
2026-10-03T13:34:46.120Z,LAT-00065-cb6c77,BASE_FINE,2.3,UNCERTAIN_CONTEXT,1.0,STALE_SAMPLE,0.4314,A-1.0-ppr,6.996,-0.005,0.001429,0.013565,4.000151,-1.0,0.0115,7.002826,1.502826,0,0,0.0,0.0,1.0,0.5,4.000151
2026-10-03T13:34:46.121Z,LAT-00066-b91cdf,ACID_FINE,7.8,ACCEPTABLE_CONTEXT,0.00428,OK,0.9731,A-1.0-ppr,6.998,0.003,-0.004286,0.007483,0.300147,1.0,0.039,6.976596,1.476596,0,0,0.0,0.0,1.0,0.5,0.300147
2026-10-03T13:34:46.122Z,LAT-00067-6b739f,ACID_BULK,11.2,HARMFUL_CONTEXT,1.0,"PREDICTED_UNSAFE:a,b,d",0.4871,A-1.0-ppr,6.2,-0.001,-0.01,0.008944,0.300155,1.0,5.6,3.153119,-2.346881,0,0,0.0,0.0,1.0,0.5,0.300155
2026-10-03T13:34:46.123Z,LAT-00068-7397db,BASE_FINE,5.1,ACCEPTABLE_CONTEXT,0.004506,OK,1.0154,A-1.0-ppr,7.004,-0.001,0.001429,0.004899,0.300165,-1.0,0.0255,7.01965,1.51965,0,0,0.0,0.0,1.0,0.5,0.300165
2026-10-03T13:34:46.124Z,LAT-00069-776481,ACID_BULK,13.5,HARMFUL_CONTEXT,1.0,"PREDICTED_UNSAFE:a,b,d",0.4873,A-1.0-ppr,6.202,0.0,-0.002857,0.004,0.30016,1.0,6.75,3.031425,-2.468575,0,0,0.0,0.0,1.0,0.5,0.30016
2026-10-03T13:34:46.125Z,LAT-00070-3a8af1,ACID_BULK,14.6,HARMFUL_CONTEXT,1.0,"PREDICTED_UNSAFE:a,b,d",0.4631,A-1.0-ppr,6.198,0.002,0.0,0.009798,0.300154,1.0,7.3,2.982281,-2.517719,0,0,0.0,0.0,1.0,0.5,0.300154
2026-10-03T13:34:46.126Z,LAT-00071-1051c3,BASE_FINE,4.2,ACCEPTABLE_CONTEXT,0.00428,OK,0.9935,A-1.0-ppr,6.99,0.001,-0.001429,0.006325,0.300151,-1.0,0.021,7.002464,1.502464,0,0,0.0,0.0,1.0,0.5,0.300151
2026-10-03T13:34:46.128Z,LAT-00072-9d18b3,BASE_FINE,9.3,ACCEPTABLE_CONTEXT,0.008166,OK,1.0509,A-1.0-ppr,3.5,0.004,0.005714,0.008944,0.300156,-1.0,0.0465,3.51633,-1.98367,0,0,0.0,0.0,1.0,0.5,0.300156
2026-10-03T13:34:46.128Z,LAT-00073-cff1e1,BASE_FINE,1.7,UNCERTAIN_CONTEXT,1.0,STALE_SAMPLE,0.4493,A-1.0-ppr,6.994,-0.009,0.001429,0.016248,4.000155,-1.0,0.0085,6.999046,1.499046,0,0,0.0,0.0,1.0,0.5,4.000155
2026-10-03T13:34:46.130Z,LAT-00074-059c18,ACID_FINE,1.8,ACCEPTABLE_CONTEXT,0.00428,OK,0.9788,A-1.0-ppr,6.994,-0.001,0.001429,0.010198,0.300151,1.0,0.009,6.989038,1.489038,0,0,0.0,0.0,1.0,0.5,0.300151
2026-10-03T13:34:46.131Z,LAT-00075-a52031,BASE_FINE,3.8,ACCEPTABLE_CONTEXT,0.00428,OK,0.9776,A-1.0-ppr,6.992,-0.003,0.001429,0.007483,0.300153,-1.0,0.019,7.003277,1.503277,0,0,0.0,0.0,1.0,0.5,0.300153
2026-10-03T13:34:46.132Z,LAT-00076-aa59ef,ACID_FINE,8.8,ACCEPTABLE_CONTEXT,0.00428,OK,0.9566,A-1.0-ppr,7.0,-0.004,0.005714,0.008944,0.300154,1.0,0.044,6.975871,1.475871,0,0,0.0,0.0,1.0,0.5,0.300154
2026-10-03T13:34:46.134Z,LAT-00077-9647c9,ACID_FINE,5.0,ACCEPTABLE_CONTEXT,0.00428,OK,0.9774,A-1.0-ppr,7.008,0.006,-0.008571,0.011662,0.300155,1.0,0.025,6.994172,1.494172,0,0,0.0,0.0,1.0,0.5,0.300155
2026-10-03T13:34:46.134Z,LAT-00078-ab736d,ACID_BULK,14.1,HARMFUL_CONTEXT,1.0,"PREDICTED_UNSAFE:a,b,d",0.5156,A-1.0-ppr,6.2,0.0,0.0,0.0,0.300156,1.0,7.05,3.003977,-2.496023,0,0,0.0,0.0,1.0,0.5,0.300156
2026-10-03T13:34:46.135Z,LAT-00079-4ed6de,BASE_FINE,1.8,UNCERTAIN_CONTEXT,1.0,STALE_SAMPLE,0.4149,A-1.0-ppr,6.998,0.003,0.001429,0.007483,4.000159,-1.0,0.009,7.003342,1.503342,0,0,0.0,0.0,1.0,0.5,4.000159
2026-10-03T13:34:46.137Z,LAT-00080-6f82d7,ACID_FINE,6.3,ACCEPTABLE_CONTEXT,0.00428,OK,1.0216,A-1.0-ppr,7.002,-0.004,0.002857,0.007483,0.300152,1.0,0.0315,6.984638,1.484638,0,0,0.0,0.0,1.0,0.5,0.300152
2026-10-03T13:34:46.138Z,LAT-00081-96ab92,BASE_FINE,7.2,ACCEPTABLE_CONTEXT,0.00428,OK,0.9751,A-1.0-ppr,6.994,-0.002,-0.002857,0.008,0.300153,-1.0,0.036,7.015715,1.515715,0,0,0.0,0.0,1.0,0.5,0.300153
2026-10-03T13:34:46.139Z,LAT-00082-9694bc,ACID_FINE,4.2,ACCEPTABLE_CONTEXT,0.00428,OK,0.9587,A-1.0-ppr,6.998,0.001,0.004286,0.009798,0.300161,1.0,0.021,6.986424,1.486424,0,0,0.0,0.0,1.0,0.5,0.300161
2026-10-03T13:34:46.140Z,LAT-00083-fefcb8,ACID_BULK,10.6,HARMFUL_CONTEXT,1.0,"PREDICTED_UNSAFE:a,b,d",0.496,A-1.0-ppr,6.2,0.003,-0.004286,0.006325,0.300159,1.0,5.3,3.191609,-2.308391,0,0,0.0,0.0,1.0,0.5,0.300159
2026-10-03T13:34:46.141Z,LAT-00084-e7a1a9,BASE_FINE,4.4,ACCEPTABLE_CONTEXT,0.008166,OK,1.0318,A-1.0-ppr,3.5,-0.002,0.005714,0.006325,0.300155,-1.0,0.022,3.507658,-1.992342,0,0,0.0,0.0,1.0,0.5,0.300155
2026-10-03T13:34:46.142Z,LAT-00085-c3bd30,ACID_BULK,16.0,HARMFUL_CONTEXT,1.0,"PREDICTED_UNSAFE:a,b,d",0.5003,A-1.0-ppr,6.192,0.008,0.002857,0.011662,0.300156,1.0,8.0,2.926664,-2.573336,0,0,0.0,0.0,1.0,0.5,0.300156
2026-10-03T13:34:46.143Z,LAT-00086-1b03b0,BASE_FINE,2.3,UNCERTAIN_CONTEXT,1.0,STALE_SAMPLE,0.457,A-1.0-ppr,7.004,-0.002,-0.002857,0.008,4.000156,-1.0,0.0115,7.010987,1.510987,0,0,0.0,0.0,1.0,0.5,4.000156
2026-10-03T13:34:46.144Z,LAT-00087-4136d2,BASE_FINE,2.7,ACCEPTABLE_CONTEXT,0.004506,OK,0.9878,A-1.0-ppr,6.996,-0.003,-0.001429,0.004899,0.300152,-1.0,0.0135,7.004013,1.504013,0,0,0.0,0.0,1.0,0.5,0.300152
2026-10-03T13:34:46.146Z,LAT-00088-240b3c,BASE_FINE,4.9,ACCEPTABLE_CONTEXT,0.00428,OK,0.9636,A-1.0-ppr,6.996,-0.003,-0.007143,0.010198,0.300156,-1.0,0.0245,7.010686,1.510686,0,0,0.0,0.0,1.0,0.5,0.300156
2026-10-03T13:34:46.147Z,LAT-00089-ddde37,ACID_BULK,18.2,HARMFUL_CONTEXT,1.0,"PREDICTED_UNSAFE:a,b,d",0.491,A-1.0-ppr,6.202,0.004,-0.008571,0.011662,0.300165,1.0,9.1,2.854953,-2.645047,0,0,0.0,0.0,1.0,0.5,0.300165
2026-10-03T13:34:46.147Z,LAT-00090-0c5b12,BASE_FINE,4.9,UNCERTAIN_CONTEXT,1.0,STALE_SAMPLE,0.4234,A-1.0-ppr,6.992,0.001,-0.004286,0.011662,4.000152,-1.0,0.0245,7.006538,1.506538,0,0,0.0,0.0,1.0,0.5,4.000152
2026-10-03T13:34:46.149Z,LAT-00091-4d1e45,BASE_FINE,0.8,ACCEPTABLE_CONTEXT,0.00428,OK,1.0106,A-1.0-ppr,7.006,-0.007,-0.001429,0.010198,0.300149,-1.0,0.004,7.008429,1.508429,0,0,0.0,0.0,1.0,0.5,0.300149
2026-10-03T13:34:46.150Z,LAT-00092-6ed255,BASE_FINE,3.1,ACCEPTABLE_CONTEXT,0.00428,OK,0.9478,A-1.0-ppr,6.998,0.001,0.007143,0.007483,0.300154,-1.0,0.0155,7.0072,1.5072,0,0,0.0,0.0,1.0,0.5,0.300154
2026-10-03T13:34:46.151Z,LAT-00093-83c40d,BASE_FINE,8.9,ACCEPTABLE_CONTEXT,0.00428,OK,0.9748,A-1.0-ppr,6.996,-0.004,0.011429,0.014967,0.300157,-1.0,0.0445,7.023051,1.523051,0,0,0.0,0.0,1.0,0.5,0.300157
2026-10-03T13:34:46.153Z,LAT-00094-e86acc,ACID_FINE,1.2,ACCEPTABLE_CONTEXT,0.00428,OK,0.9377,A-1.0-ppr,6.998,-0.001,0.007143,0.007483,0.300155,1.0,0.006,6.99469,1.49469,0,0,0.0,0.0,1.0,0.5,0.300155
2026-10-03T13:34:46.153Z,LAT-00095-5da91b,BASE_FINE,1.6,UNCERTAIN_CONTEXT,1.0,STALE_SAMPLE,0.4475,A-1.0-ppr,6.996,-0.005,-0.001429,0.010198,4.000155,-1.0,0.008,7.000749,1.500749,0,0,0.0,0.0,1.0,0.5,4.000155
2026-10-03T13:34:46.155Z,LAT-00096-dc9d50,BASE_FINE,5.5,ACCEPTABLE_CONTEXT,0.008166,OK,1.0379,A-1.0-ppr,3.5,-0.001,-0.007143,0.010954,0.300154,-1.0,0.0275,3.509591,-1.990409,0,0,0.0,0.0,1.0,0.5,0.300154
2026-10-03T13:34:46.156Z,LAT-00097-6d507e,BASE_FINE,6.5,ACCEPTABLE_CONTEXT,0.006266,OK,1.0264,A-1.0-ppr,3.5,0.0,0.0,0.0,0.300157,-1.0,0.0325,3.511356,-1.988644,0,0,0.0,0.0,1.0,0.5,0.300157
2026-10-03T13:34:46.157Z,LAT-00098-77fda7,ACID_BULK,11.5,HARMFUL_CONTEXT,1.0,"PREDICTED_UNSAFE:a,b,d",0.4913,A-1.0-ppr,6.194,-0.002,-0.002857,0.008,0.300154,1.0,5.75,3.13308,-2.36692,0,0,0.0,0.0,1.0,0.5,0.300154
2026-10-03T13:34:46.158Z,LAT-00099-a514ab,ACID_BULK,10.2,HARMFUL_CONTEXT,1.0,"PREDICTED_UNSAFE:a,b,d",0.4664,A-1.0-ppr,6.198,0.003,0.001429,0.007483,0.300152,1.0,5.1,3.218502,-2.281498,0,0,0.0,0.0,1.0,0.5,0.300152
2026-10-03T13:34:46.159Z,LAT-00100-c4f048,BASE_FINE,2.6,UNCERTAIN_CONTEXT,1.0,STALE_SAMPLE,0.4107,A-1.0-ppr,6.998,0.0,-0.002857,0.007483,4.000159,-1.0,0.013,7.005715,1.505715,0,0,0.0,0.0,1.0,0.5,4.000159
2026-10-03T13:34:46.160Z,LAT-00101-c5ffb7,BASE_FINE,8.1,ACCEPTABLE_CONTEXT,0.00428,OK,1.029,A-1.0-ppr,7.002,-0.004,-0.002857,0.007483,0.300149,-1.0,0.0405,7.026831,1.526831,0,0,0.0,0.0,1.0,0.5,0.300149
2026-10-03T13:34:46.161Z,LAT-00102-9574ed,BASE_FINE,6.5,ACCEPTABLE_CONTEXT,0.00428,OK,0.9607,A-1.0-ppr,6.998,0.004,0.002857,0.007483,0.300153,-1.0,0.0325,7.017722,1.517722,0,0,0.0,0.0,1.0,0.5,0.300153
2026-10-03T13:34:46.162Z,LAT-00103-64fad6,ACID_BULK,15.8,HARMFUL_CONTEXT,1.0,"PREDICTED_UNSAFE:a,b,d",0.498,A-1.0-ppr,6.194,-0.001,-0.004286,0.004899,0.300153,1.0,7.9,2.934421,-2.565579,0,0,0.0,0.0,1.0,0.5,0.300153
2026-10-03T13:34:46.163Z,LAT-00104-cb5f54,ACID_BULK,18.7,HARMFUL_CONTEXT,1.0,"PREDICTED_UNSAFE:a,b,d",0.4691,A-1.0-ppr,6.198,-0.003,-0.004286,0.007483,0.300153,1.0,9.35,2.839133,-2.660867,0,0,0.0,0.0,1.0,0.5,0.300153
2026-10-03T13:34:46.164Z,LAT-00105-68534d,ACID_FINE,8.4,ACCEPTABLE_CONTEXT,0.00428,OK,0.9955,A-1.0-ppr,6.996,-0.003,0.001429,0.012,0.300149,1.0,0.042,6.973086,1.473086,0,0,0.0,0.0,1.0,0.5,0.300149
2026-10-03T13:34:46.166Z,LAT-00106-a49876,BASE_FINE,5.2,ACCEPTABLE_CONTEXT,0.00428,OK,0.9644,A-1.0-ppr,6.998,-0.005,0.004286,0.011662,0.300155,-1.0,0.026,7.013701,1.513701,0,0,0.0,0.0,1.0,0.5,0.300155
2026-10-03T13:34:46.166Z,LAT-00107-c17d95,BASE_FINE,4.2,UNCERTAIN_CONTEXT,1.0,STALE_SAMPLE,0.4875,A-1.0-ppr,7.002,-0.005,-0.01,0.013266,4.000154,-1.0,0.021,7.01478,1.51478,0,0,0.0,0.0,1.0,0.5,4.000154
2026-10-03T13:34:46.168Z,LAT-00108-537fdf,ACID_FINE,9.6,ACCEPTABLE_CONTEXT,0.00428,OK,1.011,A-1.0-ppr,7.012,0.006,0.005714,0.013266,0.300153,1.0,0.048,6.985334,1.485334,0,0,0.0,0.0,1.0,0.5,0.300153
2026-10-03T13:34:46.169Z,LAT-00109-f1f5a5,ACID_FINE,3.1,ACCEPTABLE_CONTEXT,0.00428,OK,0.9652,A-1.0-ppr,7.0,0.002,0.008571,0.010954,0.300155,1.0,0.0155,6.991452,1.491452,0,0,0.0,0.0,1.0,0.5,0.300155
2026-10-03T13:34:46.170Z,LAT-00110-aeafec,ACID_BULK,14.0,HARMFUL_CONTEXT,1.0,"PREDICTED_UNSAFE:a,b,d",0.4875,A-1.0-ppr,6.208,-0.001,0.001429,0.004,0.300153,1.0,7.0,3.010324,-2.489676,0,0,0.0,0.0,1.0,0.5,0.300153
2026-10-03T13:34:46.171Z,LAT-00111-7ebb9f,ACID_FINE,0.6,ACCEPTABLE_CONTEXT,0.00428,OK,0.975,A-1.0-ppr,7.0,0.0,-0.005714,0.008944,0.300153,1.0,0.003,6.998345,1.498345,0,0,0.0,0.0,1.0,0.5,0.300153
2026-10-03T13:34:46.172Z,LAT-00112-1efcab,ACID_BULK,16.8,HARMFUL_CONTEXT,1.0,"PREDICTED_UNSAFE:a,b,d",0.4844,A-1.0-ppr,6.202,-0.01,0.005714,0.019391,0.300154,1.0,8.4,2.900425,-2.599575,0,0,0.0,0.0,1.0,0.5,0.300154
2026-10-03T13:34:46.173Z,LAT-00113-4544bb,BASE_FINE,6.9,ACCEPTABLE_CONTEXT,0.008166,OK,1.0225,A-1.0-ppr,3.502,-0.005,0.004286,0.011662,0.30015,-1.0,0.0345,3.514116,-1.985884,0,0,0.0,0.0,1.0,0.5,0.30015
2026-10-03T13:34:46.175Z,LAT-00114-6e3a32,ACID_FINE,3.3,ACCEPTABLE_CONTEXT,0.00428,OK,1.0061,A-1.0-ppr,7.004,-0.001,0.007143,0.008,0.300152,1.0,0.0165,6.994898,1.494898,0,0,0.0,0.0,1.0,0.5,0.300152
2026-10-03T13:34:46.176Z,LAT-00115-dae794,BASE_FINE,2.6,UNCERTAIN_CONTEXT,1.0,STALE_SAMPLE,0.4728,A-1.0-ppr,7.004,0.0,-0.002857,0.004899,4.000158,-1.0,0.013,7.011915,1.511915,0,0,0.0,0.0,1.0,0.5,4.000158
2026-10-03T13:34:46.177Z,LAT-00116-42011b,BASE_FINE,4.7,ACCEPTABLE_CONTEXT,0.00428,OK,0.9519,A-1.0-ppr,6.998,-0.003,0.001429,0.007483,0.300152,-1.0,0.0235,7.012154,1.512154,0,0,0.0,0.0,1.0,0.5,0.300152
2026-10-03T13:34:46.178Z,LAT-00117-70027f,BASE_FINE,3.5,UNCERTAIN_CONTEXT,1.0,STALE_SAMPLE,0.4663,A-1.0-ppr,7.006,-0.003,0.001429,0.010198,4.000152,-1.0,0.0175,7.016788,1.516788,0,0,0.0,0.0,1.0,0.5,4.000152
2026-10-03T13:34:46.179Z,LAT-00118-e9a960,BASE_FINE,3.8,ACCEPTABLE_CONTEXT,0.00428,OK,0.9842,A-1.0-ppr,6.996,-0.005,-0.001429,0.010198,0.30015,-1.0,0.019,7.00728,1.50728,0,0,0.0,0.0,1.0,0.5,0.30015
2026-10-03T13:34:46.180Z,LAT-00119-6033bf,BASE_FINE,1.9,UNCERTAIN_CONTEXT,1.0,STALE_SAMPLE,0.4405,A-1.0-ppr,7.0,0.0,-0.008571,0.008944,4.000157,-1.0,0.0095,7.005638,1.505638,0,0,0.0,0.0,1.0,0.5,4.000157
2026-10-03T13:34:46.181Z,LAT-00120-b5a6d7,BASE_FINE,2.5,ACCEPTABLE_CONTEXT,0.008166,OK,1.0459,A-1.0-ppr,3.498,0.002,-0.011429,0.011662,0.300151,-1.0,0.0125,3.502318,-1.997682,0,0,0.0,0.0,1.0,0.5,0.300151
2026-10-03T13:34:46.183Z,LAT-00121-597ada,BASE_FINE,6.1,ACCEPTABLE_CONTEXT,0.008166,OK,1.046,A-1.0-ppr,3.502,0.008,-0.002857,0.014697,0.300159,-1.0,0.0305,3.512696,-1.987304,0,0,0.0,0.0,1.0,0.5,0.300159
2026-10-03T13:34:46.184Z,LAT-00122-584364,BASE_FINE,0.6,ACCEPTABLE_CONTEXT,0.00428,OK,0.9645,A-1.0-ppr,7.0,-0.002,-0.005714,0.006325,0.300161,-1.0,0.003,7.001781,1.501781,0,0,0.0,0.0,1.0,0.5,0.300161
2026-10-03T13:34:46.185Z,LAT-00123-3f296a,ACID_FINE,4.6,ACCEPTABLE_CONTEXT,0.00428,OK,0.9529,A-1.0-ppr,7.0,0.002,0.0,0.008944,0.300158,1.0,0.023,6.98732,1.48732,0,0,0.0,0.0,1.0,0.5,0.300158
2026-10-03T13:34:46.186Z,LAT-00124-a9de9a,BASE_FINE,4.5,UNCERTAIN_CONTEXT,1.0,STALE_SAMPLE,0.4496,A-1.0-ppr,6.996,-0.001,-0.012857,0.013565,4.000159,-1.0,0.0225,7.009448,1.509448,0,0,0.0,0.0,1.0,0.5,4.000159
2026-10-03T13:34:46.187Z,LAT-00125-fe8c3f,BASE_FINE,3.8,UNCERTAIN_CONTEXT,1.0,STALE_SAMPLE,0.4248,A-1.0-ppr,6.998,0.0,0.011429,0.009798,4.000157,-1.0,0.019,7.009368,1.509368,0,0,0.0,0.0,1.0,0.5,4.000157
2026-10-03T13:34:46.188Z,LAT-00126-746a2d,ACID_FINE,6.8,ACCEPTABLE_CONTEXT,0.00428,OK,0.9922,A-1.0-ppr,7.0,0.002,0.002857,0.008944,0.300151,1.0,0.034,6.981267,1.481267,0,0,0.0,0.0,1.0,0.5,0.300151
2026-10-03T13:34:46.189Z,LAT-00127-ed5f6d,BASE_FINE,4.9,ACCEPTABLE_CONTEXT,0.008166,OK,1.0302,A-1.0-ppr,3.486,0.002,0.002857,0.008,0.300157,-1.0,0.0245,3.494279,-2.005721,0,0,0.0,0.0,1.0,0.5,0.300157
2026-10-03T13:34:46.190Z,LAT-00128-8538fe,ACID_BULK,11.8,HARMFUL_CONTEXT,1.0,"PREDICTED_UNSAFE:a,b,d",0.4983,A-1.0-ppr,6.198,0.002,-0.002857,0.004,0.300157,1.0,5.9,3.117131,-2.382869,0,0,0.0,0.0,1.0,0.5,0.300157
2026-10-03T13:34:46.191Z,LAT-00129-010f1b,ACID_BULK,17.9,HARMFUL_CONTEXT,1.0,"PREDICTED_UNSAFE:a,b,d",0.469,A-1.0-ppr,6.202,0.0,0.002857,0.007483,0.300156,1.0,8.95,2.864302,-2.635698,0,0,0.0,0.0,1.0,0.5,0.300156
2026-10-03T13:34:46.192Z,LAT-00130-91c51d,BASE_FINE,5.1,ACCEPTABLE_CONTEXT,0.00428,OK,0.9929,A-1.0-ppr,6.992,-0.003,0.01,0.013266,0.300152,-1.0,0.0255,7.007131,1.507131,0,0,0.0,0.0,1.0,0.5,0.300152
2026-10-03T13:34:46.194Z,LAT-00131-a49937,BASE_FINE,6.4,ACCEPTABLE_CONTEXT,0.00428,OK,1.0011,A-1.0-ppr,7.002,-0.003,-0.01,0.013266,0.300155,-1.0,0.032,7.021582,1.521582,0,0,0.0,0.0,1.0,0.5,0.300155
2026-10-03T13:34:46.195Z,LAT-00132-8b8e38,BASE_FINE,2.7,ACCEPTABLE_CONTEXT,0.00428,OK,1.0058,A-1.0-ppr,7.008,-0.001,-0.004286,0.007483,0.300159,-1.0,0.0135,7.016362,1.516362,0,0,0.0,0.0,1.0,0.5,0.300159
2026-10-03T13:34:46.196Z,LAT-00133-a06d72,ACID_BULK,13.5,HARMFUL_CONTEXT,1.0,"PREDICTED_UNSAFE:a,b,d",0.4929,A-1.0-ppr,6.2,0.006,0.008571,0.012649,0.300159,1.0,6.75,3.030903,-2.469097,0,0,0.0,0.0,1.0,0.5,0.300159
2026-10-03T13:34:46.197Z,LAT-00134-45e83b,BASE_FINE,2.1,UNCERTAIN_CONTEXT,1.0,STALE_SAMPLE,0.427,A-1.0-ppr,7.0,0.005,-0.01,0.010954,4.000156,-1.0,0.0105,7.006231,1.506231,0,0,0.0,0.0,1.0,0.5,4.000156
2026-10-03T13:34:46.198Z,LAT-00135-99cb2c,ACID_FINE,2.0,ACCEPTABLE_CONTEXT,0.00428,OK,0.9753,A-1.0-ppr,6.998,-0.01,-0.002857,0.016,0.300151,1.0,0.01,6.992485,1.492485,0,0,0.0,0.0,1.0,0.5,0.300151
2026-10-03T13:34:46.199Z,LAT-00136-94d720,BASE_FINE,3.4,UNCERTAIN_CONTEXT,1.0,STALE_SAMPLE,0.4735,A-1.0-ppr,7.004,0.001,-0.001429,0.010198,4.000157,-1.0,0.017,7.014392,1.514392,0,0,0.0,0.0,1.0,0.5,4.000157
2026-10-03T13:34:46.200Z,LAT-00137-318c0a,BASE_FINE,5.5,ACCEPTABLE_CONTEXT,0.00428,OK,1.0066,A-1.0-ppr,7.006,0.003,-0.007143,0.010198,0.300151,-1.0,0.0275,7.022971,1.522971,0,0,0.0,0.0,1.0,0.5,0.300151
2026-10-03T13:34:46.202Z,LAT-00138-506f43,BASE_FINE,7.1,ACCEPTABLE_CONTEXT,0.008597,OK,1.036,A-1.0-ppr,3.498,0.0,0.002857,0.004,0.300154,-1.0,0.0355,3.510363,-1.989637,0,0,0.0,0.0,1.0,0.5,0.300154
2026-10-03T13:34:46.203Z,LAT-00139-4cf32a,ACID_BULK,12.8,HARMFUL_CONTEXT,1.0,"PREDICTED_UNSAFE:a,b,d",0.496,A-1.0-ppr,6.204,-0.006,0.005714,0.010198,0.300166,1.0,6.4,3.065719,-2.434281,0,0,0.0,0.0,1.0,0.5,0.300166
2026-10-03T13:34:46.203Z,LAT-00140-7767a0,ACID_BULK,15.0,HARMFUL_CONTEXT,1.0,"PREDICTED_UNSAFE:a,b,d",0.4694,A-1.0-ppr,6.202,-0.003,0.001429,0.007483,0.300153,1.0,7.5,2.966937,-2.533063,0,0,0.0,0.0,1.0,0.5,0.300153
2026-10-03T13:34:46.205Z,LAT-00141-02c881,BASE_FINE,5.6,ACCEPTABLE_CONTEXT,0.008166,OK,1.0528,A-1.0-ppr,3.492,0.002,0.0,0.009798,0.30015,-1.0,0.028,3.501598,-1.998402,0,0,0.0,0.0,1.0,0.5,0.30015
2026-10-03T13:34:46.206Z,LAT-00142-e2301e,ACID_FINE,5.1,ACCEPTABLE_CONTEXT,0.00428,OK,1.0109,A-1.0-ppr,7.002,0.0,0.002857,0.007483,0.300153,1.0,0.0255,6.987941,1.487941,0,0,0.0,0.0,1.0,0.5,0.300153
2026-10-03T13:34:46.207Z,LAT-00143-add697,BASE_FINE,2.4,UNCERTAIN_CONTEXT,1.0,STALE_SAMPLE,0.4491,A-1.0-ppr,7.0,-0.004,-0.011429,0.012649,4.000157,-1.0,0.012,7.007121,1.507121,0,0,0.0,0.0,1.0,0.5,4.000157
2026-10-03T13:34:46.208Z,LAT-00144-2561a0,BASE_FINE,3.1,UNCERTAIN_CONTEXT,1.0,STALE_SAMPLE,0.422,A-1.0-ppr,6.994,-0.001,-0.001429,0.010198,4.00015,-1.0,0.0155,7.0032,1.5032,0,0,0.0,0.0,1.0,0.5,4.00015
2026-10-03T13:34:46.208Z,LAT-00145-a5a8bb,ACID_BULK,13.3,HARMFUL_CONTEXT,1.0,"PREDICTED_UNSAFE:a,b,d",0.4625,A-1.0-ppr,6.204,0.0,-0.002857,0.004899,0.300149,1.0,6.65,3.04133,-2.45867,0,0,0.0,0.0,1.0,0.5,0.300149
2026-10-03T13:34:46.210Z,LAT-00146-47fee8,ACID_FINE,3.3,ACCEPTABLE_CONTEXT,0.00428,OK,1.0215,A-1.0-ppr,7.008,-0.002,-0.008571,0.009798,0.30015,1.0,0.0165,6.998858,1.498858,0,0,0.0,0.0,1.0,0.5,0.30015
2026-10-03T13:34:46.211Z,LAT-00147-809fb9,ACID_BULK,11.3,HARMFUL_CONTEXT,1.0,"PREDICTED_UNSAFE:a,b,d",0.487,A-1.0-ppr,6.204,0.001,-0.007143,0.010198,0.300164,1.0,5.65,3.148387,-2.351613,0,0,0.0,0.0,1.0,0.5,0.300164
2026-10-03T13:34:46.211Z,LAT-00148-034919,BASE_FINE,2.2,UNCERTAIN_CONTEXT,1.0,STALE_SAMPLE,0.4196,A-1.0-ppr,7.0,-0.004,-0.014286,0.014142,4.000153,-1.0,0.011,7.006527,1.506527,0,0,0.0,0.0,1.0,0.5,4.000153
2026-10-03T13:34:46.212Z,LAT-00149-7ef6e6,ACID_BULK,11.9,HARMFUL_CONTEXT,1.0,"PREDICTED_UNSAFE:a,b,d",0.4531,A-1.0-ppr,6.2,-0.002,0.005714,0.006325,0.300149,1.0,5.95,3.112151,-2.387849,0,0,0.0,0.0,1.0,0.5,0.300149
2026-10-03T13:34:46.214Z,LAT-00150-f93c57,BASE_FINE,6.6,ACCEPTABLE_CONTEXT,0.00428,OK,1.0342,A-1.0-ppr,7.006,-0.003,0.004286,0.010198,0.300151,-1.0,0.033,7.026367,1.526367,0,0,0.0,0.0,1.0,0.5,0.300151
2026-10-03T13:34:46.215Z,LAT-00151-eb16dd,BASE_FINE,2.6,ACCEPTABLE_CONTEXT,0.00428,OK,1.0076,A-1.0-ppr,7.0,0.004,-0.002857,0.010954,0.300154,-1.0,0.013,7.007739,1.507739,0,0,0.0,0.0,1.0,0.5,0.300154
2026-10-03T13:34:46.216Z,LAT-00152-cdce49,BASE_FINE,2.3,UNCERTAIN_CONTEXT,1.0,STALE_SAMPLE,0.443,A-1.0-ppr,7.0,-0.001,0.004286,0.006325,4.000156,-1.0,0.0115,7.006824,1.506824,0,0,0.0,0.0,1.0,0.5,4.000156
2026-10-03T13:34:46.217Z,LAT-00153-d7356b,BASE_FINE,4.1,ACCEPTABLE_CONTEXT,0.008166,OK,1.0339,A-1.0-ppr,3.502,0.0,-0.005714,0.009798,0.300153,-1.0,0.0205,3.509163,-1.990837,0,0,0.0,0.0,1.0,0.5,0.300153
2026-10-03T13:34:46.218Z,LAT-00154-bc4ed6,BASE_FINE,3.8,UNCERTAIN_CONTEXT,1.0,STALE_SAMPLE,0.4705,A-1.0-ppr,7.006,0.001,-0.004286,0.008,4.000154,-1.0,0.019,7.017716,1.517716,0,0,0.0,0.0,1.0,0.5,4.000154
2026-10-03T13:34:46.219Z,LAT-00155-3e1a80,ACID_BULK,15.2,HARMFUL_CONTEXT,1.0,"PREDICTED_UNSAFE:a,b,d",0.4723,A-1.0-ppr,6.208,0.004,-0.008571,0.009798,0.300154,1.0,7.6,2.960339,-2.539661,0,0,0.0,0.0,1.0,0.5,0.300154
2026-10-03T13:34:46.220Z,LAT-00156-3b1234,BASE_FINE,3.9,ACCEPTABLE_CONTEXT,0.00428,OK,1.0238,A-1.0-ppr,7.006,-0.001,-0.004286,0.008,0.300153,-1.0,0.0195,7.018025,1.518025,0,0,0.0,0.0,1.0,0.5,0.300153
2026-10-03T13:34:46.221Z,LAT-00157-069f20,ACID_BULK,12.6,HARMFUL_CONTEXT,1.0,"PREDICTED_UNSAFE:a,b,d",0.4836,A-1.0-ppr,6.196,0.004,0.002857,0.008,0.300156,1.0,6.3,3.073558,-2.426442,0,0,0.0,0.0,1.0,0.5,0.300156
2026-10-03T13:34:46.222Z,LAT-00158-44413c,ACID_FINE,1.7,ACCEPTABLE_CONTEXT,0.00428,OK,0.9952,A-1.0-ppr,6.998,0.003,-0.001429,0.007483,0.300151,1.0,0.0085,6.993312,1.493312,0,0,0.0,0.0,1.0,0.5,0.300151
2026-10-03T13:34:46.224Z,LAT-00159-66b45b,BASE_FINE,9.4,ACCEPTABLE_CONTEXT,0.008166,OK,1.0676,A-1.0-ppr,3.498,-0.009,0.001429,0.013266,0.300167,-1.0,0.047,3.514436,-1.985564,0,0,0.0,0.0,1.0,0.5,0.300167
2026-10-03T13:34:46.225Z,LAT-00160-d5fdb0,ACID_BULK,19.4,HARMFUL_CONTEXT,1.0,"PREDICTED_UNSAFE:a,b,d",0.5116,A-1.0-ppr,6.198,0.002,0.002857,0.007483,0.300161,1.0,9.7,2.818814,-2.681186,0,0,0.0,0.0,1.0,0.5,0.300161
2026-10-03T13:34:46.226Z,LAT-00161-a52894,BASE_FINE,8.7,ACCEPTABLE_CONTEXT,0.00428,OK,1.0803,A-1.0-ppr,7.014,0.004,-0.002857,0.008,0.300188,-1.0,0.0435,7.041058,1.541058,0,0,0.0,0.0,1.0,0.5,0.300188
2026-10-03T13:34:46.227Z,LAT-00162-c82baa,ACID_BULK,13.9,HARMFUL_CONTEXT,1.0,"PREDICTED_UNSAFE:a,b,d",0.5468,A-1.0-ppr,6.194,0.001,-0.004286,0.004899,0.300208,1.0,6.95,3.011255,-2.488745,0,0,0.0,0.0,1.0,0.5,0.300208
2026-10-03T13:34:46.229Z,LAT-00163-12dd8b,ACID_FINE,4.0,ACCEPTABLE_CONTEXT,0.004506,OK,1.0575,A-1.0-ppr,6.994,0.002,0.0,0.004899,0.300187,1.0,0.02,6.98298,1.48298,0,0,0.0,0.0,1.0,0.5,0.300187
2026-10-03T13:34:46.229Z,LAT-00164-52d0de,BASE_FINE,3.4,UNCERTAIN_CONTEXT,1.0,STALE_SAMPLE,0.446,A-1.0-ppr,6.998,0.002,0.0,0.009798,4.000182,-1.0,0.017,7.008129,1.508129,0,0,0.0,0.0,1.0,0.5,4.000182
2026-10-03T13:34:46.230Z,LAT-00165-367ebf,ACID_BULK,17.0,HARMFUL_CONTEXT,1.0,"PREDICTED_UNSAFE:a,b,d",0.4865,A-1.0-ppr,6.194,0.0,0.005714,0.004899,0.30017,1.0,8.5,2.892099,-2.607901,0,0,0.0,0.0,1.0,0.5,0.30017
2026-10-03T13:34:46.231Z,LAT-00166-6ae7a4,BASE_FINE,5.0,UNCERTAIN_CONTEXT,1.0,STALE_SAMPLE,0.4638,A-1.0-ppr,7.006,-0.002,0.0,0.004899,4.00017,-1.0,0.025,7.021426,1.521426,0,0,0.0,0.0,1.0,0.5,4.00017
2026-10-03T13:34:46.233Z,LAT-00167-644cda,BASE_FINE,2.8,ACCEPTABLE_CONTEXT,0.00428,OK,1.0549,A-1.0-ppr,7.004,-0.002,0.011429,0.010198,0.300166,-1.0,0.014,7.012535,1.512535,0,0,0.0,0.0,1.0,0.5,0.300166
2026-10-03T13:34:46.233Z,LAT-00168-7bcc65,BASE_FINE,1.7,UNCERTAIN_CONTEXT,1.0,STALE_SAMPLE,0.4906,A-1.0-ppr,7.006,0.002,0.0,0.004899,4.000169,-1.0,0.0085,7.011217,1.511217,0,0,0.0,0.0,1.0,0.5,4.000169
2026-10-03T13:34:46.235Z,LAT-00169-dbc563,ACID_FINE,9.5,ACCEPTABLE_CONTEXT,0.004506,OK,1.0175,A-1.0-ppr,6.996,-0.001,-0.001429,0.004899,0.300164,1.0,0.0475,6.970177,1.470177,0,0,0.0,0.0,1.0,0.5,0.300164
2026-10-03T13:34:46.236Z,LAT-00170-5c428e,BASE_FINE,9.2,ACCEPTABLE_CONTEXT,0.003633,OK,0.9929,A-1.0-ppr,6.984,-0.003,0.015714,0.016248,0.300171,-1.0,0.046,7.01147,1.51147,0,0,0.0,0.0,1.0,0.5,0.300171
2026-10-03T13:34:46.237Z,LAT-00171-1256cc,BASE_FINE,1.1,UNCERTAIN_CONTEXT,1.0,STALE_SAMPLE,0.4346,A-1.0-ppr,6.998,0.001,0.001429,0.004,4.000169,-1.0,0.0055,7.001265,1.501265,0,0,0.0,0.0,1.0,0.5,4.000169
2026-10-03T13:34:46.238Z,LAT-00172-254d60,ACID_FINE,8.2,ACCEPTABLE_CONTEXT,0.00428,OK,1.0328,A-1.0-ppr,7.004,0.0,-0.008571,0.010198,0.300165,1.0,0.041,6.981409,1.481409,0,0,0.0,0.0,1.0,0.5,0.300165
2026-10-03T13:34:46.239Z,LAT-00173-5ddb54,ACID_BULK,15.0,HARMFUL_CONTEXT,1.0,"PREDICTED_UNSAFE:a,b,d",0.4978,A-1.0-ppr,6.2,0.0,-0.002857,0.010954,0.300171,1.0,7.5,2.966487,-2.533513,0,0,0.0,0.0,1.0,0.5,0.300171
2026-10-03T13:34:46.241Z,LAT-00174-e56154,ACID_FINE,9.9,ACCEPTABLE_CONTEXT,0.00428,OK,0.972,A-1.0-ppr,7.0,-0.001,-0.007143,0.010954,0.300166,1.0,0.0495,6.97296,1.47296,0,0,0.0,0.0,1.0,0.5,0.300166
2026-10-03T13:34:46.241Z,LAT-00175-af460c,BASE_FINE,1.3,UNCERTAIN_CONTEXT,1.0,STALE_SAMPLE,0.4448,A-1.0-ppr,6.994,0.001,0.001429,0.004899,4.000166,-1.0,0.0065,6.997859,1.497859,0,0,0.0,0.0,1.0,0.5,4.000166
2026-10-03T13:34:46.242Z,LAT-00176-2295ba,ACID_BULK,15.3,HARMFUL_CONTEXT,1.0,"PREDICTED_UNSAFE:a,b,d",0.4818,A-1.0-ppr,6.204,-0.006,-0.008571,0.012,0.300161,1.0,7.65,2.955554,-2.544446,0,0,0.0,0.0,1.0,0.5,0.300161
2026-10-03T13:34:46.243Z,LAT-00177-391fc2,ACID_BULK,11.7,HARMFUL_CONTEXT,1.0,"PREDICTED_UNSAFE:a,b,d",0.4627,A-1.0-ppr,6.2,0.002,-0.011429,0.014142,0.300161,1.0,5.85,3.123466,-2.376534,0,0,0.0,0.0,1.0,0.5,0.300161
2026-10-03T13:34:46.244Z,LAT-00178-eb0cd3,BASE_FINE,9.4,ACCEPTABLE_CONTEXT,0.008597,OK,1.075,A-1.0-ppr,3.504,-0.003,0.001429,0.004899,0.300157,-1.0,0.047,3.520655,-1.979345,0,0,0.0,0.0,1.0,0.5,0.300157
2026-10-03T13:34:46.246Z,LAT-00179-4b971d,BASE_FINE,3.0,ACCEPTABLE_CONTEXT,0.00428,OK,0.9612,A-1.0-ppr,6.998,0.001,-0.004286,0.007483,0.300161,-1.0,0.015,7.006901,1.506901,0,0,0.0,0.0,1.0,0.5,0.300161
2026-10-03T13:34:46.247Z,LAT-00180-a46772,ACID_FINE,3.4,ACCEPTABLE_CONTEXT,0.00428,OK,1.0165,A-1.0-ppr,7.004,-0.004,0.0,0.008,0.300165,1.0,0.017,6.994622,1.494622,0,0,0.0,0.0,1.0,0.5,0.300165
2026-10-03T13:34:46.248Z,LAT-00181-d45cb2,ACID_BULK,19.7,HARMFUL_CONTEXT,1.0,"PREDICTED_UNSAFE:a,b,d",0.4935,A-1.0-ppr,6.196,0.003,0.01,0.010198,0.300166,1.0,9.85,2.810073,-2.689927,0,0,0.0,0.0,1.0,0.5,0.300166
2026-10-03T13:34:46.249Z,LAT-00182-936cff,BASE_FINE,3.8,UNCERTAIN_CONTEXT,1.0,STALE_SAMPLE,0.4146,A-1.0-ppr,6.998,0.003,0.004286,0.011662,4.00016,-1.0,0.019,7.009368,1.509368,0,0,0.0,0.0,1.0,0.5,4.00016
2026-10-03T13:34:46.250Z,LAT-00183-3d56fa,ACID_BULK,14.0,HARMFUL_CONTEXT,1.0,"PREDICTED_UNSAFE:a,b,d",0.4595,A-1.0-ppr,6.196,0.002,0.002857,0.008,0.300157,1.0,7.0,3.007353,-2.492647,0,0,0.0,0.0,1.0,0.5,0.300157
2026-10-03T13:34:46.250Z,LAT-00184-db7b5a,BASE_FINE,2.4,UNCERTAIN_CONTEXT,1.0,STALE_SAMPLE,0.4123,A-1.0-ppr,6.998,0.001,-0.007143,0.007483,4.000155,-1.0,0.012,7.005122,1.505122,0,0,0.0,0.0,1.0,0.5,4.000155
2026-10-03T13:34:46.252Z,LAT-00185-2d4858,BASE_FINE,4.7,ACCEPTABLE_CONTEXT,0.00428,OK,0.9875,A-1.0-ppr,6.998,-0.008,-0.002857,0.011662,0.300156,-1.0,0.0235,7.012154,1.512154,0,0,0.0,0.0,1.0,0.5,0.300156
2026-10-03T13:34:46.253Z,LAT-00186-566521,BASE_FINE,8.3,ACCEPTABLE_CONTEXT,0.008166,OK,1.047,A-1.0-ppr,3.506,-0.004,-0.005714,0.008,0.300158,-1.0,0.0415,3.520741,-1.979259,0,0,0.0,0.0,1.0,0.5,0.300158
2026-10-03T13:34:46.254Z,LAT-00187-ca7838,ACID_BULK,16.3,HARMFUL_CONTEXT,1.0,"PREDICTED_UNSAFE:a,b,d",0.4868,A-1.0-ppr,6.192,0.001,-0.007143,0.007483,0.300162,1.0,8.15,2.915882,-2.584118,0,0,0.0,0.0,1.0,0.5,0.300162
2026-10-03T13:34:46.255Z,LAT-00188-ee0a61,ACID_FINE,9.9,ACCEPTABLE_CONTEXT,0.00428,OK,0.989,A-1.0-ppr,7.0,0.0,0.008571,0.008944,0.300162,1.0,0.0495,6.97296,1.47296,0,0,0.0,0.0,1.0,0.5,0.300162
2026-10-03T13:34:46.257Z,LAT-00189-42dcc4,BASE_FINE,9.2,ACCEPTABLE_CONTEXT,0.008166,OK,1.0358,A-1.0-ppr,3.496,-0.01,0.002857,0.014967,0.300163,-1.0,0.046,3.51201,-1.98799,0,0,0.0,0.0,1.0,0.5,0.300163
2026-10-03T13:34:46.258Z,LAT-00190-1045c9,ACID_BULK,12.0,HARMFUL_CONTEXT,1.0,"PREDICTED_UNSAFE:a,b,d",0.4891,A-1.0-ppr,6.206,0.001,-0.007143,0.008,0.300163,1.0,6.0,3.108463,-2.391537,0,0,0.0,0.0,1.0,0.5,0.300163
2026-10-03T13:34:46.259Z,LAT-00191-f5fdfc,BASE_FINE,3.8,ACCEPTABLE_CONTEXT,0.00428,OK,1.0112,A-1.0-ppr,7.002,0.006,0.002857,0.009798,0.300161,-1.0,0.019,7.013543,1.513543,0,0,0.0,0.0,1.0,0.5,0.300161
2026-10-03T13:34:46.260Z,LAT-00192-7de4c2,BASE_FINE,2.3,UNCERTAIN_CONTEXT,1.0,STALE_SAMPLE,0.475,A-1.0-ppr,7.002,0.006,-0.002857,0.009798,4.000166,-1.0,0.0115,7.008898,1.508898,0,0,0.0,0.0,1.0,0.5,4.000166
2026-10-03T13:34:46.261Z,LAT-00193-916737,BASE_FINE,1.6,UNCERTAIN_CONTEXT,1.0,STALE_SAMPLE,0.4524,A-1.0-ppr,7.008,0.0,0.002857,0.004,4.000162,-1.0,0.008,7.012957,1.512957,0,0,0.0,0.0,1.0,0.5,4.000162
2026-10-03T13:34:46.261Z,LAT-00194-ac4d8b,ACID_BULK,14.7,HARMFUL_CONTEXT,1.0,"PREDICTED_UNSAFE:a,b,d",0.4606,A-1.0-ppr,6.198,-0.005,0.007143,0.011662,0.300159,1.0,7.35,2.978162,-2.521838,0,0,0.0,0.0,1.0,0.5,0.300159
2026-10-03T13:34:46.263Z,LAT-00195-198601,BASE_FINE,5.5,ACCEPTABLE_CONTEXT,0.00428,OK,1.011,A-1.0-ppr,7.0,0.002,0.005714,0.006325,0.300155,-1.0,0.0275,7.016715,1.516715,0,0,0.0,0.0,1.0,0.5,0.300155
2026-10-03T13:34:46.264Z,LAT-00196-289575,BASE_FINE,2.6,UNCERTAIN_CONTEXT,1.0,STALE_SAMPLE,0.4448,A-1.0-ppr,6.994,-0.002,0.005714,0.008,4.000164,-1.0,0.013,7.001717,1.501717,0,0,0.0,0.0,1.0,0.5,4.000164
2026-10-03T13:34:46.265Z,LAT-00197-d1fcb1,ACID_FINE,9.2,ACCEPTABLE_CONTEXT,0.004506,OK,0.9998,A-1.0-ppr,7.002,-0.002,0.002857,0.004,0.300156,1.0,0.046,6.976734,1.476734,0,0,0.0,0.0,1.0,0.5,0.300156
2026-10-03T13:34:46.266Z,LAT-00198-e9bd1f,BASE_FINE,2.1,ACCEPTABLE_CONTEXT,0.00428,OK,1.014,A-1.0-ppr,7.002,0.004,-0.002857,0.007483,0.30016,-1.0,0.0105,7.008279,1.508279,0,0,0.0,0.0,1.0,0.5,0.30016
2026-10-03T13:34:46.267Z,LAT-00199-e4efc7,ACID_BULK,11.2,HARMFUL_CONTEXT,1.0,"PREDICTED_UNSAFE:a,b,d",0.497,A-1.0-ppr,6.206,-0.002,0.002857,0.008,0.300165,1.0,5.6,3.15519,-2.34481,0,0,0.0,0.0,1.0,0.5,0.300165
2026-10-03T13:34:46.269Z,LAT-00200-1052d3,BASE_FINE,7.8,ACCEPTABLE_CONTEXT,0.00428,OK,0.9601,A-1.0-ppr,7.0,-0.004,-0.002857,0.012649,0.30016,-1.0,0.039,7.023822,1.523822,0,0,0.0,0.0,1.0,0.5,0.30016
2026-10-03T13:34:46.269Z,LAT-00201-ce5cd6,ACID_BULK,11.8,HARMFUL_CONTEXT,1.0,"PREDICTED_UNSAFE:a,b,d",0.4882,A-1.0-ppr,6.2,-0.002,0.005714,0.006325,0.30016,1.0,5.9,3.117771,-2.382229,0,0,0.0,0.0,1.0,0.5,0.30016
2026-10-03T13:34:46.270Z,LAT-00202-2ab941,ACID_BULK,14.4,HARMFUL_CONTEXT,1.0,"PREDICTED_UNSAFE:a,b,d",0.4785,A-1.0-ppr,6.2,-0.006,-0.008571,0.012649,0.300158,1.0,7.2,2.991116,-2.508884,0,0,0.0,0.0,1.0,0.5,0.300158
2026-10-03T13:34:46.271Z,LAT-00203-31ebf3,ACID_BULK,17.4,HARMFUL_CONTEXT,1.0,"PREDICTED_UNSAFE:a,b,d",0.4615,A-1.0-ppr,6.204,0.002,-0.005714,0.010198,0.300156,1.0,8.7,2.880716,-2.619284,0,0,0.0,0.0,1.0,0.5,0.300156
2026-10-03T13:34:46.272Z,LAT-00204-732e67,BASE_FINE,3.2,UNCERTAIN_CONTEXT,1.0,STALE_SAMPLE,0.4099,A-1.0-ppr,6.996,0.0,0.014286,0.012,4.000153,-1.0,0.016,7.005495,1.505495,0,0,0.0,0.0,1.0,0.5,4.000153
2026-10-03T13:34:46.273Z,LAT-00205-d4d8a6,BASE_FINE,3.0,ACCEPTABLE_CONTEXT,0.008597,OK,1.0553,A-1.0-ppr,3.502,0.001,-0.001429,0.004,0.30015,-1.0,0.015,3.507231,-1.992769,0,0,0.0,0.0,1.0,0.5,0.30015
2026-10-03T13:34:46.274Z,LAT-00206-e343b5,BASE_FINE,3.1,UNCERTAIN_CONTEXT,1.0,STALE_SAMPLE,0.4403,A-1.0-ppr,6.994,-0.002,0.002857,0.008,4.000159,-1.0,0.0155,7.0032,1.5032,0,0,0.0,0.0,1.0,0.5,4.000159
2026-10-03T13:34:46.275Z,LAT-00207-7b510a,ACID_BULK,15.4,HARMFUL_CONTEXT,1.0,"PREDICTED_UNSAFE:a,b,d",0.4718,A-1.0-ppr,6.202,-0.005,-0.004286,0.011662,0.300156,1.0,7.7,2.951248,-2.548752,0,0,0.0,0.0,1.0,0.5,0.300156
2026-10-03T13:34:46.277Z,LAT-00208-4a1607,ACID_FINE,8.0,ACCEPTABLE_CONTEXT,0.00428,OK,1.4333,A-1.0-ppr,7.0,-0.002,0.005714,0.006325,0.300151,1.0,0.04,6.977989,1.477989,0,0,0.0,0.0,1.0,0.5,0.300151
2026-10-03T13:34:46.277Z,LAT-00209-c8f133,ACID_BULK,13.9,HARMFUL_CONTEXT,1.0,"PREDICTED_UNSAFE:a,b,d",0.522,A-1.0-ppr,6.206,0.0,0.002857,0.004899,0.30017,1.0,6.95,3.014266,-2.485734,0,0,0.0,0.0,1.0,0.5,0.30017
2026-10-03T13:34:46.278Z,LAT-00210-4709e0,BASE_FINE,2.5,UNCERTAIN_CONTEXT,1.0,STALE_SAMPLE,0.4702,A-1.0-ppr,7.002,0.001,0.001429,0.007483,4.000161,-1.0,0.0125,7.009518,1.509518,0,0,0.0,0.0,1.0,0.5,4.000161
2026-10-03T13:34:46.280Z,LAT-00211-294fb0,BASE_FINE,6.1,ACCEPTABLE_CONTEXT,0.00428,OK,1.0338,A-1.0-ppr,6.992,0.005,-0.001429,0.007483,0.30016,-1.0,0.0305,7.010226,1.510226,0,0,0.0,0.0,1.0,0.5,0.30016
2026-10-03T13:34:46.281Z,LAT-00212-9ffa33,ACID_BULK,15.7,HARMFUL_CONTEXT,1.0,"PREDICTED_UNSAFE:a,b,d",0.4895,A-1.0-ppr,6.196,0.001,0.007143,0.010198,0.30016,1.0,7.85,2.93857,-2.56143,0,0,0.0,0.0,1.0,0.5,0.30016
2026-10-03T13:34:46.281Z,LAT-00213-219276,ACID_BULK,16.6,HARMFUL_CONTEXT,1.0,"PREDICTED_UNSAFE:a,b,d",0.4629,A-1.0-ppr,6.212,0.0,0.002857,0.007483,0.300157,1.0,8.3,2.909284,-2.590716,0,0,0.0,0.0,1.0,0.5,0.300157
2026-10-03T13:34:46.282Z,LAT-00214-f158b7,BASE_FINE,1.7,UNCERTAIN_CONTEXT,1.0,STALE_SAMPLE,0.4529,A-1.0-ppr,7.004,0.003,0.001429,0.004899,4.000153,-1.0,0.0085,7.009128,1.509128,0,0,0.0,0.0,1.0,0.5,4.000153
2026-10-03T13:34:46.284Z,LAT-00215-7a6e60,BASE_FINE,8.4,ACCEPTABLE_CONTEXT,0.008166,OK,1.0687,A-1.0-ppr,3.5,0.002,0.008571,0.010954,0.300155,-1.0,0.042,3.514726,-1.985274,0,0,0.0,0.0,1.0,0.5,0.300155
2026-10-03T13:34:46.284Z,LAT-00216-7f861c,BASE_FINE,4.0,UNCERTAIN_CONTEXT,1.0,STALE_SAMPLE,0.4711,A-1.0-ppr,7.002,-0.001,0.001429,0.013266,4.000155,-1.0,0.02,7.014162,1.514162,0,0,0.0,0.0,1.0,0.5,4.000155
2026-10-03T13:34:46.286Z,LAT-00217-ce3cd4,BASE_FINE,6.9,ACCEPTABLE_CONTEXT,0.00428,OK,0.9811,A-1.0-ppr,7.0,-0.006,-0.005714,0.010954,0.300153,-1.0,0.0345,7.021043,1.521043,0,0,0.0,0.0,1.0,0.5,0.300153
2026-10-03T13:34:46.287Z,LAT-00218-a216e9,ACID_FINE,2.1,ACCEPTABLE_CONTEXT,0.004506,OK,0.9778,A-1.0-ppr,6.998,0.0,0.002857,0.004,0.300169,1.0,0.0105,6.992209,1.492209,0,0,0.0,0.0,1.0,0.5,0.300169
2026-10-03T13:34:46.288Z,LAT-00219-4de3e2,BASE_FINE,3.0,UNCERTAIN_CONTEXT,1.0,STALE_SAMPLE,0.4295,A-1.0-ppr,6.998,0.003,0.001429,0.007483,4.00016,-1.0,0.015,7.006901,1.506901,0,0,0.0,0.0,1.0,0.5,4.00016
2026-10-03T13:34:46.289Z,LAT-00220-c5417c,ACID_FINE,5.1,ACCEPTABLE_CONTEXT,0.00428,OK,0.9642,A-1.0-ppr,6.996,0.003,-0.004286,0.010198,0.300158,1.0,0.0255,6.981951,1.481951,0,0,0.0,0.0,1.0,0.5,0.300158
2026-10-03T13:34:46.290Z,LAT-00221-530f9b,BASE_FINE,6.4,ACCEPTABLE_CONTEXT,0.004506,OK,0.9579,A-1.0-ppr,6.998,0.002,-0.002857,0.004,0.30016,-1.0,0.032,7.017413,1.517413,0,0,0.0,0.0,1.0,0.5,0.30016
2026-10-03T13:34:46.291Z,LAT-00222-808d15,ACID_BULK,11.0,HARMFUL_CONTEXT,1.0,"PREDICTED_UNSAFE:a,b,d",0.4948,A-1.0-ppr,6.204,0.002,-0.005714,0.012,0.300163,1.0,5.5,3.166996,-2.333004,0,0,0.0,0.0,1.0,0.5,0.300163
2026-10-03T13:34:46.293Z,LAT-00223-352f99,BASE_FINE,5.3,ACCEPTABLE_CONTEXT,0.00428,OK,0.9931,A-1.0-ppr,7.004,-0.001,-0.001429,0.010198,0.300162,-1.0,0.0265,7.020268,1.520268,0,0,0.0,0.0,1.0,0.5,0.300162
2026-10-03T13:34:46.294Z,LAT-00224-fe5c14,BASE_FINE,2.7,ACCEPTABLE_CONTEXT,0.008166,OK,1.0385,A-1.0-ppr,3.494,-0.005,0.001429,0.010198,0.300161,-1.0,0.0135,3.498624,-2.001376,0,0,0.0,0.0,1.0,0.5,0.300161
2026-10-03T13:34:46.295Z,LAT-00225-b2cb51,BASE_FINE,1.5,UNCERTAIN_CONTEXT,1.0,STALE_SAMPLE,0.4868,A-1.0-ppr,7.004,0.003,0.001429,0.004899,4.000168,-1.0,0.0075,7.008509,1.508509,0,0,0.0,0.0,1.0,0.5,4.000168
2026-10-03T13:34:46.296Z,LAT-00226-1dd05e,ACID_FINE,1.8,ACCEPTABLE_CONTEXT,0.00428,OK,0.9713,A-1.0-ppr,7.0,0.004,0.005714,0.008944,0.30016,1.0,0.009,6.995035,1.495035,0,0,0.0,0.0,1.0,0.5,0.30016
2026-10-03T13:34:46.298Z,LAT-00227-3db8e8,ACID_FINE,3.1,ACCEPTABLE_CONTEXT,0.004506,OK,0.9549,A-1.0-ppr,6.994,-0.002,0.0,0.004899,0.300161,1.0,0.0155,6.985457,1.485457,0,0,0.0,0.0,1.0,0.5,0.300161
2026-10-03T13:34:46.299Z,LAT-00228-6812b2,ACID_FINE,1.4,ACCEPTABLE_CONTEXT,0.00428,OK,0.9616,A-1.0-ppr,6.994,0.005,-0.001429,0.012,0.30016,1.0,0.007,6.99014,1.49014,0,0,0.0,0.0,1.0,0.5,0.30016
2026-10-03T13:34:46.300Z,LAT-00229-bf9cad,ACID_BULK,12.5,HARMFUL_CONTEXT,1.0,"PREDICTED_UNSAFE:a,b,d",0.4954,A-1.0-ppr,6.2,0.004,-0.005714,0.008944,0.300166,1.0,6.25,3.079873,-2.420127,0,0,0.0,0.0,1.0,0.5,0.300166
2026-10-03T13:34:46.301Z,LAT-00230-c6ca14,ACID_BULK,13.1,HARMFUL_CONTEXT,1.0,"PREDICTED_UNSAFE:a,b,d",0.47,A-1.0-ppr,6.204,-0.002,-0.005714,0.010198,0.300164,1.0,6.55,3.050921,-2.449079,0,0,0.0,0.0,1.0,0.5,0.300164
2026-10-03T13:34:46.301Z,LAT-00231-866dc6,ACID_BULK,14.1,HARMFUL_CONTEXT,1.0,"PREDICTED_UNSAFE:a,b,d",0.4619,A-1.0-ppr,6.198,0.002,-0.008571,0.011662,0.300158,1.0,7.05,3.003485,-2.496515,0,0,0.0,0.0,1.0,0.5,0.300158
2026-10-03T13:34:46.303Z,LAT-00232-5b7cbc,BASE_FINE,2.7,ACCEPTABLE_CONTEXT,0.004506,OK,1.0426,A-1.0-ppr,7.004,0.002,0.0,0.004899,0.300156,-1.0,0.0135,7.012225,1.512225,0,0,0.0,0.0,1.0,0.5,0.300156
2026-10-03T13:34:46.304Z,LAT-00233-dadf84,ACID_FINE,7.5,ACCEPTABLE_CONTEXT,0.00428,OK,1.0017,A-1.0-ppr,7.002,0.006,-0.002857,0.009798,0.300162,1.0,0.0375,6.981338,1.481338,0,0,0.0,0.0,1.0,0.5,0.300162
2026-10-03T13:34:46.306Z,LAT-00234-6d5ba9,ACID_FINE,0.8,ACCEPTABLE_CONTEXT,0.004506,OK,0.9553,A-1.0-ppr,6.994,0.003,0.001429,0.004899,0.300162,1.0,0.004,6.991794,1.491794,0,0,0.0,0.0,1.0,0.5,0.300162
2026-10-03T13:34:46.306Z,LAT-00235-55ae38,ACID_BULK,16.4,HARMFUL_CONTEXT,1.0,"PREDICTED_UNSAFE:a,b,d",0.5095,A-1.0-ppr,6.198,0.004,0.002857,0.007483,0.30016,1.0,8.2,2.913548,-2.586452,0,0,0.0,0.0,1.0,0.5,0.30016
2026-10-03T13:34:46.307Z,LAT-00236-0c6c61,BASE_FINE,1.6,UNCERTAIN_CONTEXT,1.0,STALE_SAMPLE,0.4145,A-1.0-ppr,6.998,0.001,-0.001429,0.017205,4.000164,-1.0,0.008,7.002749,1.502749,0,0,0.0,0.0,1.0,0.5,4.000164
2026-10-03T13:34:46.309Z,LAT-00237-7c2368,BASE_FINE,3.7,ACCEPTABLE_CONTEXT,0.008166,OK,1.0464,A-1.0-ppr,3.51,0.002,0.005714,0.006325,0.300158,-1.0,0.0185,3.516573,-1.983427,0,0,0.0,0.0,1.0,0.5,0.300158
2026-10-03T13:34:46.309Z,LAT-00238-ff9b6f,ACID_BULK,11.7,HARMFUL_CONTEXT,1.0,"PREDICTED_UNSAFE:a,b,d",0.4869,A-1.0-ppr,6.2,0.0,0.002857,0.010954,0.30016,1.0,5.85,3.123466,-2.376534,0,0,0.0,0.0,1.0,0.5,0.30016
2026-10-03T13:34:46.311Z,LAT-00239-997d03,BASE_FINE,4.8,ACCEPTABLE_CONTEXT,0.008597,OK,1.0436,A-1.0-ppr,3.494,0.0,-0.002857,0.004899,0.300155,-1.0,0.024,3.502251,-1.997749,0,0,0.0,0.0,1.0,0.5,0.300155
2026-10-03T13:34:46.312Z,LAT-00240-01fa53,BASE_FINE,8.6,ACCEPTABLE_CONTEXT,0.004506,OK,0.9892,A-1.0-ppr,7.006,0.0,0.002857,0.004899,0.300162,-1.0,0.043,7.032535,1.532535,0,0,0.0,0.0,1.0,0.5,0.300162
2026-10-03T13:34:46.313Z,LAT-00241-75a31e,BASE_FINE,7.1,ACCEPTABLE_CONTEXT,0.00428,OK,0.978,A-1.0-ppr,7.002,-0.005,0.007143,0.009798,0.30016,-1.0,0.0355,7.023744,1.523744,0,0,0.0,0.0,1.0,0.5,0.30016
2026-10-03T13:34:46.314Z,LAT-00242-8150f7,ACID_BULK,14.5,HARMFUL_CONTEXT,1.0,"PREDICTED_UNSAFE:a,b,d",0.5116,A-1.0-ppr,6.198,0.002,0.005714,0.007483,0.30016,1.0,7.25,2.986439,-2.513561,0,0,0.0,0.0,1.0,0.5,0.30016
2026-10-03T13:34:46.315Z,LAT-00243-e563a8,ACID_BULK,17.3,HARMFUL_CONTEXT,1.0,"PREDICTED_UNSAFE:a,b,d",0.4776,A-1.0-ppr,6.19,0.004,0.002857,0.010954,0.30016,1.0,8.65,2.881405,-2.618595,0,0,0.0,0.0,1.0,0.5,0.30016
2026-10-03T13:34:46.316Z,LAT-00244-ccf20e,ACID_BULK,15.5,HARMFUL_CONTEXT,1.0,"PREDICTED_UNSAFE:a,b,d",0.4594,A-1.0-ppr,6.208,0.006,0.002857,0.009798,0.300154,1.0,7.75,2.948696,-2.551304,0,0,0.0,0.0,1.0,0.5,0.300154
2026-10-03T13:34:46.317Z,LAT-00245-ba68a9,BASE_FINE,1.7,UNCERTAIN_CONTEXT,1.0,STALE_SAMPLE,0.4109,A-1.0-ppr,6.998,0.001,-0.001429,0.007483,4.000153,-1.0,0.0085,7.003045,1.503045,0,0,0.0,0.0,1.0,0.5,4.000153
2026-10-03T13:34:46.318Z,LAT-00246-8aa0e5,ACID_FINE,3.4,ACCEPTABLE_CONTEXT,0.00428,OK,1.0822,A-1.0-ppr,7.006,-0.001,0.01,0.010198,0.300151,1.0,0.017,6.996621,1.496621,0,0,0.0,0.0,1.0,0.5,0.300151
2026-10-03T13:34:46.319Z,LAT-00247-5ae04a,BASE_FINE,2.1,UNCERTAIN_CONTEXT,1.0,STALE_SAMPLE,0.4889,A-1.0-ppr,7.002,0.002,0.002857,0.004,4.000162,-1.0,0.0105,7.008279,1.508279,0,0,0.0,0.0,1.0,0.5,4.000162
2026-10-03T13:34:46.320Z,LAT-00248-8fa625,ACID_FINE,5.6,ACCEPTABLE_CONTEXT,0.00428,OK,0.9954,A-1.0-ppr,7.0,0.001,0.004286,0.010954,0.300155,1.0,0.028,6.984568,1.484568,0,0,0.0,0.0,1.0,0.5,0.300155
2026-10-03T13:34:46.322Z,LAT-00249-f61ab5,BASE_FINE,7.6,ACCEPTABLE_CONTEXT,0.008597,OK,1.0496,A-1.0-ppr,3.496,0.001,-0.001429,0.004899,0.300158,-1.0,0.038,3.509188,-1.990812,0,0,0.0,0.0,1.0,0.5,0.300158
2026-10-03T13:34:46.323Z,LAT-00250-3d1ed5,BASE_FINE,1.9,ACCEPTABLE_CONTEXT,0.00428,OK,1.0174,A-1.0-ppr,7.006,-0.002,0.014286,0.014967,0.300173,-1.0,0.0095,7.011836,1.511836,0,0,0.0,0.0,1.0,0.5,0.300173
2026-10-03T13:34:46.325Z,LAT-00251-e0e6c4,ACID_FINE,5.2,ACCEPTABLE_CONTEXT,0.00428,OK,0.9982,A-1.0-ppr,7.004,-0.002,-0.008571,0.008,0.300161,1.0,0.026,6.989663,1.489663,0,0,0.0,0.0,1.0,0.5,0.300161
2026-10-03T13:34:46.326Z,LAT-00252-dcfccb,ACID_FINE,1.7,ACCEPTABLE_CONTEXT,0.00428,OK,0.9439,A-1.0-ppr,7.0,-0.002,-0.005714,0.006325,0.300162,1.0,0.0085,6.995311,1.495311,0,0,0.0,0.0,1.0,0.5,0.300162
2026-10-03T13:34:46.327Z,LAT-00253-e72820,ACID_FINE,8.0,ACCEPTABLE_CONTEXT,0.00428,OK,0.9964,A-1.0-ppr,7.006,-0.002,-0.005714,0.008,0.300166,1.0,0.04,6.983954,1.483954,0,0,0.0,0.0,1.0,0.5,0.300166
2026-10-03T13:34:46.328Z,LAT-00254-19255c,BASE_FINE,4.1,UNCERTAIN_CONTEXT,1.0,STALE_SAMPLE,0.4611,A-1.0-ppr,7.0,0.003,0.001429,0.010954,4.000162,-1.0,0.0205,7.012384,1.512384,0,0,0.0,0.0,1.0,0.5,4.000162
2026-10-03T13:34:46.329Z,LAT-00255-8a4e30,BASE_FINE,2.9,UNCERTAIN_CONTEXT,1.0,STALE_SAMPLE,0.4557,A-1.0-ppr,7.004,0.001,0.004286,0.008,4.000159,-1.0,0.0145,7.012844,1.512844,0,0,0.0,0.0,1.0,0.5,4.000159
2026-10-03T13:34:46.330Z,LAT-00256-8c17a0,BASE_FINE,6.6,ACCEPTABLE_CONTEXT,0.004506,OK,0.9829,A-1.0-ppr,6.998,0.002,-0.002857,0.004,0.300159,-1.0,0.033,7.018031,1.518031,0,0,0.0,0.0,1.0,0.5,0.300159
2026-10-03T13:34:46.332Z,LAT-00257-2e62d3,BASE_FINE,7.1,ACCEPTABLE_CONTEXT,0.00428,OK,1.0036,A-1.0-ppr,7.002,0.0,-0.011429,0.009798,0.300163,-1.0,0.0355,7.023744,1.523744,0,0,0.0,0.0,1.0,0.5,0.300163
2026-10-03T13:34:46.333Z,LAT-00258-59bce2,BASE_FINE,7.0,ACCEPTABLE_CONTEXT,0.00428,OK,0.9954,A-1.0-ppr,7.004,-0.006,-0.002857,0.010198,0.300161,-1.0,0.035,7.025519,1.525519,0,0,0.0,0.0,1.0,0.5,0.300161
2026-10-03T13:34:46.334Z,LAT-00259-0114c6,ACID_FINE,1.7,ACCEPTABLE_CONTEXT,0.00428,OK,0.9914,A-1.0-ppr,7.01,0.001,-0.015714,0.014142,0.300162,1.0,0.0085,7.005185,1.505185,0,0,0.0,0.0,1.0,0.5,0.300162
2026-10-03T13:34:46.336Z,LAT-00260-d929a3,BASE_FINE,2.0,ACCEPTABLE_CONTEXT,0.00428,OK,0.9385,A-1.0-ppr,6.998,0.0,-0.011429,0.013266,0.300166,-1.0,0.01,7.003935,1.503935,0,0,0.0,0.0,1.0,0.5,0.300166
2026-10-03T13:34:46.336Z,LAT-00261-54197a,ACID_BULK,17.2,HARMFUL_CONTEXT,1.0,"PREDICTED_UNSAFE:a,b,d",0.4979,A-1.0-ppr,6.198,0.005,-0.001429,0.011662,0.300163,1.0,8.6,2.886187,-2.613813,0,0,0.0,0.0,1.0,0.5,0.300163
2026-10-03T13:34:46.338Z,LAT-00262-0a9930,BASE_FINE,0.9,ACCEPTABLE_CONTEXT,0.00428,OK,0.9472,A-1.0-ppr,6.99,-0.005,-0.004286,0.010954,0.300164,-1.0,0.0045,6.992672,1.492672,0,0,0.0,0.0,1.0,0.5,0.300164
2026-10-03T13:34:46.339Z,LAT-00263-a52ee9,BASE_FINE,9.1,ACCEPTABLE_CONTEXT,0.008166,OK,1.0291,A-1.0-ppr,3.508,0.001,-0.004286,0.011662,0.300175,-1.0,0.0455,3.524257,-1.975743,0,0,0.0,0.0,1.0,0.5,0.300175
2026-10-03T13:34:46.341Z,LAT-00264-82f983,BASE_FINE,5.6,ACCEPTABLE_CONTEXT,0.004506,OK,0.9871,A-1.0-ppr,7.006,0.002,0.0,0.004899,0.300162,-1.0,0.028,7.02328,1.52328,0,0,0.0,0.0,1.0,0.5,0.300162
2026-10-03T13:34:46.341Z,LAT-00265-423efa,ACID_BULK,12.2,HARMFUL_CONTEXT,1.0,"PREDICTED_UNSAFE:a,b,d",0.4912,A-1.0-ppr,6.19,0.001,0.001429,0.006325,0.300161,1.0,6.1,3.092693,-2.407307,0,0,0.0,0.0,1.0,0.5,0.300161
2026-10-03T13:34:46.342Z,LAT-00266-6813e5,BASE_FINE,4.2,UNCERTAIN_CONTEXT,1.0,STALE_SAMPLE,0.4386,A-1.0-ppr,6.996,0.0,0.002857,0.004899,4.000173,-1.0,0.021,7.008519,1.508519,0,0,0.0,0.0,1.0,0.5,4.000173
2026-10-03T13:34:46.344Z,LAT-00267-14a00a,ACID_FINE,8.7,ACCEPTABLE_CONTEXT,0.004506,OK,1.0232,A-1.0-ppr,7.006,0.003,-0.001429,0.004899,0.300159,1.0,0.0435,6.98203,1.48203,0,0,0.0,0.0,1.0,0.5,0.300159
2026-10-03T13:34:46.345Z,LAT-00268-3c250f,BASE_FINE,4.1,ACCEPTABLE_CONTEXT,0.008597,OK,1.0312,A-1.0-ppr,3.496,-0.002,0.0,0.004899,0.300161,-1.0,0.0205,3.50307,-1.99693,0,0,0.0,0.0,1.0,0.5,0.300161
2026-10-03T13:34:46.346Z,LAT-00269-49e80e,ACID_BULK,14.5,HARMFUL_CONTEXT,1.0,"PREDICTED_UNSAFE:a,b,d",0.4898,A-1.0-ppr,6.204,0.004,-0.008571,0.010198,0.300159,1.0,7.25,2.987856,-2.512144,0,0,0.0,0.0,1.0,0.5,0.300159
2026-10-03T13:34:46.347Z,LAT-00270-d84d0a,BASE_FINE,7.7,ACCEPTABLE_CONTEXT,0.004506,OK,1.003,A-1.0-ppr,7.004,-0.001,0.001429,0.004899,0.300162,-1.0,0.0385,7.027679,1.527679,0,0,0.0,0.0,1.0,0.5,0.300162
2026-10-03T13:34:46.348Z,LAT-00271-7335ee,ACID_BULK,15.5,HARMFUL_CONTEXT,1.0,"PREDICTED_UNSAFE:a,b,d",0.4895,A-1.0-ppr,6.204,-0.004,-0.008571,0.010198,0.300162,1.0,7.75,2.947842,-2.552158,0,0,0.0,0.0,1.0,0.5,0.300162
2026-10-03T13:34:46.349Z,LAT-00272-39decc,BASE_FINE,2.9,ACCEPTABLE_CONTEXT,0.008166,OK,1.0126,A-1.0-ppr,3.5,0.002,-0.002857,0.008944,0.300155,-1.0,0.0145,3.505034,-1.994966,0,0,0.0,0.0,1.0,0.5,0.300155
2026-10-03T13:34:46.350Z,LAT-00273-6011e8,BASE_FINE,2.3,UNCERTAIN_CONTEXT,1.0,STALE_SAMPLE,0.4368,A-1.0-ppr,6.998,-0.002,0.008571,0.016,4.000157,-1.0,0.0115,7.004825,1.504825,0,0,0.0,0.0,1.0,0.5,4.000157
2026-10-03T13:34:46.351Z,LAT-00274-5c9f35,BASE_FINE,4.0,UNCERTAIN_CONTEXT,1.0,STALE_SAMPLE,0.4512,A-1.0-ppr,7.006,-0.001,-0.001429,0.004899,4.000158,-1.0,0.02,7.018335,1.518335,0,0,0.0,0.0,1.0,0.5,4.000158
2026-10-03T13:34:46.352Z,LAT-00275-d55d77,ACID_FINE,8.3,ACCEPTABLE_CONTEXT,0.00428,OK,0.9686,A-1.0-ppr,6.992,-0.008,0.002857,0.011662,0.300154,1.0,0.0415,6.969508,1.469508,0,0,0.0,0.0,1.0,0.5,0.300154
2026-10-03T13:34:46.354Z,LAT-00276-74d077,ACID_FINE,8.0,ACCEPTABLE_CONTEXT,0.00428,OK,0.9561,A-1.0-ppr,7.0,-0.002,-0.008571,0.010954,0.300155,1.0,0.04,6.977989,1.477989,0,0,0.0,0.0,1.0,0.5,0.300155
2026-10-03T13:34:46.355Z,LAT-00277-f28ff2,BASE_FINE,3.1,ACCEPTABLE_CONTEXT,0.00428,OK,0.9954,A-1.0-ppr,7.01,-0.006,-0.005714,0.010954,0.300158,-1.0,0.0155,7.019596,1.519596,0,0,0.0,0.0,1.0,0.5,0.300158
2026-10-03T13:34:46.356Z,LAT-00278-af836c,BASE_FINE,2.8,UNCERTAIN_CONTEXT,1.0,STALE_SAMPLE,0.4293,A-1.0-ppr,6.998,0.002,0.002857,0.009798,4.000161,-1.0,0.014,7.006308,1.506308,0,0,0.0,0.0,1.0,0.5,4.000161
2026-10-03T13:34:46.357Z,LAT-00279-407b4c,ACID_BULK,16.6,HARMFUL_CONTEXT,1.0,"PREDICTED_UNSAFE:a,b,d",0.4679,A-1.0-ppr,6.196,-0.006,-0.002857,0.012,0.300158,1.0,8.3,2.906148,-2.593852,0,0,0.0,0.0,1.0,0.5,0.300158
2026-10-03T13:34:46.357Z,LAT-00280-23d51c,ACID_BULK,12.3,HARMFUL_CONTEXT,1.0,"PREDICTED_UNSAFE:a,b,d",0.4611,A-1.0-ppr,6.202,-0.005,0.007143,0.009798,0.300156,1.0,6.15,3.090968,-2.409032,0,0,0.0,0.0,1.0,0.5,0.300156
2026-10-03T13:34:46.358Z,LAT-00281-b7cd30,ACID_BULK,12.1,HARMFUL_CONTEXT,1.0,"PREDICTED_UNSAFE:a,b,d",0.5266,A-1.0-ppr,6.194,0.002,0.014286,0.017436,0.300154,1.0,6.05,3.099271,-2.400729,0,0,0.0,0.0,1.0,0.5,0.300154
2026-10-03T13:34:46.359Z,LAT-00282-c26475,ACID_BULK,14.0,HARMFUL_CONTEXT,1.0,"PREDICTED_UNSAFE:a,b,d",0.4838,A-1.0-ppr,6.204,0.004,0.0,0.008,0.300155,1.0,7.0,3.00934,-2.49066,0,0,0.0,0.0,1.0,0.5,0.300155
2026-10-03T13:34:46.360Z,LAT-00283-e0f801,BASE_FINE,2.7,ACCEPTABLE_CONTEXT,0.00428,OK,1.0281,A-1.0-ppr,7.0,0.004,0.0,0.006325,0.300154,-1.0,0.0135,7.008049,1.508049,0,0,0.0,0.0,1.0,0.5,0.300154
2026-10-03T13:34:46.362Z,LAT-00284-cd396e,ACID_FINE,2.5,ACCEPTABLE_CONTEXT,0.004506,OK,0.9793,A-1.0-ppr,6.988,-0.002,-0.002857,0.004,0.300158,1.0,0.0125,6.981115,1.481115,0,0,0.0,0.0,1.0,0.5,0.300158
2026-10-03T13:34:46.363Z,LAT-00285-d79a1b,ACID_BULK,18.7,HARMFUL_CONTEXT,1.0,"PREDICTED_UNSAFE:a,b,d",0.4937,A-1.0-ppr,6.204,0.007,0.001429,0.010198,0.300175,1.0,9.35,2.840141,-2.659859,0,0,0.0,0.0,1.0,0.5,0.300175
2026-10-03T13:34:46.364Z,LAT-00286-05a556,BASE_FINE,2.4,ACCEPTABLE_CONTEXT,0.008166,OK,1.0359,A-1.0-ppr,3.5,0.001,0.001429,0.006325,0.300167,-1.0,0.012,3.504162,-1.995838,0,0,0.0,0.0,1.0,0.5,0.300167
2026-10-03T13:34:46.365Z,LAT-00287-33af43,BASE_FINE,2.3,ACCEPTABLE_CONTEXT,0.008166,OK,1.0156,A-1.0-ppr,3.5,0.006,0.002857,0.012649,0.30016,-1.0,0.0115,3.503988,-1.996012,0,0,0.0,0.0,1.0,0.5,0.30016
2026-10-03T13:34:46.366Z,LAT-00288-44bbc3,ACID_BULK,11.5,HARMFUL_CONTEXT,1.0,"PREDICTED_UNSAFE:a,b,d",0.5044,A-1.0-ppr,6.202,-0.001,0.004286,0.007483,0.300158,1.0,5.75,3.135749,-2.364251,0,0,0.0,0.0,1.0,0.5,0.300158
2026-10-03T13:34:46.368Z,LAT-00289-e17acd,BASE_FINE,4.5,ACCEPTABLE_CONTEXT,0.00428,OK,1.0089,A-1.0-ppr,7.004,0.001,-0.001429,0.010198,0.300161,-1.0,0.0225,7.017795,1.517795,0,0,0.0,0.0,1.0,0.5,0.300161
2026-10-03T13:34:46.369Z,LAT-00290-7f3461,ACID_BULK,12.3,HARMFUL_CONTEXT,1.0,"PREDICTED_UNSAFE:a,b,d",0.486,A-1.0-ppr,6.198,0.004,0.002857,0.007483,0.300158,1.0,6.15,3.089768,-2.410232,0,0,0.0,0.0,1.0,0.5,0.300158
2026-10-03T13:34:46.370Z,LAT-00291-ffd04b,BASE_FINE,4.8,ACCEPTABLE_CONTEXT,0.00428,OK,0.9421,A-1.0-ppr,6.998,-0.004,-0.002857,0.007483,0.300154,-1.0,0.024,7.012464,1.512464,0,0,0.0,0.0,1.0,0.5,0.300154
2026-10-03T13:34:46.371Z,LAT-00292-119d26,ACID_BULK,19.7,HARMFUL_CONTEXT,1.0,"PREDICTED_UNSAFE:a,b,d",0.4922,A-1.0-ppr,6.212,0.002,-0.002857,0.007483,0.300171,1.0,9.85,2.812584,-2.687416,0,0,0.0,0.0,1.0,0.5,0.300171
2026-10-03T13:34:46.372Z,LAT-00293-825803,BASE_FINE,6.9,ACCEPTABLE_CONTEXT,0.008597,OK,1.0397,A-1.0-ppr,3.504,0.0,-0.002857,0.004899,0.300154,-1.0,0.0345,3.516169,-1.983831,0,0,0.0,0.0,1.0,0.5,0.300154
2026-10-03T13:34:46.373Z,LAT-00294-2cb0af,BASE_FINE,1.9,UNCERTAIN_CONTEXT,1.0,STALE_SAMPLE,0.4707,A-1.0-ppr,7.004,0.003,0.01,0.010198,4.000158,-1.0,0.0095,7.009748,1.509748,0,0,0.0,0.0,1.0,0.5,4.000158
2026-10-03T13:34:46.374Z,LAT-00295-b440e3,ACID_BULK,13.2,HARMFUL_CONTEXT,1.0,"PREDICTED_UNSAFE:a,b,d",0.4643,A-1.0-ppr,6.196,-0.001,-0.001429,0.004899,0.300155,1.0,6.6,3.043936,-2.456064,0,0,0.0,0.0,1.0,0.5,0.300155
2026-10-03T13:34:46.375Z,LAT-00296-f80a20,BASE_FINE,3.1,ACCEPTABLE_CONTEXT,0.008166,OK,1.0443,A-1.0-ppr,3.498,0.002,0.0,0.009798,0.300164,-1.0,0.0155,3.50336,-1.99664,0,0,0.0,0.0,1.0,0.5,0.300164
2026-10-03T13:34:46.376Z,LAT-00297-f9e91d,BASE_FINE,6.4,ACCEPTABLE_CONTEXT,0.008166,OK,1.0321,A-1.0-ppr,3.504,-0.005,0.007143,0.010198,0.30016,-1.0,0.032,3.515277,-1.984723,0,0,0.0,0.0,1.0,0.5,0.30016
2026-10-03T13:34:46.378Z,LAT-00298-d31404,BASE_FINE,0.6,ACCEPTABLE_CONTEXT,0.00428,OK,0.9361,A-1.0-ppr,6.998,-0.004,0.002857,0.013266,0.30016,-1.0,0.003,6.999781,1.499781,0,0,0.0,0.0,1.0,0.5,0.30016
2026-10-03T13:34:46.379Z,LAT-00299-168080,BASE_FINE,0.6,ACCEPTABLE_CONTEXT,0.00428,OK,0.9572,A-1.0-ppr,6.996,-0.004,0.002857,0.008,0.300172,-1.0,0.003,6.997781,1.497781,0,0,0.0,0.0,1.0,0.5,0.300172
2026-10-03T13:34:46.380Z,LAT-00300-75ccbe,BASE_FINE,4.0,ACCEPTABLE_CONTEXT,0.008166,OK,1.0152,A-1.0-ppr,3.498,0.004,0.0,0.009798,0.300159,-1.0,0.02,3.504927,-1.995073,0,0,0.0,0.0,1.0,0.5,0.300159
2026-10-03T13:34:46.382Z,LAT-00301-5ff0b1,ACID_FINE,8.5,ACCEPTABLE_CONTEXT,0.00428,OK,0.932,A-1.0-ppr,6.998,-0.002,0.005714,0.007483,0.300162,1.0,0.0425,6.974743,1.474743,0,0,0.0,0.0,1.0,0.5,0.300162
2026-10-03T13:34:46.383Z,LAT-00302-0f9a93,ACID_BULK,13.8,HARMFUL_CONTEXT,1.0,"PREDICTED_UNSAFE:a,b,d",0.5,A-1.0-ppr,6.204,0.003,-0.004286,0.008,0.300171,1.0,6.9,3.018241,-2.481759,0,0,0.0,0.0,1.0,0.5,0.300171
2026-10-03T13:34:46.384Z,LAT-00303-0b3650,ACID_FINE,5.0,ACCEPTABLE_CONTEXT,0.00428,OK,0.9605,A-1.0-ppr,6.988,-0.003,-0.004286,0.007483,0.300155,1.0,0.025,6.974395,1.474395,0,0,0.0,0.0,1.0,0.5,0.300155
2026-10-03T13:34:46.385Z,LAT-00304-c12708,ACID_BULK,16.7,HARMFUL_CONTEXT,1.0,"PREDICTED_UNSAFE:a,b,d",0.4892,A-1.0-ppr,6.2,0.001,0.004286,0.006325,0.300154,1.0,8.35,2.903474,-2.596526,0,0,0.0,0.0,1.0,0.5,0.300154
2026-10-03T13:34:46.386Z,LAT-00305-86ee08,ACID_BULK,14.4,HARMFUL_CONTEXT,1.0,"PREDICTED_UNSAFE:a,b,d",0.4629,A-1.0-ppr,6.196,0.003,-0.007143,0.010198,0.300153,1.0,7.2,2.990158,-2.509842,0,0,0.0,0.0,1.0,0.5,0.300153
2026-10-03T13:34:46.387Z,LAT-00306-1daa68,ACID_FINE,4.2,ACCEPTABLE_CONTEXT,0.00428,OK,0.996,A-1.0-ppr,6.998,0.003,-0.007143,0.009798,0.300151,1.0,0.021,6.986424,1.486424,0,0,0.0,0.0,1.0,0.5,0.300151
2026-10-03T13:34:46.388Z,LAT-00307-ca4741,BASE_FINE,5.7,ACCEPTABLE_CONTEXT,0.008597,OK,1.0447,A-1.0-ppr,3.496,-0.001,0.004286,0.004899,0.300159,-1.0,0.0285,3.505857,-1.994143,0,0,0.0,0.0,1.0,0.5,0.300159
2026-10-03T13:34:46.390Z,LAT-00308-dc39bc,BASE_FINE,9.8,ACCEPTABLE_CONTEXT,0.00428,OK,0.9854,A-1.0-ppr,7.006,-0.006,-0.002857,0.012,0.300155,-1.0,0.049,7.03623,1.53623,0,0,0.0,0.0,1.0,0.5,0.300155
2026-10-03T13:34:46.391Z,LAT-00309-b093b0,BASE_FINE,3.8,UNCERTAIN_CONTEXT,1.0,STALE_SAMPLE,0.4799,A-1.0-ppr,7.002,-0.001,0.001429,0.007483,4.000167,-1.0,0.019,7.013543,1.513543,0,0,0.0,0.0,1.0,0.5,4.000167
2026-10-03T13:34:46.391Z,LAT-00310-b0c70e,ACID_BULK,12.0,HARMFUL_CONTEXT,1.0,"PREDICTED_UNSAFE:a,b,d",0.468,A-1.0-ppr,6.202,-0.002,0.0,0.009798,0.300155,1.0,6.0,3.107224,-2.392776,0,0,0.0,0.0,1.0,0.5,0.300155
2026-10-03T13:34:46.393Z,LAT-00311-d985d0,ACID_FINE,3.5,ACCEPTABLE_CONTEXT,0.00428,OK,0.982,A-1.0-ppr,7.0,0.002,-0.005714,0.006325,0.300161,1.0,0.0175,6.99035,1.49035,0,0,0.0,0.0,1.0,0.5,0.300161
2026-10-03T13:34:46.394Z,LAT-00312-a7923b,ACID_FINE,3.9,ACCEPTABLE_CONTEXT,0.00428,OK,0.9508,A-1.0-ppr,6.998,-0.002,0.0,0.011662,0.300155,1.0,0.0195,6.98725,1.48725,0,0,0.0,0.0,1.0,0.5,0.300155
2026-10-03T13:34:46.395Z,LAT-00313-bf7fe4,BASE_FINE,3.7,UNCERTAIN_CONTEXT,1.0,STALE_SAMPLE,0.4457,A-1.0-ppr,7.0,0.004,0.0,0.006325,4.000159,-1.0,0.0185,7.011146,1.511146,0,0,0.0,0.0,1.0,0.5,4.000159
2026-10-03T13:34:46.396Z,LAT-00314-5615f1,BASE_FINE,7.7,ACCEPTABLE_CONTEXT,0.004506,OK,0.9714,A-1.0-ppr,6.994,0.0,0.005714,0.004899,0.300154,-1.0,0.0385,7.017261,1.517261,0,0,0.0,0.0,1.0,0.5,0.300154
2026-10-03T13:34:46.397Z,LAT-00315-9bae2a,BASE_FINE,4.1,UNCERTAIN_CONTEXT,1.0,STALE_SAMPLE,0.4404,A-1.0-ppr,6.99,-0.008,0.002857,0.014142,4.000155,-1.0,0.0205,7.002168,1.502168,0,0,0.0,0.0,1.0,0.5,4.000155
2026-10-03T13:34:46.398Z,LAT-00316-49bb6a,BASE_FINE,2.4,ACCEPTABLE_CONTEXT,0.00428,OK,0.976,A-1.0-ppr,6.992,-0.001,0.012857,0.011662,0.300152,-1.0,0.012,6.999124,1.499124,0,0,0.0,0.0,1.0,0.5,0.300152
2026-10-03T13:34:46.399Z,LAT-00317-493453,ACID_BULK,16.5,HARMFUL_CONTEXT,1.0,"PREDICTED_UNSAFE:a,b,d",0.4934,A-1.0-ppr,6.2,-0.001,-0.001429,0.006325,0.30016,1.0,8.25,2.910429,-2.589571,0,0,0.0,0.0,1.0,0.5,0.30016
2026-10-03T13:34:46.400Z,LAT-00318-a7df5a,ACID_BULK,17.5,HARMFUL_CONTEXT,1.0,"PREDICTED_UNSAFE:a,b,d",0.4646,A-1.0-ppr,6.202,-0.004,0.002857,0.007483,0.300151,1.0,8.75,2.877091,-2.622909,0,0,0.0,0.0,1.0,0.5,0.300151
2026-10-03T13:34:46.401Z,LAT-00319-d6ae64,BASE_FINE,5.5,ACCEPTABLE_CONTEXT,0.004506,OK,1.0138,A-1.0-ppr,7.004,0.0,0.005714,0.004899,0.30015,-1.0,0.0275,7.020886,1.520886,0,0,0.0,0.0,1.0,0.5,0.30015
2026-10-03T13:34:46.402Z,LAT-00320-322f2e,BASE_FINE,2.8,UNCERTAIN_CONTEXT,1.0,STALE_SAMPLE,0.4282,A-1.0-ppr,6.998,-0.006,-0.011429,0.014697,4.000155,-1.0,0.014,7.006308,1.506308,0,0,0.0,0.0,1.0,0.5,4.000155
2026-10-03T13:34:46.403Z,LAT-00321-cbef4a,BASE_FINE,6.7,ACCEPTABLE_CONTEXT,0.00428,OK,1.0019,A-1.0-ppr,7.0,0.0,0.005714,0.008944,0.300152,-1.0,0.0335,7.020425,1.520425,0,0,0.0,0.0,1.0,0.5,0.300152
2026-10-03T13:34:46.405Z,LAT-00322-668033,BASE_FINE,4.9,ACCEPTABLE_CONTEXT,0.008166,OK,1.028,A-1.0-ppr,3.5,0.004,0.0,0.006325,0.300154,-1.0,0.0245,3.508536,-1.991464,0,0,0.0,0.0,1.0,0.5,0.300154
2026-10-03T13:34:46.406Z,LAT-00323-e1742e,BASE_FINE,0.6,ACCEPTABLE_CONTEXT,0.00428,OK,0.9577,A-1.0-ppr,7.0,-0.003,0.001429,0.008944,0.300153,-1.0,0.003,7.001781,1.501781,0,0,0.0,0.0,1.0,0.5,0.300153
2026-10-03T13:34:46.407Z,LAT-00324-ddb835,ACID_BULK,11.6,HARMFUL_CONTEXT,1.0,"PREDICTED_UNSAFE:a,b,d",0.4969,A-1.0-ppr,6.2,0.0,-0.002857,0.010954,0.300156,1.0,5.8,3.129236,-2.370764,0,0,0.0,0.0,1.0,0.5,0.300156
2026-10-03T13:34:46.408Z,LAT-00325-45ff42,ACID_FINE,5.9,ACCEPTABLE_CONTEXT,0.00428,OK,0.9728,A-1.0-ppr,6.994,0.004,0.0,0.008,0.30015,1.0,0.0295,6.977782,1.477782,0,0,0.0,0.0,1.0,0.5,0.30015
2026-10-03T13:34:46.409Z,LAT-00326-395dac,BASE_FINE,4.5,UNCERTAIN_CONTEXT,1.0,STALE_SAMPLE,0.4688,A-1.0-ppr,7.002,-0.002,0.002857,0.004,4.000166,-1.0,0.0225,7.015709,1.515709,0,0,0.0,0.0,1.0,0.5,4.000166
2026-10-03T13:34:46.410Z,LAT-00327-31049a,BASE_FINE,4.2,UNCERTAIN_CONTEXT,1.0,STALE_SAMPLE,0.4181,A-1.0-ppr,7.0,0.005,-0.004286,0.010954,4.00015,-1.0,0.021,7.012694,1.512694,0,0,0.0,0.0,1.0,0.5,4.00015
2026-10-03T13:34:46.410Z,LAT-00328-8472f2,BASE_FINE,3.2,UNCERTAIN_CONTEXT,1.0,STALE_SAMPLE,0.404,A-1.0-ppr,6.998,0.001,0.001429,0.004,4.00016,-1.0,0.016,7.00751,1.50751,0,0,0.0,0.0,1.0,0.5,4.00016
2026-10-03T13:34:46.411Z,LAT-00329-f5f886,ACID_BULK,19.7,HARMFUL_CONTEXT,1.0,"PREDICTED_UNSAFE:a,b,d",0.4557,A-1.0-ppr,6.202,0.004,-0.002857,0.007483,0.30015,1.0,9.85,2.81102,-2.68898,0,0,0.0,0.0,1.0,0.5,0.30015
2026-10-03T13:34:46.413Z,LAT-00330-a301d1,ACID_FINE,2.0,ACCEPTABLE_CONTEXT,0.004506,OK,1.0029,A-1.0-ppr,6.994,-0.001,0.001429,0.004899,0.300147,1.0,0.01,6.988487,1.488487,0,0,0.0,0.0,1.0,0.5,0.300147
2026-10-03T13:34:46.413Z,LAT-00331-a8996f,ACID_BULK,14.4,HARMFUL_CONTEXT,1.0,"PREDICTED_UNSAFE:a,b,d",0.4834,A-1.0-ppr,6.198,0.001,-0.004286,0.007483,0.300153,1.0,7.2,2.990638,-2.509362,0,0,0.0,0.0,1.0,0.5,0.300153
2026-10-03T13:34:46.414Z,LAT-00332-34ca61,BASE_FINE,3.1,UNCERTAIN_CONTEXT,1.0,STALE_SAMPLE,0.4251,A-1.0-ppr,6.996,-0.002,-0.002857,0.008,4.000148,-1.0,0.0155,7.005199,1.505199,0,0,0.0,0.0,1.0,0.5,4.000148
2026-10-03T13:34:46.415Z,LAT-00333-068903,ACID_BULK,13.2,HARMFUL_CONTEXT,1.0,"PREDICTED_UNSAFE:a,b,d",0.4569,A-1.0-ppr,6.198,0.0,0.0,0.007483,0.300151,1.0,6.6,3.044479,-2.455521,0,0,0.0,0.0,1.0,0.5,0.300151
2026-10-03T13:34:46.416Z,LAT-00334-bf818c,BASE_FINE,3.2,UNCERTAIN_CONTEXT,1.0,STALE_SAMPLE,0.4409,A-1.0-ppr,7.002,0.006,0.0,0.011662,4.000147,-1.0,0.016,7.011685,1.511685,0,0,0.0,0.0,1.0,0.5,4.000147
2026-10-03T13:34:46.417Z,LAT-00335-3a3cf0,ACID_BULK,10.7,HARMFUL_CONTEXT,1.0,"PREDICTED_UNSAFE:a,b,d",0.4494,A-1.0-ppr,6.19,-0.003,-0.004286,0.006325,0.300147,1.0,5.35,3.181245,-2.318755,0,0,0.0,0.0,1.0,0.5,0.300147
2026-10-03T13:34:46.418Z,LAT-00336-61e93a,BASE_FINE,9.0,ACCEPTABLE_CONTEXT,0.004506,OK,1.0161,A-1.0-ppr,6.996,0.0,-0.005714,0.004899,0.300147,-1.0,0.045,7.02336,1.52336,0,0,0.0,0.0,1.0,0.5,0.300147
2026-10-03T13:34:46.419Z,LAT-00337-d23983,ACID_BULK,12.8,HARMFUL_CONTEXT,1.0,"PREDICTED_UNSAFE:a,b,d",0.4886,A-1.0-ppr,6.2,-0.003,0.001429,0.008944,0.300156,1.0,6.4,3.064592,-2.435408,0,0,0.0,0.0,1.0,0.5,0.300156
2026-10-03T13:34:46.420Z,LAT-00338-0f1bc3,BASE_FINE,8.7,ACCEPTABLE_CONTEXT,0.00428,OK,1.0359,A-1.0-ppr,7.01,-0.001,-0.01,0.008944,0.300149,-1.0,0.0435,7.036874,1.536874,0,0,0.0,0.0,1.0,0.5,0.300149
2026-10-03T13:34:46.421Z,LAT-00339-8b89e1,BASE_FINE,7.7,ACCEPTABLE_CONTEXT,0.00428,OK,0.9716,A-1.0-ppr,6.998,-0.006,0.008571,0.013266,0.300152,-1.0,0.0385,7.02143,1.52143,0,0,0.0,0.0,1.0,0.5,0.300152
2026-10-03T13:34:46.423Z,LAT-00340-cb8117,BASE_FINE,1.6,ACCEPTABLE_CONTEXT,0.00428,OK,1.0194,A-1.0-ppr,7.01,-0.005,0.004286,0.010954,0.300154,-1.0,0.008,7.014955,1.514955,0,0,0.0,0.0,1.0,0.5,0.300154
2026-10-03T13:34:46.424Z,LAT-00341-b3a7ab,BASE_FINE,4.2,UNCERTAIN_CONTEXT,1.0,STALE_SAMPLE,0.4483,A-1.0-ppr,6.996,-0.003,-0.01,0.010198,4.000158,-1.0,0.021,7.008519,1.508519,0,0,0.0,0.0,1.0,0.5,4.000158
2026-10-03T13:34:46.425Z,LAT-00342-e2a346,BASE_FINE,9.3,ACCEPTABLE_CONTEXT,0.008166,OK,1.0521,A-1.0-ppr,3.504,-0.004,0.005714,0.008,0.300163,-1.0,0.0465,3.520475,-1.979525,0,0,0.0,0.0,1.0,0.5,0.300163
2026-10-03T13:34:46.426Z,LAT-00343-202618,BASE_FINE,3.0,UNCERTAIN_CONTEXT,1.0,STALE_SAMPLE,0.4694,A-1.0-ppr,7.004,0.002,0.002857,0.008,4.000152,-1.0,0.015,7.013154,1.513154,0,0,0.0,0.0,1.0,0.5,4.000152
2026-10-03T13:34:46.427Z,LAT-00344-dcdbf3,ACID_BULK,13.0,HARMFUL_CONTEXT,1.0,"PREDICTED_UNSAFE:a,b,d",0.474,A-1.0-ppr,6.204,0.001,0.001429,0.004899,0.300159,1.0,6.5,3.055798,-2.444202,0,0,0.0,0.0,1.0,0.5,0.300159
2026-10-03T13:34:46.427Z,LAT-00345-b9062e,BASE_FINE,4.6,UNCERTAIN_CONTEXT,1.0,STALE_SAMPLE,0.4161,A-1.0-ppr,7.0,0.002,-0.005714,0.006325,4.00015,-1.0,0.023,7.013931,1.513931,0,0,0.0,0.0,1.0,0.5,4.00015
2026-10-03T13:34:46.428Z,LAT-00346-139264,BASE_FINE,4.8,UNCERTAIN_CONTEXT,1.0,STALE_SAMPLE,0.4077,A-1.0-ppr,6.996,0.002,0.002857,0.010198,4.000151,-1.0,0.024,7.010377,1.510377,0,0,0.0,0.0,1.0,0.5,4.000151
2026-10-03T13:34:46.429Z,LAT-00347-77ef51,ACID_BULK,14.8,HARMFUL_CONTEXT,1.0,"PREDICTED_UNSAFE:a,b,d",0.4527,A-1.0-ppr,6.196,-0.006,0.0,0.010198,0.300149,1.0,7.4,2.97362,-2.52638,0,0,0.0,0.0,1.0,0.5,0.300149
2026-10-03T13:34:46.430Z,LAT-00348-ebcdac,BASE_FINE,6.8,ACCEPTABLE_CONTEXT,0.004506,OK,1.0224,A-1.0-ppr,6.992,-0.002,0.002857,0.004,0.300147,-1.0,0.034,7.012392,1.512392,0,0,0.0,0.0,1.0,0.5,0.300147
2026-10-03T13:34:46.432Z,LAT-00349-081119,BASE_FINE,2.6,ACCEPTABLE_CONTEXT,0.008597,OK,1.0706,A-1.0-ppr,3.506,-0.003,-0.001429,0.004899,0.300157,-1.0,0.013,3.510569,-1.989431,0,0,0.0,0.0,1.0,0.5,0.300157
2026-10-03T13:34:46.433Z,LAT-00350-d3639c,BASE_FINE,2.0,ACCEPTABLE_CONTEXT,0.008166,OK,1.0392,A-1.0-ppr,3.504,0.004,-0.002857,0.008,0.300152,-1.0,0.01,3.507496,-1.992504,0,0,0.0,0.0,1.0,0.5,0.300152
2026-10-03T13:34:46.434Z,LAT-00351-fe9e20,BASE_FINE,8.7,ACCEPTABLE_CONTEXT,0.00428,OK,0.9837,A-1.0-ppr,6.994,0.002,0.005714,0.008,0.300152,-1.0,0.0435,7.02035,1.52035,0,0,0.0,0.0,1.0,0.5,0.300152
2026-10-03T13:34:46.435Z,LAT-00352-43be6d,BASE_FINE,2.9,UNCERTAIN_CONTEXT,1.0,STALE_SAMPLE,0.4531,A-1.0-ppr,6.996,0.003,-0.001429,0.004899,4.000159,-1.0,0.0145,7.004606,1.504606,0,0,0.0,0.0,1.0,0.5,4.000159
2026-10-03T13:34:46.437Z,LAT-00353-d0e9b2,BASE_FINE,1.2,ACCEPTABLE_CONTEXT,0.00428,OK,0.9935,A-1.0-ppr,7.006,-0.005,0.007143,0.013565,0.300153,-1.0,0.006,7.009668,1.509668,0,0,0.0,0.0,1.0,0.5,0.300153
2026-10-03T13:34:46.437Z,LAT-00354-97f1e3,BASE_FINE,2.0,UNCERTAIN_CONTEXT,1.0,STALE_SAMPLE,0.4739,A-1.0-ppr,7.002,0.001,-0.007143,0.007483,4.000153,-1.0,0.01,7.007969,1.507969,0,0,0.0,0.0,1.0,0.5,4.000153
2026-10-03T13:34:46.438Z,LAT-00355-90d549,ACID_BULK,11.8,HARMFUL_CONTEXT,1.0,"PREDICTED_UNSAFE:a,b,d",0.4797,A-1.0-ppr,6.206,-0.002,0.002857,0.008,0.300151,1.0,5.9,3.119681,-2.380319,0,0,0.0,0.0,1.0,0.5,0.300151
2026-10-03T13:34:46.439Z,LAT-00356-7fe96e,ACID_FINE,5.8,ACCEPTABLE_CONTEXT,0.00428,OK,0.9919,A-1.0-ppr,6.994,-0.002,0.005714,0.008,0.300151,1.0,0.029,6.978047,1.478047,0,0,0.0,0.0,1.0,0.5,0.300151
2026-10-03T13:34:46.440Z,LAT-00357-4a64f4,ACID_BULK,19.9,HARMFUL_CONTEXT,1.0,"PREDICTED_UNSAFE:a,b,d",0.4917,A-1.0-ppr,6.196,0.003,0.001429,0.010198,0.300155,1.0,9.95,2.804551,-2.695449,0,0,0.0,0.0,1.0,0.5,0.300155
2026-10-03T13:34:46.441Z,LAT-00358-a060e3,ACID_BULK,18.6,HARMFUL_CONTEXT,1.0,"PREDICTED_UNSAFE:a,b,d",0.4632,A-1.0-ppr,6.204,0.0,-0.008571,0.010198,0.300151,1.0,9.3,2.843131,-2.656869,0,0,0.0,0.0,1.0,0.5,0.300151
2026-10-03T13:34:46.442Z,LAT-00359-9eca91,ACID_FINE,0.8,ACCEPTABLE_CONTEXT,0.00428,OK,0.99,A-1.0-ppr,6.998,0.002,0.002857,0.007483,0.30015,1.0,0.004,6.995793,1.495793,0,0,0.0,0.0,1.0,0.5,0.30015
2026-10-03T13:34:46.444Z,LAT-00360-22b051,BASE_FINE,7.0,ACCEPTABLE_CONTEXT,0.00428,OK,0.9799,A-1.0-ppr,6.996,-0.001,-0.004286,0.008,0.300156,-1.0,0.035,7.017182,1.517182,0,0,0.0,0.0,1.0,0.5,0.300156
2026-10-03T13:34:46.445Z,LAT-00361-858894,ACID_BULK,16.2,HARMFUL_CONTEXT,1.0,"PREDICTED_UNSAFE:a,b,d",0.4887,A-1.0-ppr,6.204,0.001,0.004286,0.008,0.300155,1.0,8.1,2.921884,-2.578116,0,0,0.0,0.0,1.0,0.5,0.300155
2026-10-03T13:34:46.445Z,LAT-00362-a2de06,BASE_FINE,3.9,UNCERTAIN_CONTEXT,1.0,STALE_SAMPLE,0.4235,A-1.0-ppr,6.996,0.008,0.002857,0.013565,4.000152,-1.0,0.0195,7.00759,1.50759,0,0,0.0,0.0,1.0,0.5,4.000152
2026-10-03T13:34:46.446Z,LAT-00363-0827d6,ACID_BULK,10.0,HARMFUL_CONTEXT,1.0,"PREDICTED_UNSAFE:a,b,d",0.4704,A-1.0-ppr,6.196,-0.001,0.004286,0.004899,0.300149,1.0,5.0,3.232178,-2.267822,0,0,0.0,0.0,1.0,0.5,0.300149
2026-10-03T13:34:46.448Z,LAT-00364-a2acb5,BASE_FINE,6.8,ACCEPTABLE_CONTEXT,0.008166,OK,1.0803,A-1.0-ppr,3.496,0.003,-0.007143,0.010198,0.300164,-1.0,0.034,3.507783,-1.992217,0,0,0.0,0.0,1.0,0.5,0.300164
2026-10-03T13:34:46.449Z,LAT-00365-bcdd8f,ACID_FINE,8.5,ACCEPTABLE_CONTEXT,0.00428,OK,1.0088,A-1.0-ppr,7.006,0.003,-0.007143,0.010198,0.300155,1.0,0.0425,6.98258,1.48258,0,0,0.0,0.0,1.0,0.5,0.300155
2026-10-03T13:34:46.450Z,LAT-00366-08fbf9,BASE_FINE,5.3,ACCEPTABLE_CONTEXT,0.004506,OK,0.9834,A-1.0-ppr,6.994,0.001,0.001429,0.004899,0.300163,-1.0,0.0265,7.009837,1.509837,0,0,0.0,0.0,1.0,0.5,0.300163
2026-10-03T13:34:46.452Z,LAT-00367-c6f828,ACID_FINE,3.5,ACCEPTABLE_CONTEXT,0.00428,OK,0.9616,A-1.0-ppr,6.994,-0.002,0.002857,0.008,0.300156,1.0,0.0175,6.984356,1.484356,0,0,0.0,0.0,1.0,0.5,0.300156
2026-10-03T13:34:46.452Z,LAT-00368-353f91,ACID_BULK,16.6,HARMFUL_CONTEXT,1.0,"PREDICTED_UNSAFE:a,b,d",0.4889,A-1.0-ppr,6.206,-0.002,0.0,0.004899,0.300155,1.0,8.3,2.908111,-2.591889,0,0,0.0,0.0,1.0,0.5,0.300155
2026-10-03T13:34:46.453Z,LAT-00369-983567,BASE_FINE,2.1,UNCERTAIN_CONTEXT,1.0,STALE_SAMPLE,0.4551,A-1.0-ppr,7.008,0.002,-0.002857,0.004,4.000153,-1.0,0.0105,7.014505,1.514505,0,0,0.0,0.0,1.0,0.5,4.000153
2026-10-03T13:34:46.454Z,LAT-00370-7ab4eb,ACID_BULK,16.7,HARMFUL_CONTEXT,1.0,"PREDICTED_UNSAFE:a,b,d",0.4722,A-1.0-ppr,6.192,0.0,0.002857,0.007483,0.30015,1.0,8.35,2.901911,-2.598089,0,0,0.0,0.0,1.0,0.5,0.30015
2026-10-03T13:34:46.455Z,LAT-00371-c6c585,BASE_FINE,5.2,ACCEPTABLE_CONTEXT,0.008166,OK,1.0625,A-1.0-ppr,3.502,-0.001,-0.012857,0.011662,0.30015,-1.0,0.026,3.511103,-1.988897,0,0,0.0,0.0,1.0,0.5,0.30015
2026-10-03T13:34:46.456Z,LAT-00372-37dd62,BASE_FINE,1.6,UNCERTAIN_CONTEXT,1.0,STALE_SAMPLE,0.4673,A-1.0-ppr,7.006,-0.004,0.0,0.008,4.000153,-1.0,0.008,7.010907,1.510907,0,0,0.0,0.0,1.0,0.5,4.000153
2026-10-03T13:34:46.457Z,LAT-00373-8427aa,ACID_BULK,12.3,HARMFUL_CONTEXT,1.0,"PREDICTED_UNSAFE:a,b,d",0.4612,A-1.0-ppr,6.204,0.002,0.002857,0.008,0.300149,1.0,6.15,3.091566,-2.408434,0,0,0.0,0.0,1.0,0.5,0.300149
2026-10-03T13:34:46.458Z,LAT-00374-3935cd,BASE_FINE,4.0,UNCERTAIN_CONTEXT,1.0,STALE_SAMPLE,0.4124,A-1.0-ppr,7.0,0.002,-0.008571,0.012649,4.000147,-1.0,0.02,7.012075,1.512075,0,0,0.0,0.0,1.0,0.5,4.000147
2026-10-03T13:34:46.459Z,LAT-00375-26c66f,BASE_FINE,3.8,ACCEPTABLE_CONTEXT,0.004506,OK,1.0401,A-1.0-ppr,7.004,-0.002,0.0,0.004899,0.300158,-1.0,0.019,7.01563,1.51563,0,0,0.0,0.0,1.0,0.5,0.300158
2026-10-03T13:34:46.461Z,LAT-00376-ce2f0c,BASE_FINE,4.3,ACCEPTABLE_CONTEXT,0.00428,OK,1.013,A-1.0-ppr,7.008,-0.002,0.005714,0.007483,0.300153,-1.0,0.0215,7.02131,1.52131,0,0,0.0,0.0,1.0,0.5,0.300153
2026-10-03T13:34:46.462Z,LAT-00377-1b74f3,ACID_FINE,1.9,ACCEPTABLE_CONTEXT,0.00428,OK,0.9896,A-1.0-ppr,7.004,0.004,-0.002857,0.008,0.300152,1.0,0.0095,6.998758,1.498758,0,0,0.0,0.0,1.0,0.5,0.300152
2026-10-03T13:34:46.463Z,LAT-00378-a2568d,ACID_BULK,12.4,HARMFUL_CONTEXT,1.0,"PREDICTED_UNSAFE:a,b,d",0.4927,A-1.0-ppr,6.202,0.002,-0.011429,0.011662,0.300158,1.0,6.2,3.085681,-2.414319,0,0,0.0,0.0,1.0,0.5,0.300158
2026-10-03T13:34:46.464Z,LAT-00379-2ca39c,BASE_FINE,4.0,ACCEPTABLE_CONTEXT,0.00428,OK,0.9781,A-1.0-ppr,7.0,0.004,0.005714,0.008944,0.300151,-1.0,0.02,7.012075,1.512075,0,0,0.0,0.0,1.0,0.5,0.300151
2026-10-03T13:34:46.465Z,LAT-00380-2cbea0,ACID_FINE,5.4,ACCEPTABLE_CONTEXT,0.004506,OK,0.99,A-1.0-ppr,7.006,0.0,-0.005714,0.004899,0.300154,1.0,0.027,6.99111,1.49111,0,0,0.0,0.0,1.0,0.5,0.300154
2026-10-03T13:34:46.466Z,LAT-00381-802bd3,ACID_BULK,10.8,HARMFUL_CONTEXT,1.0,"PREDICTED_UNSAFE:a,b,d",0.4996,A-1.0-ppr,6.2,-0.001,-0.01,0.008944,0.300152,1.0,5.4,3.178395,-2.321605,0,0,0.0,0.0,1.0,0.5,0.300152
2026-10-03T13:34:46.467Z,LAT-00382-f1fd5c,BASE_FINE,2.7,UNCERTAIN_CONTEXT,1.0,STALE_SAMPLE,0.427,A-1.0-ppr,6.996,-0.001,-0.007143,0.008,4.000153,-1.0,0.0135,7.004013,1.504013,0,0,0.0,0.0,1.0,0.5,4.000153
2026-10-03T13:34:46.468Z,LAT-00383-e2c92e,ACID_BULK,12.2,HARMFUL_CONTEXT,1.0,"PREDICTED_UNSAFE:a,b,d",0.4565,A-1.0-ppr,6.2,0.001,-0.001429,0.006325,0.300148,1.0,6.1,3.095714,-2.404286,0,0,0.0,0.0,1.0,0.5,0.300148
2026-10-03T13:34:46.469Z,LAT-00384-47fa6d,BASE_FINE,2.1,ACCEPTABLE_CONTEXT,0.00428,OK,1.0273,A-1.0-ppr,7.004,0.0,-0.005714,0.008,0.300146,-1.0,0.0105,7.010367,1.510367,0,0,0.0,0.0,1.0,0.5,0.300146
2026-10-03T13:34:46.470Z,LAT-00385-d2be02,ACID_BULK,10.5,HARMFUL_CONTEXT,1.0,"PREDICTED_UNSAFE:a,b,d",0.4831,A-1.0-ppr,6.202,-0.004,0.002857,0.007483,0.300155,1.0,5.25,3.199139,-2.300861,0,0,0.0,0.0,1.0,0.5,0.300155
2026-10-03T13:34:46.471Z,LAT-00386-f7d6f5,ACID_BULK,20.0,HARMFUL_CONTEXT,1.0,"PREDICTED_UNSAFE:a,b,d",0.4718,A-1.0-ppr,6.202,0.002,0.002857,0.004,0.300149,1.0,10.0,2.802745,-2.697255,0,0,0.0,0.0,1.0,0.5,0.300149
2026-10-03T13:34:46.472Z,LAT-00387-84d20c,BASE_FINE,6.6,ACCEPTABLE_CONTEXT,0.004506,OK,1.0262,A-1.0-ppr,7.008,-0.002,-0.002857,0.004,0.300147,-1.0,0.033,7.028412,1.528412,0,0,0.0,0.0,1.0,0.5,0.300147
2026-10-03T13:34:46.473Z,LAT-00388-edeeef,BASE_FINE,3.7,UNCERTAIN_CONTEXT,1.0,STALE_SAMPLE,0.435,A-1.0-ppr,7.0,0.004,0.0,0.006325,4.000154,-1.0,0.0185,7.011146,1.511146,0,0,0.0,0.0,1.0,0.5,4.000154
2026-10-03T13:34:46.474Z,LAT-00389-dddbbc,BASE_FINE,1.4,ACCEPTABLE_CONTEXT,0.004506,OK,1.0153,A-1.0-ppr,7.004,-0.003,0.001429,0.004899,0.300146,-1.0,0.007,7.008199,1.508199,0,0,0.0,0.0,1.0,0.5,0.300146
2026-10-03T13:34:46.475Z,LAT-00390-717542,ACID_BULK,16.0,HARMFUL_CONTEXT,1.0,"PREDICTED_UNSAFE:a,b,d",0.4995,A-1.0-ppr,6.198,0.005,0.001429,0.007483,0.300157,1.0,8.0,2.927906,-2.572094,0,0,0.0,0.0,1.0,0.5,0.300157
2026-10-03T13:34:46.476Z,LAT-00391-bb5d32,BASE_FINE,2.2,ACCEPTABLE_CONTEXT,0.008597,OK,1.0551,A-1.0-ppr,3.494,-0.002,0.0,0.004899,0.300151,-1.0,0.011,3.497764,-2.002236,0,0,0.0,0.0,1.0,0.5,0.300151
2026-10-03T13:34:46.477Z,LAT-00392-94370c,BASE_FINE,2.5,UNCERTAIN_CONTEXT,1.0,STALE_SAMPLE,0.4696,A-1.0-ppr,7.002,0.001,0.004286,0.007483,4.000152,-1.0,0.0125,7.009518,1.509518,0,0,0.0,0.0,1.0,0.5,4.000152
2026-10-03T13:34:46.479Z,LAT-00393-24a2f0,ACID_FINE,9.4,ACCEPTABLE_CONTEXT,0.004506,OK,1.0273,A-1.0-ppr,7.002,-0.002,0.002857,0.004,0.300149,1.0,0.047,6.976204,1.476204,0,0,0.0,0.0,1.0,0.5,0.300149
2026-10-03T13:34:46.480Z,LAT-00394-259304,BASE_FINE,9.8,ACCEPTABLE_CONTEXT,0.008166,OK,1.0401,A-1.0-ppr,3.502,-0.003,0.004286,0.007483,0.300156,-1.0,0.049,3.5193,-1.9807,0,0,0.0,0.0,1.0,0.5,0.300156
2026-10-03T13:34:46.481Z,LAT-00395-b3ce83,BASE_FINE,2.1,UNCERTAIN_CONTEXT,1.0,STALE_SAMPLE,0.4476,A-1.0-ppr,6.992,0.003,0.01,0.013266,4.000154,-1.0,0.0105,6.998234,1.498234,0,0,0.0,0.0,1.0,0.5,4.000154
2026-10-03T13:34:46.482Z,LAT-00396-d9f960,BASE_FINE,1.3,UNCERTAIN_CONTEXT,1.0,STALE_SAMPLE,0.4209,A-1.0-ppr,6.992,0.005,0.001429,0.011662,4.000149,-1.0,0.0065,6.99586,1.49586,0,0,0.0,0.0,1.0,0.5,4.000149
2026-10-03T13:34:46.482Z,LAT-00397-ec4753,ACID_BULK,18.9,HARMFUL_CONTEXT,1.0,"PREDICTED_UNSAFE:a,b,d",0.4749,A-1.0-ppr,6.204,0.001,-0.007143,0.013565,0.30015,1.0,9.45,2.834224,-2.665776,0,0,0.0,0.0,1.0,0.5,0.30015
2026-10-03T13:34:46.484Z,LAT-00398-2c072e,BASE_FINE,9.5,ACCEPTABLE_CONTEXT,0.004506,OK,1.0286,A-1.0-ppr,7.004,0.001,0.001429,0.004899,0.300149,-1.0,0.0475,7.033227,1.533227,0,0,0.0,0.0,1.0,0.5,0.300149
2026-10-03T13:34:46.485Z,LAT-00399-acf5db,BASE_FINE,1.9,UNCERTAIN_CONTEXT,1.0,STALE_SAMPLE,0.4651,A-1.0-ppr,7.006,-0.004,0.002857,0.008,4.000153,-1.0,0.0095,7.011836,1.511836,0,0,0.0,0.0,1.0,0.5,4.000153
2026-10-03T13:34:46.485Z,LAT-00400-f4af8c,ACID_BULK,15.2,HARMFUL_CONTEXT,1.0,"PREDICTED_UNSAFE:a,b,d",0.4609,A-1.0-ppr,6.198,-0.003,0.001429,0.007483,0.30015,1.0,7.6,2.958135,-2.541865,0,0,0.0,0.0,1.0,0.5,0.30015
2026-10-03T13:34:46.487Z,LAT-00401-0ff811,BASE_FINE,9.4,ACCEPTABLE_CONTEXT,0.00428,OK,1.0116,A-1.0-ppr,7.0,0.002,-0.008571,0.010954,0.300148,-1.0,0.047,7.028758,1.528758,0,0,0.0,0.0,1.0,0.5,0.300148
2026-10-03T13:34:46.488Z,LAT-00402-162fea,ACID_BULK,17.7,HARMFUL_CONTEXT,1.0,"PREDICTED_UNSAFE:a,b,d",0.4887,A-1.0-ppr,6.204,0.0,-0.002857,0.004899,0.300162,1.0,8.85,2.871009,-2.628991,0,0,0.0,0.0,1.0,0.5,0.300162
2026-10-03T13:34:46.488Z,LAT-00403-c69b6c,BASE_FINE,1.3,UNCERTAIN_CONTEXT,1.0,STALE_SAMPLE,0.407,A-1.0-ppr,6.998,-0.002,-0.002857,0.004,4.00015,-1.0,0.0065,7.001858,1.501858,0,0,0.0,0.0,1.0,0.5,4.00015
2026-10-03T13:34:46.490Z,LAT-00404-91a637,BASE_FINE,4.9,ACCEPTABLE_CONTEXT,0.00428,OK,0.9952,A-1.0-ppr,7.0,0.006,0.005714,0.010954,0.300161,-1.0,0.0245,7.01486,1.51486,0,0,0.0,0.0,1.0,0.5,0.300161
2026-10-03T13:34:46.491Z,LAT-00405-c6a624,BASE_FINE,6.0,ACCEPTABLE_CONTEXT,0.008166,OK,1.0725,A-1.0-ppr,3.504,0.002,-0.008571,0.008,0.300156,-1.0,0.03,3.514565,-1.985435,0,0,0.0,0.0,1.0,0.5,0.300156
2026-10-03T13:34:46.492Z,LAT-00406-a75721,ACID_FINE,9.8,ACCEPTABLE_CONTEXT,0.00428,OK,0.9705,A-1.0-ppr,6.994,0.002,-0.008571,0.008,0.30017,1.0,0.049,6.967464,1.467464,0,0,0.0,0.0,1.0,0.5,0.30017
2026-10-03T13:34:46.493Z,LAT-00407-747942,ACID_BULK,10.0,HARMFUL_CONTEXT,1.0,"PREDICTED_UNSAFE:a,b,d",0.4908,A-1.0-ppr,6.2,-0.004,0.0,0.006325,0.300158,1.0,5.0,3.233852,-2.266148,0,0,0.0,0.0,1.0,0.5,0.300158
2026-10-03T13:34:46.495Z,LAT-00408-e0c852,ACID_FINE,6.6,ACCEPTABLE_CONTEXT,0.00428,OK,1.0315,A-1.0-ppr,7.008,-0.003,-0.001429,0.007483,0.300154,1.0,0.033,6.989766,1.489766,0,0,0.0,0.0,1.0,0.5,0.300154
2026-10-03T13:34:46.496Z,LAT-00409-eff021,BASE_FINE,1.5,ACCEPTABLE_CONTEXT,0.00428,OK,0.9998,A-1.0-ppr,7.002,0.002,-0.005714,0.007483,0.300161,-1.0,0.0075,7.00645,1.50645,0,0,0.0,0.0,1.0,0.5,0.300161
2026-10-03T13:34:46.497Z,LAT-00410-5ad36e,ACID_FINE,3.9,ACCEPTABLE_CONTEXT,0.00428,OK,0.9835,A-1.0-ppr,7.008,-0.004,0.0,0.009798,0.300155,1.0,0.0195,6.997204,1.497204,0,0,0.0,0.0,1.0,0.5,0.300155
2026-10-03T13:34:46.498Z,LAT-00411-73f8a4,BASE_FINE,1.8,UNCERTAIN_CONTEXT,1.0,STALE_SAMPLE,0.5036,A-1.0-ppr,7.006,0.001,0.004286,0.004899,4.000155,-1.0,0.009,7.011526,1.511526,0,0,0.0,0.0,1.0,0.5,4.000155
2026-10-03T13:34:46.500Z,LAT-00412-b606c6,ACID_FINE,4.5,ACCEPTABLE_CONTEXT,0.00428,OK,0.9855,A-1.0-ppr,7.0,0.002,-0.014286,0.012649,0.300155,1.0,0.0225,6.987596,1.487596,0,0,0.0,0.0,1.0,0.5,0.300155
2026-10-03T13:34:46.500Z,LAT-00413-0eab5d,ACID_BULK,12.6,HARMFUL_CONTEXT,1.0,"PREDICTED_UNSAFE:a,b,d",0.4846,A-1.0-ppr,6.206,-0.002,0.005714,0.010198,0.300153,1.0,6.3,3.076448,-2.423552,0,0,0.0,0.0,1.0,0.5,0.300153
2026-10-03T13:34:46.501Z,LAT-00414-10b2bb,BASE_FINE,2.8,UNCERTAIN_CONTEXT,1.0,STALE_SAMPLE,0.4489,A-1.0-ppr,7.014,0.002,0.0,0.004899,4.000149,-1.0,0.014,7.022663,1.522663,0,0,0.0,0.0,1.0,0.5,4.000149
2026-10-03T13:34:46.502Z,LAT-00415-c6fa84,ACID_BULK,11.2,HARMFUL_CONTEXT,1.0,"PREDICTED_UNSAFE:a,b,d",0.4551,A-1.0-ppr,6.196,0.001,0.001429,0.010198,0.300147,1.0,5.6,3.151728,-2.348272,0,0,0.0,0.0,1.0,0.5,0.300147
2026-10-03T13:34:46.503Z,LAT-00416-24849e,BASE_FINE,2.4,UNCERTAIN_CONTEXT,1.0,STALE_SAMPLE,0.4181,A-1.0-ppr,7.0,0.002,-0.002857,0.008944,4.00015,-1.0,0.012,7.007121,1.507121,0,0,0.0,0.0,1.0,0.5,4.00015
2026-10-03T13:34:46.504Z,LAT-00417-4aef29,ACID_FINE,7.3,ACCEPTABLE_CONTEXT,0.004506,OK,0.9898,A-1.0-ppr,6.998,0.002,-0.002857,0.004,0.300148,1.0,0.0365,6.97792,1.47792,0,0,0.0,0.0,1.0,0.5,0.300148
2026-10-03T13:34:46.505Z,LAT-00418-47d454,ACID_BULK,18.9,HARMFUL_CONTEXT,1.0,"PREDICTED_UNSAFE:a,b,d",0.4823,A-1.0-ppr,6.194,-0.005,0.001429,0.010198,0.300163,1.0,9.45,2.832561,-2.667439,0,0,0.0,0.0,1.0,0.5,0.300163
2026-10-03T13:34:46.506Z,LAT-00419-7d6469,BASE_FINE,2.7,UNCERTAIN_CONTEXT,1.0,STALE_SAMPLE,0.4165,A-1.0-ppr,7.0,-0.004,-0.014286,0.014142,4.000148,-1.0,0.0135,7.008049,1.508049,0,0,0.0,0.0,1.0,0.5,4.000148
2026-10-03T13:34:46.507Z,LAT-00420-710c62,ACID_FINE,3.2,ACCEPTABLE_CONTEXT,0.00428,OK,1.0449,A-1.0-ppr,7.012,-0.005,-0.001429,0.007483,0.300148,1.0,0.016,7.002961,1.502961,0,0,0.0,0.0,1.0,0.5,0.300148
2026-10-03T13:34:46.508Z,LAT-00421-26be5f,BASE_FINE,4.7,UNCERTAIN_CONTEXT,1.0,STALE_SAMPLE,0.4695,A-1.0-ppr,7.004,0.002,0.0,0.004899,4.000155,-1.0,0.0235,7.018413,1.518413,0,0,0.0,0.0,1.0,0.5,4.000155
2026-10-03T13:34:46.509Z,LAT-00422-ad46e3,ACID_BULK,18.7,HARMFUL_CONTEXT,1.0,"PREDICTED_UNSAFE:a,b,d",0.4602,A-1.0-ppr,6.202,0.003,0.001429,0.007483,0.300148,1.0,9.35,2.839806,-2.660194,0,0,0.0,0.0,1.0,0.5,0.300148
2026-10-03T13:34:46.510Z,LAT-00423-7672f1,ACID_FINE,4.3,ACCEPTABLE_CONTEXT,0.00428,OK,0.9953,A-1.0-ppr,7.0,-0.005,0.004286,0.010954,0.300148,1.0,0.0215,6.988146,1.488146,0,0,0.0,0.0,1.0,0.5,0.300148
2026-10-03T13:34:46.511Z,LAT-00424-522978,BASE_FINE,2.3,UNCERTAIN_CONTEXT,1.0,STALE_SAMPLE,0.4747,A-1.0-ppr,7.012,0.003,0.001429,0.007483,4.000155,-1.0,0.0115,7.01912,1.51912,0,0,0.0,0.0,1.0,0.5,4.000155
2026-10-03T13:34:46.512Z,LAT-00425-fae6e8,BASE_FINE,8.5,ACCEPTABLE_CONTEXT,0.008166,OK,1.0651,A-1.0-ppr,3.496,-0.008,-0.002857,0.013565,0.300151,-1.0,0.0425,3.510773,-1.989227,0,0,0.0,0.0,1.0,0.5,0.300151
2026-10-03T13:34:46.513Z,LAT-00426-b4a988,BASE_FINE,9.2,ACCEPTABLE_CONTEXT,0.00428,OK,0.9631,A-1.0-ppr,6.998,-0.005,0.001429,0.007483,0.300153,-1.0,0.046,7.02606,1.52606,0,0,0.0,0.0,1.0,0.5,0.300153
2026-10-03T13:34:46.515Z,LAT-00427-52beeb,BASE_FINE,7.5,ACCEPTABLE_CONTEXT,0.004506,OK,1.014,A-1.0-ppr,7.006,0.001,-0.001429,0.004899,0.300152,-1.0,0.0375,7.029144,1.529144,0,0,0.0,0.0,1.0,0.5,0.300152
2026-10-03T13:34:46.516Z,LAT-00428-21305f,ACID_BULK,13.0,HARMFUL_CONTEXT,1.0,"PREDICTED_UNSAFE:a,b,d",0.4935,A-1.0-ppr,6.196,-0.004,0.008571,0.010198,0.300155,1.0,6.5,3.053586,-2.446414,0,0,0.0,0.0,1.0,0.5,0.300155
2026-10-03T13:34:46.517Z,LAT-00429-a1bbd0,BASE_FINE,3.0,UNCERTAIN_CONTEXT,1.0,STALE_SAMPLE,0.5028,A-1.0-ppr,7.006,0.004,-0.002857,0.010198,4.000514,-1.0,0.015,7.015241,1.515241,0,0,0.0,0.0,1.0,0.5,4.000514
2026-10-03T13:34:46.518Z,LAT-00430-5fd535,ACID_FINE,2.0,ACCEPTABLE_CONTEXT,0.00428,OK,1.0812,A-1.0-ppr,7.0,-0.003,0.004286,0.006325,0.300159,1.0,0.01,6.994484,1.494484,0,0,0.0,0.0,1.0,0.5,0.300159
2026-10-03T13:34:46.519Z,LAT-00431-edcc88,BASE_FINE,3.6,UNCERTAIN_CONTEXT,1.0,STALE_SAMPLE,0.4482,A-1.0-ppr,6.994,0.001,-0.004286,0.004899,4.000156,-1.0,0.018,7.004683,1.504683,0,0,0.0,0.0,1.0,0.5,4.000156
2026-10-03T13:34:46.520Z,LAT-00432-d7a6e7,ACID_BULK,18.6,HARMFUL_CONTEXT,1.0,"PREDICTED_UNSAFE:a,b,d",0.4696,A-1.0-ppr,6.196,-0.004,-0.002857,0.010198,0.300149,1.0,9.3,2.841775,-2.658225,0,0,0.0,0.0,1.0,0.5,0.300149
2026-10-03T13:34:46.521Z,LAT-00433-2de886,BASE_FINE,4.2,ACCEPTABLE_CONTEXT,0.008166,OK,1.0935,A-1.0-ppr,3.51,0.003,-0.01,0.010954,0.300149,-1.0,0.021,3.517468,-1.982532,0,0,0.0,0.0,1.0,0.5,0.300149
2026-10-03T13:34:46.523Z,LAT-00434-fffd1d,BASE_FINE,4.6,ACCEPTABLE_CONTEXT,0.00428,OK,1.0178,A-1.0-ppr,6.996,-0.003,0.004286,0.010198,0.300154,-1.0,0.023,7.009758,1.509758,0,0,0.0,0.0,1.0,0.5,0.300154
2026-10-03T13:34:46.523Z,LAT-00435-1d4b63,BASE_FINE,1.2,UNCERTAIN_CONTEXT,1.0,STALE_SAMPLE,0.4723,A-1.0-ppr,7.004,0.003,0.004286,0.010198,4.000158,-1.0,0.006,7.007579,1.507579,0,0,0.0,0.0,1.0,0.5,4.000158
2026-10-03T13:34:46.524Z,LAT-00436-564b88,ACID_BULK,18.5,HARMFUL_CONTEXT,1.0,"PREDICTED_UNSAFE:a,b,d",0.4665,A-1.0-ppr,6.202,0.0,0.022857,0.020396,0.300151,1.0,9.25,2.845801,-2.654199,0,0,0.0,0.0,1.0,0.5,0.300151
2026-10-03T13:34:46.526Z,LAT-00437-dd3277,BASE_FINE,8.2,ACCEPTABLE_CONTEXT,0.006266,OK,1.0495,A-1.0-ppr,3.5,0.0,0.0,0.0,0.300149,-1.0,0.041,3.51437,-1.98563,0,0,0.0,0.0,1.0,0.5,0.300149
2026-10-03T13:34:46.527Z,LAT-00438-a1f509,BASE_FINE,4.5,ACCEPTABLE_CONTEXT,0.008166,OK,1.0532,A-1.0-ppr,3.5,0.004,-0.002857,0.010954,0.300163,-1.0,0.0225,3.507834,-1.992166,0,0,0.0,0.0,1.0,0.5,0.300163
2026-10-03T13:34:46.528Z,LAT-00439-151ae0,BASE_FINE,4.1,UNCERTAIN_CONTEXT,1.0,STALE_SAMPLE,0.4449,A-1.0-ppr,7.0,-0.001,0.007143,0.010954,4.000157,-1.0,0.0205,7.012384,1.512384,0,0,0.0,0.0,1.0,0.5,4.000157
2026-10-03T13:34:46.529Z,LAT-00440-1820ff,BASE_FINE,2.4,UNCERTAIN_CONTEXT,1.0,STALE_SAMPLE,0.422,A-1.0-ppr,6.992,0.002,-0.002857,0.007483,4.00015,-1.0,0.012,6.999124,1.499124,0,0,0.0,0.0,1.0,0.5,4.00015
2026-10-03T13:34:46.530Z,LAT-00441-7419b6,BASE_FINE,8.7,ACCEPTABLE_CONTEXT,0.008166,OK,1.0726,A-1.0-ppr,3.506,-0.003,0.001429,0.013565,0.300149,-1.0,0.0435,3.521463,-1.978537,0,0,0.0,0.0,1.0,0.5,0.300149
2026-10-03T13:34:46.531Z,LAT-00442-2363a7,ACID_FINE,0.9,ACCEPTABLE_CONTEXT,0.00428,OK,0.9709,A-1.0-ppr,6.998,0.001,0.007143,0.011662,0.300158,1.0,0.0045,6.995517,1.495517,0,0,0.0,0.0,1.0,0.5,0.300158
2026-10-03T13:34:46.533Z,LAT-00443-51b740,BASE_FINE,3.9,ACCEPTABLE_CONTEXT,0.00428,OK,0.9655,A-1.0-ppr,7.0,0.002,0.005714,0.006325,0.300155,-1.0,0.0195,7.011765,1.511765,0,0,0.0,0.0,1.0,0.5,0.300155
2026-10-03T13:34:46.534Z,LAT-00444-2d5905,BASE_FINE,9.0,ACCEPTABLE_CONTEXT,0.00428,OK,0.9546,A-1.0-ppr,6.996,0.006,0.008571,0.012,0.300154,-1.0,0.045,7.02336,1.52336,0,0,0.0,0.0,1.0,0.5,0.300154
2026-10-03T13:34:46.535Z,LAT-00445-675045,BASE_FINE,1.6,UNCERTAIN_CONTEXT,1.0,STALE_SAMPLE,0.4856,A-1.0-ppr,7.004,0.001,0.004286,0.008,4.000158,-1.0,0.008,7.008818,1.508818,0,0,0.0,0.0,1.0,0.5,4.000158
2026-10-03T13:34:46.536Z,LAT-00446-ae1a19,BASE_FINE,3.5,UNCERTAIN_CONTEXT,1.0,STALE_SAMPLE,0.4543,A-1.0-ppr,7.006,-0.001,0.001429,0.010198,4.000154,-1.0,0.0175,7.016788,1.516788,0,0,0.0,0.0,1.0,0.5,4.000154
2026-10-03T13:34:46.536Z,LAT-00447-2c5022,BASE_FINE,3.1,UNCERTAIN_CONTEXT,1.0,STALE_SAMPLE,0.4138,A-1.0-ppr,6.994,0.006,-0.002857,0.010198,4.00015,-1.0,0.0155,7.0032,1.5032,0,0,0.0,0.0,1.0,0.5,4.00015
2026-10-03T13:34:46.538Z,LAT-00448-079af4,BASE_FINE,9.1,ACCEPTABLE_CONTEXT,0.008166,OK,1.0673,A-1.0-ppr,3.498,-0.003,-0.001429,0.007483,0.300148,-1.0,0.0455,3.513903,-1.986097,0,0,0.0,0.0,1.0,0.5,0.300148
2026-10-03T13:34:46.539Z,LAT-00449-8619f4,BASE_FINE,3.1,UNCERTAIN_CONTEXT,1.0,STALE_SAMPLE,0.4306,A-1.0-ppr,6.998,-0.003,0.001429,0.007483,4.000167,-1.0,0.0155,7.0072,1.5072,0,0,0.0,0.0,1.0,0.5,4.000167
2026-10-03T13:34:46.539Z,LAT-00450-a0296a,ACID_BULK,15.3,HARMFUL_CONTEXT,1.0,"PREDICTED_UNSAFE:a,b,d",0.4655,A-1.0-ppr,6.202,0.006,-0.005714,0.011662,0.300152,1.0,7.65,2.955117,-2.544883,0,0,0.0,0.0,1.0,0.5,0.300152
2026-10-03T13:34:46.541Z,LAT-00451-ee1fa3,ACID_FINE,6.7,ACCEPTABLE_CONTEXT,0.004506,OK,1.0242,A-1.0-ppr,7.008,-0.002,-0.002857,0.004,0.300151,1.0,0.0335,6.989491,1.489491,0,0,0.0,0.0,1.0,0.5,0.300151
2026-10-03T13:34:46.542Z,LAT-00452-ca0749,BASE_FINE,2.6,UNCERTAIN_CONTEXT,1.0,STALE_SAMPLE,0.469,A-1.0-ppr,7.01,0.0,-0.0,0.0,4.000154,-1.0,0.013,7.01805,1.51805,0,0,0.0,0.0,1.0,0.5,4.000154
2026-10-03T13:34:46.543Z,LAT-00453-3b6e3b,ACID_FINE,2.4,ACCEPTABLE_CONTEXT,0.00428,OK,0.9985,A-1.0-ppr,7.0,0.002,0.005714,0.006325,0.300149,1.0,0.012,6.993381,1.493381,0,0,0.0,0.0,1.0,0.5,0.300149
2026-10-03T13:34:46.544Z,LAT-00454-de0c16,ACID_BULK,18.0,HARMFUL_CONTEXT,1.0,"PREDICTED_UNSAFE:a,b,d",0.4891,A-1.0-ppr,6.202,0.0,-0.002857,0.004,0.300157,1.0,9.0,2.861163,-2.638837,0,0,0.0,0.0,1.0,0.5,0.300157
2026-10-03T13:34:46.544Z,LAT-00455-b19f9d,ACID_BULK,17.6,HARMFUL_CONTEXT,1.0,"PREDICTED_UNSAFE:a,b,d",0.4636,A-1.0-ppr,6.2,0.002,0.0,0.006325,0.300152,1.0,8.8,2.873495,-2.626505,0,0,0.0,0.0,1.0,0.5,0.300152
2026-10-03T13:34:46.546Z,LAT-00456-cbfe57,BASE_FINE,7.3,ACCEPTABLE_CONTEXT,0.008166,OK,1.0458,A-1.0-ppr,3.5,0.002,-0.005714,0.006325,0.300148,-1.0,0.0365,3.512772,-1.987228,0,0,0.0,0.0,1.0,0.5,0.300148
2026-10-03T13:34:46.547Z,LAT-00457-ff3700,ACID_BULK,16.0,HARMFUL_CONTEXT,1.0,"PREDICTED_UNSAFE:a,b,d",0.492,A-1.0-ppr,6.208,0.004,-0.002857,0.011662,0.300157,1.0,8.0,2.929961,-2.570039,0,0,0.0,0.0,1.0,0.5,0.300157
2026-10-03T13:34:46.548Z,LAT-00458-ab5e22,BASE_FINE,5.5,ACCEPTABLE_CONTEXT,0.00428,OK,0.9867,A-1.0-ppr,7.0,-0.003,-0.004286,0.006325,0.300152,-1.0,0.0275,7.016715,1.516715,0,0,0.0,0.0,1.0,0.5,0.300152
2026-10-03T13:34:46.549Z,LAT-00459-45f202,BASE_FINE,9.4,ACCEPTABLE_CONTEXT,0.008166,OK,1.0321,A-1.0-ppr,3.5,-0.003,0.004286,0.006325,0.300153,-1.0,0.047,3.516509,-1.983491,0,0,0.0,0.0,1.0,0.5,0.300153
2026-10-03T13:34:46.550Z,LAT-00460-8e61f6,BASE_FINE,3.1,UNCERTAIN_CONTEXT,1.0,STALE_SAMPLE,0.4518,A-1.0-ppr,6.994,-0.003,0.007143,0.012,4.000155,-1.0,0.0155,7.0032,1.5032,0,0,0.0,0.0,1.0,0.5,4.000155
2026-10-03T13:34:46.552Z,LAT-00461-19def3,BASE_FINE,6.1,ACCEPTABLE_CONTEXT,0.00428,OK,1.0037,A-1.0-ppr,7.004,-0.002,0.005714,0.010198,0.300155,-1.0,0.0305,7.02274,1.52274,0,0,0.0,0.0,1.0,0.5,0.300155
2026-10-03T13:34:46.552Z,LAT-00462-ca1b66,ACID_BULK,11.4,HARMFUL_CONTEXT,1.0,"PREDICTED_UNSAFE:a,b,d",0.483,A-1.0-ppr,6.196,0.003,0.004286,0.008,0.300155,1.0,5.7,3.13966,-2.36034,0,0,0.0,0.0,1.0,0.5,0.300155
2026-10-03T13:34:46.553Z,LAT-00463-ef38ec,BASE_FINE,3.3,UNCERTAIN_CONTEXT,1.0,STALE_SAMPLE,0.4217,A-1.0-ppr,7.0,-0.004,0.002857,0.016733,4.000151,-1.0,0.0165,7.009907,1.509907,0,0,0.0,0.0,1.0,0.5,4.000151
2026-10-03T13:34:46.554Z,LAT-00464-e7a34a,BASE_FINE,9.8,ACCEPTABLE_CONTEXT,0.00428,OK,0.9939,A-1.0-ppr,6.992,-0.002,-0.002857,0.007483,0.30015,-1.0,0.049,7.021663,1.521663,0,0,0.0,0.0,1.0,0.5,0.30015
2026-10-03T13:34:46.556Z,LAT-00465-9aa48e,BASE_FINE,4.1,ACCEPTABLE_CONTEXT,0.00428,OK,0.9612,A-1.0-ppr,6.998,0.005,-0.001429,0.014697,0.300158,-1.0,0.0205,7.010297,1.510297,0,0,0.0,0.0,1.0,0.5,0.300158
2026-10-03T13:34:46.557Z,LAT-00466-930b89,BASE_FINE,1.4,ACCEPTABLE_CONTEXT,0.00428,OK,0.9438,A-1.0-ppr,6.998,-0.001,-0.004286,0.007483,0.300154,-1.0,0.007,7.002155,1.502155,0,0,0.0,0.0,1.0,0.5,0.300154
2026-10-03T13:34:46.558Z,LAT-00467-c500cc,BASE_FINE,4.2,ACCEPTABLE_CONTEXT,0.00428,OK,0.9731,A-1.0-ppr,6.994,0.004,0.0,0.008,0.300152,-1.0,0.021,7.006462,1.506462,0,0,0.0,0.0,1.0,0.5,0.300152
2026-10-03T13:34:46.559Z,LAT-00468-6d55ef,ACID_BULK,18.7,HARMFUL_CONTEXT,1.0,"PREDICTED_UNSAFE:a,b,d",0.5016,A-1.0-ppr,6.206,0.004,-0.008571,0.013565,0.300157,1.0,9.35,2.840475,-2.659525,0,0,0.0,0.0,1.0,0.5,0.300157
2026-10-03T13:34:46.560Z,LAT-00469-4795d1,BASE_FINE,3.7,UNCERTAIN_CONTEXT,1.0,STALE_SAMPLE,0.4619,A-1.0-ppr,7.006,0.001,-0.007143,0.008,4.000154,-1.0,0.0185,7.017407,1.517407,0,0,0.0,0.0,1.0,0.5,4.000154
2026-10-03T13:34:46.561Z,LAT-00470-6472a7,BASE_FINE,2.8,ACCEPTABLE_CONTEXT,0.008166,OK,1.0432,A-1.0-ppr,3.5,-0.006,0.0,0.008944,0.30015,-1.0,0.014,3.50486,-1.99514,0,0,0.0,0.0,1.0,0.5,0.30015
2026-10-03T13:34:46.563Z,LAT-00471-49533d,BASE_FINE,0.6,ACCEPTABLE_CONTEXT,0.00428,OK,1.0262,A-1.0-ppr,7.02,0.004,0.005714,0.012649,0.300155,-1.0,0.003,7.021856,1.521856,0,0,0.0,0.0,1.0,0.5,0.300155
2026-10-03T13:34:46.564Z,LAT-00472-8a55f0,ACID_FINE,1.0,ACCEPTABLE_CONTEXT,0.00428,OK,1.0001,A-1.0-ppr,7.004,-0.001,0.001429,0.010198,0.300158,1.0,0.005,7.00124,1.50124,0,0,0.0,0.0,1.0,0.5,0.300158
2026-10-03T13:34:46.565Z,LAT-00473-487dce,BASE_FINE,4.7,ACCEPTABLE_CONTEXT,0.00428,OK,0.9769,A-1.0-ppr,7.002,0.004,0.002857,0.007483,0.300153,-1.0,0.0235,7.016327,1.516327,0,0,0.0,0.0,1.0,0.5,0.300153
2026-10-03T13:34:46.566Z,LAT-00474-165a71,ACID_BULK,15.1,HARMFUL_CONTEXT,1.0,"PREDICTED_UNSAFE:a,b,d",0.5092,A-1.0-ppr,6.206,0.0,0.005714,0.008,0.300154,1.0,7.55,2.963849,-2.536151,0,0,0.0,0.0,1.0,0.5,0.300154
2026-10-03T13:34:46.567Z,LAT-00475-edeb3a,ACID_BULK,13.0,HARMFUL_CONTEXT,1.0,"PREDICTED_UNSAFE:a,b,d",0.473,A-1.0-ppr,6.2,0.002,-0.002857,0.008944,0.300156,1.0,6.5,3.054696,-2.445304,0,0,0.0,0.0,1.0,0.5,0.300156
2026-10-03T13:34:46.568Z,LAT-00476-7c31da,BASE_FINE,5.0,UNCERTAIN_CONTEXT,1.0,STALE_SAMPLE,0.4491,A-1.0-ppr,7.004,0.002,0.0,0.004899,4.000147,-1.0,0.025,7.019341,1.519341,0,0,0.0,0.0,1.0,0.5,4.000147
2026-10-03T13:34:46.569Z,LAT-00477-37485f,BASE_FINE,7.0,ACCEPTABLE_CONTEXT,0.008166,OK,1.0559,A-1.0-ppr,3.5,-0.007,-0.004286,0.010954,0.300148,-1.0,0.035,3.51224,-1.98776,0,0,0.0,0.0,1.0,0.5,0.300148
2026-10-03T13:34:46.570Z,LAT-00478-82ef34,ACID_BULK,11.0,HARMFUL_CONTEXT,1.0,"PREDICTED_UNSAFE:a,b,d",0.4978,A-1.0-ppr,6.198,0.001,0.001429,0.004,0.300153,1.0,5.5,3.164858,-2.335142,0,0,0.0,0.0,1.0,0.5,0.300153
2026-10-03T13:34:46.572Z,LAT-00479-6ca976,BASE_FINE,3.4,ACCEPTABLE_CONTEXT,0.00428,OK,1.0257,A-1.0-ppr,7.006,-0.004,-0.005714,0.008,0.30015,-1.0,0.017,7.016479,1.516479,0,0,0.0,0.0,1.0,0.5,0.30015
2026-10-03T13:34:46.573Z,LAT-00480-27f9e1,BASE_FINE,9.7,ACCEPTABLE_CONTEXT,0.008166,OK,1.0365,A-1.0-ppr,3.5,0.0,-0.008571,0.008944,0.300152,-1.0,0.0485,3.517045,-1.982955,0,0,0.0,0.0,1.0,0.5,0.300152
2026-10-03T13:34:46.574Z,LAT-00481-d74d7a,ACID_FINE,8.4,ACCEPTABLE_CONTEXT,0.00428,OK,0.9749,A-1.0-ppr,7.0,0.001,0.004286,0.006325,0.300152,1.0,0.042,6.97693,1.47693,0,0,0.0,0.0,1.0,0.5,0.300152
2026-10-03T13:34:46.576Z,LAT-00482-17253d,BASE_FINE,6.1,ACCEPTABLE_CONTEXT,0.008166,OK,1.0389,A-1.0-ppr,3.502,0.003,0.012857,0.011662,0.300158,-1.0,0.0305,3.512696,-1.987304,0,0,0.0,0.0,1.0,0.5,0.300158
2026-10-03T13:34:46.576Z,LAT-00483-45756e,ACID_BULK,14.6,HARMFUL_CONTEXT,1.0,"PREDICTED_UNSAFE:a,b,d",0.4919,A-1.0-ppr,6.194,-0.001,-0.004286,0.004899,0.300153,1.0,7.3,2.981338,-2.518662,0,0,0.0,0.0,1.0,0.5,0.300153
2026-10-03T13:34:46.577Z,LAT-00484-196123,ACID_BULK,16.0,HARMFUL_CONTEXT,1.0,"PREDICTED_UNSAFE:a,b,d",0.4706,A-1.0-ppr,6.202,0.002,-0.005714,0.007483,0.300152,1.0,8.0,2.928732,-2.571268,0,0,0.0,0.0,1.0,0.5,0.300152
2026-10-03T13:34:46.579Z,LAT-00485-8457d2,ACID_FINE,5.6,ACCEPTABLE_CONTEXT,0.00428,OK,1.0235,A-1.0-ppr,7.008,-0.003,0.001429,0.007483,0.300151,1.0,0.028,6.99252,1.49252,0,0,0.0,0.0,1.0,0.5,0.300151
2026-10-03T13:34:46.579Z,LAT-00486-38b2d2,ACID_BULK,10.2,HARMFUL_CONTEXT,1.0,"PREDICTED_UNSAFE:a,b,d",0.4857,A-1.0-ppr,6.198,0.001,0.01,0.011662,0.300157,1.0,5.1,3.218502,-2.281498,0,0,0.0,0.0,1.0,0.5,0.300157
2026-10-03T13:34:46.581Z,LAT-00487-f24858,BASE_FINE,2.8,ACCEPTABLE_CONTEXT,0.00428,OK,1.0017,A-1.0-ppr,7.006,-0.007,0.004286,0.012,0.300153,-1.0,0.014,7.014622,1.514622,0,0,0.0,0.0,1.0,0.5,0.300153
2026-10-03T13:34:46.582Z,LAT-00488-232c0e,BASE_FINE,4.7,ACCEPTABLE_CONTEXT,0.008166,OK,1.0448,A-1.0-ppr,3.502,0.007,0.004286,0.011662,0.300154,-1.0,0.0235,3.51022,-1.98978,0,0,0.0,0.0,1.0,0.5,0.300154
2026-10-03T13:34:46.583Z,LAT-00489-7c6a4b,ACID_BULK,15.3,HARMFUL_CONTEXT,1.0,"PREDICTED_UNSAFE:a,b,d",0.4951,A-1.0-ppr,6.196,0.009,-0.007143,0.014967,0.300158,1.0,7.65,2.953798,-2.546202,0,0,0.0,0.0,1.0,0.5,0.300158
2026-10-03T13:34:46.584Z,LAT-00490-d766eb,BASE_FINE,1.2,ACCEPTABLE_CONTEXT,0.004506,OK,1.0005,A-1.0-ppr,7.004,-0.001,-0.004286,0.004899,0.30015,-1.0,0.006,7.007579,1.507579,0,0,0.0,0.0,1.0,0.5,0.30015
2026-10-03T13:34:46.586Z,LAT-00491-d39c31,BASE_FINE,8.3,ACCEPTABLE_CONTEXT,0.008166,OK,1.0103,A-1.0-ppr,3.494,-0.002,0.002857,0.008,0.300151,-1.0,0.0415,3.508357,-1.991643,0,0,0.0,0.0,1.0,0.5,0.300151
2026-10-03T13:34:46.587Z,LAT-00492-48ad8c,BASE_FINE,4.1,UNCERTAIN_CONTEXT,1.0,STALE_SAMPLE,0.4774,A-1.0-ppr,7.008,-0.008,0.002857,0.014697,4.000163,-1.0,0.0205,7.020691,1.520691,0,0,0.0,0.0,1.0,0.5,4.000163
2026-10-03T13:34:46.588Z,LAT-00493-41482d,BASE_FINE,5.7,ACCEPTABLE_CONTEXT,0.004506,OK,0.9936,A-1.0-ppr,7.004,-0.001,0.001429,0.004899,0.30015,-1.0,0.0285,7.021504,1.521504,0,0,0.0,0.0,1.0,0.5,0.30015
2026-10-03T13:34:46.589Z,LAT-00494-87a0ad,BASE_FINE,6.6,ACCEPTABLE_CONTEXT,0.004506,OK,0.9558,A-1.0-ppr,6.996,0.0,0.002857,0.004899,0.30015,-1.0,0.033,7.015945,1.515945,0,0,0.0,0.0,1.0,0.5,0.30015
2026-10-03T13:34:46.590Z,LAT-00495-084451,ACID_FINE,6.8,ACCEPTABLE_CONTEXT,0.00428,OK,0.9593,A-1.0-ppr,6.998,0.001,-0.012857,0.011662,0.300151,1.0,0.034,6.979272,1.479272,0,0,0.0,0.0,1.0,0.5,0.300151
2026-10-03T13:34:46.592Z,LAT-00496-0995de,ACID_FINE,4.2,ACCEPTABLE_CONTEXT,0.00428,OK,0.985,A-1.0-ppr,7.008,-0.005,0.012857,0.013266,0.300158,1.0,0.021,6.996377,1.496377,0,0,0.0,0.0,1.0,0.5,0.300158
2026-10-03T13:34:46.593Z,LAT-00497-565cf5,BASE_FINE,4.8,ACCEPTABLE_CONTEXT,0.008166,OK,1.0013,A-1.0-ppr,3.5,0.008,-0.005714,0.012649,0.300152,-1.0,0.024,3.50836,-1.99164,0,0,0.0,0.0,1.0,0.5,0.300152
2026-10-03T13:34:46.594Z,LAT-00498-96b5a4,ACID_BULK,17.8,HARMFUL_CONTEXT,1.0,"PREDICTED_UNSAFE:a,b,d",0.5049,A-1.0-ppr,6.2,0.002,0.0,0.006325,0.300153,1.0,8.9,2.867106,-2.632894,0,0,0.0,0.0,1.0,0.5,0.300153
2026-10-03T13:34:46.595Z,LAT-00499-b5f029,ACID_FINE,1.2,ACCEPTABLE_CONTEXT,0.00428,OK,0.9684,A-1.0-ppr,6.996,-0.004,0.002857,0.013565,0.300154,1.0,0.006,6.992691,1.492691,0,0,0.0,0.0,1.0,0.5,0.300154
2026-10-03T13:34:46.596Z,LAT-00500-cc30de,ACID_BULK,10.7,HARMFUL_CONTEXT,1.0,"PREDICTED_UNSAFE:a,b,d",0.4874,A-1.0-ppr,6.198,-0.002,-0.002857,0.004,0.300154,1.0,5.35,3.184204,-2.315796,0,0,0.0,0.0,1.0,0.5,0.300154
2026-10-03T13:34:46.597Z,LAT-00501-f6d667,BASE_FINE,8.7,ACCEPTABLE_CONTEXT,0.00428,OK,0.9453,A-1.0-ppr,6.998,0.002,0.008571,0.009798,0.300148,-1.0,0.0435,7.024517,1.524517,0,0,0.0,0.0,1.0,0.5,0.300148
2026-10-03T13:34:46.598Z,LAT-00502-2c2011,ACID_BULK,12.9,HARMFUL_CONTEXT,1.0,"PREDICTED_UNSAFE:a,b,d",0.5013,A-1.0-ppr,6.198,-0.002,0.0,0.009798,0.300151,1.0,6.45,3.059055,-2.440945,0,0,0.0,0.0,1.0,0.5,0.300151
2026-10-03T13:34:46.600Z,LAT-00503-85eca6,BASE_FINE,5.2,ACCEPTABLE_CONTEXT,0.008166,OK,1.045,A-1.0-ppr,3.512,0.008,0.002857,0.011662,0.300155,-1.0,0.026,3.521305,-1.978695,0,0,0.0,0.0,1.0,0.5,0.300155
2026-10-03T13:34:46.601Z,LAT-00504-879d12,ACID_FINE,2.3,ACCEPTABLE_CONTEXT,0.00428,OK,0.986,A-1.0-ppr,7.002,-0.001,-0.004286,0.011662,0.300154,1.0,0.0115,6.995656,1.495656,0,0,0.0,0.0,1.0,0.5,0.300154
2026-10-03T13:34:46.602Z,LAT-00505-1c6ab2,BASE_FINE,8.4,ACCEPTABLE_CONTEXT,0.008166,OK,1.0251,A-1.0-ppr,3.5,-0.001,0.004286,0.006325,0.300154,-1.0,0.042,3.514726,-1.985274,0,0,0.0,0.0,1.0,0.5,0.300154
2026-10-03T13:34:46.604Z,LAT-00506-8e1d28,BASE_FINE,9.3,ACCEPTABLE_CONTEXT,0.004506,OK,0.9908,A-1.0-ppr,7.004,-0.003,0.001429,0.004899,0.300157,-1.0,0.0465,7.032611,1.532611,0,0,0.0,0.0,1.0,0.5,0.300157
2026-10-03T13:34:46.605Z,LAT-00507-bc0353,BASE_FINE,1.0,UNCERTAIN_CONTEXT,1.0,STALE_SAMPLE,0.4488,A-1.0-ppr,7.0,0.003,0.001429,0.008944,4.000152,-1.0,0.005,7.002968,1.502968,0,0,0.0,0.0,1.0,0.5,4.000152
2026-10-03T13:34:46.606Z,LAT-00508-13521d,ACID_FINE,9.7,ACCEPTABLE_CONTEXT,0.00428,OK,0.9903,A-1.0-ppr,7.006,0.003,-0.01,0.010198,0.300153,1.0,0.0485,6.979282,1.479282,0,0,0.0,0.0,1.0,0.5,0.300153
2026-10-03T13:34:46.607Z,LAT-00509-f6c88d,ACID_FINE,3.1,ACCEPTABLE_CONTEXT,0.00428,OK,0.9501,A-1.0-ppr,6.998,-0.002,0.002857,0.007483,0.300157,1.0,0.0155,6.989453,1.489453,0,0,0.0,0.0,1.0,0.5,0.300157
2026-10-03T13:34:46.608Z,LAT-00510-e49f0c,ACID_FINE,3.6,ACCEPTABLE_CONTEXT,0.00428,OK,0.9286,A-1.0-ppr,6.998,0.006,-0.011429,0.014697,0.300152,1.0,0.018,6.988076,1.488076,0,0,0.0,0.0,1.0,0.5,0.300152
2026-10-03T13:34:46.609Z,LAT-00511-a97cf9,BASE_FINE,3.4,UNCERTAIN_CONTEXT,1.0,STALE_SAMPLE,0.4877,A-1.0-ppr,7.006,0.003,-0.001429,0.004899,4.000154,-1.0,0.017,7.016479,1.516479,0,0,0.0,0.0,1.0,0.5,4.000154
2026-10-03T13:34:46.611Z,LAT-00512-3063b8,BASE_FINE,8.5,ACCEPTABLE_CONTEXT,0.00428,OK,0.9537,A-1.0-ppr,6.998,0.001,-0.004286,0.007483,0.30015,-1.0,0.0425,7.0239,1.5239,0,0,0.0,0.0,1.0,0.5,0.30015
2026-10-03T13:34:46.612Z,LAT-00513-31f863,BASE_FINE,6.9,ACCEPTABLE_CONTEXT,0.00428,OK,0.9506,A-1.0-ppr,7.0,-0.001,-0.001429,0.006325,0.300154,-1.0,0.0345,7.021043,1.521043,0,0,0.0,0.0,1.0,0.5,0.300154
2026-10-03T13:34:46.613Z,LAT-00514-a49827,ACID_BULK,10.7,HARMFUL_CONTEXT,1.0,"PREDICTED_UNSAFE:a,b,d",0.4863,A-1.0-ppr,6.204,0.002,-0.002857,0.008,0.300152,1.0,5.35,3.18644,-2.31356,0,0,0.0,0.0,1.0,0.5,0.300152
2026-10-03T13:34:46.614Z,LAT-00515-4ea8f3,ACID_BULK,19.1,HARMFUL_CONTEXT,1.0,"PREDICTED_UNSAFE:a,b,d",0.4675,A-1.0-ppr,6.202,0.002,-0.002857,0.007483,0.300151,1.0,9.55,2.82806,-2.67194,0,0,0.0,0.0,1.0,0.5,0.300151
2026-10-03T13:34:46.614Z,LAT-00516-085d93,BASE_FINE,1.1,UNCERTAIN_CONTEXT,1.0,STALE_SAMPLE,0.4571,A-1.0-ppr,7.008,-0.004,0.0,0.009798,4.00016,-1.0,0.0055,7.011408,1.511408,0,0,0.0,0.0,1.0,0.5,4.00016
2026-10-03T13:34:46.616Z,LAT-00517-2b432a,BASE_FINE,6.9,ACCEPTABLE_CONTEXT,0.00428,OK,0.998,A-1.0-ppr,6.994,0.0,0.002857,0.010198,0.300151,-1.0,0.0345,7.014788,1.514788,0,0,0.0,0.0,1.0,0.5,0.300151
2026-10-03T13:34:46.617Z,LAT-00518-a5a82f,BASE_FINE,9.1,ACCEPTABLE_CONTEXT,0.00428,OK,1.0018,A-1.0-ppr,7.004,0.001,0.007143,0.008,0.300154,-1.0,0.0455,7.031995,1.531995,0,0,0.0,0.0,1.0,0.5,0.300154
2026-10-03T13:34:46.618Z,LAT-00519-7733b3,ACID_BULK,11.4,HARMFUL_CONTEXT,1.0,"PREDICTED_UNSAFE:a,b,d",0.4849,A-1.0-ppr,6.194,-0.003,-0.01,0.010198,0.300154,1.0,5.7,3.138981,-2.361019,0,0,0.0,0.0,1.0,0.5,0.300154
2026-10-03T13:34:46.619Z,LAT-00520-170053,ACID_FINE,4.9,ACCEPTABLE_CONTEXT,0.00428,OK,1.0276,A-1.0-ppr,7.004,0.002,0.005714,0.010198,0.30016,1.0,0.0245,6.990489,1.490489,0,0,0.0,0.0,1.0,0.5,0.30016
2026-10-03T13:34:46.621Z,LAT-00521-01187b,BASE_FINE,7.9,ACCEPTABLE_CONTEXT,0.004506,OK,0.9991,A-1.0-ppr,7.004,-0.001,-0.004286,0.004899,0.300155,-1.0,0.0395,7.028296,1.528296,0,0,0.0,0.0,1.0,0.5,0.300155
2026-10-03T13:34:46.621Z,LAT-00522-842ed2,ACID_BULK,13.6,HARMFUL_CONTEXT,1.0,"PREDICTED_UNSAFE:a,b,d",0.4879,A-1.0-ppr,6.206,0.001,0.004286,0.004899,0.300155,1.0,6.8,3.027843,-2.472157,0,0,0.0,0.0,1.0,0.5,0.300155
2026-10-03T13:34:46.622Z,LAT-00523-03d47a,BASE_FINE,4.6,UNCERTAIN_CONTEXT,1.0,STALE_SAMPLE,0.4376,A-1.0-ppr,6.996,0.001,0.004286,0.004899,4.000154,-1.0,0.023,7.009758,1.509758,0,0,0.0,0.0,1.0,0.5,4.000154
2026-10-03T13:34:46.623Z,LAT-00524-3ea881,ACID_BULK,17.5,HARMFUL_CONTEXT,1.0,"PREDICTED_UNSAFE:a,b,d",0.4635,A-1.0-ppr,6.194,0.004,0.002857,0.013565,0.300151,1.0,8.75,2.875619,-2.624381,0,0,0.0,0.0,1.0,0.5,0.300151
2026-10-03T13:34:46.624Z,LAT-00525-af67ed,ACID_FINE,5.4,ACCEPTABLE_CONTEXT,0.00428,OK,1.0041,A-1.0-ppr,7.0,-0.003,-0.004286,0.006325,0.300149,1.0,0.027,6.985118,1.485118,0,0,0.0,0.0,1.0,0.5,0.300149
2026-10-03T13:34:46.626Z,LAT-00526-d83f72,ACID_FINE,8.0,ACCEPTABLE_CONTEXT,0.004506,OK,0.9894,A-1.0-ppr,6.996,0.003,-0.001429,0.004899,0.300183,1.0,0.04,6.974144,1.474144,0,0,0.0,0.0,1.0,0.5,0.300183
2026-10-03T13:34:46.626Z,LAT-00527-2bfa81,BASE_FINE,4.6,UNCERTAIN_CONTEXT,1.0,STALE_SAMPLE,0.4369,A-1.0-ppr,6.998,0.004,0.005714,0.009798,4.000176,-1.0,0.023,7.011845,1.511845,0,0,0.0,0.0,1.0,0.5,4.000176
2026-10-03T13:34:46.627Z,LAT-00528-00684e,BASE_FINE,3.4,UNCERTAIN_CONTEXT,1.0,STALE_SAMPLE,0.4228,A-1.0-ppr,7.0,0.001,-0.004286,0.006325,4.000152,-1.0,0.017,7.010217,1.510217,0,0,0.0,0.0,1.0,0.5,4.000152
2026-10-03T13:34:46.628Z,LAT-00529-3f175e,BASE_FINE,4.9,UNCERTAIN_CONTEXT,1.0,STALE_SAMPLE,0.4106,A-1.0-ppr,7.0,0.006,-0.005714,0.010954,4.000149,-1.0,0.0245,7.01486,1.51486,0,0,0.0,0.0,1.0,0.5,4.000149
2026-10-03T13:34:46.629Z,LAT-00530-48fa53,ACID_BULK,15.1,HARMFUL_CONTEXT,1.0,"PREDICTED_UNSAFE:a,b,d",0.4541,A-1.0-ppr,6.202,0.005,0.001429,0.011662,0.300148,1.0,7.55,2.962961,-2.537039,0,0,0.0,0.0,1.0,0.5,0.300148
2026-10-03T13:34:46.630Z,LAT-00531-6267ae,BASE_FINE,4.1,UNCERTAIN_CONTEXT,1.0,STALE_SAMPLE,0.4058,A-1.0-ppr,7.0,0.0,0.0,0.0,4.000146,-1.0,0.0205,7.012384,1.512384,0,0,0.0,0.0,1.0,0.5,4.000146
2026-10-03T13:34:46.631Z,LAT-00532-2d40cd,BASE_FINE,9.2,ACCEPTABLE_CONTEXT,0.008166,OK,1.0874,A-1.0-ppr,3.502,0.005,-0.007143,0.011662,0.300148,-1.0,0.046,3.518223,-1.981777,0,0,0.0,0.0,1.0,0.5,0.300148
2026-10-03T13:34:46.632Z,LAT-00533-7a0546,BASE_FINE,0.9,ACCEPTABLE_CONTEXT,0.00428,OK,1.0017,A-1.0-ppr,6.994,0.004,-0.002857,0.008,0.300157,-1.0,0.0045,6.996672,1.496672,0,0,0.0,0.0,1.0,0.5,0.300157
2026-10-03T13:34:46.633Z,LAT-00534-d47394,ACID_BULK,19.9,HARMFUL_CONTEXT,1.0,"PREDICTED_UNSAFE:a,b,d",0.4876,A-1.0-ppr,6.198,-0.003,0.004286,0.011662,0.300155,1.0,9.95,2.804864,-2.695136,0,0,0.0,0.0,1.0,0.5,0.300155
2026-10-03T13:34:46.634Z,LAT-00535-36fd2b,BASE_FINE,6.1,ACCEPTABLE_CONTEXT,0.00428,OK,0.9855,A-1.0-ppr,6.998,-0.001,-0.007143,0.007483,0.300151,-1.0,0.0305,7.016485,1.516485,0,0,0.0,0.0,1.0,0.5,0.300151
2026-10-03T13:34:46.635Z,LAT-00536-09b28d,ACID_BULK,10.1,HARMFUL_CONTEXT,1.0,"PREDICTED_UNSAFE:a,b,d",0.4902,A-1.0-ppr,6.194,0.0,0.0,0.008,0.300156,1.0,5.05,3.224049,-2.275951,0,0,0.0,0.0,1.0,0.5,0.300156
2026-10-03T13:34:46.636Z,LAT-00537-61237a,ACID_BULK,15.2,HARMFUL_CONTEXT,1.0,"PREDICTED_UNSAFE:a,b,d",0.4651,A-1.0-ppr,6.198,0.005,0.001429,0.007483,0.30015,1.0,7.6,2.958135,-2.541865,0,0,0.0,0.0,1.0,0.5,0.30015
2026-10-03T13:34:46.637Z,LAT-00538-2b70e8,BASE_FINE,5.3,ACCEPTABLE_CONTEXT,0.00428,OK,0.9651,A-1.0-ppr,6.998,0.006,0.002857,0.009798,0.300148,-1.0,0.0265,7.014011,1.514011,0,0,0.0,0.0,1.0,0.5,0.300148
2026-10-03T13:34:46.639Z,LAT-00539-8d1a81,BASE_FINE,8.0,ACCEPTABLE_CONTEXT,0.008166,OK,1.0693,A-1.0-ppr,3.506,-0.002,0.002857,0.008,0.30015,-1.0,0.04,3.5202,-1.9798,0,0,0.0,0.0,1.0,0.5,0.30015
2026-10-03T13:34:46.640Z,LAT-00540-a2f5c4,BASE_FINE,3.8,UNCERTAIN_CONTEXT,1.0,STALE_SAMPLE,0.433,A-1.0-ppr,6.998,0.0,-0.008571,0.007483,4.000155,-1.0,0.019,7.009368,1.509368,0,0,0.0,0.0,1.0,0.5,4.000155
2026-10-03T13:34:46.641Z,LAT-00541-d72f28,ACID_FINE,3.5,ACCEPTABLE_CONTEXT,0.00428,OK,0.9767,A-1.0-ppr,6.996,-0.002,-0.002857,0.008,0.30015,1.0,0.0175,6.986354,1.486354,0,0,0.0,0.0,1.0,0.5,0.30015
2026-10-03T13:34:46.642Z,LAT-00542-163e53,BASE_FINE,3.6,ACCEPTABLE_CONTEXT,0.008166,OK,1.0484,A-1.0-ppr,3.51,-0.003,0.004286,0.006325,0.300152,-1.0,0.018,3.516394,-1.983606,0,0,0.0,0.0,1.0,0.5,0.300152
2026-10-03T13:34:46.643Z,LAT-00543-5d5d49,ACID_BULK,11.9,HARMFUL_CONTEXT,1.0,"PREDICTED_UNSAFE:a,b,d",0.491,A-1.0-ppr,6.202,0.003,-0.007143,0.007483,0.300155,1.0,5.95,3.112781,-2.387219,0,0,0.0,0.0,1.0,0.5,0.300155
2026-10-03T13:34:46.644Z,LAT-00544-702f52,ACID_BULK,16.8,HARMFUL_CONTEXT,1.0,"PREDICTED_UNSAFE:a,b,d",0.4655,A-1.0-ppr,6.196,0.005,0.001429,0.012,0.300149,1.0,8.4,2.899262,-2.600738,0,0,0.0,0.0,1.0,0.5,0.300149
2026-10-03T13:34:46.645Z,LAT-00545-152c3d,BASE_FINE,6.9,ACCEPTABLE_CONTEXT,0.008166,OK,1.0504,A-1.0-ppr,3.506,-0.005,-0.004286,0.010198,0.300146,-1.0,0.0345,3.518223,-1.981777,0,0,0.0,0.0,1.0,0.5,0.300146
2026-10-03T13:34:46.647Z,LAT-00546-f4e3de,BASE_FINE,6.5,ACCEPTABLE_CONTEXT,0.004506,OK,1.0235,A-1.0-ppr,7.004,0.003,0.001429,0.004899,0.30015,-1.0,0.0325,7.023975,1.523975,0,0,0.0,0.0,1.0,0.5,0.30015
2026-10-03T13:34:46.648Z,LAT-00547-b69dd5,BASE_FINE,7.1,ACCEPTABLE_CONTEXT,0.008166,OK,1.0219,A-1.0-ppr,3.5,0.002,-0.005714,0.006325,0.300157,-1.0,0.0355,3.512417,-1.987583,0,0,0.0,0.0,1.0,0.5,0.300157
2026-10-03T13:34:46.649Z,LAT-00548-aa2942,BASE_FINE,3.2,ACCEPTABLE_CONTEXT,0.00428,OK,0.9544,A-1.0-ppr,7.0,0.0,-0.005714,0.008944,0.300152,-1.0,0.016,7.009598,1.509598,0,0,0.0,0.0,1.0,0.5,0.300152
2026-10-03T13:34:46.650Z,LAT-00549-706858,BASE_FINE,2.2,UNCERTAIN_CONTEXT,1.0,STALE_SAMPLE,0.5031,A-1.0-ppr,7.004,-0.009,0.001429,0.013565,4.000153,-1.0,0.011,7.010677,1.510677,0,0,0.0,0.0,1.0,0.5,4.000153
2026-10-03T13:34:46.651Z,LAT-00550-cf17be,ACID_BULK,13.5,HARMFUL_CONTEXT,1.0,"PREDICTED_UNSAFE:a,b,d",0.4721,A-1.0-ppr,6.204,-0.002,0.0,0.004899,0.300155,1.0,6.75,3.031946,-2.468054,0,0,0.0,0.0,1.0,0.5,0.300155
2026-10-03T13:34:46.652Z,LAT-00551-f68dce,BASE_FINE,7.8,ACCEPTABLE_CONTEXT,0.00428,OK,0.9844,A-1.0-ppr,6.996,-0.005,0.001429,0.013565,0.300148,-1.0,0.039,7.019654,1.519654,0,0,0.0,0.0,1.0,0.5,0.300148
2026-10-03T13:34:46.653Z,LAT-00552-5b1d97,ACID_BULK,16.9,HARMFUL_CONTEXT,1.0,"PREDICTED_UNSAFE:a,b,d",0.4829,A-1.0-ppr,6.194,-0.001,-0.001429,0.010198,0.300152,1.0,8.45,2.895472,-2.604528,0,0,0.0,0.0,1.0,0.5,0.300152
2026-10-03T13:34:46.654Z,LAT-00553-853657,ACID_BULK,11.5,HARMFUL_CONTEXT,1.0,"PREDICTED_UNSAFE:a,b,d",0.4597,A-1.0-ppr,6.194,-0.004,-0.002857,0.008,0.30015,1.0,5.75,3.13308,-2.36692,0,0,0.0,0.0,1.0,0.5,0.30015
2026-10-03T13:34:46.655Z,LAT-00554-5a4c9f,ACID_FINE,2.8,ACCEPTABLE_CONTEXT,0.003941,OK,0.9952,A-1.0-ppr,7.0,-0.001,0.015714,0.014142,0.30015,1.0,0.014,6.992278,1.492278,0,0,0.0,0.0,1.0,0.5,0.30015
2026-10-03T13:34:46.657Z,LAT-00555-447a96,BASE_FINE,6.6,ACCEPTABLE_CONTEXT,0.00428,OK,0.9621,A-1.0-ppr,6.998,-0.003,0.001429,0.009798,0.300154,-1.0,0.033,7.018031,1.518031,0,0,0.0,0.0,1.0,0.5,0.300154
2026-10-03T13:34:46.657Z,LAT-00556-afec3f,BASE_FINE,2.4,UNCERTAIN_CONTEXT,1.0,STALE_SAMPLE,0.4406,A-1.0-ppr,6.996,-0.003,-0.001429,0.004899,4.000154,-1.0,0.012,7.003123,1.503123,0,0,0.0,0.0,1.0,0.5,4.000154
2026-10-03T13:34:46.659Z,LAT-00557-552010,ACID_FINE,7.7,ACCEPTABLE_CONTEXT,0.004506,OK,1.0179,A-1.0-ppr,7.002,0.0,-0.002857,0.004,0.300152,1.0,0.0385,6.980789,1.480789,0,0,0.0,0.0,1.0,0.5,0.300152
2026-10-03T13:34:46.660Z,LAT-00558-ad09e9,BASE_FINE,4.3,ACCEPTABLE_CONTEXT,0.008597,OK,1.042,A-1.0-ppr,3.504,0.002,0.0,0.004899,0.300158,-1.0,0.0215,3.511548,-1.988452,0,0,0.0,0.0,1.0,0.5,0.300158
2026-10-03T13:34:46.661Z,LAT-00559-9bf03d,BASE_FINE,3.8,UNCERTAIN_CONTEXT,1.0,STALE_SAMPLE,0.4708,A-1.0-ppr,7.004,-0.003,-0.012857,0.013565,4.000154,-1.0,0.019,7.01563,1.51563,0,0,0.0,0.0,1.0,0.5,4.000154
2026-10-03T13:34:46.662Z,LAT-00560-f66ad5,BASE_FINE,4.3,UNCERTAIN_CONTEXT,1.0,STALE_SAMPLE,0.449,A-1.0-ppr,7.004,-0.002,0.005714,0.008,4.000152,-1.0,0.0215,7.017176,1.517176,0,0,0.0,0.0,1.0,0.5,4.000152
2026-10-03T13:34:46.663Z,LAT-00561-57b37b,BASE_FINE,6.6,ACCEPTABLE_CONTEXT,0.00428,OK,0.9947,A-1.0-ppr,7.0,0.002,0.0,0.006325,0.300163,-1.0,0.033,7.020116,1.520116,0,0,0.0,0.0,1.0,0.5,0.300163
2026-10-03T13:34:46.664Z,LAT-00562-989d25,ACID_BULK,11.4,HARMFUL_CONTEXT,1.0,"PREDICTED_UNSAFE:a,b,d",0.4881,A-1.0-ppr,6.202,0.003,0.004286,0.007483,0.300158,1.0,5.7,3.141686,-2.358314,0,0,0.0,0.0,1.0,0.5,0.300158
2026-10-03T13:34:46.665Z,LAT-00563-6abdda,BASE_FINE,7.5,ACCEPTABLE_CONTEXT,0.008166,OK,1.0308,A-1.0-ppr,3.502,0.003,-0.012857,0.014697,0.30015,-1.0,0.0375,3.515184,-1.984816,0,0,0.0,0.0,1.0,0.5,0.30015
2026-10-03T13:34:46.666Z,LAT-00564-b5b636,ACID_BULK,14.5,HARMFUL_CONTEXT,1.0,"PREDICTED_UNSAFE:a,b,d",0.4916,A-1.0-ppr,6.2,0.006,0.005714,0.014142,0.300154,1.0,7.25,2.986913,-2.513087,0,0,0.0,0.0,1.0,0.5,0.300154
2026-10-03T13:34:46.667Z,LAT-00565-f2e692,ACID_BULK,15.4,HARMFUL_CONTEXT,1.0,"PREDICTED_UNSAFE:a,b,d",0.4627,A-1.0-ppr,6.2,-0.002,0.002857,0.008944,0.300152,1.0,7.7,2.950813,-2.549187,0,0,0.0,0.0,1.0,0.5,0.300152
2026-10-03T13:34:46.668Z,LAT-00566-a31ee9,ACID_BULK,17.0,HARMFUL_CONTEXT,1.0,"PREDICTED_UNSAFE:a,b,d",0.455,A-1.0-ppr,6.196,0.007,0.004286,0.012,0.300159,1.0,8.5,2.892483,-2.607517,0,0,0.0,0.0,1.0,0.5,0.300159
2026-10-03T13:34:46.669Z,LAT-00567-8cdc5d,ACID_FINE,5.6,ACCEPTABLE_CONTEXT,0.00428,OK,0.9972,A-1.0-ppr,6.992,0.008,0.002857,0.011662,0.300148,1.0,0.028,6.976653,1.476653,0,0,0.0,0.0,1.0,0.5,0.300148
2026-10-03T13:34:46.670Z,LAT-00568-591cc4,BASE_FINE,1.9,ACCEPTABLE_CONTEXT,0.004506,OK,1.0028,A-1.0-ppr,6.996,-0.001,0.004286,0.004899,0.300162,-1.0,0.0095,7.001639,1.501639,0,0,0.0,0.0,1.0,0.5,0.300162
2026-10-03T13:34:46.672Z,LAT-00569-1e95d4,BASE_FINE,6.1,ACCEPTABLE_CONTEXT,0.00428,OK,1.0121,A-1.0-ppr,7.004,-0.005,-0.004286,0.008,0.300155,-1.0,0.0305,7.02274,1.52274,0,0,0.0,0.0,1.0,0.5,0.300155
2026-10-03T13:34:46.673Z,LAT-00570-aa28d6,ACID_BULK,10.5,HARMFUL_CONTEXT,1.0,"PREDICTED_UNSAFE:a,b,d",0.4863,A-1.0-ppr,6.198,0.002,0.0,0.009798,0.300153,1.0,5.25,3.1976,-2.3024,0,0,0.0,0.0,1.0,0.5,0.300153
2026-10-03T13:34:46.673Z,LAT-00571-8a598b,BASE_FINE,4.5,UNCERTAIN_CONTEXT,1.0,STALE_SAMPLE,0.4513,A-1.0-ppr,7.006,0.002,0.008571,0.008,4.000151,-1.0,0.0225,7.019881,1.519881,0,0,0.0,0.0,1.0,0.5,4.000151
2026-10-03T13:34:46.675Z,LAT-00572-6c0c20,ACID_FINE,1.2,ACCEPTABLE_CONTEXT,0.00428,OK,0.9787,A-1.0-ppr,6.998,-0.001,-0.007143,0.007483,0.300148,1.0,0.006,6.99469,1.49469,0,0,0.0,0.0,1.0,0.5,0.300148
2026-10-03T13:34:46.676Z,LAT-00573-c06ade,ACID_FINE,5.0,ACCEPTABLE_CONTEXT,0.00428,OK,0.9747,A-1.0-ppr,6.996,-0.003,0.001429,0.012,0.300156,1.0,0.025,6.982226,1.482226,0,0,0.0,0.0,1.0,0.5,0.300156
2026-10-03T13:34:46.677Z,LAT-00574-006117,BASE_FINE,6.0,ACCEPTABLE_CONTEXT,0.008166,OK,1.0315,A-1.0-ppr,3.498,0.004,0.002857,0.007483,0.300156,-1.0,0.03,3.508427,-1.991573,0,0,0.0,0.0,1.0,0.5,0.300156
2026-10-03T13:34:46.679Z,LAT-00575-8973d0,BASE_FINE,6.8,ACCEPTABLE_CONTEXT,0.008597,OK,1.0417,A-1.0-ppr,3.504,-0.001,0.001429,0.004899,0.300153,-1.0,0.034,3.515991,-1.984009,0,0,0.0,0.0,1.0,0.5,0.300153
2026-10-03T13:34:46.680Z,LAT-00576-1ae6d0,BASE_FINE,2.5,ACCEPTABLE_CONTEXT,0.008166,OK,1.0232,A-1.0-ppr,3.506,0.002,-0.005714,0.008,0.300157,-1.0,0.0125,3.510393,-1.989607,0,0,0.0,0.0,1.0,0.5,0.300157
2026-10-03T13:34:46.681Z,LAT-00577-3ea7d8,BASE_FINE,4.4,UNCERTAIN_CONTEXT,1.0,STALE_SAMPLE,0.4566,A-1.0-ppr,7.0,0.003,-0.001429,0.008944,4.000155,-1.0,0.022,7.013313,1.513313,0,0,0.0,0.0,1.0,0.5,4.000155
2026-10-03T13:34:46.682Z,LAT-00578-1a223c,ACID_BULK,14.6,HARMFUL_CONTEXT,1.0,"PREDICTED_UNSAFE:a,b,d",0.4716,A-1.0-ppr,6.204,0.002,0.011429,0.010198,0.300153,1.0,7.3,2.983684,-2.516316,0,0,0.0,0.0,1.0,0.5,0.300153
2026-10-03T13:34:46.683Z,LAT-00579-0868a0,BASE_FINE,9.9,ACCEPTABLE_CONTEXT,0.008166,OK,1.0537,A-1.0-ppr,3.5,-0.001,0.001429,0.006325,0.300164,-1.0,0.0495,3.517403,-1.982597,0,0,0.0,0.0,1.0,0.5,0.300164
2026-10-03T13:34:46.684Z,LAT-00580-09f315,BASE_FINE,9.5,ACCEPTABLE_CONTEXT,0.00428,OK,0.9564,A-1.0-ppr,6.998,-0.004,0.008571,0.011662,0.300155,-1.0,0.0475,7.026985,1.526985,0,0,0.0,0.0,1.0,0.5,0.300155
2026-10-03T13:34:46.685Z,LAT-00581-6fca0f,ACID_BULK,15.9,HARMFUL_CONTEXT,1.0,"PREDICTED_UNSAFE:a,b,d",0.4992,A-1.0-ppr,6.202,0.003,0.007143,0.009798,0.300161,1.0,7.95,2.932404,-2.567596,0,0,0.0,0.0,1.0,0.5,0.300161
2026-10-03T13:34:46.686Z,LAT-00582-f2c1e5,ACID_BULK,13.1,HARMFUL_CONTEXT,1.0,"PREDICTED_UNSAFE:a,b,d",0.4809,A-1.0-ppr,6.204,-0.003,0.001429,0.004899,0.300153,1.0,6.55,3.050921,-2.449079,0,0,0.0,0.0,1.0,0.5,0.300153
2026-10-03T13:34:46.688Z,LAT-00583-cb7a21,ACID_FINE,4.7,ACCEPTABLE_CONTEXT,0.00428,OK,1.0446,A-1.0-ppr,7.008,-0.003,-0.001429,0.007483,0.300151,1.0,0.0235,6.994999,1.494999,0,0,0.0,0.0,1.0,0.5,0.300151
2026-10-03T13:34:46.688Z,LAT-00584-0c14b1,ACID_BULK,12.6,HARMFUL_CONTEXT,1.0,"PREDICTED_UNSAFE:a,b,d",0.4831,A-1.0-ppr,6.2,0.004,-0.005714,0.008944,0.30015,1.0,6.3,3.074719,-2.425281,0,0,0.0,0.0,1.0,0.5,0.30015
2026-10-03T13:34:46.689Z,LAT-00585-9c9e08,BASE_FINE,1.3,UNCERTAIN_CONTEXT,1.0,STALE_SAMPLE,0.4464,A-1.0-ppr,7.002,-0.004,0.0,0.009798,4.000148,-1.0,0.0065,7.005857,1.505857,0,0,0.0,0.0,1.0,0.5,4.000148
2026-10-03T13:34:46.690Z,LAT-00586-0cd43c,BASE_FINE,3.9,UNCERTAIN_CONTEXT,1.0,STALE_SAMPLE,0.4421,A-1.0-ppr,7.006,-0.005,0.004286,0.008,4.000148,-1.0,0.0195,7.018025,1.518025,0,0,0.0,0.0,1.0,0.5,4.000148
2026-10-03T13:34:46.691Z,LAT-00587-61731e,ACID_FINE,4.4,ACCEPTABLE_CONTEXT,0.00428,OK,1.0106,A-1.0-ppr,6.992,0.0,0.008571,0.007483,0.300148,1.0,0.022,6.979883,1.479883,0,0,0.0,0.0,1.0,0.5,0.300148
2026-10-03T13:34:46.693Z,LAT-00588-eb9e52,BASE_FINE,8.4,ACCEPTABLE_CONTEXT,0.00428,OK,0.9839,A-1.0-ppr,6.994,0.003,0.01,0.010198,0.300155,-1.0,0.042,7.019424,1.519424,0,0,0.0,0.0,1.0,0.5,0.300155
2026-10-03T13:34:46.694Z,LAT-00589-086ec9,ACID_FINE,7.4,ACCEPTABLE_CONTEXT,0.004506,OK,0.9917,A-1.0-ppr,7.002,0.002,0.002857,0.004,0.300154,1.0,0.037,6.981613,1.481613,0,0,0.0,0.0,1.0,0.5,0.300154
2026-10-03T13:34:46.695Z,LAT-00590-3e58a8,ACID_BULK,15.6,HARMFUL_CONTEXT,1.0,"PREDICTED_UNSAFE:a,b,d",0.4933,A-1.0-ppr,6.196,0.004,-0.0,0.012,0.300156,1.0,7.8,2.942327,-2.557673,0,0,0.0,0.0,1.0,0.5,0.300156
2026-10-03T13:34:46.696Z,LAT-00591-cbcba8,ACID_BULK,13.4,HARMFUL_CONTEXT,1.0,"PREDICTED_UNSAFE:a,b,d",0.4682,A-1.0-ppr,6.202,-0.009,-0.001429,0.013266,0.300152,1.0,6.7,3.036086,-2.463914,0,0,0.0,0.0,1.0,0.5,0.300152
2026-10-03T13:34:46.696Z,LAT-00592-26cb32,BASE_FINE,2.7,UNCERTAIN_CONTEXT,1.0,STALE_SAMPLE,0.4019,A-1.0-ppr,6.998,0.0,-0.008571,0.007483,4.000147,-1.0,0.0135,7.006011,1.506011,0,0,0.0,0.0,1.0,0.5,4.000147
2026-10-03T13:34:46.697Z,LAT-00593-3d83ff,ACID_BULK,11.2,HARMFUL_CONTEXT,1.0,"PREDICTED_UNSAFE:a,b,d",0.4502,A-1.0-ppr,6.194,0.005,0.015714,0.014967,0.30015,1.0,5.6,3.151029,-2.348971,0,0,0.0,0.0,1.0,0.5,0.30015
2026-10-03T13:34:46.699Z,LAT-00594-e0abef,ACID_FINE,2.9,ACCEPTABLE_CONTEXT,0.00428,OK,1.0599,A-1.0-ppr,7.004,0.004,-0.002857,0.008,0.300147,1.0,0.0145,6.996,1.496,0,0,0.0,0.0,1.0,0.5,0.300147
2026-10-03T13:34:46.699Z,LAT-00595-851164,ACID_BULK,12.9,HARMFUL_CONTEXT,1.0,"PREDICTED_UNSAFE:a,b,d",0.4888,A-1.0-ppr,6.198,-0.003,0.001429,0.007483,0.300159,1.0,6.45,3.059055,-2.440945,0,0,0.0,0.0,1.0,0.5,0.300159
2026-10-03T13:34:46.701Z,LAT-00596-05342d,BASE_FINE,6.2,ACCEPTABLE_CONTEXT,0.008166,OK,1.0626,A-1.0-ppr,3.498,0.0,0.008571,0.011662,0.300149,-1.0,0.031,3.508779,-1.991221,0,0,0.0,0.0,1.0,0.5,0.300149
2026-10-03T13:34:46.702Z,LAT-00597-63dbfb,BASE_FINE,2.7,UNCERTAIN_CONTEXT,1.0,STALE_SAMPLE,0.4638,A-1.0-ppr,7.006,0.003,0.001429,0.010198,4.000155,-1.0,0.0135,7.014313,1.514313,0,0,0.0,0.0,1.0,0.5,4.000155
2026-10-03T13:34:46.702Z,LAT-00598-cd91da,ACID_BULK,12.8,HARMFUL_CONTEXT,1.0,"PREDICTED_UNSAFE:a,b,d",0.4768,A-1.0-ppr,6.204,0.001,-0.004286,0.004899,0.30015,1.0,6.4,3.065719,-2.434281,0,0,0.0,0.0,1.0,0.5,0.30015
2026-10-03T13:34:46.703Z,LAT-00599-9161c7,ACID_BULK,15.1,HARMFUL_CONTEXT,1.0,"PREDICTED_UNSAFE:a,b,d",0.4557,A-1.0-ppr,6.196,-0.002,0.002857,0.010198,0.300151,1.0,7.55,2.961618,-2.538382,0,0,0.0,0.0,1.0,0.5,0.300151
2026-10-03T13:34:46.704Z,LAT-00600-29feaf,BASE_FINE,1.7,UNCERTAIN_CONTEXT,1.0,STALE_SAMPLE,0.3944,A-1.0-ppr,6.998,-0.003,0.001429,0.007483,4.000148,-1.0,0.0085,7.003045,1.503045,0,0,0.0,0.0,1.0,0.5,4.000148
2026-10-03T13:34:46.705Z,LAT-00601-a010ae,BASE_FINE,1.9,UNCERTAIN_CONTEXT,1.0,STALE_SAMPLE,0.4349,A-1.0-ppr,7.004,-0.003,0.001429,0.004899,4.000146,-1.0,0.0095,7.009748,1.509748,0,0,0.0,0.0,1.0,0.5,4.000146
2026-10-03T13:34:46.706Z,LAT-00602-ef79eb,BASE_FINE,6.5,ACCEPTABLE_CONTEXT,0.008166,OK,1.0781,A-1.0-ppr,3.494,0.001,0.007143,0.008,0.300146,-1.0,0.0325,3.505207,-1.994793,0,0,0.0,0.0,1.0,0.5,0.300146
2026-10-03T13:34:46.707Z,LAT-00603-733c1d,BASE_FINE,8.2,ACCEPTABLE_CONTEXT,0.008166,OK,1.0546,A-1.0-ppr,3.502,0.002,0.0,0.011662,0.300158,-1.0,0.041,3.516433,-1.983567,0,0,0.0,0.0,1.0,0.5,0.300158
2026-10-03T13:34:46.709Z,LAT-00604-c5ca1a,BASE_FINE,2.4,ACCEPTABLE_CONTEXT,0.008166,OK,1.0301,A-1.0-ppr,3.502,0.003,0.007143,0.011662,0.300155,-1.0,0.012,3.506181,-1.993819,0,0,0.0,0.0,1.0,0.5,0.300155
2026-10-03T13:34:46.710Z,LAT-00605-618ed2,ACID_BULK,18.9,HARMFUL_CONTEXT,1.0,"PREDICTED_UNSAFE:a,b,d",0.4878,A-1.0-ppr,6.198,-0.001,0.007143,0.007483,0.300154,1.0,9.45,2.833229,-2.666771,0,0,0.0,0.0,1.0,0.5,0.300154
2026-10-03T13:34:46.710Z,LAT-00606-ae9d61,BASE_FINE,2.5,UNCERTAIN_CONTEXT,1.0,STALE_SAMPLE,0.4324,A-1.0-ppr,7.0,0.004,0.008571,0.010954,4.000171,-1.0,0.0125,7.00743,1.50743,0,0,0.0,0.0,1.0,0.5,4.000171
2026-10-03T13:34:46.712Z,LAT-00607-fe4b1f,BASE_FINE,3.6,ACCEPTABLE_CONTEXT,0.008166,OK,1.0609,A-1.0-ppr,3.492,0.002,0.0,0.011662,0.300153,-1.0,0.018,3.498148,-2.001852,0,0,0.0,0.0,1.0,0.5,0.300153
2026-10-03T13:34:46.713Z,LAT-00608-95683e,ACID_FINE,4.6,ACCEPTABLE_CONTEXT,0.00428,OK,1.0183,A-1.0-ppr,7.004,-0.005,-0.004286,0.008,0.300154,1.0,0.023,6.991315,1.491315,0,0,0.0,0.0,1.0,0.5,0.300154
2026-10-03T13:34:46.715Z,LAT-00609-06e4f0,ACID_FINE,5.3,ACCEPTABLE_CONTEXT,0.00428,OK,0.979,A-1.0-ppr,6.996,-0.009,0.004286,0.013565,0.300154,1.0,0.0265,6.981401,1.481401,0,0,0.0,0.0,1.0,0.5,0.300154
2026-10-03T13:34:46.715Z,LAT-00610-6556f6,ACID_BULK,15.1,HARMFUL_CONTEXT,1.0,"PREDICTED_UNSAFE:a,b,d",0.492,A-1.0-ppr,6.204,0.005,-0.004286,0.008,0.300158,1.0,7.55,2.963406,-2.536594,0,0,0.0,0.0,1.0,0.5,0.300158
2026-10-03T13:34:46.716Z,LAT-00611-bb038d,ACID_BULK,16.0,HARMFUL_CONTEXT,1.0,"PREDICTED_UNSAFE:a,b,d",0.4677,A-1.0-ppr,6.194,-0.001,0.004286,0.008,0.300149,1.0,8.0,2.927074,-2.572926,0,0,0.0,0.0,1.0,0.5,0.300149
2026-10-03T13:34:46.717Z,LAT-00612-5518d5,ACID_BULK,12.9,HARMFUL_CONTEXT,1.0,"PREDICTED_UNSAFE:a,b,d",0.4552,A-1.0-ppr,6.198,0.0,0.002857,0.004,0.300148,1.0,6.45,3.059055,-2.440945,0,0,0.0,0.0,1.0,0.5,0.300148
2026-10-03T13:34:46.718Z,LAT-00613-fdd0db,ACID_FINE,5.4,ACCEPTABLE_CONTEXT,0.00428,OK,0.9929,A-1.0-ppr,6.998,0.003,-0.004286,0.007483,0.300148,1.0,0.027,6.983122,1.483122,0,0,0.0,0.0,1.0,0.5,0.300148
2026-10-03T13:34:46.720Z,LAT-00614-d6d962,ACID_FINE,9.5,ACCEPTABLE_CONTEXT,0.00428,OK,1.0098,A-1.0-ppr,7.008,-0.002,-0.011429,0.011662,0.300152,1.0,0.0475,6.981789,1.481789,0,0,0.0,0.0,1.0,0.5,0.300152
2026-10-03T13:34:46.721Z,LAT-00615-d04ad6,BASE_FINE,1.3,ACCEPTABLE_CONTEXT,0.00428,OK,0.9575,A-1.0-ppr,6.996,-0.004,0.005714,0.023324,0.300153,-1.0,0.0065,6.999859,1.499859,0,0,0.0,0.0,1.0,0.5,0.300153
2026-10-03T13:34:46.722Z,LAT-00616-90fd70,ACID_FINE,8.8,ACCEPTABLE_CONTEXT,0.00428,OK,0.9681,A-1.0-ppr,6.996,0.001,-0.004286,0.008,0.300151,1.0,0.044,6.972028,1.472028,0,0,0.0,0.0,1.0,0.5,0.300151
2026-10-03T13:34:46.724Z,LAT-00617-330e75,ACID_FINE,8.7,ACCEPTABLE_CONTEXT,0.00428,OK,0.9878,A-1.0-ppr,7.004,0.005,-0.012857,0.013565,0.300157,1.0,0.0435,6.980035,1.480035,0,0,0.0,0.0,1.0,0.5,0.300157
2026-10-03T13:34:46.724Z,LAT-00618-e5db12,ACID_BULK,12.7,HARMFUL_CONTEXT,1.0,"PREDICTED_UNSAFE:a,b,d",0.4939,A-1.0-ppr,6.202,0.004,-0.005714,0.009798,0.300152,1.0,6.35,3.070197,-2.429803,0,0,0.0,0.0,1.0,0.5,0.300152
2026-10-03T13:34:46.726Z,LAT-00619-bbb192,ACID_FINE,6.8,ACCEPTABLE_CONTEXT,0.00428,OK,0.9503,A-1.0-ppr,7.0,-0.004,-0.005714,0.008944,0.300148,1.0,0.034,6.981267,1.481267,0,0,0.0,0.0,1.0,0.5,0.300148
2026-10-03T13:34:46.727Z,LAT-00620-b305ac,BASE_FINE,4.5,UNCERTAIN_CONTEXT,1.0,STALE_SAMPLE,0.4482,A-1.0-ppr,6.996,0.002,0.0,0.004899,4.000162,-1.0,0.0225,7.009448,1.509448,0,0,0.0,0.0,1.0,0.5,4.000162
2026-10-03T13:34:46.728Z,LAT-00621-f62fd8,BASE_FINE,1.1,ACCEPTABLE_CONTEXT,0.00428,OK,0.9683,A-1.0-ppr,6.994,0.0,0.002857,0.010198,0.300149,-1.0,0.0055,6.997266,1.497266,0,0,0.0,0.0,1.0,0.5,0.300149
2026-10-03T13:34:46.729Z,LAT-00622-bdcc10,ACID_FINE,2.1,ACCEPTABLE_CONTEXT,0.00428,OK,0.9613,A-1.0-ppr,7.0,-0.002,-0.002857,0.008944,0.300153,1.0,0.0105,6.994208,1.494208,0,0,0.0,0.0,1.0,0.5,0.300153
2026-10-03T13:34:46.731Z,LAT-00623-3eba1e,BASE_FINE,9.6,ACCEPTABLE_CONTEXT,0.008166,OK,1.0467,A-1.0-ppr,3.492,0.0,0.0,0.007483,0.300161,-1.0,0.048,3.508571,-1.991429,0,0,0.0,0.0,1.0,0.5,0.300161
2026-10-03T13:34:46.732Z,LAT-00624-fd5af0,ACID_FINE,2.3,ACCEPTABLE_CONTEXT,0.00428,OK,0.9364,A-1.0-ppr,6.998,0.004,-0.002857,0.007483,0.30016,1.0,0.0115,6.991658,1.491658,0,0,0.0,0.0,1.0,0.5,0.30016
2026-10-03T13:34:46.733Z,LAT-00625-8e5554,ACID_BULK,14.6,HARMFUL_CONTEXT,1.0,"PREDICTED_UNSAFE:a,b,d",0.4921,A-1.0-ppr,6.206,0.005,0.004286,0.008,0.300153,1.0,7.3,2.984148,-2.515852,0,0,0.0,0.0,1.0,0.5,0.300153
2026-10-03T13:34:46.734Z,LAT-00626-4e97ec,ACID_FINE,6.1,ACCEPTABLE_CONTEXT,0.00428,OK,0.9515,A-1.0-ppr,6.996,-0.003,0.007143,0.010198,0.30015,1.0,0.0305,6.979201,1.479201,0,0,0.0,0.0,1.0,0.5,0.30015
2026-10-03T13:34:46.735Z,LAT-00627-d604af,ACID_BULK,15.7,HARMFUL_CONTEXT,1.0,"PREDICTED_UNSAFE:a,b,d",0.4961,A-1.0-ppr,6.202,-0.003,-0.004286,0.011662,0.300154,1.0,7.85,2.939843,-2.560157,0,0,0.0,0.0,1.0,0.5,0.300154
2026-10-03T13:34:46.736Z,LAT-00628-7798c5,ACID_BULK,10.4,HARMFUL_CONTEXT,1.0,"PREDICTED_UNSAFE:a,b,d",0.4761,A-1.0-ppr,6.2,-0.006,0.0,0.008944,0.300149,1.0,5.2,3.205239,-2.294761,0,0,0.0,0.0,1.0,0.5,0.300149
2026-10-03T13:34:46.736Z,LAT-00629-59a87a,BASE_FINE,2.1,UNCERTAIN_CONTEXT,1.0,STALE_SAMPLE,0.4218,A-1.0-ppr,6.994,0.001,-0.007143,0.010198,4.000149,-1.0,0.0105,7.000233,1.500233,0,0,0.0,0.0,1.0,0.5,4.000149
2026-10-03T13:34:46.737Z,LAT-00630-ea1d03,BASE_FINE,1.6,UNCERTAIN_CONTEXT,1.0,STALE_SAMPLE,0.4419,A-1.0-ppr,7.004,-0.004,-0.008571,0.013565,4.000147,-1.0,0.008,7.008818,1.508818,0,0,0.0,0.0,1.0,0.5,4.000147
2026-10-03T13:34:46.739Z,LAT-00631-8699c6,BASE_FINE,3.6,ACCEPTABLE_CONTEXT,0.004506,OK,1.0486,A-1.0-ppr,7.002,-0.002,0.002857,0.004,0.300147,-1.0,0.018,7.012924,1.512924,0,0,0.0,0.0,1.0,0.5,0.300147
2026-10-03T13:34:46.740Z,LAT-00632-1b4964,ACID_FINE,8.7,ACCEPTABLE_CONTEXT,0.004506,OK,0.9749,A-1.0-ppr,6.998,0.0,0.002857,0.004,0.300155,1.0,0.0435,6.974214,1.474214,0,0,0.0,0.0,1.0,0.5,0.300155
2026-10-03T13:34:46.741Z,LAT-00633-e9e20f,BASE_FINE,0.7,ACCEPTABLE_CONTEXT,0.00428,OK,0.9498,A-1.0-ppr,6.998,-0.004,-0.002857,0.007483,0.300151,-1.0,0.0035,7.000078,1.500078,0,0,0.0,0.0,1.0,0.5,0.300151
2026-10-03T13:34:46.742Z,LAT-00634-7e7684,BASE_FINE,1.2,UNCERTAIN_CONTEXT,1.0,STALE_SAMPLE,0.4846,A-1.0-ppr,7.004,-0.002,-0.005714,0.010198,4.000152,-1.0,0.006,7.007579,1.507579,0,0,0.0,0.0,1.0,0.5,4.000152
2026-10-03T13:34:46.743Z,LAT-00635-923c4f,ACID_BULK,11.4,HARMFUL_CONTEXT,1.0,"PREDICTED_UNSAFE:a,b,d",0.4765,A-1.0-ppr,6.204,-0.002,-0.008571,0.008,0.300152,1.0,5.7,3.142358,-2.357642,0,0,0.0,0.0,1.0,0.5,0.300152
2026-10-03T13:34:46.744Z,LAT-00636-e36da0,BASE_FINE,2.0,ACCEPTABLE_CONTEXT,0.004506,OK,0.9894,A-1.0-ppr,6.994,0.002,0.0,0.004899,0.300147,-1.0,0.01,6.999937,1.499937,0,0,0.0,0.0,1.0,0.5,0.300147
2026-10-03T13:34:46.745Z,LAT-00637-9b1653,ACID_BULK,18.9,HARMFUL_CONTEXT,1.0,"PREDICTED_UNSAFE:a,b,d",0.4929,A-1.0-ppr,6.204,0.0,0.005714,0.004899,0.300152,1.0,9.45,2.834224,-2.665776,0,0,0.0,0.0,1.0,0.5,0.300152
2026-10-03T13:34:46.746Z,LAT-00638-02af19,ACID_FINE,2.0,ACCEPTABLE_CONTEXT,0.00428,OK,1.0155,A-1.0-ppr,7.01,0.004,0.005714,0.008944,0.300149,1.0,0.01,7.004357,1.504357,0,0,0.0,0.0,1.0,0.5,0.300149
2026-10-03T13:34:46.748Z,LAT-00639-42b413,BASE_FINE,6.7,ACCEPTABLE_CONTEXT,0.008166,OK,1.0337,A-1.0-ppr,3.5,-0.001,0.001429,0.006325,0.300156,-1.0,0.0335,3.511709,-1.988291,0,0,0.0,0.0,1.0,0.5,0.300156
2026-10-03T13:34:46.749Z,LAT-00640-fff896,BASE_FINE,3.1,UNCERTAIN_CONTEXT,1.0,STALE_SAMPLE,0.4803,A-1.0-ppr,7.002,-0.003,-0.004286,0.011662,4.000155,-1.0,0.0155,7.011376,1.511376,0,0,0.0,0.0,1.0,0.5,4.000155
2026-10-03T13:34:46.750Z,LAT-00641-ee7d4a,BASE_FINE,6.5,ACCEPTABLE_CONTEXT,0.004506,OK,0.9469,A-1.0-ppr,6.998,0.0,0.002857,0.004,0.30015,-1.0,0.0325,7.017722,1.517722,0,0,0.0,0.0,1.0,0.5,0.30015
2026-10-03T13:34:46.751Z,LAT-00642-9c7e4c,BASE_FINE,1.5,UNCERTAIN_CONTEXT,1.0,STALE_SAMPLE,0.4313,A-1.0-ppr,6.998,0.0,0.011429,0.009798,4.000164,-1.0,0.0075,7.002452,1.502452,0,0,0.0,0.0,1.0,0.5,4.000164
2026-10-03T13:34:46.751Z,LAT-00643-a64809,BASE_FINE,3.7,UNCERTAIN_CONTEXT,1.0,STALE_SAMPLE,0.4505,A-1.0-ppr,7.004,0.01,-0.005714,0.016248,4.000148,-1.0,0.0185,7.01532,1.51532,0,0,0.0,0.0,1.0,0.5,4.000148
2026-10-03T13:34:46.753Z,LAT-00644-03e837,BASE_FINE,6.0,ACCEPTABLE_CONTEXT,0.00428,OK,0.9821,A-1.0-ppr,6.996,0.001,-0.004286,0.008,0.300146,-1.0,0.03,7.01409,1.51409,0,0,0.0,0.0,1.0,0.5,0.300146
2026-10-03T13:34:46.754Z,LAT-00645-061a0c,ACID_FINE,10.0,ACCEPTABLE_CONTEXT,0.00428,OK,0.9483,A-1.0-ppr,6.998,0.003,0.007143,0.007483,0.30015,1.0,0.05,6.970775,1.470775,0,0,0.0,0.0,1.0,0.5,0.30015
2026-10-03T13:34:46.755Z,LAT-00646-dec421,ACID_FINE,7.5,ACCEPTABLE_CONTEXT,0.00428,OK,1.0016,A-1.0-ppr,7.002,-0.004,-0.005714,0.009798,0.300166,1.0,0.0375,6.981338,1.481338,0,0,0.0,0.0,1.0,0.5,0.300166
2026-10-03T13:34:46.756Z,LAT-00647-2b1e70,BASE_FINE,3.6,UNCERTAIN_CONTEXT,1.0,STALE_SAMPLE,0.4434,A-1.0-ppr,6.994,0.004,0.011429,0.012,4.000152,-1.0,0.018,7.004683,1.504683,0,0,0.0,0.0,1.0,0.5,4.000152
2026-10-03T13:34:46.757Z,LAT-00648-879053,BASE_FINE,5.8,ACCEPTABLE_CONTEXT,0.00428,OK,0.9396,A-1.0-ppr,6.998,-0.002,-0.008571,0.009798,0.300149,-1.0,0.029,7.015557,1.515557,0,0,0.0,0.0,1.0,0.5,0.300149
2026-10-03T13:34:46.758Z,LAT-00649-941ba9,ACID_BULK,18.9,HARMFUL_CONTEXT,1.0,"PREDICTED_UNSAFE:a,b,d",0.4995,A-1.0-ppr,6.202,0.004,0.008571,0.009798,0.300152,1.0,9.45,2.833893,-2.666107,0,0,0.0,0.0,1.0,0.5,0.300152
2026-10-03T13:34:46.760Z,LAT-00650-4590f9,BASE_FINE,5.4,ACCEPTABLE_CONTEXT,0.00428,OK,1.1099,A-1.0-ppr,7.01,0.001,0.007143,0.012649,0.300526,-1.0,0.027,7.026703,1.526703,0,0,0.0,0.0,1.0,0.5,0.300526
2026-10-03T13:34:46.761Z,LAT-00651-cc8532,ACID_BULK,11.1,HARMFUL_CONTEXT,1.0,"PREDICTED_UNSAFE:a,b,d",0.4968,A-1.0-ppr,6.21,-0.002,0.005714,0.006325,0.300164,1.0,5.55,3.162794,-2.337206,0,0,0.0,0.0,1.0,0.5,0.300164
2026-10-03T13:34:46.762Z,LAT-00652-5ad538,BASE_FINE,3.9,UNCERTAIN_CONTEXT,1.0,STALE_SAMPLE,0.455,A-1.0-ppr,7.002,-0.003,0.001429,0.007483,4.000151,-1.0,0.0195,7.013852,1.513852,0,0,0.0,0.0,1.0,0.5,4.000151
2026-10-03T13:34:46.763Z,LAT-00653-77637f,ACID_FINE,2.4,ACCEPTABLE_CONTEXT,0.00428,OK,1.0147,A-1.0-ppr,6.998,0.0,-0.002857,0.007483,0.30016,1.0,0.012,6.991382,1.491382,0,0,0.0,0.0,1.0,0.5,0.30016
2026-10-03T13:34:46.764Z,LAT-00654-e41fef,BASE_FINE,10.0,ACCEPTABLE_CONTEXT,0.008166,OK,1.0535,A-1.0-ppr,3.502,0.001,0.007143,0.007483,0.300152,-1.0,0.05,3.51966,-1.98034,0,0,0.0,0.0,1.0,0.5,0.300152
2026-10-03T13:34:46.766Z,LAT-00655-6d56d3,ACID_FINE,4.4,ACCEPTABLE_CONTEXT,0.00428,OK,0.9511,A-1.0-ppr,6.998,0.002,0.002857,0.009798,0.300153,1.0,0.022,6.985874,1.485874,0,0,0.0,0.0,1.0,0.5,0.300153
2026-10-03T13:34:46.767Z,LAT-00656-e30037,ACID_BULK,10.1,HARMFUL_CONTEXT,1.0,"PREDICTED_UNSAFE:a,b,d",0.4911,A-1.0-ppr,6.198,-0.002,0.002857,0.007483,0.300166,1.0,5.05,3.225699,-2.274301,0,0,0.0,0.0,1.0,0.5,0.300166
2026-10-03T13:34:46.767Z,LAT-00657-5f12d4,ACID_BULK,16.0,HARMFUL_CONTEXT,1.0,"PREDICTED_UNSAFE:a,b,d",0.465,A-1.0-ppr,6.204,-0.002,-0.008571,0.014967,0.300151,1.0,8.0,2.929143,-2.570857,0,0,0.0,0.0,1.0,0.5,0.300151
2026-10-03T13:34:46.769Z,LAT-00658-4b529d,BASE_FINE,7.5,ACCEPTABLE_CONTEXT,0.008166,OK,1.0431,A-1.0-ppr,3.502,0.002,-0.005714,0.007483,0.300148,-1.0,0.0375,3.515184,-1.984816,0,0,0.0,0.0,1.0,0.5,0.300148
2026-10-03T13:34:46.770Z,LAT-00659-5b688b,ACID_BULK,18.4,HARMFUL_CONTEXT,1.0,"PREDICTED_UNSAFE:a,b,d",0.4836,A-1.0-ppr,6.196,0.0,0.0,0.008,0.300152,1.0,9.2,2.847798,-2.652202,0,0,0.0,0.0,1.0,0.5,0.300152
2026-10-03T13:34:46.771Z,LAT-00660-b865c4,BASE_FINE,2.0,ACCEPTABLE_CONTEXT,0.00428,OK,1.0211,A-1.0-ppr,7.006,-0.003,0.001429,0.010198,0.300148,-1.0,0.01,7.012146,1.512146,0,0,0.0,0.0,1.0,0.5,0.300148
2026-10-03T13:34:46.772Z,LAT-00661-9aaff4,BASE_FINE,8.8,ACCEPTABLE_CONTEXT,0.008166,OK,1.0266,A-1.0-ppr,3.5,0.007,0.007143,0.018974,0.300156,-1.0,0.044,3.515438,-1.984562,0,0,0.0,0.0,1.0,0.5,0.300156
2026-10-03T13:34:46.774Z,LAT-00662-ca7696,BASE_FINE,1.5,ACCEPTABLE_CONTEXT,0.00428,OK,0.9544,A-1.0-ppr,7.0,0.002,0.0,0.008944,0.300153,-1.0,0.0075,7.004451,1.504451,0,0,0.0,0.0,1.0,0.5,0.300153
2026-10-03T13:34:46.775Z,LAT-00663-61219b,ACID_FINE,0.6,ACCEPTABLE_CONTEXT,0.00428,OK,0.9912,A-1.0-ppr,7.012,0.005,0.007143,0.009798,0.300162,1.0,0.003,7.010269,1.510269,0,0,0.0,0.0,1.0,0.5,0.300162
2026-10-03T13:34:46.776Z,LAT-00664-0ee027,ACID_FINE,2.8,ACCEPTABLE_CONTEXT,0.00428,OK,0.9411,A-1.0-ppr,6.998,0.002,0.0,0.009798,0.300158,1.0,0.014,6.99028,1.49028,0,0,0.0,0.0,1.0,0.5,0.300158
2026-10-03T13:34:46.778Z,LAT-00665-a17232,ACID_FINE,6.2,ACCEPTABLE_CONTEXT,0.00428,OK,0.9315,A-1.0-ppr,6.998,0.0,-0.008571,0.007483,0.300155,1.0,0.031,6.980922,1.480922,0,0,0.0,0.0,1.0,0.5,0.300155
2026-10-03T13:34:46.779Z,LAT-00666-3f8e30,BASE_FINE,7.1,ACCEPTABLE_CONTEXT,0.008166,OK,1.0374,A-1.0-ppr,3.498,0.001,-0.001429,0.007483,0.300154,-1.0,0.0355,3.510363,-1.989637,0,0,0.0,0.0,1.0,0.5,0.300154
2026-10-03T13:34:46.780Z,LAT-00667-fc829a,ACID_BULK,19.0,HARMFUL_CONTEXT,1.0,"PREDICTED_UNSAFE:a,b,d",0.4974,A-1.0-ppr,6.202,0.0,0.002857,0.007483,0.300158,1.0,9.5,2.830967,-2.669033,0,0,0.0,0.0,1.0,0.5,0.300158
2026-10-03T13:34:46.781Z,LAT-00668-2f62f2,BASE_FINE,2.8,UNCERTAIN_CONTEXT,1.0,STALE_SAMPLE,0.4583,A-1.0-ppr,7.002,-0.003,-0.007143,0.007483,4.000153,-1.0,0.014,7.010447,1.510447,0,0,0.0,0.0,1.0,0.5,4.000153
2026-10-03T13:34:46.782Z,LAT-00669-1a03cf,BASE_FINE,4.8,ACCEPTABLE_CONTEXT,0.008166,OK,1.0616,A-1.0-ppr,3.498,0.005,0.001429,0.007483,0.300149,-1.0,0.024,3.506324,-1.993676,0,0,0.0,0.0,1.0,0.5,0.300149
2026-10-03T13:34:46.783Z,LAT-00670-1ea401,BASE_FINE,1.9,UNCERTAIN_CONTEXT,1.0,STALE_SAMPLE,0.4458,A-1.0-ppr,6.996,0.0,-0.0,0.008,4.000155,-1.0,0.0095,7.001639,1.501639,0,0,0.0,0.0,1.0,0.5,4.000155
2026-10-03T13:34:46.784Z,LAT-00671-afb6fe,ACID_BULK,10.2,HARMFUL_CONTEXT,1.0,"PREDICTED_UNSAFE:a,b,d",0.4666,A-1.0-ppr,6.202,0.004,0.002857,0.007483,0.300152,1.0,5.1,3.220118,-2.279882,0,0,0.0,0.0,1.0,0.5,0.300152
2026-10-03T13:34:46.785Z,LAT-00672-308019,BASE_FINE,2.3,ACCEPTABLE_CONTEXT,0.00428,OK,0.9806,A-1.0-ppr,6.996,-0.004,-0.002857,0.010198,0.300149,-1.0,0.0115,7.002826,1.502826,0,0,0.0,0.0,1.0,0.5,0.300149
2026-10-03T13:34:46.786Z,LAT-00673-f3ebd8,BASE_FINE,4.2,UNCERTAIN_CONTEXT,1.0,STALE_SAMPLE,0.4242,A-1.0-ppr,6.998,-0.005,-0.01,0.013266,4.000153,-1.0,0.021,7.010606,1.510606,0,0,0.0,0.0,1.0,0.5,4.000153
2026-10-03T13:34:46.787Z,LAT-00674-056229,ACID_BULK,19.4,HARMFUL_CONTEXT,1.0,"PREDICTED_UNSAFE:a,b,d",0.4705,A-1.0-ppr,6.204,-0.003,-0.004286,0.008,0.300163,1.0,9.7,2.819775,-2.680225,0,0,0.0,0.0,1.0,0.5,0.300163
2026-10-03T13:34:46.788Z,LAT-00675-529717,BASE_FINE,6.2,ACCEPTABLE_CONTEXT,0.008166,OK,1.049,A-1.0-ppr,3.494,-0.006,-0.008571,0.020591,0.300151,-1.0,0.031,3.504684,-1.995316,0,0,0.0,0.0,1.0,0.5,0.300151
2026-10-03T13:34:46.789Z,LAT-00676-50b137,BASE_FINE,4.9,ACCEPTABLE_CONTEXT,0.004506,OK,0.9719,A-1.0-ppr,6.992,-0.002,0.002857,0.004,0.300155,-1.0,0.0245,7.006538,1.506538,0,0,0.0,0.0,1.0,0.5,0.300155
2026-10-03T13:34:46.791Z,LAT-00677-3f2c2f,ACID_FINE,2.4,ACCEPTABLE_CONTEXT,0.00428,OK,0.9786,A-1.0-ppr,7.0,-0.002,-0.005714,0.006325,0.300153,1.0,0.012,6.993381,1.493381,0,0,0.0,0.0,1.0,0.5,0.300153
2026-10-03T13:34:46.791Z,LAT-00678-22d880,ACID_BULK,12.5,HARMFUL_CONTEXT,1.0,"PREDICTED_UNSAFE:a,b,d",0.4963,A-1.0-ppr,6.2,0.001,0.001429,0.006325,0.300158,1.0,6.25,3.079873,-2.420127,0,0,0.0,0.0,1.0,0.5,0.300158
2026-10-03T13:34:46.793Z,LAT-00679-ae0e2f,BASE_FINE,7.9,ACCEPTABLE_CONTEXT,0.008166,OK,1.0462,A-1.0-ppr,3.498,0.003,0.004286,0.011662,0.300154,-1.0,0.0395,3.511776,-1.988224,0,0,0.0,0.0,1.0,0.5,0.300154
2026-10-03T13:34:46.794Z,LAT-00680-6b556b,ACID_FINE,4.2,ACCEPTABLE_CONTEXT,0.00428,OK,0.972,A-1.0-ppr,6.994,-0.007,0.007143,0.013565,0.300154,1.0,0.021,6.98243,1.48243,0,0,0.0,0.0,1.0,0.5,0.300154
2026-10-03T13:34:46.795Z,LAT-00681-e8e1d0,BASE_FINE,6.1,ACCEPTABLE_CONTEXT,0.008597,OK,1.0268,A-1.0-ppr,3.494,-0.001,0.001429,0.004899,0.300156,-1.0,0.0305,3.50451,-1.99549,0,0,0.0,0.0,1.0,0.5,0.300156
2026-10-03T13:34:46.796Z,LAT-00682-4116ae,ACID_BULK,16.2,HARMFUL_CONTEXT,1.0,"PREDICTED_UNSAFE:a,b,d",0.4925,A-1.0-ppr,6.202,-0.003,0.004286,0.007483,0.300155,1.0,8.1,2.92148,-2.57852,0,0,0.0,0.0,1.0,0.5,0.300155
2026-10-03T13:34:46.797Z,LAT-00683-9bccde,ACID_BULK,10.9,HARMFUL_CONTEXT,1.0,"PREDICTED_UNSAFE:a,b,d",0.4712,A-1.0-ppr,6.198,0.001,-0.012857,0.011662,0.300152,1.0,5.45,3.171211,-2.328789,0,0,0.0,0.0,1.0,0.5,0.300152
2026-10-03T13:34:46.798Z,LAT-00684-410849,BASE_FINE,1.1,UNCERTAIN_CONTEXT,1.0,STALE_SAMPLE,0.4179,A-1.0-ppr,6.994,0.002,-0.005714,0.010198,4.000148,-1.0,0.0055,6.997266,1.497266,0,0,0.0,0.0,1.0,0.5,4.000148
2026-10-03T13:34:46.799Z,LAT-00685-8bd140,BASE_FINE,1.1,UNCERTAIN_CONTEXT,1.0,STALE_SAMPLE,0.4495,A-1.0-ppr,7.006,0.003,0.001429,0.010198,4.00015,-1.0,0.0055,7.009358,1.509358,0,0,0.0,0.0,1.0,0.5,4.00015
2026-10-03T13:34:46.800Z,LAT-00686-91570a,BASE_FINE,6.6,ACCEPTABLE_CONTEXT,0.008166,OK,1.0754,A-1.0-ppr,3.492,-0.003,-0.007143,0.007483,0.300148,-1.0,0.033,3.503332,-1.996668,0,0,0.0,0.0,1.0,0.5,0.300148
2026-10-03T13:34:46.801Z,LAT-00687-1be40b,BASE_FINE,2.7,ACCEPTABLE_CONTEXT,0.008166,OK,1.0375,A-1.0-ppr,3.5,-0.002,0.005714,0.006325,0.300153,-1.0,0.0135,3.504685,-1.995315,0,0,0.0,0.0,1.0,0.5,0.300153
2026-10-03T13:34:46.803Z,LAT-00688-88df2a,ACID_FINE,1.6,ACCEPTABLE_CONTEXT,0.00428,OK,1.0137,A-1.0-ppr,7.008,-0.005,-0.001429,0.011662,0.300153,1.0,0.008,7.003547,1.503547,0,0,0.0,0.0,1.0,0.5,0.300153
2026-10-03T13:34:46.804Z,LAT-00689-393f49,ACID_BULK,14.8,HARMFUL_CONTEXT,1.0,"PREDICTED_UNSAFE:a,b,d",0.489,A-1.0-ppr,6.196,-0.004,0.005714,0.010198,0.300158,1.0,7.4,2.97362,-2.52638,0,0,0.0,0.0,1.0,0.5,0.300158
2026-10-03T13:34:46.804Z,LAT-00690-71fef5,ACID_BULK,12.2,HARMFUL_CONTEXT,1.0,"PREDICTED_UNSAFE:a,b,d",0.4677,A-1.0-ppr,6.198,-0.003,-0.007143,0.009798,0.300149,1.0,6.1,3.095105,-2.404895,0,0,0.0,0.0,1.0,0.5,0.300149
2026-10-03T13:34:46.805Z,LAT-00691-adc8a7,ACID_BULK,13.0,HARMFUL_CONTEXT,1.0,"PREDICTED_UNSAFE:a,b,d",0.4555,A-1.0-ppr,6.198,0.0,-0.002857,0.007483,0.300147,1.0,6.5,3.054142,-2.445858,0,0,0.0,0.0,1.0,0.5,0.300147
2026-10-03T13:34:46.806Z,LAT-00692-e8f3e7,ACID_BULK,18.8,HARMFUL_CONTEXT,1.0,"PREDICTED_UNSAFE:a,b,d",0.4624,A-1.0-ppr,6.202,-0.003,0.001429,0.007483,0.300146,1.0,9.4,2.83684,-2.66316,0,0,0.0,0.0,1.0,0.5,0.300146
2026-10-03T13:34:46.807Z,LAT-00693-c5d60c,BASE_FINE,4.0,UNCERTAIN_CONTEXT,1.0,STALE_SAMPLE,0.4445,A-1.0-ppr,7.002,0.001,0.001429,0.007483,4.000148,-1.0,0.02,7.014162,1.514162,0,0,0.0,0.0,1.0,0.5,4.000148
2026-10-03T13:34:46.808Z,LAT-00694-a03666,ACID_BULK,12.7,HARMFUL_CONTEXT,1.0,"PREDICTED_UNSAFE:a,b,d",0.4492,A-1.0-ppr,6.216,0.008,-0.002857,0.013565,0.300148,1.0,6.35,3.074217,-2.425783,0,0,0.0,0.0,1.0,0.5,0.300148
2026-10-03T13:34:46.809Z,LAT-00695-328692,BASE_FINE,7.0,ACCEPTABLE_CONTEXT,0.004506,OK,1.0592,A-1.0-ppr,7.002,-0.001,-0.001429,0.004,0.300146,-1.0,0.035,7.023435,1.523435,0,0,0.0,0.0,1.0,0.5,0.300146
2026-10-03T13:34:46.810Z,LAT-00696-6784ec,ACID_BULK,10.3,HARMFUL_CONTEXT,1.0,"PREDICTED_UNSAFE:a,b,d",0.4822,A-1.0-ppr,6.202,0.005,-0.001429,0.007483,0.300152,1.0,5.15,3.213012,-2.286988,0,0,0.0,0.0,1.0,0.5,0.300152
2026-10-03T13:34:46.811Z,LAT-00697-69714b,BASE_FINE,3.3,UNCERTAIN_CONTEXT,1.0,STALE_SAMPLE,0.4266,A-1.0-ppr,6.996,-0.002,0.0,0.004899,4.000163,-1.0,0.0165,7.005792,1.505792,0,0,0.0,0.0,1.0,0.5,4.000163
2026-10-03T13:34:46.811Z,LAT-00698-6518d4,ACID_BULK,16.6,HARMFUL_CONTEXT,1.0,"PREDICTED_UNSAFE:a,b,d",0.4555,A-1.0-ppr,6.19,-0.003,-0.01,0.010954,0.30015,1.0,8.3,2.90498,-2.59502,0,0,0.0,0.0,1.0,0.5,0.30015
2026-10-03T13:34:46.813Z,LAT-00699-9ececd,ACID_FINE,3.4,ACCEPTABLE_CONTEXT,0.00428,OK,1.0258,A-1.0-ppr,7.0,-0.002,-0.005714,0.006325,0.300148,1.0,0.017,6.990625,1.490625,0,0,0.0,0.0,1.0,0.5,0.300148
2026-10-03T13:34:46.814Z,LAT-00700-fe68fc,BASE_FINE,0.6,ACCEPTABLE_CONTEXT,0.00428,OK,0.9899,A-1.0-ppr,6.998,-0.006,-0.002857,0.009798,0.300154,-1.0,0.003,6.999781,1.499781,0,0,0.0,0.0,1.0,0.5,0.300154
2026-10-03T13:34:46.815Z,LAT-00701-703694,ACID_BULK,19.9,HARMFUL_CONTEXT,1.0,"PREDICTED_UNSAFE:a,b,d",0.4888,A-1.0-ppr,6.204,-0.001,0.001429,0.004899,0.300158,1.0,9.95,2.805795,-2.694205,0,0,0.0,0.0,1.0,0.5,0.300158
2026-10-03T13:34:46.816Z,LAT-00702-2ef171,BASE_FINE,4.3,UNCERTAIN_CONTEXT,1.0,STALE_SAMPLE,0.452,A-1.0-ppr,7.006,-0.002,-0.005714,0.010198,4.000152,-1.0,0.0215,7.019262,1.519262,0,0,0.0,0.0,1.0,0.5,4.000152
2026-10-03T13:34:46.817Z,LAT-00703-4b61f0,ACID_FINE,7.9,ACCEPTABLE_CONTEXT,0.004891,OK,0.9916,A-1.0-ppr,7.0,0.0,0.0,0.0,0.300148,1.0,0.0395,6.978254,1.478254,0,0,0.0,0.0,1.0,0.5,0.300148
2026-10-03T13:34:46.818Z,LAT-00704-9b8604,ACID_BULK,18.0,HARMFUL_CONTEXT,1.0,"PREDICTED_UNSAFE:a,b,d",0.48,A-1.0-ppr,6.202,-0.004,-0.002857,0.007483,0.300151,1.0,9.0,2.861163,-2.638837,0,0,0.0,0.0,1.0,0.5,0.300151
2026-10-03T13:34:46.819Z,LAT-00705-26dd0f,ACID_FINE,4.5,ACCEPTABLE_CONTEXT,0.00428,OK,1.0261,A-1.0-ppr,7.004,0.0,0.002857,0.010198,0.300152,1.0,0.0225,6.991591,1.491591,0,0,0.0,0.0,1.0,0.5,0.300152
2026-10-03T13:34:46.821Z,LAT-00706-9c34b5,BASE_FINE,9.3,ACCEPTABLE_CONTEXT,0.00428,OK,1.0067,A-1.0-ppr,7.006,-0.001,0.004286,0.012,0.300153,-1.0,0.0465,7.034691,1.534691,0,0,0.0,0.0,1.0,0.5,0.300153
2026-10-03T13:34:46.821Z,LAT-00707-45d951,ACID_BULK,16.4,HARMFUL_CONTEXT,1.0,"PREDICTED_UNSAFE:a,b,d",0.4852,A-1.0-ppr,6.194,0.002,0.005714,0.008,0.300152,1.0,8.2,2.912743,-2.587257,0,0,0.0,0.0,1.0,0.5,0.300152
2026-10-03T13:34:46.822Z,LAT-00708-fd1ab0,BASE_FINE,4.9,UNCERTAIN_CONTEXT,1.0,STALE_SAMPLE,0.4332,A-1.0-ppr,7.0,-0.003,0.001429,0.008944,4.000148,-1.0,0.0245,7.01486,1.51486,0,0,0.0,0.0,1.0,0.5,4.000148
2026-10-03T13:34:46.823Z,LAT-00709-8c59da,BASE_FINE,9.1,ACCEPTABLE_CONTEXT,0.00428,OK,0.9807,A-1.0-ppr,6.998,0.0,-0.002857,0.007483,0.300151,-1.0,0.0455,7.025751,1.525751,0,0,0.0,0.0,1.0,0.5,0.300151
2026-10-03T13:34:46.825Z,LAT-00710-e8342f,BASE_FINE,9.4,ACCEPTABLE_CONTEXT,0.00428,OK,0.9974,A-1.0-ppr,7.004,0.005,0.007143,0.010198,0.30015,-1.0,0.047,7.032919,1.532919,0,0,0.0,0.0,1.0,0.5,0.30015
2026-10-03T13:34:46.826Z,LAT-00711-7c33c8,BASE_FINE,6.6,ACCEPTABLE_CONTEXT,0.00428,OK,0.9738,A-1.0-ppr,6.994,0.0,-0.005714,0.008,0.300153,-1.0,0.033,7.01386,1.51386,0,0,0.0,0.0,1.0,0.5,0.300153
2026-10-03T13:34:46.827Z,LAT-00712-bf1acc,BASE_FINE,5.9,ACCEPTABLE_CONTEXT,0.00428,OK,0.9587,A-1.0-ppr,6.998,0.001,-0.004286,0.007483,0.300158,-1.0,0.0295,7.015867,1.515867,0,0,0.0,0.0,1.0,0.5,0.300158
2026-10-03T13:34:46.828Z,LAT-00713-4b9937,ACID_BULK,12.9,HARMFUL_CONTEXT,1.0,"PREDICTED_UNSAFE:a,b,d",0.4939,A-1.0-ppr,6.2,-0.005,0.004286,0.010954,0.300154,1.0,6.45,3.059615,-2.440385,0,0,0.0,0.0,1.0,0.5,0.300154
2026-10-03T13:34:46.830Z,LAT-00714-b07786,BASE_FINE,8.6,ACCEPTABLE_CONTEXT,0.00428,OK,0.9891,A-1.0-ppr,7.01,-0.006,-0.008571,0.012649,0.300151,-1.0,0.043,7.036567,1.536567,0,0,0.0,0.0,1.0,0.5,0.300151
2026-10-03T13:34:46.830Z,LAT-00715-ae46fa,ACID_BULK,10.5,HARMFUL_CONTEXT,1.0,"PREDICTED_UNSAFE:a,b,d",0.5008,A-1.0-ppr,6.198,0.006,-0.008571,0.011662,0.300152,1.0,5.25,3.1976,-2.3024,0,0,0.0,0.0,1.0,0.5,0.300152
2026-10-03T13:34:46.832Z,LAT-00716-c3c650,ACID_FINE,2.2,ACCEPTABLE_CONTEXT,0.00428,OK,0.9758,A-1.0-ppr,7.0,0.003,0.004286,0.006325,0.30015,1.0,0.011,6.993932,1.493932,0,0,0.0,0.0,1.0,0.5,0.30015
2026-10-03T13:34:46.833Z,LAT-00717-1225b4,BASE_FINE,2.8,ACCEPTABLE_CONTEXT,0.00428,OK,0.9506,A-1.0-ppr,7.0,-0.001,0.004286,0.010954,0.300151,-1.0,0.014,7.008359,1.508359,0,0,0.0,0.0,1.0,0.5,0.300151
2026-10-03T13:34:46.834Z,LAT-00718-e1d75e,BASE_FINE,7.9,ACCEPTABLE_CONTEXT,0.00428,OK,0.9537,A-1.0-ppr,6.998,-0.002,-0.008571,0.009798,0.300151,-1.0,0.0395,7.022047,1.522047,0,0,0.0,0.0,1.0,0.5,0.300151
2026-10-03T13:34:46.836Z,LAT-00719-771861,ACID_FINE,4.7,ACCEPTABLE_CONTEXT,0.00428,OK,0.9814,A-1.0-ppr,7.002,0.005,0.01,0.013266,0.300156,1.0,0.0235,6.989042,1.489042,0,0,0.0,0.0,1.0,0.5,0.300156
2026-10-03T13:34:46.837Z,LAT-00720-658b0c,BASE_FINE,7.0,ACCEPTABLE_CONTEXT,0.00428,OK,0.9441,A-1.0-ppr,6.996,0.0,-0.002857,0.010198,0.300152,-1.0,0.035,7.017182,1.517182,0,0,0.0,0.0,1.0,0.5,0.300152
2026-10-03T13:34:46.838Z,LAT-00721-5bcb39,BASE_FINE,5.2,ACCEPTABLE_CONTEXT,0.008166,OK,1.0368,A-1.0-ppr,3.492,0.005,0.007143,0.009798,0.300156,-1.0,0.026,3.500906,-1.999094,0,0,0.0,0.0,1.0,0.5,0.300156
2026-10-03T13:34:46.840Z,LAT-00722-b3095e,ACID_FINE,1.8,ACCEPTABLE_CONTEXT,0.004506,OK,0.9844,A-1.0-ppr,7.004,0.003,0.001429,0.004899,0.300159,1.0,0.009,6.999034,1.499034,0,0,0.0,0.0,1.0,0.5,0.300159
2026-10-03T13:34:46.841Z,LAT-00723-1a074b,BASE_FINE,2.8,UNCERTAIN_CONTEXT,1.0,STALE_SAMPLE,0.4797,A-1.0-ppr,7.004,0.0,-0.005714,0.008,4.000157,-1.0,0.014,7.012535,1.512535,0,0,0.0,0.0,1.0,0.5,4.000157
2026-10-03T13:34:46.842Z,LAT-00724-89ac35,BASE_FINE,8.8,ACCEPTABLE_CONTEXT,0.00428,OK,0.9544,A-1.0-ppr,7.0,0.004,0.0,0.006325,0.300153,-1.0,0.044,7.026908,1.526908,0,0,0.0,0.0,1.0,0.5,0.300153
2026-10-03T13:34:46.843Z,LAT-00725-107242,ACID_BULK,14.4,HARMFUL_CONTEXT,1.0,"PREDICTED_UNSAFE:a,b,d",0.4945,A-1.0-ppr,6.194,0.001,0.004286,0.008,0.300157,1.0,7.2,2.989677,-2.510323,0,0,0.0,0.0,1.0,0.5,0.300157
2026-10-03T13:34:46.844Z,LAT-00726-ed48d9,BASE_FINE,9.1,ACCEPTABLE_CONTEXT,0.00428,OK,1.0026,A-1.0-ppr,7.002,-0.005,-0.001429,0.007483,0.300166,-1.0,0.0455,7.029914,1.529914,0,0,0.0,0.0,1.0,0.5,0.300166
2026-10-03T13:34:46.845Z,LAT-00727-620211,BASE_FINE,0.7,ACCEPTABLE_CONTEXT,0.00428,OK,0.9838,A-1.0-ppr,7.002,0.002,-0.008571,0.009798,0.300155,-1.0,0.0035,7.004077,1.504077,0,0,0.0,0.0,1.0,0.5,0.300155
2026-10-03T13:34:46.847Z,LAT-00728-12ddf3,BASE_FINE,9.0,ACCEPTABLE_CONTEXT,0.004506,OK,0.9965,A-1.0-ppr,7.004,0.001,-0.004286,0.004899,0.300152,-1.0,0.045,7.031687,1.531687,0,0,0.0,0.0,1.0,0.5,0.300152
2026-10-03T13:34:46.848Z,LAT-00729-4f4770,ACID_BULK,17.1,HARMFUL_CONTEXT,1.0,"PREDICTED_UNSAFE:a,b,d",0.4947,A-1.0-ppr,6.206,0.001,-0.001429,0.004899,0.30016,1.0,8.55,2.891021,-2.608979,0,0,0.0,0.0,1.0,0.5,0.30016
2026-10-03T13:34:46.849Z,LAT-00730-5eefaf,BASE_FINE,6.4,ACCEPTABLE_CONTEXT,0.00428,OK,0.9871,A-1.0-ppr,7.002,0.005,0.007143,0.017205,0.300155,-1.0,0.032,7.021582,1.521582,0,0,0.0,0.0,1.0,0.5,0.300155
2026-10-03T13:34:46.850Z,LAT-00731-ca9485,BASE_FINE,9.2,ACCEPTABLE_CONTEXT,0.008166,OK,1.0298,A-1.0-ppr,3.5,0.001,-0.01,0.008944,0.300154,-1.0,0.046,3.516152,-1.983848,0,0,0.0,0.0,1.0,0.5,0.300154
2026-10-03T13:34:46.851Z,LAT-00732-185a49,BASE_FINE,4.3,UNCERTAIN_CONTEXT,1.0,STALE_SAMPLE,0.4799,A-1.0-ppr,7.002,-0.002,0.002857,0.004,4.000158,-1.0,0.0215,7.01509,1.51509,0,0,0.0,0.0,1.0,0.5,4.000158
2026-10-03T13:34:46.852Z,LAT-00733-857712,ACID_BULK,12.9,HARMFUL_CONTEXT,1.0,"PREDICTED_UNSAFE:a,b,d",0.4699,A-1.0-ppr,6.204,0.003,0.001429,0.004899,0.300153,1.0,6.45,3.06073,-2.43927,0,0,0.0,0.0,1.0,0.5,0.300153
2026-10-03T13:34:46.853Z,LAT-00734-12fa8b,ACID_FINE,5.2,ACCEPTABLE_CONTEXT,0.00428,OK,0.9736,A-1.0-ppr,6.99,-0.003,0.001429,0.008944,0.300149,1.0,0.026,6.975789,1.475789,0,0,0.0,0.0,1.0,0.5,0.300149
2026-10-03T13:34:46.854Z,LAT-00735-39da6b,BASE_FINE,2.0,UNCERTAIN_CONTEXT,1.0,STALE_SAMPLE,0.4789,A-1.0-ppr,7.012,0.006,0.002857,0.009798,4.000152,-1.0,0.01,7.018192,1.518192,0,0,0.0,0.0,1.0,0.5,4.000152
2026-10-03T13:34:46.855Z,LAT-00736-c09efd,ACID_BULK,12.3,HARMFUL_CONTEXT,1.0,"PREDICTED_UNSAFE:a,b,d",0.4694,A-1.0-ppr,6.2,0.001,-0.01,0.014142,0.300152,1.0,6.15,3.090369,-2.409631,0,0,0.0,0.0,1.0,0.5,0.300152
2026-10-03T13:34:46.856Z,LAT-00737-3b298a,ACID_BULK,17.9,HARMFUL_CONTEXT,1.0,"PREDICTED_UNSAFE:a,b,d",0.461,A-1.0-ppr,6.2,0.0,0.008571,0.008944,0.30016,1.0,8.95,2.863947,-2.636053,0,0,0.0,0.0,1.0,0.5,0.30016
2026-10-03T13:34:46.856Z,LAT-00738-6da002,ACID_BULK,19.2,HARMFUL_CONTEXT,1.0,"PREDICTED_UNSAFE:a,b,d",0.4526,A-1.0-ppr,6.2,-0.008,0.0,0.012649,0.300146,1.0,9.6,2.824848,-2.675152,0,0,0.0,0.0,1.0,0.5,0.300146
2026-10-03T13:34:46.857Z,LAT-00739-0551c3,ACID_BULK,19.5,HARMFUL_CONTEXT,1.0,"PREDICTED_UNSAFE:a,b,d",0.4505,A-1.0-ppr,6.196,0.001,0.001429,0.010198,0.300148,1.0,9.75,2.815667,-2.684333,0,0,0.0,0.0,1.0,0.5,0.300148
2026-10-03T13:34:46.859Z,LAT-00740-15ca49,BASE_FINE,2.3,ACCEPTABLE_CONTEXT,0.00428,OK,1.0305,A-1.0-ppr,7.0,0.001,-0.01,0.008944,0.300147,-1.0,0.0115,7.006824,1.506824,0,0,0.0,0.0,1.0,0.5,0.300147
2026-10-03T13:34:46.860Z,LAT-00741-542eb3,BASE_FINE,2.6,ACCEPTABLE_CONTEXT,0.00428,OK,0.9914,A-1.0-ppr,6.996,0.001,-0.01,0.010198,0.300154,-1.0,0.013,7.003716,1.503716,0,0,0.0,0.0,1.0,0.5,0.300154
2026-10-03T13:34:46.861Z,LAT-00742-dd0274,BASE_FINE,1.6,UNCERTAIN_CONTEXT,1.0,STALE_SAMPLE,0.4414,A-1.0-ppr,7.0,0.005,0.001429,0.008944,4.000153,-1.0,0.008,7.004748,1.504748,0,0,0.0,0.0,1.0,0.5,4.000153
2026-10-03T13:34:46.862Z,LAT-00743-cbb0ec,BASE_FINE,3.4,ACCEPTABLE_CONTEXT,0.00428,OK,0.9826,A-1.0-ppr,7.0,0.0,-0.011429,0.017889,0.300149,-1.0,0.017,7.010217,1.510217,0,0,0.0,0.0,1.0,0.5,0.300149
2026-10-03T13:34:46.863Z,LAT-00744-9fd894,ACID_BULK,11.2,HARMFUL_CONTEXT,1.0,"PREDICTED_UNSAFE:a,b,d",0.4911,A-1.0-ppr,6.206,-0.002,-0.011429,0.010198,0.300155,1.0,5.6,3.15519,-2.34481,0,0,0.0,0.0,1.0,0.5,0.300155
2026-10-03T13:34:46.864Z,LAT-00745-06a43d,ACID_FINE,2.0,ACCEPTABLE_CONTEXT,0.00428,OK,0.9749,A-1.0-ppr,7.0,0.003,0.001429,0.008944,0.300151,1.0,0.01,6.994484,1.494484,0,0,0.0,0.0,1.0,0.5,0.300151
2026-10-03T13:34:46.866Z,LAT-00746-d20a1d,BASE_FINE,9.1,ACCEPTABLE_CONTEXT,0.008166,OK,1.0442,A-1.0-ppr,3.49,0.002,0.0,0.006325,0.300151,-1.0,0.0455,3.505625,-1.994375,0,0,0.0,0.0,1.0,0.5,0.300151
2026-10-03T13:34:46.866Z,LAT-00747-6b3fcd,BASE_FINE,3.3,UNCERTAIN_CONTEXT,1.0,STALE_SAMPLE,0.5012,A-1.0-ppr,7.006,0.0,0.002857,0.004899,4.000151,-1.0,0.0165,7.016169,1.516169,0,0,0.0,0.0,1.0,0.5,4.000151
2026-10-03T13:34:46.868Z,LAT-00748-17025a,BASE_FINE,3.8,ACCEPTABLE_CONTEXT,0.004506,OK,0.9758,A-1.0-ppr,6.996,0.003,-0.001429,0.004899,0.300153,-1.0,0.019,7.00728,1.50728,0,0,0.0,0.0,1.0,0.5,0.300153
2026-10-03T13:34:46.869Z,LAT-00749-9159fd,ACID_BULK,17.9,HARMFUL_CONTEXT,1.0,"PREDICTED_UNSAFE:a,b,d",0.4844,A-1.0-ppr,6.2,0.0,-0.008571,0.008944,0.300154,1.0,8.95,2.863947,-2.636053,0,0,0.0,0.0,1.0,0.5,0.300154
2026-10-03T13:34:46.869Z,LAT-00750-597e0e,ACID_BULK,14.9,HARMFUL_CONTEXT,1.0,"PREDICTED_UNSAFE:a,b,d",0.4624,A-1.0-ppr,6.2,-0.006,0.002857,0.014142,0.300148,1.0,7.45,2.970496,-2.529504,0,0,0.0,0.0,1.0,0.5,0.300148
2026-10-03T13:34:46.871Z,LAT-00751-402151,BASE_FINE,8.1,ACCEPTABLE_CONTEXT,0.00428,OK,1.0263,A-1.0-ppr,7.002,0.002,-0.011429,0.011662,0.300149,-1.0,0.0405,7.026831,1.526831,0,0,0.0,0.0,1.0,0.5,0.300149
2026-10-03T13:34:46.872Z,LAT-00752-4d65c2,ACID_FINE,2.7,ACCEPTABLE_CONTEXT,0.00428,OK,0.9712,A-1.0-ppr,7.0,-0.005,0.004286,0.010954,0.300155,1.0,0.0135,6.992554,1.492554,0,0,0.0,0.0,1.0,0.5,0.300155
2026-10-03T13:34:46.873Z,LAT-00753-4d5bc4,BASE_FINE,3.7,ACCEPTABLE_CONTEXT,0.00428,OK,0.9511,A-1.0-ppr,6.992,-0.003,-0.007143,0.007483,0.300151,-1.0,0.0185,7.002981,1.502981,0,0,0.0,0.0,1.0,0.5,0.300151
2026-10-03T13:34:46.874Z,LAT-00754-0503a7,ACID_BULK,18.1,HARMFUL_CONTEXT,1.0,"PREDICTED_UNSAFE:a,b,d",0.5018,A-1.0-ppr,6.196,0.008,-0.002857,0.013565,0.300154,1.0,9.05,2.856992,-2.643008,0,0,0.0,0.0,1.0,0.5,0.300154
2026-10-03T13:34:46.876Z,LAT-00755-7112ae,BASE_FINE,9.0,ACCEPTABLE_CONTEXT,0.004506,OK,1.0072,A-1.0-ppr,7.004,0.001,-0.004286,0.004899,0.300165,-1.0,0.045,7.031687,1.531687,0,0,0.0,0.0,1.0,0.5,0.300165
2026-10-03T13:34:46.877Z,LAT-00756-3734e6,ACID_FINE,0.9,ACCEPTABLE_CONTEXT,0.00428,OK,0.941,A-1.0-ppr,6.998,-0.001,-0.007143,0.007483,0.300153,1.0,0.0045,6.995517,1.495517,0,0,0.0,0.0,1.0,0.5,0.300153
2026-10-03T13:34:46.878Z,LAT-00757-875a48,BASE_FINE,5.4,ACCEPTABLE_CONTEXT,0.00428,OK,0.9946,A-1.0-ppr,7.01,0.003,-0.004286,0.006325,0.300151,-1.0,0.027,7.026703,1.526703,0,0,0.0,0.0,1.0,0.5,0.300151
2026-10-03T13:34:46.879Z,LAT-00758-260964,ACID_BULK,11.4,HARMFUL_CONTEXT,1.0,"PREDICTED_UNSAFE:a,b,d",0.4986,A-1.0-ppr,6.21,-0.002,0.005714,0.006325,0.300156,1.0,5.7,3.144361,-2.355639,0,0,0.0,0.0,1.0,0.5,0.300156
2026-10-03T13:34:46.880Z,LAT-00759-d494cf,ACID_FINE,9.4,ACCEPTABLE_CONTEXT,0.00428,OK,0.9551,A-1.0-ppr,6.998,0.001,-0.001429,0.007483,0.300152,1.0,0.047,6.972362,1.472362,0,0,0.0,0.0,1.0,0.5,0.300152
2026-10-03T13:34:46.881Z,LAT-00760-370ef7,ACID_BULK,13.8,HARMFUL_CONTEXT,1.0,"PREDICTED_UNSAFE:a,b,d",0.4868,A-1.0-ppr,6.194,-0.005,0.001429,0.010198,0.300151,1.0,6.9,3.015702,-2.484298,0,0,0.0,0.0,1.0,0.5,0.300151
2026-10-03T13:34:46.882Z,LAT-00761-438faf,ACID_FINE,5.4,ACCEPTABLE_CONTEXT,0.00428,OK,1.0101,A-1.0-ppr,7.004,0.005,-0.004286,0.008,0.300148,1.0,0.027,6.989112,1.489112,0,0,0.0,0.0,1.0,0.5,0.300148
2026-10-03T13:34:46.884Z,LAT-00762-f2ed81,BASE_FINE,9.8,ACCEPTABLE_CONTEXT,0.00428,OK,0.9629,A-1.0-ppr,7.0,0.001,-0.01,0.008944,0.300153,-1.0,0.049,7.029991,1.529991,0,0,0.0,0.0,1.0,0.5,0.300153
2026-10-03T13:34:46.885Z,LAT-00763-c5fe6d,ACID_BULK,15.9,HARMFUL_CONTEXT,1.0,"PREDICTED_UNSAFE:a,b,d",0.4904,A-1.0-ppr,6.202,-0.006,0.0,0.011662,0.300153,1.0,7.95,2.932404,-2.567596,0,0,0.0,0.0,1.0,0.5,0.300153
2026-10-03T13:34:46.885Z,LAT-00764-49e9b3,ACID_BULK,18.0,HARMFUL_CONTEXT,1.0,"PREDICTED_UNSAFE:a,b,d",0.4662,A-1.0-ppr,6.2,-0.007,-0.001429,0.012649,0.300148,1.0,9.0,2.86081,-2.63919,0,0,0.0,0.0,1.0,0.5,0.300148
2026-10-03T13:34:46.886Z,LAT-00765-a5280b,ACID_BULK,11.3,HARMFUL_CONTEXT,1.0,"PREDICTED_UNSAFE:a,b,d",0.4691,A-1.0-ppr,6.2,0.003,-0.007143,0.010954,0.300147,1.0,5.65,3.147023,-2.352977,0,0,0.0,0.0,1.0,0.5,0.300147
2026-10-03T13:34:46.887Z,LAT-00766-98be27,BASE_FINE,4.8,UNCERTAIN_CONTEXT,1.0,STALE_SAMPLE,0.4041,A-1.0-ppr,6.998,-0.002,-0.005714,0.011662,4.000157,-1.0,0.024,7.012464,1.512464,0,0,0.0,0.0,1.0,0.5,4.000157
2026-10-03T13:34:46.888Z,LAT-00767-fcf576,ACID_FINE,5.1,ACCEPTABLE_CONTEXT,0.00428,OK,1.037,A-1.0-ppr,7.008,-0.003,0.001429,0.007483,0.300147,1.0,0.0255,6.993897,1.493897,0,0,0.0,0.0,1.0,0.5,0.300147
2026-10-03T13:34:46.890Z,LAT-00768-6b9ff4,BASE_FINE,8.1,ACCEPTABLE_CONTEXT,0.008166,OK,1.0578,A-1.0-ppr,3.496,-0.002,0.008571,0.008,0.30015,-1.0,0.0405,3.510068,-1.989932,0,0,0.0,0.0,1.0,0.5,0.30015
2026-10-03T13:34:46.891Z,LAT-00769-5dfc10,BASE_FINE,5.3,ACCEPTABLE_CONTEXT,0.00428,OK,0.9776,A-1.0-ppr,6.996,-0.008,0.0,0.012,0.300163,-1.0,0.0265,7.011924,1.511924,0,0,0.0,0.0,1.0,0.5,0.300163
2026-10-03T13:34:46.892Z,LAT-00770-64c95c,BASE_FINE,7.5,ACCEPTABLE_CONTEXT,0.00428,OK,0.9542,A-1.0-ppr,6.994,-0.004,0.011429,0.012,0.300153,-1.0,0.0375,7.016643,1.516643,0,0,0.0,0.0,1.0,0.5,0.300153
2026-10-03T13:34:46.893Z,LAT-00771-cca2ad,ACID_BULK,14.7,HARMFUL_CONTEXT,1.0,"PREDICTED_UNSAFE:a,b,d",0.4889,A-1.0-ppr,6.21,-0.004,-0.002857,0.014142,0.30015,1.0,7.35,2.980927,-2.519073,0,0,0.0,0.0,1.0,0.5,0.30015
2026-10-03T13:34:46.895Z,LAT-00772-c92a7b,BASE_FINE,1.6,ACCEPTABLE_CONTEXT,0.004506,OK,1.0011,A-1.0-ppr,7.002,-0.002,0.002857,0.004,0.30015,-1.0,0.008,7.006747,1.506747,0,0,0.0,0.0,1.0,0.5,0.30015
2026-10-03T13:34:46.896Z,LAT-00773-d74feb,BASE_FINE,9.0,ACCEPTABLE_CONTEXT,0.00428,OK,0.9893,A-1.0-ppr,7.004,-0.003,0.007143,0.012,0.300154,-1.0,0.045,7.031687,1.531687,0,0,0.0,0.0,1.0,0.5,0.300154
2026-10-03T13:34:46.897Z,LAT-00774-f8a82d,ACID_BULK,10.8,HARMFUL_CONTEXT,1.0,"PREDICTED_UNSAFE:a,b,d",0.4891,A-1.0-ppr,6.194,-0.001,0.01,0.010198,0.300152,1.0,5.4,3.176181,-2.323819,0,0,0.0,0.0,1.0,0.5,0.300152
2026-10-03T13:34:46.898Z,LAT-00775-1290b6,BASE_FINE,6.7,ACCEPTABLE_CONTEXT,0.008166,OK,1.0289,A-1.0-ppr,3.5,0.005,0.001429,0.008944,0.30015,-1.0,0.0335,3.511709,-1.988291,0,0,0.0,0.0,1.0,0.5,0.30015
2026-10-03T13:34:46.899Z,LAT-00776-cbdcbc,ACID_FINE,4.7,ACCEPTABLE_CONTEXT,0.004891,OK,0.9654,A-1.0-ppr,7.0,0.0,0.0,0.0,0.300156,1.0,0.0235,6.987045,1.487045,0,0,0.0,0.0,1.0,0.5,0.300156
2026-10-03T13:34:46.900Z,LAT-00777-d1c42a,ACID_BULK,18.5,HARMFUL_CONTEXT,1.0,"PREDICTED_UNSAFE:a,b,d",0.4903,A-1.0-ppr,6.2,-0.003,-0.007143,0.010954,0.300154,1.0,9.25,2.845461,-2.654539,0,0,0.0,0.0,1.0,0.5,0.300154
2026-10-03T13:34:46.902Z,LAT-00778-2f6fdf,BASE_FINE,3.4,ACCEPTABLE_CONTEXT,0.00428,OK,0.9571,A-1.0-ppr,7.0,0.003,0.001429,0.008944,0.300151,-1.0,0.017,7.010217,1.510217,0,0,0.0,0.0,1.0,0.5,0.300151
2026-10-03T13:34:46.902Z,LAT-00779-c05232,BASE_FINE,4.4,UNCERTAIN_CONTEXT,1.0,STALE_SAMPLE,0.5074,A-1.0-ppr,7.006,0.0,0.005714,0.008,4.000153,-1.0,0.022,7.019572,1.519572,0,0,0.0,0.0,1.0,0.5,4.000153
2026-10-03T13:34:46.903Z,LAT-00780-c7f5dc,BASE_FINE,1.2,UNCERTAIN_CONTEXT,1.0,STALE_SAMPLE,0.4203,A-1.0-ppr,6.998,0.003,0.001429,0.007483,4.000155,-1.0,0.006,7.001562,1.501562,0,0,0.0,0.0,1.0,0.5,4.000155
2026-10-03T13:34:46.905Z,LAT-00781-5885e6,BASE_FINE,2.6,ACCEPTABLE_CONTEXT,0.008166,OK,1.0666,A-1.0-ppr,3.51,0.002,-0.005714,0.006325,0.300149,-1.0,0.013,3.51461,-1.98539,0,0,0.0,0.0,1.0,0.5,0.300149
2026-10-03T13:34:46.906Z,LAT-00782-255628,ACID_FINE,9.9,ACCEPTABLE_CONTEXT,0.00428,OK,0.9683,A-1.0-ppr,6.996,0.004,-0.005714,0.008,0.300153,1.0,0.0495,6.96912,1.46912,0,0,0.0,0.0,1.0,0.5,0.300153
2026-10-03T13:34:46.907Z,LAT-00783-6da963,BASE_FINE,5.3,ACCEPTABLE_CONTEXT,0.008166,OK,1.0339,A-1.0-ppr,3.5,0.002,0.0,0.008944,0.300157,-1.0,0.0265,3.509239,-1.990761,0,0,0.0,0.0,1.0,0.5,0.300157
2026-10-03T13:34:46.908Z,LAT-00784-0df3ce,ACID_BULK,13.4,HARMFUL_CONTEXT,1.0,"PREDICTED_UNSAFE:a,b,d",0.4924,A-1.0-ppr,6.196,-0.006,0.005714,0.012,0.300157,1.0,6.7,3.034496,-2.465504,0,0,0.0,0.0,1.0,0.5,0.300157
2026-10-03T13:34:46.909Z,LAT-00785-41a26f,ACID_BULK,15.2,HARMFUL_CONTEXT,1.0,"PREDICTED_UNSAFE:a,b,d",0.4669,A-1.0-ppr,6.204,-0.001,-0.004286,0.004899,0.300162,1.0,7.6,2.959462,-2.540538,0,0,0.0,0.0,1.0,0.5,0.300162
2026-10-03T13:34:46.910Z,LAT-00786-c18d88,BASE_FINE,4.0,UNCERTAIN_CONTEXT,1.0,STALE_SAMPLE,0.4441,A-1.0-ppr,7.006,-0.003,-0.001429,0.004899,4.000148,-1.0,0.02,7.018335,1.518335,0,0,0.0,0.0,1.0,0.5,4.000148
2026-10-03T13:34:46.910Z,LAT-00787-b66dab,ACID_BULK,16.2,HARMFUL_CONTEXT,1.0,"PREDICTED_UNSAFE:a,b,d",0.4646,A-1.0-ppr,6.204,0.005,-0.004286,0.008,0.300149,1.0,8.1,2.921884,-2.578116,0,0,0.0,0.0,1.0,0.5,0.300149
2026-10-03T13:34:46.912Z,LAT-00788-931b8d,BASE_FINE,8.2,ACCEPTABLE_CONTEXT,0.00428,OK,1.0043,A-1.0-ppr,6.998,0.004,-0.005714,0.011662,0.300172,-1.0,0.041,7.022974,1.522974,0,0,0.0,0.0,1.0,0.5,0.300172
2026-10-03T13:34:46.913Z,LAT-00789-ea7982,ACID_BULK,11.5,HARMFUL_CONTEXT,1.0,"PREDICTED_UNSAFE:a,b,d",0.4823,A-1.0-ppr,6.194,0.0,0.005714,0.004899,0.300152,1.0,5.75,3.13308,-2.36692,0,0,0.0,0.0,1.0,0.5,0.300152
2026-10-03T13:34:46.914Z,LAT-00790-4b072b,ACID_FINE,1.3,ACCEPTABLE_CONTEXT,0.00428,OK,1.0281,A-1.0-ppr,7.004,-0.004,0.0,0.008,0.300148,1.0,0.0065,7.000413,1.500413,0,0,0.0,0.0,1.0,0.5,0.300148
2026-10-03T13:34:46.915Z,LAT-00791-463c10,BASE_FINE,8.5,ACCEPTABLE_CONTEXT,0.004506,OK,1.0363,A-1.0-ppr,7.004,0.002,0.0,0.004899,0.300155,-1.0,0.0425,7.030146,1.530146,0,0,0.0,0.0,1.0,0.5,0.300155
2026-10-03T13:34:46.917Z,LAT-00792-08c6f7,ACID_FINE,2.5,ACCEPTABLE_CONTEXT,0.00428,OK,0.9679,A-1.0-ppr,7.0,0.003,-0.001429,0.008944,0.300152,1.0,0.0125,6.993105,1.493105,0,0,0.0,0.0,1.0,0.5,0.300152
2026-10-03T13:34:46.918Z,LAT-00793-590076,BASE_FINE,9.6,ACCEPTABLE_CONTEXT,0.008166,OK,1.0386,A-1.0-ppr,3.504,-0.002,0.005714,0.008,0.300153,-1.0,0.048,3.521016,-1.978984,0,0,0.0,0.0,1.0,0.5,0.300153
2026-10-03T13:34:46.919Z,LAT-00794-e4c5c5,BASE_FINE,4.4,ACCEPTABLE_CONTEXT,0.00428,OK,0.9603,A-1.0-ppr,7.0,0.007,-0.01,0.015492,0.300156,-1.0,0.022,7.013313,1.513313,0,0,0.0,0.0,1.0,0.5,0.300156
2026-10-03T13:34:46.921Z,LAT-00795-42e91c,BASE_FINE,6.7,ACCEPTABLE_CONTEXT,0.008166,OK,1.0033,A-1.0-ppr,3.494,-0.002,-0.008571,0.008,0.300154,-1.0,0.0335,3.505556,-1.994444,0,0,0.0,0.0,1.0,0.5,0.300154
2026-10-03T13:34:46.922Z,LAT-00796-1a1035,ACID_FINE,1.7,ACCEPTABLE_CONTEXT,0.00428,OK,0.9906,A-1.0-ppr,7.012,0.004,-0.005714,0.009798,0.300153,1.0,0.0085,7.007099,1.507099,0,0,0.0,0.0,1.0,0.5,0.300153
2026-10-03T13:34:46.923Z,LAT-00797-77023c,BASE_FINE,9.3,ACCEPTABLE_CONTEXT,0.008166,OK,1.0409,A-1.0-ppr,3.504,0.005,-0.015714,0.016248,0.300156,-1.0,0.0465,3.520475,-1.979525,0,0,0.0,0.0,1.0,0.5,0.300156
2026-10-03T13:34:46.925Z,LAT-00798-ddefbf,BASE_FINE,8.6,ACCEPTABLE_CONTEXT,0.004506,OK,0.9586,A-1.0-ppr,6.996,-0.002,0.0,0.004899,0.300151,-1.0,0.043,7.022125,1.522125,0,0,0.0,0.0,1.0,0.5,0.300151
2026-10-03T13:34:46.926Z,LAT-00799-ae6c76,ACID_BULK,12.6,HARMFUL_CONTEXT,1.0,"PREDICTED_UNSAFE:a,b,d",0.4975,A-1.0-ppr,6.2,0.005,0.001429,0.008944,0.300154,1.0,6.3,3.074719,-2.425281,0,0,0.0,0.0,1.0,0.5,0.300154
2026-10-03T13:34:46.926Z,LAT-00800-3a8234,ACID_BULK,13.3,HARMFUL_CONTEXT,1.0,"PREDICTED_UNSAFE:a,b,d",0.4854,A-1.0-ppr,6.202,0.002,0.008571,0.009798,0.300152,1.0,6.65,3.040797,-2.459203,0,0,0.0,0.0,1.0,0.5,0.300152
2026-10-03T13:34:46.927Z,LAT-00801-fd6c4d,ACID_BULK,11.2,HARMFUL_CONTEXT,1.0,"PREDICTED_UNSAFE:a,b,d",0.4606,A-1.0-ppr,6.206,0.006,-0.0,0.013565,0.300148,1.0,5.6,3.15519,-2.34481,0,0,0.0,0.0,1.0,0.5,0.300148
2026-10-03T13:34:46.928Z,LAT-00802-dee8b5,BASE_FINE,2.8,UNCERTAIN_CONTEXT,1.0,STALE_SAMPLE,0.4428,A-1.0-ppr,7.004,-0.001,-0.001429,0.010198,4.000145,-1.0,0.014,7.012535,1.512535,0,0,0.0,0.0,1.0,0.5,4.000145
2026-10-03T13:34:46.929Z,LAT-00803-2f8e60,ACID_BULK,18.3,HARMFUL_CONTEXT,1.0,"PREDICTED_UNSAFE:a,b,d",0.4493,A-1.0-ppr,6.196,-0.002,-0.002857,0.014967,0.300146,1.0,9.15,2.850841,-2.649159,0,0,0.0,0.0,1.0,0.5,0.300146
2026-10-03T13:34:46.930Z,LAT-00804-632747,ACID_BULK,12.8,HARMFUL_CONTEXT,1.0,"PREDICTED_UNSAFE:a,b,d",0.4486,A-1.0-ppr,6.198,0.003,0.001429,0.007483,0.300144,1.0,6.4,3.064025,-2.435975,0,0,0.0,0.0,1.0,0.5,0.300144
2026-10-03T13:34:46.931Z,LAT-00805-3aae8c,ACID_FINE,5.0,ACCEPTABLE_CONTEXT,0.00428,OK,1.0744,A-1.0-ppr,7.002,0.006,0.0,0.011662,0.300143,1.0,0.025,6.988216,1.488216,0,0,0.0,0.0,1.0,0.5,0.300143
2026-10-03T13:34:46.932Z,LAT-00806-eb4231,ACID_BULK,19.7,HARMFUL_CONTEXT,1.0,"PREDICTED_UNSAFE:a,b,d",0.4888,A-1.0-ppr,6.2,-0.004,-0.008571,0.010954,0.300167,1.0,9.85,2.810705,-2.689295,0,0,0.0,0.0,1.0,0.5,0.300167
2026-10-03T13:34:46.933Z,LAT-00807-7faf5b,ACID_FINE,2.8,ACCEPTABLE_CONTEXT,0.00428,OK,0.9894,A-1.0-ppr,6.998,0.001,0.004286,0.009798,0.300148,1.0,0.014,6.99028,1.49028,0,0,0.0,0.0,1.0,0.5,0.300148
2026-10-03T13:34:46.934Z,LAT-00808-b02e2e,BASE_FINE,10.0,ACCEPTABLE_CONTEXT,0.00428,OK,0.9905,A-1.0-ppr,6.998,-0.001,-0.004286,0.007483,0.30015,-1.0,0.05,7.028527,1.528527,0,0,0.0,0.0,1.0,0.5,0.30015
2026-10-03T13:34:46.935Z,LAT-00809-f8f5de,BASE_FINE,4.9,UNCERTAIN_CONTEXT,1.0,STALE_SAMPLE,0.4472,A-1.0-ppr,7.0,0.004,-0.002857,0.010954,4.000155,-1.0,0.0245,7.01486,1.51486,0,0,0.0,0.0,1.0,0.5,4.000155
2026-10-03T13:34:46.937Z,LAT-00810-35ae5b,ACID_FINE,1.6,ACCEPTABLE_CONTEXT,0.00428,OK,0.9733,A-1.0-ppr,7.0,-0.001,0.012857,0.015492,0.300147,1.0,0.008,6.995586,1.495586,0,0,0.0,0.0,1.0,0.5,0.300147
2026-10-03T13:34:46.938Z,LAT-00811-9dec79,BASE_FINE,1.0,ACCEPTABLE_CONTEXT,0.00428,OK,0.9574,A-1.0-ppr,7.0,0.0,0.008571,0.008944,0.30015,-1.0,0.005,7.002968,1.502968,0,0,0.0,0.0,1.0,0.5,0.30015
2026-10-03T13:34:46.939Z,LAT-00812-37f601,ACID_FINE,2.1,ACCEPTABLE_CONTEXT,0.00428,OK,0.9957,A-1.0-ppr,7.002,-0.003,-0.007143,0.007483,0.300155,1.0,0.0105,6.996207,1.496207,0,0,0.0,0.0,1.0,0.5,0.300155
2026-10-03T13:34:46.941Z,LAT-00813-4a9490,ACID_FINE,3.0,ACCEPTABLE_CONTEXT,0.00428,OK,0.9539,A-1.0-ppr,6.998,-0.004,-0.002857,0.007483,0.300152,1.0,0.015,6.989729,1.489729,0,0,0.0,0.0,1.0,0.5,0.300152
2026-10-03T13:34:46.941Z,LAT-00814-0bcc6f,BASE_FINE,2.5,UNCERTAIN_CONTEXT,1.0,STALE_SAMPLE,0.4456,A-1.0-ppr,7.0,-0.002,-0.008571,0.010954,4.000155,-1.0,0.0125,7.00743,1.50743,0,0,0.0,0.0,1.0,0.5,4.000155
2026-10-03T13:34:46.943Z,LAT-00815-f2ec53,BASE_FINE,6.2,ACCEPTABLE_CONTEXT,0.008166,OK,1.0307,A-1.0-ppr,3.494,-0.003,-0.004286,0.008,0.300152,-1.0,0.031,3.504684,-1.995316,0,0,0.0,0.0,1.0,0.5,0.300152
2026-10-03T13:34:46.944Z,LAT-00816-2d97a1,ACID_FINE,0.6,ACCEPTABLE_CONTEXT,0.004506,OK,0.9568,A-1.0-ppr,6.996,-0.001,0.004286,0.004899,0.300155,1.0,0.003,6.994345,1.494345,0,0,0.0,0.0,1.0,0.5,0.300155
2026-10-03T13:34:46.945Z,LAT-00817-19ce13,ACID_FINE,1.5,ACCEPTABLE_CONTEXT,0.00428,OK,0.9513,A-1.0-ppr,6.994,0.005,0.001429,0.010198,0.300151,1.0,0.0075,6.989865,1.489865,0,0,0.0,0.0,1.0,0.5,0.300151
2026-10-03T13:34:46.946Z,LAT-00818-bb28a5,BASE_FINE,2.4,UNCERTAIN_CONTEXT,1.0,STALE_SAMPLE,0.4838,A-1.0-ppr,7.002,0.003,0.001429,0.007483,4.000153,-1.0,0.012,7.009208,1.509208,0,0,0.0,0.0,1.0,0.5,4.000153
2026-10-03T13:34:46.947Z,LAT-00819-886c6b,ACID_FINE,2.1,ACCEPTABLE_CONTEXT,0.00428,OK,0.9761,A-1.0-ppr,7.0,0.004,0.002857,0.012649,0.300153,1.0,0.0105,6.994208,1.494208,0,0,0.0,0.0,1.0,0.5,0.300153
2026-10-03T13:34:46.948Z,LAT-00820-1ec4d9,ACID_BULK,15.8,HARMFUL_CONTEXT,1.0,"PREDICTED_UNSAFE:a,b,d",0.49,A-1.0-ppr,6.2,0.0,-0.005714,0.008944,0.300152,1.0,7.9,2.935688,-2.564312,0,0,0.0,0.0,1.0,0.5,0.300152
2026-10-03T13:34:46.949Z,LAT-00821-4ab4d5,BASE_FINE,3.7,UNCERTAIN_CONTEXT,1.0,STALE_SAMPLE,0.4231,A-1.0-ppr,6.996,-0.013,0.007143,0.024166,4.000149,-1.0,0.0185,7.006978,1.506978,0,0,0.0,0.0,1.0,0.5,4.000149
2026-10-03T13:34:46.950Z,LAT-00822-4f174f,ACID_BULK,19.6,HARMFUL_CONTEXT,1.0,"PREDICTED_UNSAFE:a,b,d",0.4561,A-1.0-ppr,6.202,0.003,0.001429,0.007483,0.300146,1.0,9.8,2.813814,-2.686186,0,0,0.0,0.0,1.0,0.5,0.300146
2026-10-03T13:34:46.951Z,LAT-00823-32a7df,BASE_FINE,3.2,ACCEPTABLE_CONTEXT,0.00428,OK,0.9971,A-1.0-ppr,6.99,-0.002,-0.011429,0.012649,0.300159,-1.0,0.016,6.999498,1.499498,0,0,0.0,0.0,1.0,0.5,0.300159
2026-10-03T13:34:46.952Z,LAT-00824-63d98d,ACID_BULK,11.9,HARMFUL_CONTEXT,1.0,"PREDICTED_UNSAFE:a,b,d",0.4811,A-1.0-ppr,6.2,0.001,0.01,0.008944,0.300151,1.0,5.95,3.112151,-2.387849,0,0,0.0,0.0,1.0,0.5,0.300151
2026-10-03T13:34:46.953Z,LAT-00825-ba3b68,BASE_FINE,3.4,UNCERTAIN_CONTEXT,1.0,STALE_SAMPLE,0.403,A-1.0-ppr,6.998,0.004,0.005714,0.009798,4.000148,-1.0,0.017,7.008129,1.508129,0,0,0.0,0.0,1.0,0.5,4.000148
2026-10-03T13:34:46.953Z,LAT-00826-33bf9a,ACID_BULK,12.4,HARMFUL_CONTEXT,1.0,"PREDICTED_UNSAFE:a,b,d",0.4552,A-1.0-ppr,6.196,0.0,0.0,0.008,0.300146,1.0,6.2,3.0839,-2.4161,0,0,0.0,0.0,1.0,0.5,0.300146
2026-10-03T13:34:46.954Z,LAT-00827-1ec599,ACID_BULK,13.9,HARMFUL_CONTEXT,1.0,"PREDICTED_UNSAFE:a,b,d",0.4617,A-1.0-ppr,6.206,0.0,-0.005714,0.004899,0.300144,1.0,6.95,3.014266,-2.485734,0,0,0.0,0.0,1.0,0.5,0.300144
2026-10-03T13:34:46.956Z,LAT-00828-6aa9f7,BASE_FINE,8.6,ACCEPTABLE_CONTEXT,0.004506,OK,1.0421,A-1.0-ppr,7.002,-0.002,0.002857,0.004,0.300148,-1.0,0.043,7.028373,1.528373,0,0,0.0,0.0,1.0,0.5,0.300148
2026-10-03T13:34:46.956Z,LAT-00829-f8d70e,ACID_BULK,10.5,HARMFUL_CONTEXT,1.0,"PREDICTED_UNSAFE:a,b,d",0.482,A-1.0-ppr,6.198,-0.002,0.002857,0.007483,0.300151,1.0,5.25,3.1976,-2.3024,0,0,0.0,0.0,1.0,0.5,0.300151
2026-10-03T13:34:46.957Z,LAT-00830-76e300,BASE_FINE,4.5,UNCERTAIN_CONTEXT,1.0,STALE_SAMPLE,0.417,A-1.0-ppr,6.998,-0.003,0.001429,0.007483,4.000148,-1.0,0.0225,7.011535,1.511535,0,0,0.0,0.0,1.0,0.5,4.000148
2026-10-03T13:34:46.958Z,LAT-00831-b41c67,ACID_BULK,15.3,HARMFUL_CONTEXT,1.0,"PREDICTED_UNSAFE:a,b,d",0.4522,A-1.0-ppr,6.2,-0.004,-0.005714,0.008944,0.300147,1.0,7.65,2.954679,-2.545321,0,0,0.0,0.0,1.0,0.5,0.300147
2026-10-03T13:34:46.959Z,LAT-00832-7f5813,ACID_FINE,9.5,ACCEPTABLE_CONTEXT,0.00428,OK,1.0076,A-1.0-ppr,6.998,0.003,0.004286,0.011662,0.30015,1.0,0.0475,6.972097,1.472097,0,0,0.0,0.0,1.0,0.5,0.30015
2026-10-03T13:34:46.961Z,LAT-00833-02ccf9,ACID_FINE,4.9,ACCEPTABLE_CONTEXT,0.00428,OK,0.9885,A-1.0-ppr,7.0,-0.004,0.0,0.006325,0.300153,1.0,0.0245,6.986494,1.486494,0,0,0.0,0.0,1.0,0.5,0.300153
2026-10-03T13:34:46.962Z,LAT-00834-a86896,BASE_FINE,3.5,ACCEPTABLE_CONTEXT,0.004506,OK,1.0095,A-1.0-ppr,7.006,0.002,0.0,0.004899,0.300151,-1.0,0.0175,7.016788,1.516788,0,0,0.0,0.0,1.0,0.5,0.300151
2026-10-03T13:34:46.963Z,LAT-00835-fc4646,ACID_BULK,15.9,HARMFUL_CONTEXT,1.0,"PREDICTED_UNSAFE:a,b,d",0.4911,A-1.0-ppr,6.204,-0.004,-0.002857,0.008,0.300155,1.0,7.95,2.932819,-2.567181,0,0,0.0,0.0,1.0,0.5,0.300155
2026-10-03T13:34:46.964Z,LAT-00836-c03aee,BASE_FINE,2.5,ACCEPTABLE_CONTEXT,0.004506,OK,1.0044,A-1.0-ppr,7.004,-0.002,0.0,0.004899,0.300148,-1.0,0.0125,7.011606,1.511606,0,0,0.0,0.0,1.0,0.5,0.300148
2026-10-03T13:34:46.965Z,LAT-00837-8e9b06,ACID_BULK,19.5,HARMFUL_CONTEXT,1.0,"PREDICTED_UNSAFE:a,b,d",0.4831,A-1.0-ppr,6.196,-0.006,0.0,0.010198,0.300151,1.0,9.75,2.815667,-2.684333,0,0,0.0,0.0,1.0,0.5,0.300151
2026-10-03T13:34:46.966Z,LAT-00838-741ff7,BASE_FINE,2.6,UNCERTAIN_CONTEXT,1.0,STALE_SAMPLE,0.449,A-1.0-ppr,7.002,0.007,0.007143,0.013266,4.000148,-1.0,0.013,7.009828,1.509828,0,0,0.0,0.0,1.0,0.5,4.000148
2026-10-03T13:34:46.967Z,LAT-00839-01e3f5,ACID_FINE,6.1,ACCEPTABLE_CONTEXT,0.00428,OK,0.994,A-1.0-ppr,6.996,-0.003,0.007143,0.010198,0.30017,1.0,0.0305,6.979201,1.479201,0,0,0.0,0.0,1.0,0.5,0.30017
2026-10-03T13:34:46.968Z,LAT-00840-596b8d,ACID_FINE,5.4,ACCEPTABLE_CONTEXT,0.00428,OK,0.9621,A-1.0-ppr,6.998,0.005,-0.01,0.013266,0.300154,1.0,0.027,6.983122,1.483122,0,0,0.0,0.0,1.0,0.5,0.300154
2026-10-03T13:34:46.970Z,LAT-00841-13d2b8,BASE_FINE,2.9,ACCEPTABLE_CONTEXT,0.00428,OK,0.9895,A-1.0-ppr,7.006,0.004,0.008571,0.010198,0.300152,-1.0,0.0145,7.014932,1.514932,0,0,0.0,0.0,1.0,0.5,0.300152
2026-10-03T13:34:46.971Z,LAT-00842-f7969c,ACID_FINE,3.3,ACCEPTABLE_CONTEXT,0.00428,OK,0.9432,A-1.0-ppr,6.998,0.002,0.005714,0.007483,0.300166,1.0,0.0165,6.988903,1.488903,0,0,0.0,0.0,1.0,0.5,0.300166
2026-10-03T13:34:46.972Z,LAT-00843-1e2efb,ACID_BULK,18.3,HARMFUL_CONTEXT,1.0,"PREDICTED_UNSAFE:a,b,d",0.4896,A-1.0-ppr,6.2,-0.003,0.004286,0.006325,0.300153,1.0,9.15,2.851535,-2.648465,0,0,0.0,0.0,1.0,0.5,0.300153
2026-10-03T13:34:46.973Z,LAT-00844-87bddb,BASE_FINE,4.7,UNCERTAIN_CONTEXT,1.0,STALE_SAMPLE,0.4215,A-1.0-ppr,6.996,-0.001,-0.001429,0.004899,4.000161,-1.0,0.0235,7.010067,1.510067,0,0,0.0,0.0,1.0,0.5,4.000161
2026-10-03T13:34:46.974Z,LAT-00845-fd4ccc,ACID_FINE,5.3,ACCEPTABLE_CONTEXT,0.00428,OK,0.9747,A-1.0-ppr,7.0,0.002,0.014286,0.012649,0.300148,1.0,0.0265,6.985394,1.485394,0,0,0.0,0.0,1.0,0.5,0.300148
2026-10-03T13:34:46.975Z,LAT-00846-3ab635,ACID_FINE,4.0,ACCEPTABLE_CONTEXT,0.00428,OK,0.9879,A-1.0-ppr,6.99,0.001,0.001429,0.006325,0.300161,1.0,0.02,6.978987,1.478987,0,0,0.0,0.0,1.0,0.5,0.300161
2026-10-03T13:34:46.976Z,LAT-00847-b59e5e,ACID_BULK,16.0,HARMFUL_CONTEXT,1.0,"PREDICTED_UNSAFE:a,b,d",0.4932,A-1.0-ppr,6.204,-0.002,0.002857,0.008,0.30016,1.0,8.0,2.929143,-2.570857,0,0,0.0,0.0,1.0,0.5,0.30016
2026-10-03T13:34:46.977Z,LAT-00848-47d247,ACID_BULK,10.0,HARMFUL_CONTEXT,1.0,"PREDICTED_UNSAFE:a,b,d",0.4693,A-1.0-ppr,6.192,0.004,0.0,0.009798,0.300149,1.0,5.0,3.230512,-2.269488,0,0,0.0,0.0,1.0,0.5,0.300149
2026-10-03T13:34:46.978Z,LAT-00849-d8814f,BASE_FINE,1.3,ACCEPTABLE_CONTEXT,0.00428,OK,1.047,A-1.0-ppr,7.002,-0.005,-0.007143,0.011662,0.300148,-1.0,0.0065,7.005857,1.505857,0,0,0.0,0.0,1.0,0.5,0.300148
2026-10-03T13:34:46.979Z,LAT-00850-a31205,ACID_BULK,14.0,HARMFUL_CONTEXT,1.0,"PREDICTED_UNSAFE:a,b,d",0.4898,A-1.0-ppr,6.196,0.0,0.002857,0.004899,0.300153,1.0,7.0,3.007353,-2.492647,0,0,0.0,0.0,1.0,0.5,0.300153
2026-10-03T13:34:46.981Z,LAT-00851-77dba6,BASE_FINE,3.4,ACCEPTABLE_CONTEXT,0.008166,OK,1.0563,A-1.0-ppr,3.506,-0.002,0.008571,0.008,0.300146,-1.0,0.017,3.511984,-1.988016,0,0,0.0,0.0,1.0,0.5,0.300146
2026-10-03T13:34:46.982Z,LAT-00852-0d2a5b,BASE_FINE,2.0,ACCEPTABLE_CONTEXT,0.00428,OK,0.9633,A-1.0-ppr,6.996,0.0,-0.002857,0.010198,0.30015,-1.0,0.01,7.001936,1.501936,0,0,0.0,0.0,1.0,0.5,0.30015
2026-10-03T13:34:46.983Z,LAT-00853-2f327d,BASE_FINE,5.9,ACCEPTABLE_CONTEXT,0.004506,OK,0.9672,A-1.0-ppr,6.996,0.002,0.0,0.004899,0.300154,-1.0,0.0295,7.013781,1.513781,0,0,0.0,0.0,1.0,0.5,0.300154
2026-10-03T13:34:46.985Z,LAT-00854-851c2c,BASE_FINE,6.6,ACCEPTABLE_CONTEXT,0.00428,OK,0.95,A-1.0-ppr,7.0,-0.002,0.008571,0.012649,0.300151,-1.0,0.033,7.020116,1.520116,0,0,0.0,0.0,1.0,0.5,0.300151
2026-10-03T13:34:46.986Z,LAT-00855-164c33,ACID_FINE,6.1,ACCEPTABLE_CONTEXT,0.00428,OK,0.9416,A-1.0-ppr,6.99,0.001,-0.007143,0.010954,0.300149,1.0,0.0305,6.973406,1.473406,0,0,0.0,0.0,1.0,0.5,0.300149
2026-10-03T13:34:46.987Z,LAT-00856-4a16c7,ACID_BULK,10.1,HARMFUL_CONTEXT,1.0,"PREDICTED_UNSAFE:a,b,d",0.4992,A-1.0-ppr,6.198,0.002,-0.002857,0.004,0.300167,1.0,5.05,3.225699,-2.274301,0,0,0.0,0.0,1.0,0.5,0.300167
2026-10-03T13:34:46.988Z,LAT-00857-72c9e3,BASE_FINE,1.2,ACCEPTABLE_CONTEXT,0.004506,OK,0.9933,A-1.0-ppr,7.008,0.0,0.002857,0.004,0.300149,-1.0,0.006,7.011718,1.511718,0,0,0.0,0.0,1.0,0.5,0.300149
2026-10-03T13:34:46.989Z,LAT-00858-0736bd,BASE_FINE,3.1,ACCEPTABLE_CONTEXT,0.00428,OK,0.9516,A-1.0-ppr,6.996,-0.004,0.002857,0.008,0.300151,-1.0,0.0155,7.005199,1.505199,0,0,0.0,0.0,1.0,0.5,0.300151
2026-10-03T13:34:46.990Z,LAT-00859-a78066,BASE_FINE,2.7,UNCERTAIN_CONTEXT,1.0,STALE_SAMPLE,0.4866,A-1.0-ppr,7.006,0.0,0.002857,0.004899,4.000149,-1.0,0.0135,7.014313,1.514313,0,0,0.0,0.0,1.0,0.5,4.000149
2026-10-03T13:34:46.991Z,LAT-00860-f1b0d2,ACID_FINE,5.6,ACCEPTABLE_CONTEXT,0.00428,OK,1.0104,A-1.0-ppr,7.006,0.001,0.001429,0.010198,0.300152,1.0,0.028,6.990559,1.490559,0,0,0.0,0.0,1.0,0.5,0.300152
2026-10-03T13:34:46.993Z,LAT-00861-b28100,BASE_FINE,5.5,ACCEPTABLE_CONTEXT,0.00428,OK,0.9539,A-1.0-ppr,7.0,0.008,-0.005714,0.012649,0.30015,-1.0,0.0275,7.016715,1.516715,0,0,0.0,0.0,1.0,0.5,0.30015
2026-10-03T13:34:46.994Z,LAT-00862-c1d4d2,BASE_FINE,6.3,ACCEPTABLE_CONTEXT,0.00428,OK,0.9581,A-1.0-ppr,6.994,0.002,0.002857,0.008,0.300152,-1.0,0.0315,7.012932,1.512932,0,0,0.0,0.0,1.0,0.5,0.300152
2026-10-03T13:34:46.995Z,LAT-00863-1c7049,ACID_BULK,17.8,HARMFUL_CONTEXT,1.0,"PREDICTED_UNSAFE:a,b,d",0.4973,A-1.0-ppr,6.196,0.002,-0.008571,0.012,0.300154,1.0,8.9,2.866386,-2.633614,0,0,0.0,0.0,1.0,0.5,0.300154
2026-10-03T13:34:46.996Z,LAT-00864-2ab09d,BASE_FINE,1.8,UNCERTAIN_CONTEXT,1.0,STALE_SAMPLE,0.4551,A-1.0-ppr,7.004,-0.002,0.0,0.004899,4.000148,-1.0,0.009,7.009438,1.509438,0,0,0.0,0.0,1.0,0.5,4.000148
2026-10-03T13:34:46.996Z,LAT-00865-f399f5,BASE_FINE,1.5,UNCERTAIN_CONTEXT,1.0,STALE_SAMPLE,0.4432,A-1.0-ppr,7.008,-0.002,-0.008571,0.011662,4.000147,-1.0,0.0075,7.012647,1.512647,0,0,0.0,0.0,1.0,0.5,4.000147
2026-10-03T13:34:46.997Z,LAT-00866-94a929,BASE_FINE,2.7,UNCERTAIN_CONTEXT,1.0,STALE_SAMPLE,0.4362,A-1.0-ppr,7.008,0.0,0.0,0.007483,4.000146,-1.0,0.0135,7.016362,1.516362,0,0,0.0,0.0,1.0,0.5,4.000146
2026-10-03T13:34:46.999Z,LAT-00867-ffc17d,BASE_FINE,7.5,ACCEPTABLE_CONTEXT,0.008597,OK,1.0953,A-1.0-ppr,3.504,0.003,0.001429,0.004899,0.300145,-1.0,0.0375,3.517242,-1.982758,0,0,0.0,0.0,1.0,0.5,0.300145
2026-10-03T13:34:47.000Z,LAT-00868-0277e6,BASE_FINE,8.5,ACCEPTABLE_CONTEXT,0.008166,OK,1.0446,A-1.0-ppr,3.498,-0.008,0.002857,0.013266,0.300155,-1.0,0.0425,3.512838,-1.987162,0,0,0.0,0.0,1.0,0.5,0.300155
2026-10-03T13:34:47.001Z,LAT-00869-d2e144,ACID_FINE,8.4,ACCEPTABLE_CONTEXT,0.00428,OK,0.994,A-1.0-ppr,7.004,0.004,0.0,0.008,0.300152,1.0,0.042,6.98086,1.48086,0,0,0.0,0.0,1.0,0.5,0.300152
2026-10-03T13:34:47.003Z,LAT-00870-04ce32,ACID_FINE,2.1,ACCEPTABLE_CONTEXT,0.004506,OK,1.4528,A-1.0-ppr,7.008,-0.002,-0.002857,0.004,0.300153,1.0,0.0105,7.002168,1.502168,0,0,0.0,0.0,1.0,0.5,0.300153
2026-10-03T13:34:47.004Z,LAT-00871-3e391f,ACID_BULK,17.9,HARMFUL_CONTEXT,1.0,"PREDICTED_UNSAFE:a,b,d",0.5239,A-1.0-ppr,6.202,0.001,-0.001429,0.004,0.300172,1.0,8.95,2.864302,-2.635698,0,0,0.0,0.0,1.0,0.5,0.300172
2026-10-03T13:34:47.005Z,LAT-00872-cbbf6b,ACID_BULK,10.5,HARMFUL_CONTEXT,1.0,"PREDICTED_UNSAFE:a,b,d",0.4786,A-1.0-ppr,6.192,0.006,-0.0,0.011662,0.300156,1.0,5.25,3.195291,-2.304709,0,0,0.0,0.0,1.0,0.5,0.300156
2026-10-03T13:34:47.006Z,LAT-00873-7a3054,ACID_BULK,15.5,HARMFUL_CONTEXT,1.0,"PREDICTED_UNSAFE:a,b,d",0.4619,A-1.0-ppr,6.206,0.006,-0.005714,0.010198,0.300148,1.0,7.75,2.94827,-2.55173,0,0,0.0,0.0,1.0,0.5,0.300148
2026-10-03T13:34:47.006Z,LAT-00874-006a6c,ACID_BULK,13.4,HARMFUL_CONTEXT,1.0,"PREDICTED_UNSAFE:a,b,d",0.4621,A-1.0-ppr,6.202,0.001,-0.001429,0.004,0.300162,1.0,6.7,3.036086,-2.463914,0,0,0.0,0.0,1.0,0.5,0.300162
2026-10-03T13:34:47.007Z,LAT-00875-291b3d,ACID_BULK,10.7,HARMFUL_CONTEXT,1.0,"PREDICTED_UNSAFE:a,b,d",0.4556,A-1.0-ppr,6.204,-0.002,0.0,0.004899,0.300148,1.0,5.35,3.18644,-2.31356,0,0,0.0,0.0,1.0,0.5,0.300148
2026-10-03T13:34:47.009Z,LAT-00876-43e1b1,ACID_FINE,6.9,ACCEPTABLE_CONTEXT,0.00428,OK,1.0399,A-1.0-ppr,6.996,-0.001,-0.01,0.013565,0.300148,1.0,0.0345,6.977057,1.477057,0,0,0.0,0.0,1.0,0.5,0.300148
2026-10-03T13:34:47.009Z,LAT-00877-63e13b,ACID_BULK,13.1,HARMFUL_CONTEXT,1.0,"PREDICTED_UNSAFE:a,b,d",0.4824,A-1.0-ppr,6.2,-0.001,-0.004286,0.006325,0.300154,1.0,6.55,3.049831,-2.450169,0,0,0.0,0.0,1.0,0.5,0.300154
2026-10-03T13:34:47.010Z,LAT-00878-c0ee13,ACID_BULK,15.1,HARMFUL_CONTEXT,1.0,"PREDICTED_UNSAFE:a,b,d",0.4689,A-1.0-ppr,6.2,0.0,-0.008571,0.008944,0.300148,1.0,7.55,2.962515,-2.537485,0,0,0.0,0.0,1.0,0.5,0.300148
2026-10-03T13:34:47.011Z,LAT-00879-94bef1,ACID_BULK,11.3,HARMFUL_CONTEXT,1.0,"PREDICTED_UNSAFE:a,b,d",0.4566,A-1.0-ppr,6.194,0.002,0.0,0.004899,0.300148,1.0,5.65,3.144963,-2.355037,0,0,0.0,0.0,1.0,0.5,0.300148
2026-10-03T13:34:47.012Z,LAT-00880-c4b0a6,ACID_FINE,1.3,ACCEPTABLE_CONTEXT,0.00428,OK,1.0549,A-1.0-ppr,7.006,0.009,-0.001429,0.013565,0.30015,1.0,0.0065,7.002412,1.502412,0,0,0.0,0.0,1.0,0.5,0.30015
2026-10-03T13:34:47.014Z,LAT-00881-3a0831,ACID_FINE,5.3,ACCEPTABLE_CONTEXT,0.00428,OK,0.9962,A-1.0-ppr,7.0,-0.006,0.0,0.008944,0.300154,1.0,0.0265,6.985394,1.485394,0,0,0.0,0.0,1.0,0.5,0.300154
2026-10-03T13:34:47.015Z,LAT-00882-e35660,ACID_FINE,9.1,ACCEPTABLE_CONTEXT,0.00428,OK,0.9864,A-1.0-ppr,6.99,0.004,0.0,0.006325,0.300164,1.0,0.0455,6.965475,1.465475,0,0,0.0,0.0,1.0,0.5,0.300164
2026-10-03T13:34:47.016Z,LAT-00883-c36f74,ACID_FINE,3.4,ACCEPTABLE_CONTEXT,0.00428,OK,0.9907,A-1.0-ppr,7.006,-0.001,0.007143,0.010198,0.300155,1.0,0.017,6.996621,1.496621,0,0,0.0,0.0,1.0,0.5,0.300155
2026-10-03T13:34:47.017Z,LAT-00884-e75ee1,BASE_FINE,1.2,UNCERTAIN_CONTEXT,1.0,STALE_SAMPLE,0.4431,A-1.0-ppr,6.994,0.008,-0.008571,0.013565,4.000154,-1.0,0.006,6.997563,1.497563,0,0,0.0,0.0,1.0,0.5,4.000154
2026-10-03T13:34:47.018Z,LAT-00885-cf3a21,BASE_FINE,1.8,UNCERTAIN_CONTEXT,1.0,STALE_SAMPLE,0.4299,A-1.0-ppr,6.988,0.0,0.0,0.016,4.000152,-1.0,0.009,6.993344,1.493344,0,0,0.0,0.0,1.0,0.5,4.000152
2026-10-03T13:34:47.019Z,LAT-00886-4e64a7,BASE_FINE,4.6,ACCEPTABLE_CONTEXT,0.00428,OK,1.02,A-1.0-ppr,7.002,-0.004,-0.005714,0.009798,0.300154,-1.0,0.023,7.016018,1.516018,0,0,0.0,0.0,1.0,0.5,0.300154
2026-10-03T13:34:47.020Z,LAT-00887-3d1ce3,ACID_BULK,17.5,HARMFUL_CONTEXT,1.0,"PREDICTED_UNSAFE:a,b,d",0.4869,A-1.0-ppr,6.198,0.009,0.004286,0.017205,0.300154,1.0,8.75,2.876357,-2.623643,0,0,0.0,0.0,1.0,0.5,0.300154
2026-10-03T13:34:47.022Z,LAT-00888-0f2b4e,BASE_FINE,6.3,ACCEPTABLE_CONTEXT,0.00428,OK,0.9741,A-1.0-ppr,7.0,-0.001,0.001429,0.006325,0.30015,-1.0,0.0315,7.019189,1.519189,0,0,0.0,0.0,1.0,0.5,0.30015
2026-10-03T13:34:47.022Z,LAT-00889-e6ea59,BASE_FINE,4.4,UNCERTAIN_CONTEXT,1.0,STALE_SAMPLE,0.4595,A-1.0-ppr,7.0,0.005,-0.001429,0.008944,4.000155,-1.0,0.022,7.013313,1.513313,0,0,0.0,0.0,1.0,0.5,4.000155
2026-10-03T13:34:47.023Z,LAT-00890-7b8138,ACID_BULK,15.7,HARMFUL_CONTEXT,1.0,"PREDICTED_UNSAFE:a,b,d",0.4641,A-1.0-ppr,6.198,0.004,-0.002857,0.007483,0.300152,1.0,7.85,2.938996,-2.561004,0,0,0.0,0.0,1.0,0.5,0.300152
2026-10-03T13:34:47.024Z,LAT-00891-9da58f,ACID_BULK,10.7,HARMFUL_CONTEXT,1.0,"PREDICTED_UNSAFE:a,b,d",0.454,A-1.0-ppr,6.2,-0.002,0.008571,0.010954,0.300148,1.0,5.35,3.184952,-2.315048,0,0,0.0,0.0,1.0,0.5,0.300148
2026-10-03T13:34:47.025Z,LAT-00892-d0607a,ACID_FINE,1.8,ACCEPTABLE_CONTEXT,0.004506,OK,0.9747,A-1.0-ppr,6.998,0.0,0.002857,0.004,0.300148,1.0,0.009,6.993036,1.493036,0,0,0.0,0.0,1.0,0.5,0.300148
2026-10-03T13:34:47.026Z,LAT-00893-674021,BASE_FINE,2.4,UNCERTAIN_CONTEXT,1.0,STALE_SAMPLE,0.4463,A-1.0-ppr,6.988,-0.004,-0.002857,0.007483,4.000151,-1.0,0.012,6.995125,1.495125,0,0,0.0,0.0,1.0,0.5,4.000151
2026-10-03T13:34:47.027Z,LAT-00894-22470c,ACID_BULK,19.4,HARMFUL_CONTEXT,1.0,"PREDICTED_UNSAFE:a,b,d",0.4649,A-1.0-ppr,6.194,0.002,-0.002857,0.010198,0.300151,1.0,9.7,2.818167,-2.681833,0,0,0.0,0.0,1.0,0.5,0.300151
2026-10-03T13:34:47.028Z,LAT-00895-000efb,ACID_BULK,16.1,HARMFUL_CONTEXT,1.0,"PREDICTED_UNSAFE:a,b,d",0.4544,A-1.0-ppr,6.194,0.004,0.008571,0.013565,0.30015,1.0,8.05,2.923447,-2.576553,0,0,0.0,0.0,1.0,0.5,0.30015
2026-10-03T13:34:47.029Z,LAT-00896-1f52fd,BASE_FINE,2.4,ACCEPTABLE_CONTEXT,0.00428,OK,0.9999,A-1.0-ppr,6.996,0.005,0.004286,0.008,0.300147,-1.0,0.012,7.003123,1.503123,0,0,0.0,0.0,1.0,0.5,0.300147
2026-10-03T13:34:47.030Z,LAT-00897-d32eff,BASE_FINE,7.7,ACCEPTABLE_CONTEXT,0.00428,OK,1.0264,A-1.0-ppr,7.004,0.001,0.004286,0.008,0.300155,-1.0,0.0385,7.027679,1.527679,0,0,0.0,0.0,1.0,0.5,0.300155
2026-10-03T13:34:47.032Z,LAT-00898-80f62e,ACID_FINE,9.8,ACCEPTABLE_CONTEXT,0.00428,OK,1.0079,A-1.0-ppr,7.002,0.006,-0.008571,0.016,0.30016,1.0,0.049,6.975146,1.475146,0,0,0.0,0.0,1.0,0.5,0.30016
2026-10-03T13:34:47.032Z,LAT-00899-0d5772,ACID_BULK,16.8,HARMFUL_CONTEXT,1.0,"PREDICTED_UNSAFE:a,b,d",0.489,A-1.0-ppr,6.196,-0.002,-0.0,0.004899,0.300157,1.0,8.4,2.899262,-2.600738,0,0,0.0,0.0,1.0,0.5,0.300157
2026-10-03T13:34:47.033Z,LAT-00900-86deea,ACID_BULK,15.6,HARMFUL_CONTEXT,1.0,"PREDICTED_UNSAFE:a,b,d",0.4643,A-1.0-ppr,6.21,0.0,0.0,0.0,0.300157,1.0,7.8,2.945304,-2.554696,0,0,0.0,0.0,1.0,0.5,0.300157
2026-10-03T13:34:47.034Z,LAT-00901-e87bf3,ACID_BULK,16.5,HARMFUL_CONTEXT,1.0,"PREDICTED_UNSAFE:a,b,d",0.4809,A-1.0-ppr,6.198,-0.006,-0.002857,0.009798,0.300154,1.0,8.25,2.910032,-2.589968,0,0,0.0,0.0,1.0,0.5,0.300154
2026-10-03T13:34:47.036Z,LAT-00902-940b87,BASE_FINE,2.2,ACCEPTABLE_CONTEXT,0.00428,OK,1.0237,A-1.0-ppr,7.008,0.0,0.008571,0.011662,0.300153,-1.0,0.011,7.014814,1.514814,0,0,0.0,0.0,1.0,0.5,0.300153
2026-10-03T13:34:47.036Z,LAT-00903-c790d5,BASE_FINE,1.5,UNCERTAIN_CONTEXT,1.0,STALE_SAMPLE,0.4755,A-1.0-ppr,7.004,-0.002,0.0,0.004899,4.000157,-1.0,0.0075,7.008509,1.508509,0,0,0.0,0.0,1.0,0.5,4.000157
2026-10-03T13:34:47.038Z,LAT-00904-31eac6,ACID_FINE,9.9,ACCEPTABLE_CONTEXT,0.004506,OK,0.998,A-1.0-ppr,7.006,0.0,-0.005714,0.004899,0.300152,1.0,0.0495,6.978733,1.478733,0,0,0.0,0.0,1.0,0.5,0.300152
2026-10-03T13:34:47.038Z,LAT-00905-7387c1,BASE_FINE,1.3,UNCERTAIN_CONTEXT,1.0,STALE_SAMPLE,0.4754,A-1.0-ppr,7.002,-0.005,-0.001429,0.007483,4.000165,-1.0,0.0065,7.005857,1.505857,0,0,0.0,0.0,1.0,0.5,4.000165
2026-10-03T13:34:47.040Z,LAT-00906-9de34a,BASE_FINE,8.1,ACCEPTABLE_CONTEXT,0.00428,OK,0.9557,A-1.0-ppr,6.998,-0.002,0.005714,0.007483,0.300154,-1.0,0.0405,7.022665,1.522665,0,0,0.0,0.0,1.0,0.5,0.300154
2026-10-03T13:34:47.041Z,LAT-00907-9f4dfb,BASE_FINE,1.8,UNCERTAIN_CONTEXT,1.0,STALE_SAMPLE,0.4389,A-1.0-ppr,7.0,-0.002,0.005714,0.006325,4.000157,-1.0,0.009,7.005341,1.505341,0,0,0.0,0.0,1.0,0.5,4.000157
2026-10-03T13:34:47.042Z,LAT-00908-3ef471,ACID_FINE,1.2,ACCEPTABLE_CONTEXT,0.00428,OK,0.9457,A-1.0-ppr,6.998,0.005,0.001429,0.007483,0.300152,1.0,0.006,6.99469,1.49469,0,0,0.0,0.0,1.0,0.5,0.300152
2026-10-03T13:34:47.043Z,LAT-00909-768628,ACID_FINE,8.0,ACCEPTABLE_CONTEXT,0.004506,OK,0.9995,A-1.0-ppr,7.004,0.001,0.001429,0.004899,0.30016,1.0,0.04,6.981959,1.481959,0,0,0.0,0.0,1.0,0.5,0.30016
2026-10-03T13:34:47.045Z,LAT-00910-60d424,ACID_FINE,8.7,ACCEPTABLE_CONTEXT,0.00428,OK,0.9568,A-1.0-ppr,6.992,-0.002,-0.002857,0.007483,0.300159,1.0,0.0435,6.968451,1.468451,0,0,0.0,0.0,1.0,0.5,0.300159
2026-10-03T13:34:47.046Z,LAT-00911-2468a7,BASE_FINE,6.6,ACCEPTABLE_CONTEXT,0.00428,OK,0.9738,A-1.0-ppr,7.002,0.0,0.0,0.007483,0.300158,-1.0,0.033,7.0222,1.5222,0,0,0.0,0.0,1.0,0.5,0.300158
2026-10-03T13:34:47.047Z,LAT-00912-a2a3f6,BASE_FINE,4.8,ACCEPTABLE_CONTEXT,0.008166,OK,1.0373,A-1.0-ppr,3.498,-0.001,0.007143,0.007483,0.300163,-1.0,0.024,3.506324,-1.993676,0,0,0.0,0.0,1.0,0.5,0.300163
2026-10-03T13:34:47.049Z,LAT-00913-2958fa,BASE_FINE,7.9,ACCEPTABLE_CONTEXT,0.00428,OK,0.9741,A-1.0-ppr,7.002,0.004,-0.008571,0.011662,0.300161,-1.0,0.0395,7.026214,1.526214,0,0,0.0,0.0,1.0,0.5,0.300161
2026-10-03T13:34:47.049Z,LAT-00914-7325ff,BASE_FINE,2.4,UNCERTAIN_CONTEXT,1.0,STALE_SAMPLE,0.4758,A-1.0-ppr,7.002,0.003,-0.001429,0.009798,4.00016,-1.0,0.012,7.009208,1.509208,0,0,0.0,0.0,1.0,0.5,4.00016
2026-10-03T13:34:47.051Z,LAT-00915-260d50,BASE_FINE,2.1,ACCEPTABLE_CONTEXT,0.008166,OK,1.0374,A-1.0-ppr,3.506,-0.004,0.008571,0.013565,0.300156,-1.0,0.0105,3.509687,-1.990313,0,0,0.0,0.0,1.0,0.5,0.300156
2026-10-03T13:34:47.052Z,LAT-00916-e98032,ACID_BULK,12.8,HARMFUL_CONTEXT,1.0,"PREDICTED_UNSAFE:a,b,d",0.4927,A-1.0-ppr,6.196,-0.003,-0.004286,0.013565,0.300161,1.0,6.4,3.063457,-2.436543,0,0,0.0,0.0,1.0,0.5,0.300161
2026-10-03T13:34:47.053Z,LAT-00917-f8d6c1,ACID_FINE,5.9,ACCEPTABLE_CONTEXT,0.00428,OK,0.9841,A-1.0-ppr,7.006,0.0,0.0,0.008,0.300157,1.0,0.0295,6.989733,1.489733,0,0,0.0,0.0,1.0,0.5,0.300157
2026-10-03T13:34:47.054Z,LAT-00918-50f37b,BASE_FINE,8.5,ACCEPTABLE_CONTEXT,0.008166,OK,1.0367,A-1.0-ppr,3.498,-0.004,0.005714,0.009798,0.300158,-1.0,0.0425,3.512838,-1.987162,0,0,0.0,0.0,1.0,0.5,0.300158
2026-10-03T13:34:47.055Z,LAT-00919-0dea5a,ACID_BULK,10.0,HARMFUL_CONTEXT,1.0,"PREDICTED_UNSAFE:a,b,d",0.4967,A-1.0-ppr,6.194,0.005,0.01,0.013565,0.300159,1.0,5.0,3.231338,-2.268662,0,0,0.0,0.0,1.0,0.5,0.300159
2026-10-03T13:34:47.056Z,LAT-00920-8607de,BASE_FINE,4.5,UNCERTAIN_CONTEXT,1.0,STALE_SAMPLE,0.4523,A-1.0-ppr,7.002,-0.004,-0.002857,0.007483,4.000158,-1.0,0.0225,7.015709,1.515709,0,0,0.0,0.0,1.0,0.5,4.000158
2026-10-03T13:34:47.057Z,LAT-00921-32af34,ACID_FINE,3.1,ACCEPTABLE_CONTEXT,0.00428,OK,0.9877,A-1.0-ppr,7.006,-0.007,-0.001429,0.010198,0.300154,1.0,0.0155,6.997448,1.497448,0,0,0.0,0.0,1.0,0.5,0.300154
2026-10-03T13:34:47.058Z,LAT-00922-225072,BASE_FINE,3.1,UNCERTAIN_CONTEXT,1.0,STALE_SAMPLE,0.4498,A-1.0-ppr,7.0,0.004,-0.002857,0.010954,4.000156,-1.0,0.0155,7.009288,1.509288,0,0,0.0,0.0,1.0,0.5,4.000156
2026-10-03T13:34:47.059Z,LAT-00923-1cb145,ACID_BULK,11.4,HARMFUL_CONTEXT,1.0,"PREDICTED_UNSAFE:a,b,d",0.4695,A-1.0-ppr,6.204,0.003,-0.001429,0.010198,0.300156,1.0,5.7,3.142358,-2.357642,0,0,0.0,0.0,1.0,0.5,0.300156
2026-10-03T13:34:47.060Z,LAT-00924-6d5bdb,BASE_FINE,4.5,UNCERTAIN_CONTEXT,1.0,STALE_SAMPLE,0.412,A-1.0-ppr,7.0,-0.003,0.004286,0.006325,4.000152,-1.0,0.0225,7.013622,1.513622,0,0,0.0,0.0,1.0,0.5,4.000152
2026-10-03T13:34:47.061Z,LAT-00925-6f830d,ACID_BULK,14.6,HARMFUL_CONTEXT,1.0,"PREDICTED_UNSAFE:a,b,d",0.4524,A-1.0-ppr,6.2,0.0,0.0,0.0,0.300151,1.0,7.3,2.98275,-2.51725,0,0,0.0,0.0,1.0,0.5,0.300151
2026-10-03T13:34:47.061Z,LAT-00926-7b11c4,ACID_BULK,12.3,HARMFUL_CONTEXT,1.0,"PREDICTED_UNSAFE:a,b,d",0.4489,A-1.0-ppr,6.204,-0.005,0.001429,0.010198,0.30016,1.0,6.15,3.091566,-2.408434,0,0,0.0,0.0,1.0,0.5,0.30016
2026-10-03T13:34:47.063Z,LAT-00927-b7dc93,ACID_FINE,9.5,ACCEPTABLE_CONTEXT,0.00428,OK,1.0754,A-1.0-ppr,7.008,0.001,-0.007143,0.007483,0.300151,1.0,0.0475,6.981789,1.481789,0,0,0.0,0.0,1.0,0.5,0.300151
2026-10-03T13:34:47.064Z,LAT-00928-f6e413,ACID_BULK,12.4,HARMFUL_CONTEXT,1.0,"PREDICTED_UNSAFE:a,b,d",0.49,A-1.0-ppr,6.204,0.0,0.005714,0.004899,0.300162,1.0,6.2,3.086272,-2.413728,0,0,0.0,0.0,1.0,0.5,0.300162
2026-10-03T13:34:47.065Z,LAT-00929-b7c424,BASE_FINE,9.7,ACCEPTABLE_CONTEXT,0.00428,OK,0.963,A-1.0-ppr,6.998,0.005,-0.01,0.013266,0.300153,-1.0,0.0485,7.027602,1.527602,0,0,0.0,0.0,1.0,0.5,0.300153
2026-10-03T13:34:47.066Z,LAT-00930-bed7c4,ACID_FINE,3.3,ACCEPTABLE_CONTEXT,0.004506,OK,1.0132,A-1.0-ppr,7.006,0.001,-0.001429,0.004899,0.300156,1.0,0.0165,6.996896,1.496896,0,0,0.0,0.0,1.0,0.5,0.300156
2026-10-03T13:34:47.068Z,LAT-00931-c19d68,ACID_FINE,9.8,ACCEPTABLE_CONTEXT,0.004506,OK,0.9869,A-1.0-ppr,7.004,0.0,-0.002857,0.004899,0.300173,1.0,0.049,6.977067,1.477067,0,0,0.0,0.0,1.0,0.5,0.300173
2026-10-03T13:34:47.068Z,LAT-00932-8fae2f,BASE_FINE,4.9,UNCERTAIN_CONTEXT,1.0,STALE_SAMPLE,0.4308,A-1.0-ppr,6.998,0.005,-0.007143,0.009798,4.000159,-1.0,0.0245,7.012773,1.512773,0,0,0.0,0.0,1.0,0.5,4.000159
2026-10-03T13:34:47.069Z,LAT-00933-7e1d61,BASE_FINE,1.0,UNCERTAIN_CONTEXT,1.0,STALE_SAMPLE,0.422,A-1.0-ppr,6.996,-0.002,0.0,0.004899,4.000156,-1.0,0.005,6.998969,1.498969,0,0,0.0,0.0,1.0,0.5,4.000156
2026-10-03T13:34:47.071Z,LAT-00934-d9bd72,ACID_FINE,7.5,ACCEPTABLE_CONTEXT,0.00428,OK,0.9642,A-1.0-ppr,6.998,0.001,0.007143,0.007483,0.300152,1.0,0.0375,6.97739,1.47739,0,0,0.0,0.0,1.0,0.5,0.300152
2026-10-03T13:34:47.072Z,LAT-00935-6d4ec2,BASE_FINE,3.7,ACCEPTABLE_CONTEXT,0.004506,OK,0.946,A-1.0-ppr,6.998,0.001,0.001429,0.004,0.300158,-1.0,0.0185,7.009058,1.509058,0,0,0.0,0.0,1.0,0.5,0.300158
2026-10-03T13:34:47.073Z,LAT-00936-ffd4f7,ACID_BULK,19.1,HARMFUL_CONTEXT,1.0,"PREDICTED_UNSAFE:a,b,d",0.4905,A-1.0-ppr,6.2,0.0,0.0,0.0,0.300158,1.0,9.55,2.827733,-2.672267,0,0,0.0,0.0,1.0,0.5,0.300158
2026-10-03T13:34:47.074Z,LAT-00937-3d3dd4,ACID_BULK,19.1,HARMFUL_CONTEXT,1.0,"PREDICTED_UNSAFE:a,b,d",0.4662,A-1.0-ppr,6.2,-0.004,0.011429,0.012649,0.300159,1.0,9.55,2.827733,-2.672267,0,0,0.0,0.0,1.0,0.5,0.300159
2026-10-03T13:34:47.075Z,LAT-00938-fc0aa5,ACID_FINE,5.4,ACCEPTABLE_CONTEXT,0.00428,OK,1.0082,A-1.0-ppr,7.002,0.001,-0.004286,0.011662,0.300153,1.0,0.027,6.987115,1.487115,0,0,0.0,0.0,1.0,0.5,0.300153
2026-10-03T13:34:47.076Z,LAT-00939-705744,BASE_FINE,2.2,ACCEPTABLE_CONTEXT,0.008166,OK,1.0225,A-1.0-ppr,3.502,-0.004,-0.002857,0.007483,0.300158,-1.0,0.011,3.505831,-1.994169,0,0,0.0,0.0,1.0,0.5,0.300158
2026-10-03T13:34:47.078Z,LAT-00940-addc85,BASE_FINE,3.8,ACCEPTABLE_CONTEXT,0.00428,OK,0.9378,A-1.0-ppr,6.998,-0.007,-0.004286,0.011662,0.30016,-1.0,0.019,7.009368,1.509368,0,0,0.0,0.0,1.0,0.5,0.30016
2026-10-03T13:34:47.079Z,LAT-00941-d5adce,BASE_FINE,4.0,ACCEPTABLE_CONTEXT,0.004506,OK,0.9566,A-1.0-ppr,6.996,-0.001,-0.001429,0.004899,0.300158,-1.0,0.02,7.0079,1.5079,0,0,0.0,0.0,1.0,0.5,0.300158
2026-10-03T13:34:47.080Z,LAT-00942-749b53,ACID_FINE,1.7,ACCEPTABLE_CONTEXT,0.00428,OK,0.9668,A-1.0-ppr,7.002,-0.001,-0.004286,0.011662,0.30016,1.0,0.0085,6.99731,1.49731,0,0,0.0,0.0,1.0,0.5,0.30016
2026-10-03T13:34:47.081Z,LAT-00943-37e91b,BASE_FINE,4.4,UNCERTAIN_CONTEXT,1.0,STALE_SAMPLE,0.4452,A-1.0-ppr,6.994,0.001,0.001429,0.004899,4.00016,-1.0,0.022,7.007054,1.507054,0,0,0.0,0.0,1.0,0.5,4.00016
2026-10-03T13:34:47.082Z,LAT-00944-a968d0,BASE_FINE,3.3,UNCERTAIN_CONTEXT,1.0,STALE_SAMPLE,0.4211,A-1.0-ppr,6.996,0.001,-0.015714,0.013565,4.000156,-1.0,0.0165,7.005792,1.505792,0,0,0.0,0.0,1.0,0.5,4.000156
2026-10-03T13:34:47.083Z,LAT-00945-ea006a,ACID_FINE,7.6,ACCEPTABLE_CONTEXT,0.00428,OK,0.992,A-1.0-ppr,7.006,-0.006,-0.005714,0.010198,0.300167,1.0,0.038,6.985055,1.485055,0,0,0.0,0.0,1.0,0.5,0.300167
2026-10-03T13:34:47.084Z,LAT-00946-0e5fda,BASE_FINE,1.8,UNCERTAIN_CONTEXT,1.0,STALE_SAMPLE,0.4658,A-1.0-ppr,7.002,-0.002,0.002857,0.004,4.000159,-1.0,0.009,7.007349,1.507349,0,0,0.0,0.0,1.0,0.5,4.000159
2026-10-03T13:34:47.085Z,LAT-00947-1b3fb5,BASE_FINE,4.8,UNCERTAIN_CONTEXT,1.0,STALE_SAMPLE,0.4449,A-1.0-ppr,7.004,-0.001,0.004286,0.008,4.000152,-1.0,0.024,7.018722,1.518722,0,0,0.0,0.0,1.0,0.5,4.000152
2026-10-03T13:34:47.086Z,LAT-00948-dfe657,ACID_FINE,4.7,ACCEPTABLE_CONTEXT,0.00428,OK,0.9581,A-1.0-ppr,6.998,0.004,0.002857,0.007483,0.300149,1.0,0.0235,6.985048,1.485048,0,0,0.0,0.0,1.0,0.5,0.300149
2026-10-03T13:34:47.087Z,LAT-00949-891069,BASE_FINE,1.2,UNCERTAIN_CONTEXT,1.0,STALE_SAMPLE,0.4743,A-1.0-ppr,7.006,0.0,-0.011429,0.012,4.000159,-1.0,0.006,7.009668,1.509668,0,0,0.0,0.0,1.0,0.5,4.000159
2026-10-03T13:34:47.088Z,LAT-00950-bdcc63,ACID_FINE,5.5,ACCEPTABLE_CONTEXT,0.00428,OK,1.0176,A-1.0-ppr,7.004,-0.003,-0.004286,0.010198,0.300153,1.0,0.0275,6.988837,1.488837,0,0,0.0,0.0,1.0,0.5,0.300153
2026-10-03T13:34:47.090Z,LAT-00951-2b89d3,ACID_FINE,9.8,ACCEPTABLE_CONTEXT,0.00428,OK,0.9423,A-1.0-ppr,6.998,0.005,-0.007143,0.009798,0.300169,1.0,0.049,6.971304,1.471304,0,0,0.0,0.0,1.0,0.5,0.300169
2026-10-03T13:34:47.090Z,LAT-00952-664db8,BASE_FINE,3.6,UNCERTAIN_CONTEXT,1.0,STALE_SAMPLE,0.4452,A-1.0-ppr,6.998,0.0,0.002857,0.004,4.000157,-1.0,0.018,7.008749,1.508749,0,0,0.0,0.0,1.0,0.5,4.000157
2026-10-03T13:34:47.092Z,LAT-00953-fe600d,ACID_FINE,3.0,ACCEPTABLE_CONTEXT,0.00428,OK,0.9617,A-1.0-ppr,6.996,0.001,-0.007143,0.008,0.300157,1.0,0.015,6.987731,1.487731,0,0,0.0,0.0,1.0,0.5,0.300157
2026-10-03T13:34:47.093Z,LAT-00954-6436fb,ACID_FINE,5.2,ACCEPTABLE_CONTEXT,0.004506,OK,0.9487,A-1.0-ppr,6.994,-0.002,0.0,0.004899,0.300158,1.0,0.026,6.97968,1.47968,0,0,0.0,0.0,1.0,0.5,0.300158
2026-10-03T13:34:47.094Z,LAT-00955-a8d873,BASE_FINE,4.7,UNCERTAIN_CONTEXT,1.0,STALE_SAMPLE,0.4421,A-1.0-ppr,7.0,-0.003,-0.004286,0.006325,4.000157,-1.0,0.0235,7.014241,1.514241,0,0,0.0,0.0,1.0,0.5,4.000157
2026-10-03T13:34:47.095Z,LAT-00956-6b278d,ACID_FINE,9.4,ACCEPTABLE_CONTEXT,0.00428,OK,0.9928,A-1.0-ppr,7.008,-0.003,0.001429,0.007483,0.300168,1.0,0.047,6.982064,1.482064,0,0,0.0,0.0,1.0,0.5,0.300168
2026-10-03T13:34:47.096Z,LAT-00957-199faa,BASE_FINE,4.5,UNCERTAIN_CONTEXT,1.0,STALE_SAMPLE,0.4685,A-1.0-ppr,7.002,0.001,0.004286,0.007483,4.000159,-1.0,0.0225,7.015709,1.515709,0,0,0.0,0.0,1.0,0.5,4.000159
2026-10-03T13:34:47.097Z,LAT-00958-2754ec,ACID_FINE,0.7,ACCEPTABLE_CONTEXT,0.00428,OK,0.993,A-1.0-ppr,7.004,-0.001,-0.01,0.010198,0.300154,1.0,0.0035,7.002068,1.502068,0,0,0.0,0.0,1.0,0.5,0.300154
2026-10-03T13:34:47.099Z,LAT-00959-4669ea,BASE_FINE,5.3,ACCEPTABLE_CONTEXT,0.00428,OK,0.9682,A-1.0-ppr,6.992,-0.003,-0.004286,0.011662,0.300155,-1.0,0.0265,7.00775,1.50775,0,0,0.0,0.0,1.0,0.5,0.300155
2026-10-03T13:34:47.100Z,LAT-00960-6f9112,BASE_FINE,2.3,ACCEPTABLE_CONTEXT,0.00428,OK,0.9499,A-1.0-ppr,6.996,-0.007,-0.001429,0.010198,0.30016,-1.0,0.0115,7.002826,1.502826,0,0,0.0,0.0,1.0,0.5,0.30016
2026-10-03T13:34:47.101Z,LAT-00961-7aeb8c,BASE_FINE,2.8,UNCERTAIN_CONTEXT,1.0,STALE_SAMPLE,0.432,A-1.0-ppr,6.998,0.001,-0.007143,0.007483,4.000158,-1.0,0.014,7.006308,1.506308,0,0,0.0,0.0,1.0,0.5,4.000158
2026-10-03T13:34:47.102Z,LAT-00962-c74c1e,BASE_FINE,4.9,UNCERTAIN_CONTEXT,1.0,STALE_SAMPLE,0.456,A-1.0-ppr,7.006,-0.002,0.002857,0.008,4.000154,-1.0,0.0245,7.021117,1.521117,0,0,0.0,0.0,1.0,0.5,4.000154
2026-10-03T13:34:47.103Z,LAT-00963-fd9820,BASE_FINE,9.7,ACCEPTABLE_CONTEXT,0.004506,OK,1.0327,A-1.0-ppr,7.006,0.003,-0.001429,0.004899,0.300164,-1.0,0.0485,7.035922,1.535922,0,0,0.0,0.0,1.0,0.5,0.300164
2026-10-03T13:34:47.104Z,LAT-00964-d80e30,BASE_FINE,6.3,ACCEPTABLE_CONTEXT,0.004891,OK,0.9653,A-1.0-ppr,7.0,0.0,0.0,0.0,0.30016,-1.0,0.0315,7.019189,1.519189,0,0,0.0,0.0,1.0,0.5,0.30016
2026-10-03T13:34:47.105Z,LAT-00965-98e94e,ACID_BULK,12.2,HARMFUL_CONTEXT,1.0,"PREDICTED_UNSAFE:a,b,d",0.4926,A-1.0-ppr,6.198,-0.001,0.01,0.011662,0.300156,1.0,6.1,3.095105,-2.404895,0,0,0.0,0.0,1.0,0.5,0.300156
2026-10-03T13:34:47.106Z,LAT-00966-a372c2,ACID_FINE,3.7,ACCEPTABLE_CONTEXT,0.00428,OK,0.9781,A-1.0-ppr,6.99,0.004,0.0,0.006325,0.300164,1.0,0.0185,6.979812,1.479812,0,0,0.0,0.0,1.0,0.5,0.300164
2026-10-03T13:34:47.107Z,LAT-00967-c8e938,BASE_FINE,2.1,UNCERTAIN_CONTEXT,1.0,STALE_SAMPLE,0.4476,A-1.0-ppr,7.0,0.001,-0.001429,0.006325,4.00016,-1.0,0.0105,7.006231,1.506231,0,0,0.0,0.0,1.0,0.5,4.00016
2026-10-03T13:34:47.109Z,LAT-00968-802a3f,ACID_FINE,2.3,ACCEPTABLE_CONTEXT,0.004506,OK,1.0056,A-1.0-ppr,7.004,0.002,0.0,0.004899,0.300154,1.0,0.0115,6.997655,1.497655,0,0,0.0,0.0,1.0,0.5,0.300154
2026-10-03T13:34:47.110Z,LAT-00969-674a92,BASE_FINE,3.6,ACCEPTABLE_CONTEXT,0.00428,OK,0.9369,A-1.0-ppr,6.998,-0.002,-0.002857,0.013266,0.300157,-1.0,0.018,7.008749,1.508749,0,0,0.0,0.0,1.0,0.5,0.300157
2026-10-03T13:34:47.111Z,LAT-00970-2dcbff,BASE_FINE,3.6,UNCERTAIN_CONTEXT,1.0,STALE_SAMPLE,0.4784,A-1.0-ppr,7.002,-0.006,-0.002857,0.009798,4.00016,-1.0,0.018,7.012924,1.512924,0,0,0.0,0.0,1.0,0.5,4.00016
2026-10-03T13:34:47.112Z,LAT-00971-57b65d,ACID_FINE,1.0,ACCEPTABLE_CONTEXT,0.004506,OK,0.9818,A-1.0-ppr,7.002,-0.002,0.002857,0.004,0.300151,1.0,0.005,6.999241,1.499241,0,0,0.0,0.0,1.0,0.5,0.300151
2026-10-03T13:34:47.113Z,LAT-00972-68af20,ACID_BULK,10.9,HARMFUL_CONTEXT,1.0,"PREDICTED_UNSAFE:a,b,d",0.4854,A-1.0-ppr,6.198,-0.003,0.007143,0.007483,0.300158,1.0,5.45,3.171211,-2.328789,0,0,0.0,0.0,1.0,0.5,0.300158
2026-10-03T13:34:47.114Z,LAT-00973-89c919,ACID_BULK,15.1,HARMFUL_CONTEXT,1.0,"PREDICTED_UNSAFE:a,b,d",0.4623,A-1.0-ppr,6.204,-0.009,-0.004286,0.013565,0.300154,1.0,7.55,2.963406,-2.536594,0,0,0.0,0.0,1.0,0.5,0.300154
2026-10-03T13:34:47.115Z,LAT-00974-2a19d4,BASE_FINE,4.6,ACCEPTABLE_CONTEXT,0.008166,OK,1.0291,A-1.0-ppr,3.494,0.003,-0.01,0.010198,0.300164,-1.0,0.023,3.501904,-1.998096,0,0,0.0,0.0,1.0,0.5,0.300164
2026-10-03T13:34:47.116Z,LAT-00975-a6714a,ACID_BULK,10.2,HARMFUL_CONTEXT,1.0,"PREDICTED_UNSAFE:a,b,d",0.4835,A-1.0-ppr,6.208,0.005,0.001429,0.007483,0.300157,1.0,5.1,3.222526,-2.277474,0,0,0.0,0.0,1.0,0.5,0.300157
2026-10-03T13:34:47.117Z,LAT-00976-505f06,BASE_FINE,2.0,UNCERTAIN_CONTEXT,1.0,STALE_SAMPLE,0.4194,A-1.0-ppr,7.0,-0.004,0.0,0.006325,4.000152,-1.0,0.01,7.005934,1.505934,0,0,0.0,0.0,1.0,0.5,4.000152
2026-10-03T13:34:47.117Z,LAT-00977-c7c1aa,ACID_BULK,12.2,HARMFUL_CONTEXT,1.0,"PREDICTED_UNSAFE:a,b,d",0.4505,A-1.0-ppr,6.198,-0.007,-0.001429,0.011662,0.30015,1.0,6.1,3.095105,-2.404895,0,0,0.0,0.0,1.0,0.5,0.30015
2026-10-03T13:34:47.119Z,LAT-00978-4910b7,BASE_FINE,8.5,ACCEPTABLE_CONTEXT,0.00428,OK,0.9892,A-1.0-ppr,6.994,-0.001,-0.001429,0.010198,0.30015,-1.0,0.0425,7.019733,1.519733,0,0,0.0,0.0,1.0,0.5,0.30015
2026-10-03T13:34:47.120Z,LAT-00979-a69482,ACID_BULK,10.7,HARMFUL_CONTEXT,1.0,"PREDICTED_UNSAFE:a,b,d",0.4887,A-1.0-ppr,6.202,-0.001,0.004286,0.007483,0.300158,1.0,5.35,3.185697,-2.314303,0,0,0.0,0.0,1.0,0.5,0.300158
2026-10-03T13:34:47.120Z,LAT-00980-6fdbf1,ACID_BULK,10.3,HARMFUL_CONTEXT,1.0,"PREDICTED_UNSAFE:a,b,d",0.4598,A-1.0-ppr,6.198,-0.001,-0.01,0.011662,0.300154,1.0,5.15,3.211422,-2.288578,0,0,0.0,0.0,1.0,0.5,0.300154
2026-10-03T13:34:47.122Z,LAT-00981-3b09af,ACID_FINE,5.0,ACCEPTABLE_CONTEXT,0.00428,OK,0.9722,A-1.0-ppr,7.0,-0.004,0.002857,0.012649,0.30015,1.0,0.025,6.986219,1.486219,0,0,0.0,0.0,1.0,0.5,0.30015
2026-10-03T13:34:47.123Z,LAT-00982-b8c761,ACID_FINE,6.9,ACCEPTABLE_CONTEXT,0.00428,OK,1.0086,A-1.0-ppr,7.002,0.002,0.008571,0.009798,0.300166,1.0,0.0345,6.982988,1.482988,0,0,0.0,0.0,1.0,0.5,0.300166
2026-10-03T13:34:47.124Z,LAT-00983-2a37c1,ACID_BULK,17.7,HARMFUL_CONTEXT,1.0,"PREDICTED_UNSAFE:a,b,d",0.4914,A-1.0-ppr,6.204,-0.002,0.0,0.004899,0.300156,1.0,8.85,2.871009,-2.628991,0,0,0.0,0.0,1.0,0.5,0.300156
2026-10-03T13:34:47.125Z,LAT-00984-3f6243,BASE_FINE,3.3,ACCEPTABLE_CONTEXT,0.008597,OK,1.0344,A-1.0-ppr,3.504,0.003,0.001429,0.004899,0.300153,-1.0,0.0165,3.509782,-1.990218,0,0,0.0,0.0,1.0,0.5,0.300153
2026-10-03T13:34:47.127Z,LAT-00985-b81b89,BASE_FINE,4.5,ACCEPTABLE_CONTEXT,0.008166,OK,1.0435,A-1.0-ppr,3.512,0.003,-0.012857,0.013266,0.300156,-1.0,0.0225,3.520042,-1.979958,0,0,0.0,0.0,1.0,0.5,0.300156
2026-10-03T13:34:47.128Z,LAT-00986-9d81a8,ACID_BULK,15.9,HARMFUL_CONTEXT,1.0,"PREDICTED_UNSAFE:a,b,d",0.4982,A-1.0-ppr,6.2,0.0,0.0,0.0,0.300164,1.0,7.95,2.931988,-2.568012,0,0,0.0,0.0,1.0,0.5,0.300164
2026-10-03T13:34:47.129Z,LAT-00987-bf34cb,BASE_FINE,3.3,ACCEPTABLE_CONTEXT,0.00428,OK,0.9898,A-1.0-ppr,7.004,-0.005,-0.01,0.013565,0.300156,-1.0,0.0165,7.014082,1.514082,0,0,0.0,0.0,1.0,0.5,0.300156
2026-10-03T13:34:47.130Z,LAT-00988-a25b98,BASE_FINE,3.8,UNCERTAIN_CONTEXT,1.0,STALE_SAMPLE,0.4714,A-1.0-ppr,7.004,0.004,0.002857,0.013565,4.000155,-1.0,0.019,7.01563,1.51563,0,0,0.0,0.0,1.0,0.5,4.000155
2026-10-03T13:34:47.131Z,LAT-00989-c0f7a5,ACID_FINE,2.7,ACCEPTABLE_CONTEXT,0.00428,OK,1.0064,A-1.0-ppr,7.002,0.001,-0.001429,0.011662,0.300171,1.0,0.0135,6.994553,1.494553,0,0,0.0,0.0,1.0,0.5,0.300171
2026-10-03T13:34:47.132Z,LAT-00990-90a784,BASE_FINE,5.0,UNCERTAIN_CONTEXT,1.0,STALE_SAMPLE,0.4418,A-1.0-ppr,6.996,0.003,-0.001429,0.004899,4.000157,-1.0,0.025,7.010996,1.510996,0,0,0.0,0.0,1.0,0.5,4.000157
2026-10-03T13:34:47.133Z,LAT-00991-61c002,BASE_FINE,2.4,UNCERTAIN_CONTEXT,1.0,STALE_SAMPLE,0.4187,A-1.0-ppr,6.994,-0.002,0.005714,0.008,4.000154,-1.0,0.012,7.001124,1.501124,0,0,0.0,0.0,1.0,0.5,4.000154
2026-10-03T13:34:47.134Z,LAT-00992-b91f3f,ACID_BULK,16.8,HARMFUL_CONTEXT,1.0,"PREDICTED_UNSAFE:a,b,d",0.4612,A-1.0-ppr,6.194,0.0,-0.002857,0.004899,0.300152,1.0,8.4,2.898871,-2.601129,0,0,0.0,0.0,1.0,0.5,0.300152
2026-10-03T13:34:47.135Z,LAT-00993-a4b161,BASE_FINE,1.7,ACCEPTABLE_CONTEXT,0.004506,OK,1.029,A-1.0-ppr,7.002,0.001,-0.001429,0.004,0.300149,-1.0,0.0085,7.007044,1.507044,0,0,0.0,0.0,1.0,0.5,0.300149
2026-10-03T13:34:47.136Z,LAT-00994-c17e45,ACID_BULK,10.5,HARMFUL_CONTEXT,1.0,"PREDICTED_UNSAFE:a,b,d",0.4865,A-1.0-ppr,6.198,0.002,-0.002857,0.004,0.30016,1.0,5.25,3.1976,-2.3024,0,0,0.0,0.0,1.0,0.5,0.30016
2026-10-03T13:34:47.136Z,LAT-00995-20e0f7,BASE_FINE,1.9,UNCERTAIN_CONTEXT,1.0,STALE_SAMPLE,0.4034,A-1.0-ppr,6.998,-0.001,-0.007143,0.007483,4.000153,-1.0,0.0095,7.003639,1.503639,0,0,0.0,0.0,1.0,0.5,4.000153
2026-10-03T13:34:47.138Z,LAT-00996-f848f5,BASE_FINE,4.6,ACCEPTABLE_CONTEXT,0.00428,OK,0.9599,A-1.0-ppr,6.998,0.004,0.002857,0.007483,0.300149,-1.0,0.023,7.011845,1.511845,0,0,0.0,0.0,1.0,0.5,0.300149
2026-10-03T13:34:47.139Z,LAT-00997-074e26,BASE_FINE,5.0,ACCEPTABLE_CONTEXT,0.00428,OK,1.0115,A-1.0-ppr,7.004,-0.003,0.004286,0.010198,0.300166,-1.0,0.025,7.019341,1.519341,0,0,0.0,0.0,1.0,0.5,0.300166
2026-10-03T13:34:47.141Z,LAT-00998-cc469b,BASE_FINE,3.7,ACCEPTABLE_CONTEXT,0.008166,OK,1.0304,A-1.0-ppr,3.498,0.003,-0.004286,0.007483,0.300156,-1.0,0.0185,3.504404,-1.995596,0,0,0.0,0.0,1.0,0.5,0.300156
2026-10-03T13:34:47.142Z,LAT-00999-14e876,BASE_FINE,9.4,ACCEPTABLE_CONTEXT,0.008166,OK,1.022,A-1.0-ppr,3.508,-0.003,0.001429,0.009798,0.300154,-1.0,0.047,3.524802,-1.975198,0,0,0.0,0.0,1.0,0.5,0.300154
2026-10-03T13:34:47.143Z,LAT-01000-4af016,ACID_FINE,2.5,ACCEPTABLE_CONTEXT,0.00428,OK,0.9648,A-1.0-ppr,7.0,0.005,0.001429,0.008944,0.300163,1.0,0.0125,6.993105,1.493105,0,0,0.0,0.0,1.0,0.5,0.300163
2026-10-03T13:34:47.260Z,LAT-01001-6859fa,BASE_FINE,1.0,UNCERTAIN_CONTEXT,1.0,TIMEOUT,100.2625,A-1.0-ppr,,,,,,,,,,,,,,,,
2026-10-03T13:34:47.361Z,LAT-01002-819869,BASE_FINE,1.0,UNCERTAIN_CONTEXT,1.0,TIMEOUT,100.2226,A-1.0-ppr,,,,,,,,,,,,,,,,
2026-10-03T13:34:47.461Z,LAT-01003-1418d5,BASE_FINE,1.0,UNCERTAIN_CONTEXT,1.0,TIMEOUT,100.2106,A-1.0-ppr,,,,,,,,,,,,,,,,
