time_utc,command_id,channel_id,dose_ml,label,score,reason,latency_ms,model_version,ph_mean_5s,ph_slope_5s,ph_curvature_5s,ph_std_5s,sample_age_s,candidate_direction,candidate_mmol,predicted_post_ph,predicted_safety_margin,cumulative_signed_mmol,cumulative_abs_mmol,request_delivery_residual,measured_predicted_residual,mixer_speed_ratio,level_margin_l,heartbeat_age_s
2026-09-29T23:14:13.925Z,LAT-00001-8bdcf0,ACID_FINE,8.9,ACCEPTABLE_CONTEXT,0.003572,OK,0.824,A-1.0-ppr,7.002,0.003,-0.01,0.014697,0.30031,1.0,0.0445,6.977528,1.477528,0,0,0.0,0.0,1.0,0.5,0.30031
2026-09-29T23:14:13.926Z,LAT-00002-b8f633,BASE_FINE,1.6,UNCERTAIN_CONTEXT,1.0,STALE_SAMPLE,0.3388,A-1.0-ppr,7.002,0.0,0.002857,0.007483,4.00016,-1.0,0.008,7.006747,1.506747,0,0,0.0,0.0,1.0,0.5,4.00016
2026-09-29T23:14:13.927Z,LAT-00003-9ce13d,ACID_BULK,16.4,HARMFUL_CONTEXT,1.0,"PREDICTED_UNSAFE:a,b,d",0.3764,A-1.0-ppr,6.192,-0.001,-0.01,0.016,0.300133,1.0,8.2,2.912347,-2.587653,0,0,0.0,0.0,1.0,0.5,0.300133
2026-09-29T23:14:13.928Z,LAT-00004-468e75,ACID_FINE,7.1,ACCEPTABLE_CONTEXT,0.00409,OK,0.6082,A-1.0-ppr,6.994,-0.002,-0.002857,0.008,0.300133,1.0,0.0355,6.974604,1.474604,0,0,0.0,0.0,1.0,0.5,0.300133
2026-09-29T23:14:13.928Z,LAT-00005-f205c7,BASE_FINE,4.3,ACCEPTABLE_CONTEXT,0.00409,OK,0.652,A-1.0-ppr,7.006,-0.001,0.004286,0.004899,0.300129,-1.0,0.0215,7.019262,1.519262,0,0,0.0,0.0,1.0,0.5,0.300129
2026-09-29T23:14:13.929Z,LAT-00006-aa1d5f,ACID_FINE,1.2,ACCEPTABLE_CONTEXT,0.00409,OK,0.5972,A-1.0-ppr,7.0,-0.002,0.005714,0.006325,0.300123,1.0,0.006,6.99669,1.49669,0,0,0.0,0.0,1.0,0.5,0.300123
2026-09-29T23:14:13.930Z,LAT-00007-2c01ee,ACID_BULK,17.6,HARMFUL_CONTEXT,1.0,"PREDICTED_UNSAFE:a,b,d",0.3096,A-1.0-ppr,6.202,-0.004,-0.008571,0.011662,0.300118,1.0,8.8,2.873858,-2.626142,0,0,0.0,0.0,1.0,0.5,0.300118
2026-09-29T23:14:13.930Z,LAT-00008-713e8d,BASE_FINE,4.3,UNCERTAIN_CONTEXT,1.0,STALE_SAMPLE,0.2727,A-1.0-ppr,7.0,-0.004,-0.008571,0.010954,4.000113,-1.0,0.0215,7.013003,1.513003,0,0,0.0,0.0,1.0,0.5,4.000113
2026-09-29T23:14:13.931Z,LAT-00009-0958e5,ACID_FINE,7.6,ACCEPTABLE_CONTEXT,0.00409,OK,0.5835,A-1.0-ppr,7.002,0.001,-0.001429,0.004,0.300108,1.0,0.038,6.981063,1.481063,0,0,0.0,0.0,1.0,0.5,0.300108
2026-09-29T23:14:13.932Z,LAT-00010-c79d99,ACID_BULK,16.8,HARMFUL_CONTEXT,1.0,"PREDICTED_UNSAFE:a,b,d",0.298,A-1.0-ppr,6.196,0.0,0.005714,0.008,0.30011,1.0,8.4,2.899262,-2.600738,0,0,0.0,0.0,1.0,0.5,0.30011
2026-09-29T23:14:13.933Z,LAT-00011-76f313,ACID_FINE,9.4,ACCEPTABLE_CONTEXT,0.003572,OK,0.6013,A-1.0-ppr,7.0,0.005,0.001429,0.008944,0.300106,1.0,0.047,6.974283,1.474283,0,0,0.0,0.0,1.0,0.5,0.300106
2026-09-29T23:14:13.933Z,LAT-00012-de9d66,ACID_FINE,4.9,ACCEPTABLE_CONTEXT,0.003572,OK,0.5798,A-1.0-ppr,6.998,0.004,0.011429,0.011662,0.300118,1.0,0.0245,6.984498,1.484498,0,0,0.0,0.0,1.0,0.5,0.300118
2026-09-29T23:14:13.934Z,LAT-00013-3f0c70,BASE_FINE,0.5,ACCEPTABLE_CONTEXT,0.003754,OK,0.5778,A-1.0-ppr,6.996,0.003,-0.001429,0.004899,0.300115,-1.0,0.0025,6.997484,1.497484,0,0,0.0,0.0,1.0,0.5,0.300115
2026-09-29T23:14:13.935Z,LAT-00014-ec4057,ACID_BULK,17.7,HARMFUL_CONTEXT,1.0,"PREDICTED_UNSAFE:a,b,d",0.3022,A-1.0-ppr,6.202,-0.004,-0.002857,0.013266,0.300114,1.0,8.85,2.870649,-2.629351,0,0,0.0,0.0,1.0,0.5,0.300114
2026-09-29T23:14:13.935Z,LAT-00015-047a58,BASE_FINE,4.9,UNCERTAIN_CONTEXT,1.0,STALE_SAMPLE,0.2867,A-1.0-ppr,7.002,-0.001,0.001429,0.007483,4.000109,-1.0,0.0245,7.016946,1.516946,0,0,0.0,0.0,1.0,0.5,4.000109
2026-09-29T23:14:13.936Z,LAT-00016-bf9942,ACID_BULK,12.3,HARMFUL_CONTEXT,1.0,"PREDICTED_UNSAFE:a,b,d",0.2977,A-1.0-ppr,6.198,-0.001,0.001429,0.004,0.30012,1.0,6.15,3.089768,-2.410232,0,0,0.0,0.0,1.0,0.5,0.30012
2026-09-29T23:14:13.937Z,LAT-00017-bc10ff,ACID_FINE,8.8,ACCEPTABLE_CONTEXT,0.00409,OK,0.8198,A-1.0-ppr,7.0,-0.002,-0.005714,0.014142,0.300106,1.0,0.044,6.975871,1.475871,0,0,0.0,0.0,1.0,0.5,0.300106
2026-09-29T23:14:13.938Z,LAT-00018-78da31,ACID_FINE,5.0,ACCEPTABLE_CONTEXT,0.003572,OK,0.6339,A-1.0-ppr,7.008,0.008,0.002857,0.014697,0.300123,1.0,0.025,6.994172,1.494172,0,0,0.0,0.0,1.0,0.5,0.300123
2026-09-29T23:14:13.939Z,LAT-00019-7cbaae,BASE_FINE,5.5,ACCEPTABLE_CONTEXT,0.00409,OK,0.6621,A-1.0-ppr,7.004,-0.001,-0.004286,0.004899,0.300151,-1.0,0.0275,7.020886,1.520886,0,0,0.0,0.0,1.0,0.5,0.300151
2026-09-29T23:14:13.939Z,LAT-00020-d521aa,ACID_BULK,18.3,HARMFUL_CONTEXT,1.0,"PREDICTED_UNSAFE:a,b,d",0.3204,A-1.0-ppr,6.194,0.003,-0.001429,0.010198,0.300118,1.0,9.15,2.850492,-2.649508,0,0,0.0,0.0,1.0,0.5,0.300118
2026-09-29T23:14:13.940Z,LAT-00021-bf210a,ACID_BULK,18.2,HARMFUL_CONTEXT,1.0,"PREDICTED_UNSAFE:a,b,d",0.292,A-1.0-ppr,6.202,-0.003,-0.01,0.014697,0.30011,1.0,9.1,2.854953,-2.645047,0,0,0.0,0.0,1.0,0.5,0.30011
2026-09-29T23:14:13.940Z,LAT-00022-13b6b7,ACID_BULK,12.4,HARMFUL_CONTEXT,1.0,"PREDICTED_UNSAFE:a,b,d",0.2882,A-1.0-ppr,6.2,-0.003,0.01,0.010954,0.300109,1.0,6.2,3.085089,-2.414911,0,0,0.0,0.0,1.0,0.5,0.300109
2026-09-29T23:14:13.941Z,LAT-00023-b3dd04,BASE_FINE,3.7,ACCEPTABLE_CONTEXT,0.00568,OK,0.6329,A-1.0-ppr,3.5,0.003,-0.001429,0.010954,0.300102,-1.0,0.0185,3.506432,-1.993568,0,0,0.0,0.0,1.0,0.5,0.300102
2026-09-29T23:14:13.942Z,LAT-00024-7ef673,ACID_BULK,15.1,HARMFUL_CONTEXT,1.0,"PREDICTED_UNSAFE:a,b,d",0.3054,A-1.0-ppr,6.204,-0.001,0.001429,0.004899,0.300112,1.0,7.55,2.963406,-2.536594,0,0,0.0,0.0,1.0,0.5,0.300112
2026-09-29T23:14:13.942Z,LAT-00025-fbc7c0,BASE_FINE,4.5,UNCERTAIN_CONTEXT,1.0,STALE_SAMPLE,0.2639,A-1.0-ppr,7.0,-0.003,0.001429,0.008944,4.000106,-1.0,0.0225,7.013622,1.513622,0,0,0.0,0.0,1.0,0.5,4.000106
2026-09-29T23:14:13.943Z,LAT-00026-a696f0,ACID_BULK,11.2,HARMFUL_CONTEXT,1.0,"PREDICTED_UNSAFE:a,b,d",0.2933,A-1.0-ppr,6.2,0.0,0.0,0.0,0.300102,1.0,5.6,3.153119,-2.346881,0,0,0.0,0.0,1.0,0.5,0.300102
2026-09-29T23:14:13.943Z,LAT-00027-d6c0f7,BASE_FINE,1.0,UNCERTAIN_CONTEXT,1.0,STALE_SAMPLE,0.2671,A-1.0-ppr,6.996,-0.002,-0.005714,0.008,4.000104,-1.0,0.005,6.998969,1.498969,0,0,0.0,0.0,1.0,0.5,4.000104
2026-09-29T23:14:13.944Z,LAT-00028-6e086e,ACID_FINE,6.2,ACCEPTABLE_CONTEXT,0.00409,OK,0.5993,A-1.0-ppr,7.006,0.0,-0.002857,0.010198,0.300101,1.0,0.031,6.988907,1.488907,0,0,0.0,0.0,1.0,0.5,0.300101
2026-09-29T23:14:13.945Z,LAT-00029-2e7295,ACID_FINE,2.3,ACCEPTABLE_CONTEXT,0.00409,OK,0.582,A-1.0-ppr,7.004,0.0,-0.014286,0.012,0.300104,1.0,0.0115,6.997655,1.497655,0,0,0.0,0.0,1.0,0.5,0.300104
2026-09-29T23:14:13.946Z,LAT-00030-383799,ACID_FINE,9.8,ACCEPTABLE_CONTEXT,0.00409,OK,0.5477,A-1.0-ppr,6.992,-0.001,0.001429,0.007483,0.300102,1.0,0.049,6.965545,1.465545,0,0,0.0,0.0,1.0,0.5,0.300102
2026-09-29T23:14:13.946Z,LAT-00031-c8b28e,ACID_BULK,17.7,HARMFUL_CONTEXT,1.0,"PREDICTED_UNSAFE:a,b,d",0.288,A-1.0-ppr,6.198,0.005,-0.007143,0.009798,0.300101,1.0,8.85,2.869926,-2.630074,0,0,0.0,0.0,1.0,0.5,0.300101
2026-09-29T23:14:13.947Z,LAT-00032-0c01b9,BASE_FINE,6.6,ACCEPTABLE_CONTEXT,0.00409,OK,0.5651,A-1.0-ppr,7.002,0.001,0.004286,0.014697,0.3001,-1.0,0.033,7.0222,1.5222,0,0,0.0,0.0,1.0,0.5,0.3001
2026-09-29T23:14:13.948Z,LAT-00033-ab03c6,ACID_FINE,4.1,ACCEPTABLE_CONTEXT,0.00409,OK,0.5763,A-1.0-ppr,7.004,0.002,-0.002857,0.010198,0.300101,1.0,0.0205,6.992693,1.492693,0,0,0.0,0.0,1.0,0.5,0.300101
2026-09-29T23:14:13.948Z,LAT-00034-fef595,ACID_FINE,8.4,ACCEPTABLE_CONTEXT,0.00409,OK,0.5425,A-1.0-ppr,6.996,-0.003,-0.001429,0.004899,0.300102,1.0,0.042,6.973086,1.473086,0,0,0.0,0.0,1.0,0.5,0.300102
2026-09-29T23:14:13.949Z,LAT-00035-badb67,ACID_FINE,0.9,ACCEPTABLE_CONTEXT,0.00409,OK,0.5397,A-1.0-ppr,6.996,-0.003,-0.001429,0.004899,0.300101,1.0,0.0045,6.993518,1.493518,0,0,0.0,0.0,1.0,0.5,0.300101
2026-09-29T23:14:13.950Z,LAT-00036-50f2f5,BASE_FINE,9.8,ACCEPTABLE_CONTEXT,0.006187,OK,0.6028,A-1.0-ppr,3.508,0.001,0.001429,0.011662,0.3001,-1.0,0.049,3.52553,-1.97447,0,0,0.0,0.0,1.0,0.5,0.3001
2026-09-29T23:14:13.951Z,LAT-00037-9cc9bd,BASE_FINE,8.8,ACCEPTABLE_CONTEXT,0.003849,OK,0.5528,A-1.0-ppr,6.994,0.004,-0.002857,0.008,0.3001,-1.0,0.044,7.020659,1.520659,0,0,0.0,0.0,1.0,0.5,0.3001
2026-09-29T23:14:13.951Z,LAT-00038-f2ff87,ACID_FINE,1.1,ACCEPTABLE_CONTEXT,0.00409,OK,0.5414,A-1.0-ppr,6.994,-0.004,0.005714,0.008,0.3001,1.0,0.0055,6.990967,1.490967,0,0,0.0,0.0,1.0,0.5,0.3001
2026-09-29T23:14:13.952Z,LAT-00039-3e60ec,ACID_BULK,17.2,HARMFUL_CONTEXT,1.0,"PREDICTED_UNSAFE:a,b,d",0.3042,A-1.0-ppr,6.202,0.007,-0.007143,0.011662,0.3001,1.0,8.6,2.886937,-2.613063,0,0,0.0,0.0,1.0,0.5,0.3001
2026-09-29T23:14:13.953Z,LAT-00040-192641,BASE_FINE,2.6,ACCEPTABLE_CONTEXT,0.003849,OK,0.7425,A-1.0-ppr,7.006,0.004,0.008571,0.010198,0.300099,-1.0,0.013,7.014003,1.514003,0,0,0.0,0.0,1.0,0.5,0.300099
2026-09-29T23:14:13.954Z,LAT-00041-e17548,BASE_FINE,5.1,ACCEPTABLE_CONTEXT,0.00409,OK,0.6762,A-1.0-ppr,6.998,-0.003,-0.007143,0.009798,0.300203,-1.0,0.0255,7.013392,1.513392,0,0,0.0,0.0,1.0,0.5,0.300203
2026-09-29T23:14:13.955Z,LAT-00042-8d5439,ACID_FINE,1.8,ACCEPTABLE_CONTEXT,0.00409,OK,0.6496,A-1.0-ppr,7.0,-0.001,-0.004286,0.006325,0.300126,1.0,0.009,6.995035,1.495035,0,0,0.0,0.0,1.0,0.5,0.300126
2026-09-29T23:14:13.956Z,LAT-00043-c5700a,BASE_FINE,6.2,ACCEPTABLE_CONTEXT,0.00409,OK,0.6739,A-1.0-ppr,7.0,0.002,0.002857,0.008944,0.300155,-1.0,0.031,7.01888,1.51888,0,0,0.0,0.0,1.0,0.5,0.300155
2026-09-29T23:14:13.956Z,LAT-00044-5a755e,BASE_FINE,4.6,UNCERTAIN_CONTEXT,1.0,STALE_SAMPLE,0.3256,A-1.0-ppr,7.006,0.001,0.001429,0.010198,4.000132,-1.0,0.023,7.02019,1.52019,0,0,0.0,0.0,1.0,0.5,4.000132
2026-09-29T23:14:13.957Z,LAT-00045-651f0f,BASE_FINE,4.6,UNCERTAIN_CONTEXT,1.0,STALE_SAMPLE,0.2892,A-1.0-ppr,6.998,0.003,-0.015714,0.017205,4.000113,-1.0,0.023,7.011845,1.511845,0,0,0.0,0.0,1.0,0.5,4.000113
2026-09-29T23:14:13.958Z,LAT-00046-b561b8,BASE_FINE,5.3,ACCEPTABLE_CONTEXT,0.006187,OK,0.6705,A-1.0-ppr,3.49,-0.002,-0.0,0.008944,0.30011,-1.0,0.0265,3.499039,-2.000961,0,0,0.0,0.0,1.0,0.5,0.30011
2026-09-29T23:14:13.959Z,LAT-00047-d61008,BASE_FINE,8.9,ACCEPTABLE_CONTEXT,0.006187,OK,0.6262,A-1.0-ppr,3.504,0.002,-0.0,0.004899,0.300116,-1.0,0.0445,3.519755,-1.980245,0,0,0.0,0.0,1.0,0.5,0.300116
2026-09-29T23:14:13.960Z,LAT-00048-507d45,BASE_FINE,4.3,ACCEPTABLE_CONTEXT,0.00409,OK,0.5648,A-1.0-ppr,6.996,-0.001,0.001429,0.010198,0.30011,-1.0,0.0215,7.008829,1.508829,0,0,0.0,0.0,1.0,0.5,0.30011
2026-09-29T23:14:13.960Z,LAT-00049-c8dd1a,BASE_FINE,3.8,ACCEPTABLE_CONTEXT,0.006187,OK,0.6277,A-1.0-ppr,3.494,-0.005,-0.001429,0.013565,0.300106,-1.0,0.019,3.50052,-1.99948,0,0,0.0,0.0,1.0,0.5,0.300106
2026-09-29T23:14:13.961Z,LAT-00050-8b2f78,BASE_FINE,9.7,ACCEPTABLE_CONTEXT,0.003849,OK,0.562,A-1.0-ppr,6.992,0.005,0.007143,0.009798,0.300106,-1.0,0.0485,7.021355,1.521355,0,0,0.0,0.0,1.0,0.5,0.300106
2026-09-29T23:14:13.962Z,LAT-00051-344591,BASE_FINE,3.5,ACCEPTABLE_CONTEXT,0.003849,OK,0.5665,A-1.0-ppr,7.002,0.004,0.014286,0.014697,0.300104,-1.0,0.0175,7.012614,1.512614,0,0,0.0,0.0,1.0,0.5,0.300104
2026-09-29T23:14:13.962Z,LAT-00052-c45910,BASE_FINE,2.6,UNCERTAIN_CONTEXT,1.0,STALE_SAMPLE,0.2614,A-1.0-ppr,7.0,0.005,-0.001429,0.008944,4.000104,-1.0,0.013,7.007739,1.507739,0,0,0.0,0.0,1.0,0.5,4.000104
2026-09-29T23:14:13.963Z,LAT-00053-47795d,BASE_FINE,2.2,ACCEPTABLE_CONTEXT,0.006187,OK,0.5879,A-1.0-ppr,3.504,0.002,-0.0,0.004899,0.300101,-1.0,0.011,3.507847,-1.992153,0,0,0.0,0.0,1.0,0.5,0.300101
2026-09-29T23:14:13.964Z,LAT-00054-2f6a7d,ACID_BULK,12.7,HARMFUL_CONTEXT,1.0,"PREDICTED_UNSAFE:a,b,d",0.2959,A-1.0-ppr,6.198,-0.002,0.002857,0.007483,0.300103,1.0,6.35,3.069053,-2.430947,0,0,0.0,0.0,1.0,0.5,0.300103
2026-09-29T23:14:13.964Z,LAT-00055-18a15a,ACID_FINE,0.7,ACCEPTABLE_CONTEXT,0.00409,OK,0.5664,A-1.0-ppr,7.008,0.002,-0.005714,0.011662,0.300101,1.0,0.0035,7.006031,1.506031,0,0,0.0,0.0,1.0,0.5,0.300101
2026-09-29T23:14:13.965Z,LAT-00056-7856ff,ACID_BULK,10.5,HARMFUL_CONTEXT,1.0,"PREDICTED_UNSAFE:a,b,d",0.2865,A-1.0-ppr,6.204,-0.002,-0.005714,0.012,0.300104,1.0,5.25,3.199906,-2.300094,0,0,0.0,0.0,1.0,0.5,0.300104
2026-09-29T23:14:13.966Z,LAT-00057-041ce8,BASE_FINE,2.4,ACCEPTABLE_CONTEXT,0.00409,OK,0.5704,A-1.0-ppr,7.006,0.0,0.008571,0.010198,0.300102,-1.0,0.012,7.013384,1.513384,0,0,0.0,0.0,1.0,0.5,0.300102
2026-09-29T23:14:13.966Z,LAT-00058-c264d7,ACID_BULK,12.0,HARMFUL_CONTEXT,1.0,"PREDICTED_UNSAFE:a,b,d",0.2878,A-1.0-ppr,6.202,0.005,0.001429,0.011662,0.300105,1.0,6.0,3.107224,-2.392776,0,0,0.0,0.0,1.0,0.5,0.300105
2026-09-29T23:14:13.967Z,LAT-00059-618b35,BASE_FINE,4.0,ACCEPTABLE_CONTEXT,0.00409,OK,0.5768,A-1.0-ppr,7.006,0.0,0.005714,0.008,0.300103,-1.0,0.02,7.018335,1.518335,0,0,0.0,0.0,1.0,0.5,0.300103
2026-09-29T23:14:13.968Z,LAT-00060-514d63,ACID_FINE,2.8,ACCEPTABLE_CONTEXT,0.00409,OK,0.5602,A-1.0-ppr,6.994,-0.002,-0.008571,0.008,0.300102,1.0,0.014,6.986284,1.486284,0,0,0.0,0.0,1.0,0.5,0.300102
2026-09-29T23:14:13.969Z,LAT-00061-79a160,BASE_FINE,2.6,ACCEPTABLE_CONTEXT,0.006187,OK,0.5773,A-1.0-ppr,3.494,0.002,0.005714,0.008,0.300104,-1.0,0.013,3.498452,-2.001548,0,0,0.0,0.0,1.0,0.5,0.300104
2026-09-29T23:14:13.969Z,LAT-00062-02dd78,ACID_BULK,10.8,HARMFUL_CONTEXT,1.0,"PREDICTED_UNSAFE:a,b,d",0.3228,A-1.0-ppr,6.186,0.004,0.002857,0.008,0.300101,1.0,5.4,3.173317,-2.326683,0,0,0.0,0.0,1.0,0.5,0.300101
2026-09-29T23:14:13.970Z,LAT-00063-fefefc,BASE_FINE,1.1,ACCEPTABLE_CONTEXT,0.00409,OK,0.7292,A-1.0-ppr,6.992,0.0,-0.005714,0.009798,0.30014,-1.0,0.0055,6.995266,1.495266,0,0,0.0,0.0,1.0,0.5,0.30014
2026-09-29T23:14:13.971Z,LAT-00064-70e9ee,ACID_BULK,11.7,HARMFUL_CONTEXT,1.0,"PREDICTED_UNSAFE:a,b,d",0.3873,A-1.0-ppr,6.2,0.002,-0.0,0.006325,0.300133,1.0,5.85,3.123466,-2.376534,0,0,0.0,0.0,1.0,0.5,0.300133
2026-09-29T23:14:13.972Z,LAT-00065-3e5373,BASE_FINE,2.3,UNCERTAIN_CONTEXT,1.0,STALE_SAMPLE,0.3368,A-1.0-ppr,6.996,-0.005,0.001429,0.013565,4.000284,-1.0,0.0115,7.002826,1.502826,0,0,0.0,0.0,1.0,0.5,4.000284
2026-09-29T23:14:13.973Z,LAT-00066-ca00c3,ACID_FINE,7.8,ACCEPTABLE_CONTEXT,0.003572,OK,0.6908,A-1.0-ppr,6.998,0.003,-0.004286,0.007483,0.300132,1.0,0.039,6.976596,1.476596,0,0,0.0,0.0,1.0,0.5,0.300132
2026-09-29T23:14:13.973Z,LAT-00067-ac469e,ACID_BULK,11.2,HARMFUL_CONTEXT,1.0,"PREDICTED_UNSAFE:a,b,d",0.3187,A-1.0-ppr,6.2,-0.001,-0.01,0.008944,0.300125,1.0,5.6,3.153119,-2.346881,0,0,0.0,0.0,1.0,0.5,0.300125
2026-09-29T23:14:13.974Z,LAT-00068-deee73,BASE_FINE,5.1,ACCEPTABLE_CONTEXT,0.00409,OK,0.641,A-1.0-ppr,7.004,-0.001,0.001429,0.004899,0.300115,-1.0,0.0255,7.01965,1.51965,0,0,0.0,0.0,1.0,0.5,0.300115
2026-09-29T23:14:13.975Z,LAT-00069-2e6c89,ACID_BULK,13.5,HARMFUL_CONTEXT,1.0,"PREDICTED_UNSAFE:a,b,d",0.2959,A-1.0-ppr,6.202,0.0,-0.002857,0.004,0.300113,1.0,6.75,3.031425,-2.468575,0,0,0.0,0.0,1.0,0.5,0.300113
2026-09-29T23:14:13.975Z,LAT-00070-910f2c,ACID_BULK,14.6,HARMFUL_CONTEXT,1.0,"PREDICTED_UNSAFE:a,b,d",0.2932,A-1.0-ppr,6.198,0.002,-0.0,0.009798,0.300108,1.0,7.3,2.982281,-2.517719,0,0,0.0,0.0,1.0,0.5,0.300108
2026-09-29T23:14:13.976Z,LAT-00071-7f92f1,BASE_FINE,4.2,ACCEPTABLE_CONTEXT,0.00409,OK,0.5656,A-1.0-ppr,6.99,0.001,-0.001429,0.006325,0.300108,-1.0,0.021,7.002464,1.502464,0,0,0.0,0.0,1.0,0.5,0.300108
2026-09-29T23:14:13.977Z,LAT-00072-f9b203,BASE_FINE,9.3,ACCEPTABLE_CONTEXT,0.00568,OK,0.6144,A-1.0-ppr,3.5,0.004,0.005714,0.008944,0.300107,-1.0,0.0465,3.51633,-1.98367,0,0,0.0,0.0,1.0,0.5,0.300107
2026-09-29T23:14:13.977Z,LAT-00073-23788b,BASE_FINE,1.7,UNCERTAIN_CONTEXT,1.0,STALE_SAMPLE,0.2637,A-1.0-ppr,6.994,-0.009,0.001429,0.016248,4.000108,-1.0,0.0085,6.999046,1.499046,0,0,0.0,0.0,1.0,0.5,4.000108
2026-09-29T23:14:13.978Z,LAT-00074-8cc9db,ACID_FINE,1.8,ACCEPTABLE_CONTEXT,0.00409,OK,0.5521,A-1.0-ppr,6.994,-0.001,0.001429,0.010198,0.300104,1.0,0.009,6.989038,1.489038,0,0,0.0,0.0,1.0,0.5,0.300104
2026-09-29T23:14:13.979Z,LAT-00075-f755e2,BASE_FINE,3.8,ACCEPTABLE_CONTEXT,0.00409,OK,0.5453,A-1.0-ppr,6.992,-0.003,0.001429,0.007483,0.300104,-1.0,0.019,7.003277,1.503277,0,0,0.0,0.0,1.0,0.5,0.300104
2026-09-29T23:14:13.980Z,LAT-00076-21becc,ACID_FINE,8.8,ACCEPTABLE_CONTEXT,0.00409,OK,0.5451,A-1.0-ppr,7.0,-0.004,0.005714,0.008944,0.300104,1.0,0.044,6.975871,1.475871,0,0,0.0,0.0,1.0,0.5,0.300104
2026-09-29T23:14:13.980Z,LAT-00077-a53ffb,ACID_FINE,5.0,ACCEPTABLE_CONTEXT,0.003572,OK,0.5653,A-1.0-ppr,7.008,0.006,-0.008571,0.011662,0.300103,1.0,0.025,6.994172,1.494172,0,0,0.0,0.0,1.0,0.5,0.300103
2026-09-29T23:14:13.981Z,LAT-00078-1037db,ACID_BULK,14.1,HARMFUL_CONTEXT,1.0,"PREDICTED_UNSAFE:a,b,d",0.2892,A-1.0-ppr,6.2,0.0,0.0,0.0,0.300103,1.0,7.05,3.003977,-2.496023,0,0,0.0,0.0,1.0,0.5,0.300103
2026-09-29T23:14:13.981Z,LAT-00079-310005,BASE_FINE,1.8,UNCERTAIN_CONTEXT,1.0,STALE_SAMPLE,0.248,A-1.0-ppr,6.998,0.003,0.001429,0.007483,4.000103,-1.0,0.009,7.003342,1.503342,0,0,0.0,0.0,1.0,0.5,4.000103
2026-09-29T23:14:13.982Z,LAT-00080-975c83,ACID_FINE,6.3,ACCEPTABLE_CONTEXT,0.00409,OK,0.5595,A-1.0-ppr,7.002,-0.004,0.002857,0.007483,0.300101,1.0,0.0315,6.984638,1.484638,0,0,0.0,0.0,1.0,0.5,0.300101
2026-09-29T23:14:13.983Z,LAT-00081-a57ba8,BASE_FINE,7.2,ACCEPTABLE_CONTEXT,0.00409,OK,0.556,A-1.0-ppr,6.994,-0.002,-0.002857,0.008,0.3001,-1.0,0.036,7.015715,1.515715,0,0,0.0,0.0,1.0,0.5,0.3001
2026-09-29T23:14:13.984Z,LAT-00082-f39dc3,ACID_FINE,4.2,ACCEPTABLE_CONTEXT,0.00409,OK,0.5492,A-1.0-ppr,6.998,0.001,0.004286,0.009798,0.300104,1.0,0.021,6.986424,1.486424,0,0,0.0,0.0,1.0,0.5,0.300104
2026-09-29T23:14:13.984Z,LAT-00083-23df94,ACID_BULK,10.6,HARMFUL_CONTEXT,1.0,"PREDICTED_UNSAFE:a,b,d",0.3053,A-1.0-ppr,6.2,0.003,-0.004286,0.006325,0.300102,1.0,5.3,3.191609,-2.308391,0,0,0.0,0.0,1.0,0.5,0.300102
2026-09-29T23:14:13.985Z,LAT-00084-820d93,BASE_FINE,4.4,ACCEPTABLE_CONTEXT,0.006187,OK,0.5818,A-1.0-ppr,3.5,-0.002,0.005714,0.006325,0.300101,-1.0,0.022,3.507658,-1.992342,0,0,0.0,0.0,1.0,0.5,0.300101
2026-09-29T23:14:13.985Z,LAT-00085-c09768,ACID_BULK,16.0,HARMFUL_CONTEXT,1.0,"PREDICTED_UNSAFE:a,b,d",0.312,A-1.0-ppr,6.192,0.008,0.002857,0.011662,0.300112,1.0,8.0,2.926664,-2.573336,0,0,0.0,0.0,1.0,0.5,0.300112
2026-09-29T23:14:13.986Z,LAT-00086-1cb944,BASE_FINE,2.3,UNCERTAIN_CONTEXT,1.0,STALE_SAMPLE,0.3245,A-1.0-ppr,7.004,-0.002,-0.002857,0.008,4.000101,-1.0,0.0115,7.010987,1.510987,0,0,0.0,0.0,1.0,0.5,4.000101
2026-09-29T23:14:13.987Z,LAT-00087-0db7b4,BASE_FINE,2.7,ACCEPTABLE_CONTEXT,0.00409,OK,0.7678,A-1.0-ppr,6.996,-0.003,-0.001429,0.004899,0.300135,-1.0,0.0135,7.004013,1.504013,0,0,0.0,0.0,1.0,0.5,0.300135
2026-09-29T23:14:13.988Z,LAT-00088-af8496,BASE_FINE,4.9,ACCEPTABLE_CONTEXT,0.00409,OK,0.9623,A-1.0-ppr,6.996,-0.003,-0.007143,0.010198,0.30013,-1.0,0.0245,7.010686,1.510686,0,0,0.0,0.0,1.0,0.5,0.30013
2026-09-29T23:14:13.989Z,LAT-00089-70f4ff,ACID_BULK,18.2,HARMFUL_CONTEXT,1.0,"PREDICTED_UNSAFE:a,b,d",0.4024,A-1.0-ppr,6.202,0.004,-0.008571,0.011662,0.300171,1.0,9.1,2.854953,-2.645047,0,0,0.0,0.0,1.0,0.5,0.300171
2026-09-29T23:14:13.990Z,LAT-00090-1a4525,BASE_FINE,4.9,UNCERTAIN_CONTEXT,1.0,STALE_SAMPLE,0.3564,A-1.0-ppr,6.992,0.001,-0.004286,0.011662,4.000129,-1.0,0.0245,7.006538,1.506538,0,0,0.0,0.0,1.0,0.5,4.000129
2026-09-29T23:14:13.991Z,LAT-00091-c2d6ab,BASE_FINE,0.8,ACCEPTABLE_CONTEXT,0.00409,OK,0.7739,A-1.0-ppr,7.006,-0.007,-0.001429,0.010198,0.300144,-1.0,0.004,7.008429,1.508429,0,0,0.0,0.0,1.0,0.5,0.300144
2026-09-29T23:14:13.992Z,LAT-00092-76ca08,BASE_FINE,3.1,ACCEPTABLE_CONTEXT,0.00409,OK,0.5821,A-1.0-ppr,6.998,0.001,0.007143,0.007483,0.300123,-1.0,0.0155,7.0072,1.5072,0,0,0.0,0.0,1.0,0.5,0.300123
2026-09-29T23:14:13.993Z,LAT-00093-ac4fa2,BASE_FINE,8.9,ACCEPTABLE_CONTEXT,0.00409,OK,0.64,A-1.0-ppr,6.996,-0.004,0.011429,0.014967,0.300117,-1.0,0.0445,7.023051,1.523051,0,0,0.0,0.0,1.0,0.5,0.300117
2026-09-29T23:14:13.993Z,LAT-00094-c9def2,ACID_FINE,1.2,ACCEPTABLE_CONTEXT,0.00409,OK,0.5905,A-1.0-ppr,6.998,-0.001,0.007143,0.007483,0.300133,1.0,0.006,6.99469,1.49469,0,0,0.0,0.0,1.0,0.5,0.300133
2026-09-29T23:14:13.994Z,LAT-00095-830dbc,BASE_FINE,1.6,UNCERTAIN_CONTEXT,1.0,STALE_SAMPLE,0.2741,A-1.0-ppr,6.996,-0.005,-0.001429,0.010198,4.000117,-1.0,0.008,7.000749,1.500749,0,0,0.0,0.0,1.0,0.5,4.000117
2026-09-29T23:14:13.995Z,LAT-00096-772bb9,BASE_FINE,5.5,ACCEPTABLE_CONTEXT,0.006187,OK,0.6098,A-1.0-ppr,3.5,-0.001,-0.007143,0.010954,0.300112,-1.0,0.0275,3.509591,-1.990409,0,0,0.0,0.0,1.0,0.5,0.300112
2026-09-29T23:14:13.996Z,LAT-00097-5b9316,BASE_FINE,6.5,ACCEPTABLE_CONTEXT,0.009535,OK,0.5941,A-1.0-ppr,3.5,0.0,-0.0,0.0,0.300108,-1.0,0.0325,3.511356,-1.988644,0,0,0.0,0.0,1.0,0.5,0.300108
2026-09-29T23:14:13.996Z,LAT-00098-e0d3fe,ACID_BULK,11.5,HARMFUL_CONTEXT,1.0,"PREDICTED_UNSAFE:a,b,d",0.2913,A-1.0-ppr,6.194,-0.002,-0.002857,0.008,0.300107,1.0,5.75,3.13308,-2.36692,0,0,0.0,0.0,1.0,0.5,0.300107
2026-09-29T23:14:13.997Z,LAT-00099-c07f4e,ACID_BULK,10.2,HARMFUL_CONTEXT,1.0,"PREDICTED_UNSAFE:a,b,d",0.2857,A-1.0-ppr,6.198,0.003,0.001429,0.007483,0.300105,1.0,5.1,3.218502,-2.281498,0,0,0.0,0.0,1.0,0.5,0.300105
2026-09-29T23:14:13.998Z,LAT-00100-c75dec,BASE_FINE,2.6,UNCERTAIN_CONTEXT,1.0,STALE_SAMPLE,0.2542,A-1.0-ppr,6.998,0.0,-0.002857,0.007483,4.000105,-1.0,0.013,7.005715,1.505715,0,0,0.0,0.0,1.0,0.5,4.000105
2026-09-29T23:14:13.999Z,LAT-00101-aedfc3,BASE_FINE,8.1,ACCEPTABLE_CONTEXT,0.00409,OK,0.5741,A-1.0-ppr,7.002,-0.004,-0.002857,0.007483,0.300102,-1.0,0.0405,7.026831,1.526831,0,0,0.0,0.0,1.0,0.5,0.300102
2026-09-29T23:14:13.999Z,LAT-00102-c0f5c1,BASE_FINE,6.5,ACCEPTABLE_CONTEXT,0.003849,OK,0.5368,A-1.0-ppr,6.998,0.004,0.002857,0.007483,0.300104,-1.0,0.0325,7.017722,1.517722,0,0,0.0,0.0,1.0,0.5,0.300104
2026-09-29T23:14:14.000Z,LAT-00103-45c69a,ACID_BULK,15.8,HARMFUL_CONTEXT,1.0,"PREDICTED_UNSAFE:a,b,d",0.292,A-1.0-ppr,6.194,-0.001,-0.004286,0.004899,0.300111,1.0,7.9,2.934421,-2.565579,0,0,0.0,0.0,1.0,0.5,0.300111
2026-09-29T23:14:14.000Z,LAT-00104-9979b9,ACID_BULK,18.7,HARMFUL_CONTEXT,1.0,"PREDICTED_UNSAFE:a,b,d",0.2883,A-1.0-ppr,6.198,-0.003,-0.004286,0.007483,0.300102,1.0,9.35,2.839133,-2.660867,0,0,0.0,0.0,1.0,0.5,0.300102
2026-09-29T23:14:14.001Z,LAT-00105-cbd820,ACID_FINE,8.4,ACCEPTABLE_CONTEXT,0.00409,OK,0.5528,A-1.0-ppr,6.996,-0.003,0.001429,0.012,0.300104,1.0,0.042,6.973086,1.473086,0,0,0.0,0.0,1.0,0.5,0.300104
2026-09-29T23:14:14.002Z,LAT-00106-b19c7e,BASE_FINE,5.2,ACCEPTABLE_CONTEXT,0.00409,OK,0.5365,A-1.0-ppr,6.998,-0.005,0.004286,0.011662,0.300105,-1.0,0.026,7.013701,1.513701,0,0,0.0,0.0,1.0,0.5,0.300105
2026-09-29T23:14:14.002Z,LAT-00107-bca912,BASE_FINE,4.2,UNCERTAIN_CONTEXT,1.0,STALE_SAMPLE,0.3017,A-1.0-ppr,7.002,-0.005,-0.01,0.013266,4.000105,-1.0,0.021,7.01478,1.51478,0,0,0.0,0.0,1.0,0.5,4.000105
2026-09-29T23:14:14.003Z,LAT-00108-b14282,ACID_FINE,9.6,ACCEPTABLE_CONTEXT,0.003572,OK,0.7757,A-1.0-ppr,7.012,0.006,0.005714,0.013266,0.300112,1.0,0.048,6.985334,1.485334,0,0,0.0,0.0,1.0,0.5,0.300112
2026-09-29T23:14:14.004Z,LAT-00109-d5e22a,ACID_FINE,3.1,ACCEPTABLE_CONTEXT,0.00409,OK,0.5901,A-1.0-ppr,7.0,0.002,0.008571,0.010954,0.300117,1.0,0.0155,6.991452,1.491452,0,0,0.0,0.0,1.0,0.5,0.300117
2026-09-29T23:14:14.005Z,LAT-00110-8abb05,ACID_BULK,14.0,HARMFUL_CONTEXT,1.0,"PREDICTED_UNSAFE:a,b,d",0.3097,A-1.0-ppr,6.208,-0.001,0.001429,0.004,0.300149,1.0,7.0,3.010324,-2.489676,0,0,0.0,0.0,1.0,0.5,0.300149
2026-09-29T23:14:14.006Z,LAT-00111-904a5f,ACID_FINE,0.6,ACCEPTABLE_CONTEXT,0.00409,OK,0.5763,A-1.0-ppr,7.0,0.0,-0.005714,0.008944,0.300105,1.0,0.003,6.998345,1.498345,0,0,0.0,0.0,1.0,0.5,0.300105
2026-09-29T23:14:14.006Z,LAT-00112-a8ece9,ACID_BULK,16.8,HARMFUL_CONTEXT,1.0,"PREDICTED_UNSAFE:a,b,d",0.2953,A-1.0-ppr,6.202,-0.01,0.005714,0.019391,0.30011,1.0,8.4,2.900425,-2.599575,0,0,0.0,0.0,1.0,0.5,0.30011
2026-09-29T23:14:14.007Z,LAT-00113-52e5a0,BASE_FINE,6.9,ACCEPTABLE_CONTEXT,0.006187,OK,0.6214,A-1.0-ppr,3.502,-0.005,0.004286,0.011662,0.300102,-1.0,0.0345,3.514116,-1.985884,0,0,0.0,0.0,1.0,0.5,0.300102
2026-09-29T23:14:14.008Z,LAT-00114-84cc8d,ACID_FINE,3.3,ACCEPTABLE_CONTEXT,0.00409,OK,0.5862,A-1.0-ppr,7.004,-0.001,0.007143,0.008,0.300102,1.0,0.0165,6.994898,1.494898,0,0,0.0,0.0,1.0,0.5,0.300102
2026-09-29T23:14:14.008Z,LAT-00115-5a48bf,BASE_FINE,2.6,UNCERTAIN_CONTEXT,1.0,STALE_SAMPLE,0.2881,A-1.0-ppr,7.004,0.0,-0.002857,0.004899,4.000116,-1.0,0.013,7.011915,1.511915,0,0,0.0,0.0,1.0,0.5,4.000116
2026-09-29T23:14:14.009Z,LAT-00116-9df3fd,BASE_FINE,4.7,ACCEPTABLE_CONTEXT,0.00409,OK,0.5315,A-1.0-ppr,6.998,-0.003,0.001429,0.007483,0.300107,-1.0,0.0235,7.012154,1.512154,0,0,0.0,0.0,1.0,0.5,0.300107
2026-09-29T23:14:14.010Z,LAT-00117-ef0068,BASE_FINE,3.5,UNCERTAIN_CONTEXT,1.0,STALE_SAMPLE,0.3308,A-1.0-ppr,7.006,-0.003,0.001429,0.010198,4.000102,-1.0,0.0175,7.016788,1.516788,0,0,0.0,0.0,1.0,0.5,4.000102
2026-09-29T23:14:14.011Z,LAT-00118-5d3f79,BASE_FINE,3.8,ACCEPTABLE_CONTEXT,0.00409,OK,0.5795,A-1.0-ppr,6.996,-0.005,-0.001429,0.010198,0.30014,-1.0,0.019,7.00728,1.50728,0,0,0.0,0.0,1.0,0.5,0.30014
2026-09-29T23:14:14.011Z,LAT-00119-2b144e,BASE_FINE,1.9,UNCERTAIN_CONTEXT,1.0,STALE_SAMPLE,0.2697,A-1.0-ppr,7.0,0.0,-0.008571,0.008944,4.000117,-1.0,0.0095,7.005638,1.505638,0,0,0.0,0.0,1.0,0.5,4.000117
2026-09-29T23:14:14.012Z,LAT-00120-05fa72,BASE_FINE,2.5,ACCEPTABLE_CONTEXT,0.006187,OK,0.6094,A-1.0-ppr,3.498,0.002,-0.011429,0.011662,0.300112,-1.0,0.0125,3.502318,-1.997682,0,0,0.0,0.0,1.0,0.5,0.300112
2026-09-29T23:14:14.013Z,LAT-00121-adb3e4,BASE_FINE,6.1,ACCEPTABLE_CONTEXT,0.00568,OK,0.5923,A-1.0-ppr,3.502,0.008,-0.002857,0.014697,0.300113,-1.0,0.0305,3.512696,-1.987304,0,0,0.0,0.0,1.0,0.5,0.300113
2026-09-29T23:14:14.013Z,LAT-00122-0253d3,BASE_FINE,0.6,ACCEPTABLE_CONTEXT,0.00409,OK,0.5547,A-1.0-ppr,7.0,-0.002,-0.005714,0.006325,0.300109,-1.0,0.003,7.001781,1.501781,0,0,0.0,0.0,1.0,0.5,0.300109
2026-09-29T23:14:14.014Z,LAT-00123-b0ba53,ACID_FINE,4.6,ACCEPTABLE_CONTEXT,0.00409,OK,0.5471,A-1.0-ppr,7.0,0.002,-0.0,0.008944,0.300106,1.0,0.023,6.98732,1.48732,0,0,0.0,0.0,1.0,0.5,0.300106
2026-09-29T23:14:14.015Z,LAT-00124-fda945,BASE_FINE,4.5,UNCERTAIN_CONTEXT,1.0,STALE_SAMPLE,0.2694,A-1.0-ppr,6.996,-0.001,-0.012857,0.013565,4.000107,-1.0,0.0225,7.009448,1.509448,0,0,0.0,0.0,1.0,0.5,4.000107
2026-09-29T23:14:14.015Z,LAT-00125-dae248,BASE_FINE,3.8,UNCERTAIN_CONTEXT,1.0,STALE_SAMPLE,0.2481,A-1.0-ppr,6.998,0.0,0.011429,0.009798,4.000113,-1.0,0.019,7.009368,1.509368,0,0,0.0,0.0,1.0,0.5,4.000113
2026-09-29T23:14:14.016Z,LAT-00126-15d7ab,ACID_FINE,6.8,ACCEPTABLE_CONTEXT,0.00409,OK,0.5592,A-1.0-ppr,7.0,0.002,0.002857,0.008944,0.300105,1.0,0.034,6.981267,1.481267,0,0,0.0,0.0,1.0,0.5,0.300105
2026-09-29T23:14:14.017Z,LAT-00127-473b03,BASE_FINE,4.9,ACCEPTABLE_CONTEXT,0.006187,OK,0.5842,A-1.0-ppr,3.486,0.002,0.002857,0.008,0.300103,-1.0,0.0245,3.494279,-2.005721,0,0,0.0,0.0,1.0,0.5,0.300103
2026-09-29T23:14:14.017Z,LAT-00128-32f1c7,ACID_BULK,11.8,HARMFUL_CONTEXT,1.0,"PREDICTED_UNSAFE:a,b,d",0.3004,A-1.0-ppr,6.198,0.002,-0.002857,0.004,0.300108,1.0,5.9,3.117131,-2.382869,0,0,0.0,0.0,1.0,0.5,0.300108
2026-09-29T23:14:14.018Z,LAT-00129-39fe24,ACID_BULK,17.9,HARMFUL_CONTEXT,1.0,"PREDICTED_UNSAFE:a,b,d",0.2836,A-1.0-ppr,6.202,0.0,0.002857,0.007483,0.300101,1.0,8.95,2.864302,-2.635698,0,0,0.0,0.0,1.0,0.5,0.300101
2026-09-29T23:14:14.019Z,LAT-00130-0fa3eb,BASE_FINE,5.1,ACCEPTABLE_CONTEXT,0.00409,OK,0.556,A-1.0-ppr,6.992,-0.003,0.01,0.013266,0.300099,-1.0,0.0255,7.007131,1.507131,0,0,0.0,0.0,1.0,0.5,0.300099
2026-09-29T23:14:14.019Z,LAT-00131-a82bdf,BASE_FINE,6.4,ACCEPTABLE_CONTEXT,0.00409,OK,0.6509,A-1.0-ppr,7.002,-0.003,-0.01,0.013266,0.300103,-1.0,0.032,7.021582,1.521582,0,0,0.0,0.0,1.0,0.5,0.300103
2026-09-29T23:14:14.021Z,LAT-00132-bbc75a,BASE_FINE,2.7,ACCEPTABLE_CONTEXT,0.00409,OK,0.8108,A-1.0-ppr,7.008,-0.001,-0.004286,0.007483,0.300168,-1.0,0.0135,7.016362,1.516362,0,0,0.0,0.0,1.0,0.5,0.300168
2026-09-29T23:14:14.021Z,LAT-00133-9e991e,ACID_BULK,13.5,HARMFUL_CONTEXT,1.0,"PREDICTED_UNSAFE:a,b,d",0.3475,A-1.0-ppr,6.2,0.006,0.008571,0.012649,0.300116,1.0,6.75,3.030903,-2.469097,0,0,0.0,0.0,1.0,0.5,0.300116
2026-09-29T23:14:14.022Z,LAT-00134-c663d7,BASE_FINE,2.1,UNCERTAIN_CONTEXT,1.0,STALE_SAMPLE,0.2723,A-1.0-ppr,7.0,0.005,-0.01,0.010954,4.000107,-1.0,0.0105,7.006231,1.506231,0,0,0.0,0.0,1.0,0.5,4.000107
2026-09-29T23:14:14.023Z,LAT-00135-819d5c,ACID_FINE,2.0,ACCEPTABLE_CONTEXT,0.00409,OK,0.6605,A-1.0-ppr,6.998,-0.01,-0.002857,0.016,0.300119,1.0,0.01,6.992485,1.492485,0,0,0.0,0.0,1.0,0.5,0.300119
2026-09-29T23:14:14.023Z,LAT-00136-4d5899,BASE_FINE,3.4,UNCERTAIN_CONTEXT,1.0,STALE_SAMPLE,0.2995,A-1.0-ppr,7.004,0.001,-0.001429,0.010198,4.000115,-1.0,0.017,7.014392,1.514392,0,0,0.0,0.0,1.0,0.5,4.000115
2026-09-29T23:14:14.024Z,LAT-00137-ff39ef,BASE_FINE,5.5,ACCEPTABLE_CONTEXT,0.003849,OK,0.5994,A-1.0-ppr,7.006,0.003,-0.007143,0.010198,0.300107,-1.0,0.0275,7.022971,1.522971,0,0,0.0,0.0,1.0,0.5,0.300107
2026-09-29T23:14:14.025Z,LAT-00138-1fae7b,BASE_FINE,7.1,ACCEPTABLE_CONTEXT,0.006187,OK,0.6119,A-1.0-ppr,3.498,0.0,0.002857,0.004,0.300109,-1.0,0.0355,3.510363,-1.989637,0,0,0.0,0.0,1.0,0.5,0.300109
2026-09-29T23:14:14.025Z,LAT-00139-d444cd,ACID_BULK,12.8,HARMFUL_CONTEXT,1.0,"PREDICTED_UNSAFE:a,b,d",0.2911,A-1.0-ppr,6.204,-0.006,0.005714,0.010198,0.300105,1.0,6.4,3.065719,-2.434281,0,0,0.0,0.0,1.0,0.5,0.300105
2026-09-29T23:14:14.026Z,LAT-00140-1578f0,ACID_BULK,15.0,HARMFUL_CONTEXT,1.0,"PREDICTED_UNSAFE:a,b,d",0.2893,A-1.0-ppr,6.202,-0.003,0.001429,0.007483,0.300104,1.0,7.5,2.966937,-2.533063,0,0,0.0,0.0,1.0,0.5,0.300104
2026-09-29T23:14:14.027Z,LAT-00141-2635c1,BASE_FINE,5.6,ACCEPTABLE_CONTEXT,0.006187,OK,0.6254,A-1.0-ppr,3.492,0.002,-0.0,0.009798,0.300187,-1.0,0.028,3.501598,-1.998402,0,0,0.0,0.0,1.0,0.5,0.300187
2026-09-29T23:14:14.028Z,LAT-00142-4143d9,ACID_FINE,5.1,ACCEPTABLE_CONTEXT,0.00409,OK,0.5708,A-1.0-ppr,7.002,0.0,0.002857,0.007483,0.300104,1.0,0.0255,6.987941,1.487941,0,0,0.0,0.0,1.0,0.5,0.300104
2026-09-29T23:14:14.028Z,LAT-00143-44abe2,BASE_FINE,2.4,UNCERTAIN_CONTEXT,1.0,STALE_SAMPLE,0.2613,A-1.0-ppr,7.0,-0.004,-0.011429,0.012649,4.000104,-1.0,0.012,7.007121,1.507121,0,0,0.0,0.0,1.0,0.5,4.000104
2026-09-29T23:14:14.029Z,LAT-00144-712062,BASE_FINE,3.1,UNCERTAIN_CONTEXT,1.0,STALE_SAMPLE,0.2557,A-1.0-ppr,6.994,-0.001,-0.001429,0.010198,4.000101,-1.0,0.0155,7.0032,1.5032,0,0,0.0,0.0,1.0,0.5,4.000101
2026-09-29T23:14:14.029Z,LAT-00145-4fe4b5,ACID_BULK,13.3,HARMFUL_CONTEXT,1.0,"PREDICTED_UNSAFE:a,b,d",0.2815,A-1.0-ppr,6.204,0.0,-0.002857,0.004899,0.3001,1.0,6.65,3.04133,-2.45867,0,0,0.0,0.0,1.0,0.5,0.3001
2026-09-29T23:14:14.030Z,LAT-00146-6fe458,ACID_FINE,3.3,ACCEPTABLE_CONTEXT,0.00409,OK,0.5682,A-1.0-ppr,7.008,-0.002,-0.008571,0.009798,0.300101,1.0,0.0165,6.998858,1.498858,0,0,0.0,0.0,1.0,0.5,0.300101
2026-09-29T23:14:14.030Z,LAT-00147-236357,ACID_BULK,11.3,HARMFUL_CONTEXT,1.0,"PREDICTED_UNSAFE:a,b,d",0.2878,A-1.0-ppr,6.204,0.001,-0.007143,0.010198,0.300101,1.0,5.65,3.148387,-2.351613,0,0,0.0,0.0,1.0,0.5,0.300101
2026-09-29T23:14:14.031Z,LAT-00148-c6d5f4,BASE_FINE,2.2,UNCERTAIN_CONTEXT,1.0,STALE_SAMPLE,0.2551,A-1.0-ppr,7.0,-0.004,-0.014286,0.014142,4.000099,-1.0,0.011,7.006527,1.506527,0,0,0.0,0.0,1.0,0.5,4.000099
2026-09-29T23:14:14.031Z,LAT-00149-5742b6,ACID_BULK,11.9,HARMFUL_CONTEXT,1.0,"PREDICTED_UNSAFE:a,b,d",0.2792,A-1.0-ppr,6.2,-0.002,0.005714,0.006325,0.300097,1.0,5.95,3.112151,-2.387849,0,0,0.0,0.0,1.0,0.5,0.300097
2026-09-29T23:14:14.032Z,LAT-00150-edb4ed,BASE_FINE,6.6,ACCEPTABLE_CONTEXT,0.00409,OK,0.574,A-1.0-ppr,7.006,-0.003,0.004286,0.010198,0.300106,-1.0,0.033,7.026367,1.526367,0,0,0.0,0.0,1.0,0.5,0.300106
2026-09-29T23:14:14.033Z,LAT-00151-acd91e,BASE_FINE,2.6,ACCEPTABLE_CONTEXT,0.003849,OK,0.5602,A-1.0-ppr,7.0,0.004,-0.002857,0.010954,0.3001,-1.0,0.013,7.007739,1.507739,0,0,0.0,0.0,1.0,0.5,0.3001
2026-09-29T23:14:14.033Z,LAT-00152-8e538f,BASE_FINE,2.3,UNCERTAIN_CONTEXT,1.0,STALE_SAMPLE,0.26,A-1.0-ppr,7.0,-0.001,0.004286,0.006325,4.000101,-1.0,0.0115,7.006824,1.506824,0,0,0.0,0.0,1.0,0.5,4.000101
2026-09-29T23:14:14.034Z,LAT-00153-40b6c7,BASE_FINE,4.1,ACCEPTABLE_CONTEXT,0.006187,OK,0.5823,A-1.0-ppr,3.502,0.0,-0.005714,0.009798,0.300098,-1.0,0.0205,3.509163,-1.990837,0,0,0.0,0.0,1.0,0.5,0.300098
2026-09-29T23:14:14.035Z,LAT-00154-9f3fd9,BASE_FINE,3.8,UNCERTAIN_CONTEXT,1.0,STALE_SAMPLE,0.2825,A-1.0-ppr,7.006,0.001,-0.004286,0.008,4.000099,-1.0,0.019,7.017716,1.517716,0,0,0.0,0.0,1.0,0.5,4.000099
2026-09-29T23:14:14.035Z,LAT-00155-2751bc,ACID_BULK,15.2,HARMFUL_CONTEXT,1.0,"PREDICTED_UNSAFE:a,b,d",0.2966,A-1.0-ppr,6.208,0.004,-0.008571,0.009798,0.300099,1.0,7.6,2.960339,-2.539661,0,0,0.0,0.0,1.0,0.5,0.300099
2026-09-29T23:14:14.036Z,LAT-00156-81b70a,BASE_FINE,3.9,ACCEPTABLE_CONTEXT,0.00409,OK,0.6075,A-1.0-ppr,7.006,-0.001,-0.004286,0.008,0.300098,-1.0,0.0195,7.018025,1.518025,0,0,0.0,0.0,1.0,0.5,0.300098
2026-09-29T23:14:14.037Z,LAT-00157-b4a401,ACID_BULK,12.6,HARMFUL_CONTEXT,1.0,"PREDICTED_UNSAFE:a,b,d",0.3653,A-1.0-ppr,6.196,0.004,0.002857,0.008,0.300188,1.0,6.3,3.073558,-2.426442,0,0,0.0,0.0,1.0,0.5,0.300188
2026-09-29T23:14:14.037Z,LAT-00158-d67d26,ACID_FINE,1.7,ACCEPTABLE_CONTEXT,0.003572,OK,0.6331,A-1.0-ppr,6.998,0.003,-0.001429,0.007483,0.300111,1.0,0.0085,6.993312,1.493312,0,0,0.0,0.0,1.0,0.5,0.300111
2026-09-29T23:14:14.038Z,LAT-00159-fa6932,BASE_FINE,9.4,ACCEPTABLE_CONTEXT,0.006187,OK,0.6532,A-1.0-ppr,3.498,-0.009,0.001429,0.013266,0.300109,-1.0,0.047,3.514436,-1.985564,0,0,0.0,0.0,1.0,0.5,0.300109
2026-09-29T23:14:14.039Z,LAT-00160-68fbe2,ACID_BULK,19.4,HARMFUL_CONTEXT,1.0,"PREDICTED_UNSAFE:a,b,d",0.3088,A-1.0-ppr,6.198,0.002,0.002857,0.007483,0.300109,1.0,9.7,2.818814,-2.681186,0,0,0.0,0.0,1.0,0.5,0.300109
2026-09-29T23:14:14.040Z,LAT-00161-b218d2,BASE_FINE,8.7,ACCEPTABLE_CONTEXT,0.003849,OK,0.7022,A-1.0-ppr,7.014,0.004,-0.002857,0.008,0.300111,-1.0,0.0435,7.041058,1.541058,0,0,0.0,0.0,1.0,0.5,0.300111
2026-09-29T23:14:14.040Z,LAT-00162-9afc42,ACID_BULK,13.9,HARMFUL_CONTEXT,1.0,"PREDICTED_UNSAFE:a,b,d",0.3212,A-1.0-ppr,6.194,0.001,-0.004286,0.004899,0.300141,1.0,6.95,3.011255,-2.488745,0,0,0.0,0.0,1.0,0.5,0.300141
2026-09-29T23:14:14.041Z,LAT-00163-941b05,ACID_FINE,4.0,ACCEPTABLE_CONTEXT,0.00409,OK,0.5911,A-1.0-ppr,6.994,0.002,-0.0,0.004899,0.300119,1.0,0.02,6.98298,1.48298,0,0,0.0,0.0,1.0,0.5,0.300119
2026-09-29T23:14:14.042Z,LAT-00164-261aac,BASE_FINE,3.4,UNCERTAIN_CONTEXT,1.0,STALE_SAMPLE,0.2663,A-1.0-ppr,6.998,0.002,-0.0,0.009798,4.000119,-1.0,0.017,7.008129,1.508129,0,0,0.0,0.0,1.0,0.5,4.000119
2026-09-29T23:14:14.042Z,LAT-00165-a3ad38,ACID_BULK,17.0,HARMFUL_CONTEXT,1.0,"PREDICTED_UNSAFE:a,b,d",0.2918,A-1.0-ppr,6.194,0.0,0.005714,0.004899,0.300106,1.0,8.5,2.892099,-2.607901,0,0,0.0,0.0,1.0,0.5,0.300106
2026-09-29T23:14:14.043Z,LAT-00166-3cf180,BASE_FINE,5.0,UNCERTAIN_CONTEXT,1.0,STALE_SAMPLE,0.2896,A-1.0-ppr,7.006,-0.002,-0.0,0.004899,4.000105,-1.0,0.025,7.021426,1.521426,0,0,0.0,0.0,1.0,0.5,4.000105
2026-09-29T23:14:14.044Z,LAT-00167-b2e97a,BASE_FINE,2.8,ACCEPTABLE_CONTEXT,0.00409,OK,0.6054,A-1.0-ppr,7.004,-0.002,0.011429,0.010198,0.300103,-1.0,0.014,7.012535,1.512535,0,0,0.0,0.0,1.0,0.5,0.300103
2026-09-29T23:14:14.044Z,LAT-00168-9c941d,BASE_FINE,1.7,UNCERTAIN_CONTEXT,1.0,STALE_SAMPLE,0.2835,A-1.0-ppr,7.006,0.002,-0.0,0.004899,4.000106,-1.0,0.0085,7.011217,1.511217,0,0,0.0,0.0,1.0,0.5,4.000106
2026-09-29T23:14:14.045Z,LAT-00169-5b6a2a,ACID_FINE,9.5,ACCEPTABLE_CONTEXT,0.00409,OK,0.5555,A-1.0-ppr,6.996,-0.001,-0.001429,0.004899,0.300103,1.0,0.0475,6.970177,1.470177,0,0,0.0,0.0,1.0,0.5,0.300103
2026-09-29T23:14:14.046Z,LAT-00170-6463da,BASE_FINE,9.2,ACCEPTABLE_CONTEXT,0.00409,OK,0.5491,A-1.0-ppr,6.984,-0.003,0.015714,0.016248,0.300108,-1.0,0.046,7.01147,1.51147,0,0,0.0,0.0,1.0,0.5,0.300108
2026-09-29T23:14:14.046Z,LAT-00171-901005,BASE_FINE,1.1,UNCERTAIN_CONTEXT,1.0,STALE_SAMPLE,0.2515,A-1.0-ppr,6.998,0.001,0.001429,0.004,4.000104,-1.0,0.0055,7.001265,1.501265,0,0,0.0,0.0,1.0,0.5,4.000104
2026-09-29T23:14:14.047Z,LAT-00172-2983e9,ACID_FINE,8.2,ACCEPTABLE_CONTEXT,0.00409,OK,0.572,A-1.0-ppr,7.004,0.0,-0.008571,0.010198,0.300103,1.0,0.041,6.981409,1.481409,0,0,0.0,0.0,1.0,0.5,0.300103
2026-09-29T23:14:14.047Z,LAT-00173-700139,ACID_BULK,15.0,HARMFUL_CONTEXT,1.0,"PREDICTED_UNSAFE:a,b,d",0.2855,A-1.0-ppr,6.2,0.0,-0.002857,0.010954,0.300106,1.0,7.5,2.966487,-2.533513,0,0,0.0,0.0,1.0,0.5,0.300106
2026-09-29T23:14:14.048Z,LAT-00174-56f48b,ACID_FINE,9.9,ACCEPTABLE_CONTEXT,0.00409,OK,0.5477,A-1.0-ppr,7.0,-0.001,-0.007143,0.010954,0.300104,1.0,0.0495,6.97296,1.47296,0,0,0.0,0.0,1.0,0.5,0.300104
2026-09-29T23:14:14.049Z,LAT-00175-b644fe,BASE_FINE,1.3,UNCERTAIN_CONTEXT,1.0,STALE_SAMPLE,0.2577,A-1.0-ppr,6.994,0.001,0.001429,0.004899,4.000104,-1.0,0.0065,6.997859,1.497859,0,0,0.0,0.0,1.0,0.5,4.000104
2026-09-29T23:14:14.049Z,LAT-00176-53ffcf,ACID_BULK,15.3,HARMFUL_CONTEXT,1.0,"PREDICTED_UNSAFE:a,b,d",0.315,A-1.0-ppr,6.204,-0.006,-0.008571,0.012,0.300101,1.0,7.65,2.955554,-2.544446,0,0,0.0,0.0,1.0,0.5,0.300101
2026-09-29T23:14:14.050Z,LAT-00177-a7ba36,ACID_BULK,11.7,HARMFUL_CONTEXT,1.0,"PREDICTED_UNSAFE:a,b,d",0.2991,A-1.0-ppr,6.2,0.002,-0.011429,0.014142,0.300112,1.0,5.85,3.123466,-2.376534,0,0,0.0,0.0,1.0,0.5,0.300112
2026-09-29T23:14:14.050Z,LAT-00178-7f5513,BASE_FINE,9.4,ACCEPTABLE_CONTEXT,0.006187,OK,0.6306,A-1.0-ppr,3.504,-0.003,0.001429,0.004899,0.300104,-1.0,0.047,3.520655,-1.979345,0,0,0.0,0.0,1.0,0.5,0.300104
2026-09-29T23:14:14.051Z,LAT-00179-e8fcb2,BASE_FINE,3.0,ACCEPTABLE_CONTEXT,0.00409,OK,0.545,A-1.0-ppr,6.998,0.001,-0.004286,0.007483,0.300104,-1.0,0.015,7.006901,1.506901,0,0,0.0,0.0,1.0,0.5,0.300104
2026-09-29T23:14:14.052Z,LAT-00180-8996ca,ACID_FINE,3.4,ACCEPTABLE_CONTEXT,0.00409,OK,0.5849,A-1.0-ppr,7.004,-0.004,-0.0,0.008,0.300103,1.0,0.017,6.994622,1.494622,0,0,0.0,0.0,1.0,0.5,0.300103
2026-09-29T23:14:14.053Z,LAT-00181-a11c4b,ACID_BULK,19.7,HARMFUL_CONTEXT,1.0,"PREDICTED_UNSAFE:a,b,d",0.369,A-1.0-ppr,6.196,0.003,0.01,0.010198,0.300104,1.0,9.85,2.810073,-2.689927,0,0,0.0,0.0,1.0,0.5,0.300104
2026-09-29T23:14:14.053Z,LAT-00182-d9641c,BASE_FINE,3.8,UNCERTAIN_CONTEXT,1.0,STALE_SAMPLE,0.3614,A-1.0-ppr,6.998,0.003,0.004286,0.011662,4.000147,-1.0,0.019,7.009368,1.509368,0,0,0.0,0.0,1.0,0.5,4.000147
2026-09-29T23:14:14.054Z,LAT-00183-c13d7e,ACID_BULK,14.0,HARMFUL_CONTEXT,1.0,"PREDICTED_UNSAFE:a,b,d",0.3312,A-1.0-ppr,6.196,0.002,0.002857,0.008,0.300126,1.0,7.0,3.007353,-2.492647,0,0,0.0,0.0,1.0,0.5,0.300126
2026-09-29T23:14:14.054Z,LAT-00184-85b548,BASE_FINE,2.4,UNCERTAIN_CONTEXT,1.0,STALE_SAMPLE,0.314,A-1.0-ppr,6.998,0.001,-0.007143,0.007483,4.000117,-1.0,0.012,7.005122,1.505122,0,0,0.0,0.0,1.0,0.5,4.000117
2026-09-29T23:14:14.055Z,LAT-00185-241512,BASE_FINE,4.7,ACCEPTABLE_CONTEXT,0.00409,OK,0.6389,A-1.0-ppr,6.998,-0.008,-0.002857,0.011662,0.300108,-1.0,0.0235,7.012154,1.512154,0,0,0.0,0.0,1.0,0.5,0.300108
2026-09-29T23:14:14.056Z,LAT-00186-375424,BASE_FINE,8.3,ACCEPTABLE_CONTEXT,0.006187,OK,0.6296,A-1.0-ppr,3.506,-0.004,-0.005714,0.008,0.30011,-1.0,0.0415,3.520741,-1.979259,0,0,0.0,0.0,1.0,0.5,0.30011
2026-09-29T23:14:14.057Z,LAT-00187-73f8f6,ACID_BULK,16.3,HARMFUL_CONTEXT,1.0,"PREDICTED_UNSAFE:a,b,d",0.296,A-1.0-ppr,6.192,0.001,-0.007143,0.007483,0.300108,1.0,8.15,2.915882,-2.584118,0,0,0.0,0.0,1.0,0.5,0.300108
2026-09-29T23:14:14.057Z,LAT-00188-dfc561,ACID_FINE,9.9,ACCEPTABLE_CONTEXT,0.00409,OK,0.5526,A-1.0-ppr,7.0,0.0,0.008571,0.008944,0.300103,1.0,0.0495,6.97296,1.47296,0,0,0.0,0.0,1.0,0.5,0.300103
2026-09-29T23:14:14.058Z,LAT-00189-7bd763,BASE_FINE,9.2,ACCEPTABLE_CONTEXT,0.006187,OK,0.6034,A-1.0-ppr,3.496,-0.01,0.002857,0.014967,0.300103,-1.0,0.046,3.51201,-1.98799,0,0,0.0,0.0,1.0,0.5,0.300103
2026-09-29T23:14:14.059Z,LAT-00190-b758d9,ACID_BULK,12.0,HARMFUL_CONTEXT,1.0,"PREDICTED_UNSAFE:a,b,d",0.2915,A-1.0-ppr,6.206,0.001,-0.007143,0.008,0.300103,1.0,6.0,3.108463,-2.391537,0,0,0.0,0.0,1.0,0.5,0.300103
2026-09-29T23:14:14.060Z,LAT-00191-8ee4e5,BASE_FINE,3.8,ACCEPTABLE_CONTEXT,0.003849,OK,0.5653,A-1.0-ppr,7.002,0.006,0.002857,0.009798,0.3001,-1.0,0.019,7.013543,1.513543,0,0,0.0,0.0,1.0,0.5,0.3001
2026-09-29T23:14:14.060Z,LAT-00192-3c0043,BASE_FINE,2.3,UNCERTAIN_CONTEXT,1.0,STALE_SAMPLE,0.2974,A-1.0-ppr,7.002,0.006,-0.002857,0.009798,4.000101,-1.0,0.0115,7.008898,1.508898,0,0,0.0,0.0,1.0,0.5,4.000101
2026-09-29T23:14:14.061Z,LAT-00193-f291e1,BASE_FINE,1.6,UNCERTAIN_CONTEXT,1.0,STALE_SAMPLE,0.2722,A-1.0-ppr,7.008,0.0,0.002857,0.004,4.000101,-1.0,0.008,7.012957,1.512957,0,0,0.0,0.0,1.0,0.5,4.000101
2026-09-29T23:14:14.061Z,LAT-00194-b841f6,ACID_BULK,14.7,HARMFUL_CONTEXT,1.0,"PREDICTED_UNSAFE:a,b,d",0.2789,A-1.0-ppr,6.198,-0.005,0.007143,0.011662,0.300098,1.0,7.35,2.978162,-2.521838,0,0,0.0,0.0,1.0,0.5,0.300098
2026-09-29T23:14:14.062Z,LAT-00195-989aec,BASE_FINE,5.5,ACCEPTABLE_CONTEXT,0.00409,OK,0.5468,A-1.0-ppr,7.0,0.002,0.005714,0.006325,0.300099,-1.0,0.0275,7.016715,1.516715,0,0,0.0,0.0,1.0,0.5,0.300099
2026-09-29T23:14:14.062Z,LAT-00196-30d2ae,BASE_FINE,2.6,UNCERTAIN_CONTEXT,1.0,STALE_SAMPLE,0.2561,A-1.0-ppr,6.994,-0.002,0.005714,0.008,4.0001,-1.0,0.013,7.001717,1.501717,0,0,0.0,0.0,1.0,0.5,4.0001
2026-09-29T23:14:14.063Z,LAT-00197-c30c03,ACID_FINE,9.2,ACCEPTABLE_CONTEXT,0.00409,OK,0.5558,A-1.0-ppr,7.002,-0.002,0.002857,0.004,0.300098,1.0,0.046,6.976734,1.476734,0,0,0.0,0.0,1.0,0.5,0.300098
2026-09-29T23:14:14.064Z,LAT-00198-8a27b0,BASE_FINE,2.1,ACCEPTABLE_CONTEXT,0.003849,OK,0.5619,A-1.0-ppr,7.002,0.004,-0.002857,0.007483,0.3001,-1.0,0.0105,7.008279,1.508279,0,0,0.0,0.0,1.0,0.5,0.3001
2026-09-29T23:14:14.064Z,LAT-00199-4734c0,ACID_BULK,11.2,HARMFUL_CONTEXT,1.0,"PREDICTED_UNSAFE:a,b,d",0.2835,A-1.0-ppr,6.206,-0.002,0.002857,0.008,0.300102,1.0,5.6,3.15519,-2.34481,0,0,0.0,0.0,1.0,0.5,0.300102
2026-09-29T23:14:14.065Z,LAT-00200-988f71,BASE_FINE,7.8,ACCEPTABLE_CONTEXT,0.00409,OK,0.5393,A-1.0-ppr,7.0,-0.004,-0.002857,0.012649,0.3001,-1.0,0.039,7.023822,1.523822,0,0,0.0,0.0,1.0,0.5,0.3001
2026-09-29T23:14:14.066Z,LAT-00201-b9f793,ACID_BULK,11.8,HARMFUL_CONTEXT,1.0,"PREDICTED_UNSAFE:a,b,d",0.2853,A-1.0-ppr,6.2,-0.002,0.005714,0.006325,0.300101,1.0,5.9,3.117771,-2.382229,0,0,0.0,0.0,1.0,0.5,0.300101
2026-09-29T23:14:14.066Z,LAT-00202-d0ba7c,ACID_BULK,14.4,HARMFUL_CONTEXT,1.0,"PREDICTED_UNSAFE:a,b,d",0.284,A-1.0-ppr,6.2,-0.006,-0.008571,0.012649,0.300101,1.0,7.2,2.991116,-2.508884,0,0,0.0,0.0,1.0,0.5,0.300101
2026-09-29T23:14:14.066Z,LAT-00203-84aec8,ACID_BULK,17.4,HARMFUL_CONTEXT,1.0,"PREDICTED_UNSAFE:a,b,d",0.2949,A-1.0-ppr,6.204,0.002,-0.005714,0.010198,0.300101,1.0,8.7,2.880716,-2.619284,0,0,0.0,0.0,1.0,0.5,0.300101
2026-09-29T23:14:14.067Z,LAT-00204-b1d55a,BASE_FINE,3.2,UNCERTAIN_CONTEXT,1.0,STALE_SAMPLE,0.2649,A-1.0-ppr,6.996,0.0,0.014286,0.012,4.000099,-1.0,0.016,7.005495,1.505495,0,0,0.0,0.0,1.0,0.5,4.000099
2026-09-29T23:14:14.068Z,LAT-00205-baa58c,BASE_FINE,3.0,ACCEPTABLE_CONTEXT,0.006187,OK,0.5865,A-1.0-ppr,3.502,0.001,-0.001429,0.004,0.300097,-1.0,0.015,3.507231,-1.992769,0,0,0.0,0.0,1.0,0.5,0.300097
2026-09-29T23:14:14.068Z,LAT-00206-ae29a0,BASE_FINE,3.1,UNCERTAIN_CONTEXT,1.0,STALE_SAMPLE,0.2598,A-1.0-ppr,6.994,-0.002,0.002857,0.008,4.000102,-1.0,0.0155,7.0032,1.5032,0,0,0.0,0.0,1.0,0.5,4.000102
2026-09-29T23:14:14.069Z,LAT-00207-67bec3,ACID_BULK,15.4,HARMFUL_CONTEXT,1.0,"PREDICTED_UNSAFE:a,b,d",0.4242,A-1.0-ppr,6.202,-0.005,-0.004286,0.011662,0.300156,1.0,7.7,2.951248,-2.548752,0,0,0.0,0.0,1.0,0.5,0.300156
2026-09-29T23:14:14.070Z,LAT-00208-c58b61,ACID_FINE,8.0,ACCEPTABLE_CONTEXT,0.00409,OK,0.6288,A-1.0-ppr,7.0,-0.002,0.005714,0.006325,0.300129,1.0,0.04,6.977989,1.477989,0,0,0.0,0.0,1.0,0.5,0.300129
2026-09-29T23:14:14.070Z,LAT-00209-8da86d,ACID_BULK,13.9,HARMFUL_CONTEXT,1.0,"PREDICTED_UNSAFE:a,b,d",0.3657,A-1.0-ppr,6.206,0.0,0.002857,0.004899,0.300107,1.0,6.95,3.014266,-2.485734,0,0,0.0,0.0,1.0,0.5,0.300107
2026-09-29T23:14:14.071Z,LAT-00210-7c450f,BASE_FINE,2.5,UNCERTAIN_CONTEXT,1.0,STALE_SAMPLE,0.2945,A-1.0-ppr,7.002,0.001,0.001429,0.007483,4.000123,-1.0,0.0125,7.009518,1.509518,0,0,0.0,0.0,1.0,0.5,4.000123
2026-09-29T23:14:14.072Z,LAT-00211-f2b609,BASE_FINE,6.1,ACCEPTABLE_CONTEXT,0.003849,OK,0.5935,A-1.0-ppr,6.992,0.005,-0.001429,0.007483,0.300128,-1.0,0.0305,7.010226,1.510226,0,0,0.0,0.0,1.0,0.5,0.300128
2026-09-29T23:14:14.072Z,LAT-00212-d19031,ACID_BULK,15.7,HARMFUL_CONTEXT,1.0,"PREDICTED_UNSAFE:a,b,d",0.2902,A-1.0-ppr,6.196,0.001,0.007143,0.010198,0.300112,1.0,7.85,2.93857,-2.56143,0,0,0.0,0.0,1.0,0.5,0.300112
2026-09-29T23:14:14.073Z,LAT-00213-3f6eab,ACID_BULK,16.6,HARMFUL_CONTEXT,1.0,"PREDICTED_UNSAFE:a,b,d",0.3294,A-1.0-ppr,6.212,0.0,0.002857,0.007483,0.300106,1.0,8.3,2.909284,-2.590716,0,0,0.0,0.0,1.0,0.5,0.300106
2026-09-29T23:14:14.073Z,LAT-00214-0023f5,BASE_FINE,1.7,UNCERTAIN_CONTEXT,1.0,STALE_SAMPLE,0.3051,A-1.0-ppr,7.004,0.003,0.001429,0.004899,4.00013,-1.0,0.0085,7.009128,1.509128,0,0,0.0,0.0,1.0,0.5,4.00013
2026-09-29T23:14:14.074Z,LAT-00215-393195,BASE_FINE,8.4,ACCEPTABLE_CONTEXT,0.006187,OK,0.642,A-1.0-ppr,3.5,0.002,0.008571,0.010954,0.300136,-1.0,0.042,3.514726,-1.985274,0,0,0.0,0.0,1.0,0.5,0.300136
2026-09-29T23:14:14.075Z,LAT-00216-225d53,BASE_FINE,4.0,UNCERTAIN_CONTEXT,1.0,STALE_SAMPLE,0.2955,A-1.0-ppr,7.002,-0.001,0.001429,0.013266,4.000118,-1.0,0.02,7.014162,1.514162,0,0,0.0,0.0,1.0,0.5,4.000118
2026-09-29T23:14:14.076Z,LAT-00217-48b9ba,BASE_FINE,6.9,ACCEPTABLE_CONTEXT,0.00409,OK,0.5725,A-1.0-ppr,7.0,-0.006,-0.005714,0.010954,0.300192,-1.0,0.0345,7.021043,1.521043,0,0,0.0,0.0,1.0,0.5,0.300192
2026-09-29T23:14:14.077Z,LAT-00218-0de3b7,ACID_FINE,2.1,ACCEPTABLE_CONTEXT,0.00409,OK,0.5572,A-1.0-ppr,6.998,0.0,0.002857,0.004,0.300111,1.0,0.0105,6.992209,1.492209,0,0,0.0,0.0,1.0,0.5,0.300111
2026-09-29T23:14:14.077Z,LAT-00219-7b0c4e,BASE_FINE,3.0,UNCERTAIN_CONTEXT,1.0,STALE_SAMPLE,0.261,A-1.0-ppr,6.998,0.003,0.001429,0.007483,4.000109,-1.0,0.015,7.006901,1.506901,0,0,0.0,0.0,1.0,0.5,4.000109
2026-09-29T23:14:14.078Z,LAT-00220-6e0030,ACID_FINE,5.1,ACCEPTABLE_CONTEXT,0.003572,OK,0.555,A-1.0-ppr,6.996,0.003,-0.004286,0.010198,0.300105,1.0,0.0255,6.981951,1.481951,0,0,0.0,0.0,1.0,0.5,0.300105
2026-09-29T23:14:14.079Z,LAT-00221-17eda0,BASE_FINE,6.4,ACCEPTABLE_CONTEXT,0.00409,OK,0.5383,A-1.0-ppr,6.998,0.002,-0.002857,0.004,0.300105,-1.0,0.032,7.017413,1.517413,0,0,0.0,0.0,1.0,0.5,0.300105
2026-09-29T23:14:14.079Z,LAT-00222-59b65a,ACID_BULK,11.0,HARMFUL_CONTEXT,1.0,"PREDICTED_UNSAFE:a,b,d",0.287,A-1.0-ppr,6.204,0.002,-0.005714,0.012,0.300103,1.0,5.5,3.166996,-2.333004,0,0,0.0,0.0,1.0,0.5,0.300103
2026-09-29T23:14:14.080Z,LAT-00223-187246,BASE_FINE,5.3,ACCEPTABLE_CONTEXT,0.00409,OK,0.5812,A-1.0-ppr,7.004,-0.001,-0.001429,0.010198,0.3001,-1.0,0.0265,7.020268,1.520268,0,0,0.0,0.0,1.0,0.5,0.3001
2026-09-29T23:14:14.081Z,LAT-00224-4559d6,BASE_FINE,2.7,ACCEPTABLE_CONTEXT,0.006187,OK,0.5793,A-1.0-ppr,3.494,-0.005,0.001429,0.010198,0.3001,-1.0,0.0135,3.498624,-2.001376,0,0,0.0,0.0,1.0,0.5,0.3001
2026-09-29T23:14:14.081Z,LAT-00225-16ed7c,BASE_FINE,1.5,UNCERTAIN_CONTEXT,1.0,STALE_SAMPLE,0.2851,A-1.0-ppr,7.004,0.003,0.001429,0.004899,4.0001,-1.0,0.0075,7.008509,1.508509,0,0,0.0,0.0,1.0,0.5,4.0001
2026-09-29T23:14:14.082Z,LAT-00226-844df2,ACID_FINE,1.8,ACCEPTABLE_CONTEXT,0.003572,OK,0.539,A-1.0-ppr,7.0,0.004,0.005714,0.008944,0.300099,1.0,0.009,6.995035,1.495035,0,0,0.0,0.0,1.0,0.5,0.300099
2026-09-29T23:14:14.083Z,LAT-00227-441a12,ACID_FINE,3.1,ACCEPTABLE_CONTEXT,0.00409,OK,0.5575,A-1.0-ppr,6.994,-0.002,-0.0,0.004899,0.3001,1.0,0.0155,6.985457,1.485457,0,0,0.0,0.0,1.0,0.5,0.3001
2026-09-29T23:14:14.083Z,LAT-00228-a3a5d6,ACID_FINE,1.4,ACCEPTABLE_CONTEXT,0.003572,OK,0.5674,A-1.0-ppr,6.994,0.005,-0.001429,0.012,0.300102,1.0,0.007,6.99014,1.49014,0,0,0.0,0.0,1.0,0.5,0.300102
2026-09-29T23:14:14.084Z,LAT-00229-bc52e7,ACID_BULK,12.5,HARMFUL_CONTEXT,1.0,"PREDICTED_UNSAFE:a,b,d",0.2894,A-1.0-ppr,6.2,0.004,-0.005714,0.008944,0.300103,1.0,6.25,3.079873,-2.420127,0,0,0.0,0.0,1.0,0.5,0.300103
2026-09-29T23:14:14.084Z,LAT-00230-d8bbf3,ACID_BULK,13.1,HARMFUL_CONTEXT,1.0,"PREDICTED_UNSAFE:a,b,d",0.2882,A-1.0-ppr,6.204,-0.002,-0.005714,0.010198,0.3001,1.0,6.55,3.050921,-2.449079,0,0,0.0,0.0,1.0,0.5,0.3001
2026-09-29T23:14:14.085Z,LAT-00231-d806de,ACID_BULK,14.1,HARMFUL_CONTEXT,1.0,"PREDICTED_UNSAFE:a,b,d",0.2866,A-1.0-ppr,6.198,0.002,-0.008571,0.011662,0.300097,1.0,7.05,3.003485,-2.496515,0,0,0.0,0.0,1.0,0.5,0.300097
2026-09-29T23:14:14.086Z,LAT-00232-841bf2,BASE_FINE,2.7,ACCEPTABLE_CONTEXT,0.00409,OK,0.752,A-1.0-ppr,7.004,0.002,-0.0,0.004899,0.300132,-1.0,0.0135,7.012225,1.512225,0,0,0.0,0.0,1.0,0.5,0.300132
2026-09-29T23:14:14.087Z,LAT-00233-7e0676,ACID_FINE,7.5,ACCEPTABLE_CONTEXT,0.003572,OK,0.6794,A-1.0-ppr,7.002,0.006,-0.002857,0.009798,0.300127,1.0,0.0375,6.981338,1.481338,0,0,0.0,0.0,1.0,0.5,0.300127
2026-09-29T23:14:14.088Z,LAT-00234-abfacc,ACID_FINE,0.8,ACCEPTABLE_CONTEXT,0.003572,OK,0.6997,A-1.0-ppr,6.994,0.003,0.001429,0.004899,0.300123,1.0,0.004,6.991794,1.491794,0,0,0.0,0.0,1.0,0.5,0.300123
2026-09-29T23:14:14.089Z,LAT-00235-49518e,ACID_BULK,16.4,HARMFUL_CONTEXT,1.0,"PREDICTED_UNSAFE:a,b,d",0.3503,A-1.0-ppr,6.198,0.004,0.002857,0.007483,0.300173,1.0,8.2,2.913548,-2.586452,0,0,0.0,0.0,1.0,0.5,0.300173
2026-09-29T23:14:14.089Z,LAT-00236-425d6c,BASE_FINE,1.6,UNCERTAIN_CONTEXT,1.0,STALE_SAMPLE,0.2649,A-1.0-ppr,6.998,0.001,-0.001429,0.017205,4.000131,-1.0,0.008,7.002749,1.502749,0,0,0.0,0.0,1.0,0.5,4.000131
2026-09-29T23:14:14.090Z,LAT-00237-22ad50,BASE_FINE,3.7,ACCEPTABLE_CONTEXT,0.006187,OK,0.6653,A-1.0-ppr,3.51,0.002,0.005714,0.006325,0.30011,-1.0,0.0185,3.516573,-1.983427,0,0,0.0,0.0,1.0,0.5,0.30011
2026-09-29T23:14:14.090Z,LAT-00238-239851,ACID_BULK,11.7,HARMFUL_CONTEXT,1.0,"PREDICTED_UNSAFE:a,b,d",0.2929,A-1.0-ppr,6.2,0.0,0.002857,0.010954,0.300109,1.0,5.85,3.123466,-2.376534,0,0,0.0,0.0,1.0,0.5,0.300109
2026-09-29T23:14:14.091Z,LAT-00239-a0da84,BASE_FINE,4.8,ACCEPTABLE_CONTEXT,0.006187,OK,0.6008,A-1.0-ppr,3.494,0.0,-0.002857,0.004899,0.300112,-1.0,0.024,3.502251,-1.997749,0,0,0.0,0.0,1.0,0.5,0.300112
2026-09-29T23:14:14.093Z,LAT-00240-1d2d73,BASE_FINE,8.6,ACCEPTABLE_CONTEXT,0.00409,OK,0.6009,A-1.0-ppr,7.006,0.0,0.002857,0.004899,0.30011,-1.0,0.043,7.032535,1.532535,0,0,0.0,0.0,1.0,0.5,0.30011
2026-09-29T23:14:14.094Z,LAT-00241-162456,BASE_FINE,7.1,ACCEPTABLE_CONTEXT,0.00409,OK,0.5682,A-1.0-ppr,7.002,-0.005,0.007143,0.009798,0.300105,-1.0,0.0355,7.023744,1.523744,0,0,0.0,0.0,1.0,0.5,0.300105
2026-09-29T23:14:14.094Z,LAT-00242-464d42,ACID_BULK,14.5,HARMFUL_CONTEXT,1.0,"PREDICTED_UNSAFE:a,b,d",0.2892,A-1.0-ppr,6.198,0.002,0.005714,0.007483,0.300104,1.0,7.25,2.986439,-2.513561,0,0,0.0,0.0,1.0,0.5,0.300104
2026-09-29T23:14:14.095Z,LAT-00243-ee768d,ACID_BULK,17.3,HARMFUL_CONTEXT,1.0,"PREDICTED_UNSAFE:a,b,d",0.2843,A-1.0-ppr,6.19,0.004,0.002857,0.010954,0.300103,1.0,8.65,2.881405,-2.618595,0,0,0.0,0.0,1.0,0.5,0.300103
2026-09-29T23:14:14.095Z,LAT-00244-a67be5,ACID_BULK,15.5,HARMFUL_CONTEXT,1.0,"PREDICTED_UNSAFE:a,b,d",0.2814,A-1.0-ppr,6.208,0.006,0.002857,0.009798,0.300101,1.0,7.75,2.948696,-2.551304,0,0,0.0,0.0,1.0,0.5,0.300101
2026-09-29T23:14:14.096Z,LAT-00245-5b6e0f,BASE_FINE,1.7,UNCERTAIN_CONTEXT,1.0,STALE_SAMPLE,0.2438,A-1.0-ppr,6.998,0.001,-0.001429,0.007483,4.000101,-1.0,0.0085,7.003045,1.503045,0,0,0.0,0.0,1.0,0.5,4.000101
2026-09-29T23:14:14.097Z,LAT-00246-ca5063,ACID_FINE,3.4,ACCEPTABLE_CONTEXT,0.00409,OK,0.58,A-1.0-ppr,7.006,-0.001,0.01,0.010198,0.300099,1.0,0.017,6.996621,1.496621,0,0,0.0,0.0,1.0,0.5,0.300099
2026-09-29T23:14:14.097Z,LAT-00247-51eec2,BASE_FINE,2.1,UNCERTAIN_CONTEXT,1.0,STALE_SAMPLE,0.288,A-1.0-ppr,7.002,0.002,0.002857,0.004,4.000104,-1.0,0.0105,7.008279,1.508279,0,0,0.0,0.0,1.0,0.5,4.000104
2026-09-29T23:14:14.098Z,LAT-00248-ed682d,ACID_FINE,5.6,ACCEPTABLE_CONTEXT,0.00409,OK,0.5523,A-1.0-ppr,7.0,0.001,0.004286,0.010954,0.300106,1.0,0.028,6.984568,1.484568,0,0,0.0,0.0,1.0,0.5,0.300106
2026-09-29T23:14:14.099Z,LAT-00249-a82ef0,BASE_FINE,7.6,ACCEPTABLE_CONTEXT,0.006187,OK,0.5889,A-1.0-ppr,3.496,0.001,-0.001429,0.004899,0.300111,-1.0,0.038,3.509188,-1.990812,0,0,0.0,0.0,1.0,0.5,0.300111
2026-09-29T23:14:14.099Z,LAT-00250-c4203e,BASE_FINE,1.9,ACCEPTABLE_CONTEXT,0.00409,OK,0.5777,A-1.0-ppr,7.006,-0.002,0.014286,0.014967,0.300104,-1.0,0.0095,7.011836,1.511836,0,0,0.0,0.0,1.0,0.5,0.300104
2026-09-29T23:14:14.100Z,LAT-00251-665ce6,ACID_FINE,5.2,ACCEPTABLE_CONTEXT,0.00409,OK,0.574,A-1.0-ppr,7.004,-0.002,-0.008571,0.008,0.300104,1.0,0.026,6.989663,1.489663,0,0,0.0,0.0,1.0,0.5,0.300104
2026-09-29T23:14:14.101Z,LAT-00252-416cc7,ACID_FINE,1.7,ACCEPTABLE_CONTEXT,0.00409,OK,0.6237,A-1.0-ppr,7.0,-0.002,-0.005714,0.006325,0.300108,1.0,0.0085,6.995311,1.495311,0,0,0.0,0.0,1.0,0.5,0.300108
2026-09-29T23:14:14.102Z,LAT-00253-9bda62,ACID_FINE,8.0,ACCEPTABLE_CONTEXT,0.00409,OK,0.6701,A-1.0-ppr,7.006,-0.002,-0.005714,0.008,0.300123,1.0,0.04,6.983954,1.483954,0,0,0.0,0.0,1.0,0.5,0.300123
2026-09-29T23:14:14.103Z,LAT-00254-6a0c62,BASE_FINE,4.1,UNCERTAIN_CONTEXT,1.0,STALE_SAMPLE,0.3873,A-1.0-ppr,7.0,0.003,0.001429,0.010954,4.000146,-1.0,0.0205,7.012384,1.512384,0,0,0.0,0.0,1.0,0.5,4.000146
2026-09-29T23:14:14.103Z,LAT-00255-e7c9e9,BASE_FINE,2.9,UNCERTAIN_CONTEXT,1.0,STALE_SAMPLE,0.2938,A-1.0-ppr,7.004,0.001,0.004286,0.008,4.000106,-1.0,0.0145,7.012844,1.512844,0,0,0.0,0.0,1.0,0.5,4.000106
2026-09-29T23:14:14.104Z,LAT-00256-e1927e,BASE_FINE,6.6,ACCEPTABLE_CONTEXT,0.00409,OK,0.6753,A-1.0-ppr,6.998,0.002,-0.002857,0.004,0.300104,-1.0,0.033,7.018031,1.518031,0,0,0.0,0.0,1.0,0.5,0.300104
2026-09-29T23:14:14.105Z,LAT-00257-629283,BASE_FINE,7.1,ACCEPTABLE_CONTEXT,0.00409,OK,0.6032,A-1.0-ppr,7.002,0.0,-0.011429,0.009798,0.300122,-1.0,0.0355,7.023744,1.523744,0,0,0.0,0.0,1.0,0.5,0.300122
2026-09-29T23:14:14.106Z,LAT-00258-589a5c,BASE_FINE,7.0,ACCEPTABLE_CONTEXT,0.00409,OK,0.5826,A-1.0-ppr,7.004,-0.006,-0.002857,0.010198,0.300116,-1.0,0.035,7.025519,1.525519,0,0,0.0,0.0,1.0,0.5,0.300116
2026-09-29T23:14:14.107Z,LAT-00259-110817,ACID_FINE,1.7,ACCEPTABLE_CONTEXT,0.00409,OK,0.5682,A-1.0-ppr,7.01,0.001,-0.015714,0.014142,0.300118,1.0,0.0085,7.005185,1.505185,0,0,0.0,0.0,1.0,0.5,0.300118
2026-09-29T23:14:14.107Z,LAT-00260-546a70,BASE_FINE,2.0,ACCEPTABLE_CONTEXT,0.00409,OK,0.5499,A-1.0-ppr,6.998,0.0,-0.011429,0.013266,0.300107,-1.0,0.01,7.003935,1.503935,0,0,0.0,0.0,1.0,0.5,0.300107
2026-09-29T23:14:14.108Z,LAT-00261-5767fb,ACID_BULK,17.2,HARMFUL_CONTEXT,1.0,"PREDICTED_UNSAFE:a,b,d",0.3369,A-1.0-ppr,6.198,0.005,-0.001429,0.011662,0.300108,1.0,8.6,2.886187,-2.613813,0,0,0.0,0.0,1.0,0.5,0.300108
2026-09-29T23:14:14.109Z,LAT-00262-c3f066,BASE_FINE,0.9,ACCEPTABLE_CONTEXT,0.00409,OK,0.5532,A-1.0-ppr,6.99,-0.005,-0.004286,0.010954,0.300105,-1.0,0.0045,6.992672,1.492672,0,0,0.0,0.0,1.0,0.5,0.300105
2026-09-29T23:14:14.110Z,LAT-00263-adfaa3,BASE_FINE,9.1,ACCEPTABLE_CONTEXT,0.006187,OK,0.6005,A-1.0-ppr,3.508,0.001,-0.004286,0.011662,0.300105,-1.0,0.0455,3.524257,-1.975743,0,0,0.0,0.0,1.0,0.5,0.300105
2026-09-29T23:14:14.110Z,LAT-00264-f590de,BASE_FINE,5.6,ACCEPTABLE_CONTEXT,0.00409,OK,0.5759,A-1.0-ppr,7.006,0.002,-0.0,0.004899,0.300112,-1.0,0.028,7.02328,1.52328,0,0,0.0,0.0,1.0,0.5,0.300112
2026-09-29T23:14:14.111Z,LAT-00265-996683,ACID_BULK,12.2,HARMFUL_CONTEXT,1.0,"PREDICTED_UNSAFE:a,b,d",0.2902,A-1.0-ppr,6.19,0.001,0.001429,0.006325,0.300103,1.0,6.1,3.092693,-2.407307,0,0,0.0,0.0,1.0,0.5,0.300103
2026-09-29T23:14:14.111Z,LAT-00266-4e78ae,BASE_FINE,4.2,UNCERTAIN_CONTEXT,1.0,STALE_SAMPLE,0.2566,A-1.0-ppr,6.996,0.0,0.002857,0.004899,4.000101,-1.0,0.021,7.008519,1.508519,0,0,0.0,0.0,1.0,0.5,4.000101
2026-09-29T23:14:14.112Z,LAT-00267-9d66e0,ACID_FINE,8.7,ACCEPTABLE_CONTEXT,0.003572,OK,0.5566,A-1.0-ppr,7.006,0.003,-0.001429,0.004899,0.3001,1.0,0.0435,6.98203,1.48203,0,0,0.0,0.0,1.0,0.5,0.3001
2026-09-29T23:14:14.113Z,LAT-00268-198d97,BASE_FINE,4.1,ACCEPTABLE_CONTEXT,0.006187,OK,0.5846,A-1.0-ppr,3.496,-0.002,-0.0,0.004899,0.300103,-1.0,0.0205,3.50307,-1.99693,0,0,0.0,0.0,1.0,0.5,0.300103
2026-09-29T23:14:14.113Z,LAT-00269-f176da,ACID_BULK,14.5,HARMFUL_CONTEXT,1.0,"PREDICTED_UNSAFE:a,b,d",0.2868,A-1.0-ppr,6.204,0.004,-0.008571,0.010198,0.300102,1.0,7.25,2.987856,-2.512144,0,0,0.0,0.0,1.0,0.5,0.300102
2026-09-29T23:14:14.114Z,LAT-00270-e12b90,BASE_FINE,7.7,ACCEPTABLE_CONTEXT,0.00409,OK,0.5629,A-1.0-ppr,7.004,-0.001,0.001429,0.004899,0.3001,-1.0,0.0385,7.027679,1.527679,0,0,0.0,0.0,1.0,0.5,0.3001
2026-09-29T23:14:14.115Z,LAT-00271-d3bdac,ACID_BULK,15.5,HARMFUL_CONTEXT,1.0,"PREDICTED_UNSAFE:a,b,d",0.2834,A-1.0-ppr,6.204,-0.004,-0.008571,0.010198,0.3001,1.0,7.75,2.947842,-2.552158,0,0,0.0,0.0,1.0,0.5,0.3001
2026-09-29T23:14:14.115Z,LAT-00272-b2ad44,BASE_FINE,2.9,ACCEPTABLE_CONTEXT,0.006187,OK,0.5739,A-1.0-ppr,3.5,0.002,-0.002857,0.008944,0.300099,-1.0,0.0145,3.505034,-1.994966,0,0,0.0,0.0,1.0,0.5,0.300099
2026-09-29T23:14:14.116Z,LAT-00273-bba95b,BASE_FINE,2.3,UNCERTAIN_CONTEXT,1.0,STALE_SAMPLE,0.2526,A-1.0-ppr,6.998,-0.002,0.008571,0.016,4.000098,-1.0,0.0115,7.004825,1.504825,0,0,0.0,0.0,1.0,0.5,4.000098
2026-09-29T23:14:14.116Z,LAT-00274-faf35b,BASE_FINE,4.0,UNCERTAIN_CONTEXT,1.0,STALE_SAMPLE,0.2843,A-1.0-ppr,7.006,-0.001,-0.001429,0.004899,4.000099,-1.0,0.02,7.018335,1.518335,0,0,0.0,0.0,1.0,0.5,4.000099
2026-09-29T23:14:14.117Z,LAT-00275-fad3c7,ACID_FINE,8.3,ACCEPTABLE_CONTEXT,0.00409,OK,0.5518,A-1.0-ppr,6.992,-0.008,0.002857,0.011662,0.300096,1.0,0.0415,6.969508,1.469508,0,0,0.0,0.0,1.0,0.5,0.300096
2026-09-29T23:14:14.118Z,LAT-00276-a52da8,ACID_FINE,8.0,ACCEPTABLE_CONTEXT,0.00409,OK,0.5395,A-1.0-ppr,7.0,-0.002,-0.008571,0.010954,0.3001,1.0,0.04,6.977989,1.477989,0,0,0.0,0.0,1.0,0.5,0.3001
2026-09-29T23:14:14.119Z,LAT-00277-8d389e,BASE_FINE,3.1,ACCEPTABLE_CONTEXT,0.00409,OK,0.7334,A-1.0-ppr,7.01,-0.006,-0.005714,0.010954,0.300119,-1.0,0.0155,7.019596,1.519596,0,0,0.0,0.0,1.0,0.5,0.300119
2026-09-29T23:14:14.119Z,LAT-00278-ad270a,BASE_FINE,2.8,UNCERTAIN_CONTEXT,1.0,STALE_SAMPLE,0.3275,A-1.0-ppr,6.998,0.002,0.002857,0.009798,4.000143,-1.0,0.014,7.006308,1.506308,0,0,0.0,0.0,1.0,0.5,4.000143
2026-09-29T23:14:14.120Z,LAT-00279-0173b4,ACID_BULK,16.6,HARMFUL_CONTEXT,1.0,"PREDICTED_UNSAFE:a,b,d",0.3702,A-1.0-ppr,6.196,-0.006,-0.002857,0.012,0.30015,1.0,8.3,2.906148,-2.593852,0,0,0.0,0.0,1.0,0.5,0.30015
2026-09-29T23:14:14.121Z,LAT-00280-9b373f,ACID_BULK,12.3,HARMFUL_CONTEXT,1.0,"PREDICTED_UNSAFE:a,b,d",0.2976,A-1.0-ppr,6.202,-0.005,0.007143,0.009798,0.30011,1.0,6.15,3.090968,-2.409032,0,0,0.0,0.0,1.0,0.5,0.30011
2026-09-29T23:14:14.121Z,LAT-00281-1cff4f,ACID_BULK,12.1,HARMFUL_CONTEXT,1.0,"PREDICTED_UNSAFE:a,b,d",0.2922,A-1.0-ppr,6.194,0.002,0.014286,0.017436,0.300105,1.0,6.05,3.099271,-2.400729,0,0,0.0,0.0,1.0,0.5,0.300105
2026-09-29T23:14:14.122Z,LAT-00282-348e0c,ACID_BULK,14.0,HARMFUL_CONTEXT,1.0,"PREDICTED_UNSAFE:a,b,d",0.3582,A-1.0-ppr,6.204,0.004,-0.0,0.008,0.300135,1.0,7.0,3.00934,-2.49066,0,0,0.0,0.0,1.0,0.5,0.300135
2026-09-29T23:14:14.123Z,LAT-00283-c002b1,BASE_FINE,2.7,ACCEPTABLE_CONTEXT,0.003849,OK,0.722,A-1.0-ppr,7.0,0.004,-0.0,0.006325,0.300119,-1.0,0.0135,7.008049,1.508049,0,0,0.0,0.0,1.0,0.5,0.300119
2026-09-29T23:14:14.124Z,LAT-00284-3cb561,ACID_FINE,2.5,ACCEPTABLE_CONTEXT,0.00409,OK,0.6205,A-1.0-ppr,6.988,-0.002,-0.002857,0.004,0.300121,1.0,0.0125,6.981115,1.481115,0,0,0.0,0.0,1.0,0.5,0.300121
2026-09-29T23:14:14.124Z,LAT-00285-2fb374,ACID_BULK,18.7,HARMFUL_CONTEXT,1.0,"PREDICTED_UNSAFE:a,b,d",0.3042,A-1.0-ppr,6.204,0.007,0.001429,0.010198,0.300115,1.0,9.35,2.840141,-2.659859,0,0,0.0,0.0,1.0,0.5,0.300115
2026-09-29T23:14:14.125Z,LAT-00286-7f3999,BASE_FINE,2.4,ACCEPTABLE_CONTEXT,0.006187,OK,0.6496,A-1.0-ppr,3.5,0.001,0.001429,0.006325,0.300111,-1.0,0.012,3.504162,-1.995838,0,0,0.0,0.0,1.0,0.5,0.300111
2026-09-29T23:14:14.126Z,LAT-00287-d3160f,BASE_FINE,2.3,ACCEPTABLE_CONTEXT,0.00568,OK,0.6034,A-1.0-ppr,3.5,0.006,0.002857,0.012649,0.300107,-1.0,0.0115,3.503988,-1.996012,0,0,0.0,0.0,1.0,0.5,0.300107
2026-09-29T23:14:14.127Z,LAT-00288-6aa634,ACID_BULK,11.5,HARMFUL_CONTEXT,1.0,"PREDICTED_UNSAFE:a,b,d",0.302,A-1.0-ppr,6.202,-0.001,0.004286,0.007483,0.300125,1.0,5.75,3.135749,-2.364251,0,0,0.0,0.0,1.0,0.5,0.300125
2026-09-29T23:14:14.127Z,LAT-00289-22c103,BASE_FINE,4.5,ACCEPTABLE_CONTEXT,0.00409,OK,0.5872,A-1.0-ppr,7.004,0.001,-0.001429,0.010198,0.300105,-1.0,0.0225,7.017795,1.517795,0,0,0.0,0.0,1.0,0.5,0.300105
2026-09-29T23:14:14.128Z,LAT-00290-add2b8,ACID_BULK,12.3,HARMFUL_CONTEXT,1.0,"PREDICTED_UNSAFE:a,b,d",0.2905,A-1.0-ppr,6.198,0.004,0.002857,0.007483,0.300105,1.0,6.15,3.089768,-2.410232,0,0,0.0,0.0,1.0,0.5,0.300105
2026-09-29T23:14:14.129Z,LAT-00291-bca360,BASE_FINE,4.8,ACCEPTABLE_CONTEXT,0.00409,OK,0.548,A-1.0-ppr,6.998,-0.004,-0.002857,0.007483,0.300107,-1.0,0.024,7.012464,1.512464,0,0,0.0,0.0,1.0,0.5,0.300107
2026-09-29T23:14:14.129Z,LAT-00292-33811d,ACID_BULK,19.7,HARMFUL_CONTEXT,1.0,"PREDICTED_UNSAFE:a,b,d",0.2911,A-1.0-ppr,6.212,0.002,-0.002857,0.007483,0.300104,1.0,9.85,2.812584,-2.687416,0,0,0.0,0.0,1.0,0.5,0.300104
2026-09-29T23:14:14.130Z,LAT-00293-64a222,BASE_FINE,6.9,ACCEPTABLE_CONTEXT,0.006187,OK,0.6041,A-1.0-ppr,3.504,0.0,-0.002857,0.004899,0.300185,-1.0,0.0345,3.516169,-1.983831,0,0,0.0,0.0,1.0,0.5,0.300185
2026-09-29T23:14:14.131Z,LAT-00294-270c3f,BASE_FINE,1.9,UNCERTAIN_CONTEXT,1.0,STALE_SAMPLE,0.2916,A-1.0-ppr,7.004,0.003,0.01,0.010198,4.000105,-1.0,0.0095,7.009748,1.509748,0,0,0.0,0.0,1.0,0.5,4.000105
2026-09-29T23:14:14.131Z,LAT-00295-00af8e,ACID_BULK,13.2,HARMFUL_CONTEXT,1.0,"PREDICTED_UNSAFE:a,b,d",0.2846,A-1.0-ppr,6.196,-0.001,-0.001429,0.004899,0.300105,1.0,6.6,3.043936,-2.456064,0,0,0.0,0.0,1.0,0.5,0.300105
2026-09-29T23:14:14.132Z,LAT-00296-fef337,BASE_FINE,3.1,ACCEPTABLE_CONTEXT,0.006187,OK,0.6015,A-1.0-ppr,3.498,0.002,-0.0,0.009798,0.3001,-1.0,0.0155,3.50336,-1.99664,0,0,0.0,0.0,1.0,0.5,0.3001
2026-09-29T23:14:14.133Z,LAT-00297-292369,BASE_FINE,6.4,ACCEPTABLE_CONTEXT,0.006187,OK,0.604,A-1.0-ppr,3.504,-0.005,0.007143,0.010198,0.300101,-1.0,0.032,3.515277,-1.984723,0,0,0.0,0.0,1.0,0.5,0.300101
2026-09-29T23:14:14.133Z,LAT-00298-ed44f2,BASE_FINE,0.6,ACCEPTABLE_CONTEXT,0.00409,OK,0.556,A-1.0-ppr,6.998,-0.004,0.002857,0.013266,0.300117,-1.0,0.003,6.999781,1.499781,0,0,0.0,0.0,1.0,0.5,0.300117
2026-09-29T23:14:14.134Z,LAT-00299-57d21b,BASE_FINE,0.6,ACCEPTABLE_CONTEXT,0.00409,OK,0.5496,A-1.0-ppr,6.996,-0.004,0.002857,0.008,0.300103,-1.0,0.003,6.997781,1.497781,0,0,0.0,0.0,1.0,0.5,0.300103
2026-09-29T23:14:14.135Z,LAT-00300-54902f,BASE_FINE,4.0,ACCEPTABLE_CONTEXT,0.00568,OK,0.61,A-1.0-ppr,3.498,0.004,-0.0,0.009798,0.300102,-1.0,0.02,3.504927,-1.995073,0,0,0.0,0.0,1.0,0.5,0.300102
2026-09-29T23:14:14.136Z,LAT-00301-ed4d3e,ACID_FINE,8.5,ACCEPTABLE_CONTEXT,0.00409,OK,0.594,A-1.0-ppr,6.998,-0.002,0.005714,0.007483,0.300109,1.0,0.0425,6.974743,1.474743,0,0,0.0,0.0,1.0,0.5,0.300109
2026-09-29T23:14:14.137Z,LAT-00302-24e414,ACID_BULK,13.8,HARMFUL_CONTEXT,1.0,"PREDICTED_UNSAFE:a,b,d",0.3943,A-1.0-ppr,6.204,0.003,-0.004286,0.008,0.300143,1.0,6.9,3.018241,-2.481759,0,0,0.0,0.0,1.0,0.5,0.300143
2026-09-29T23:14:14.137Z,LAT-00303-d9550c,ACID_FINE,5.0,ACCEPTABLE_CONTEXT,0.00409,OK,0.6463,A-1.0-ppr,6.988,-0.003,-0.004286,0.007483,0.300112,1.0,0.025,6.974395,1.474395,0,0,0.0,0.0,1.0,0.5,0.300112
2026-09-29T23:14:14.138Z,LAT-00304-2840d5,ACID_BULK,16.7,HARMFUL_CONTEXT,1.0,"PREDICTED_UNSAFE:a,b,d",0.3399,A-1.0-ppr,6.2,0.001,0.004286,0.006325,0.300109,1.0,8.35,2.903474,-2.596526,0,0,0.0,0.0,1.0,0.5,0.300109
2026-09-29T23:14:14.139Z,LAT-00305-9c744f,ACID_BULK,14.4,HARMFUL_CONTEXT,1.0,"PREDICTED_UNSAFE:a,b,d",0.2915,A-1.0-ppr,6.196,0.003,-0.007143,0.010198,0.300114,1.0,7.2,2.990158,-2.509842,0,0,0.0,0.0,1.0,0.5,0.300114
2026-09-29T23:14:14.139Z,LAT-00306-4d1851,ACID_FINE,4.2,ACCEPTABLE_CONTEXT,0.003572,OK,0.6,A-1.0-ppr,6.998,0.003,-0.007143,0.009798,0.300103,1.0,0.021,6.986424,1.486424,0,0,0.0,0.0,1.0,0.5,0.300103
2026-09-29T23:14:14.140Z,LAT-00307-fa94d3,BASE_FINE,5.7,ACCEPTABLE_CONTEXT,0.006187,OK,0.6065,A-1.0-ppr,3.496,-0.001,0.004286,0.004899,0.300106,-1.0,0.0285,3.505857,-1.994143,0,0,0.0,0.0,1.0,0.5,0.300106
2026-09-29T23:14:14.141Z,LAT-00308-0c472d,BASE_FINE,9.8,ACCEPTABLE_CONTEXT,0.00409,OK,0.586,A-1.0-ppr,7.006,-0.006,-0.002857,0.012,0.300106,-1.0,0.049,7.03623,1.53623,0,0,0.0,0.0,1.0,0.5,0.300106
2026-09-29T23:14:14.141Z,LAT-00309-0a1066,BASE_FINE,3.8,UNCERTAIN_CONTEXT,1.0,STALE_SAMPLE,0.2859,A-1.0-ppr,7.002,-0.001,0.001429,0.007483,4.000106,-1.0,0.019,7.013543,1.513543,0,0,0.0,0.0,1.0,0.5,4.000106
2026-09-29T23:14:14.142Z,LAT-00310-a00d0c,ACID_BULK,12.0,HARMFUL_CONTEXT,1.0,"PREDICTED_UNSAFE:a,b,d",0.283,A-1.0-ppr,6.202,-0.002,-0.0,0.009798,0.300103,1.0,6.0,3.107224,-2.392776,0,0,0.0,0.0,1.0,0.5,0.300103
2026-09-29T23:14:14.143Z,LAT-00311-018020,ACID_FINE,3.5,ACCEPTABLE_CONTEXT,0.00409,OK,0.5571,A-1.0-ppr,7.0,0.002,-0.005714,0.006325,0.300103,1.0,0.0175,6.99035,1.49035,0,0,0.0,0.0,1.0,0.5,0.300103
2026-09-29T23:14:14.143Z,LAT-00312-0a1029,ACID_FINE,3.9,ACCEPTABLE_CONTEXT,0.00409,OK,0.5453,A-1.0-ppr,6.998,-0.002,-0.0,0.011662,0.300109,1.0,0.0195,6.98725,1.48725,0,0,0.0,0.0,1.0,0.5,0.300109
2026-09-29T23:14:14.144Z,LAT-00313-e19d0d,BASE_FINE,3.7,UNCERTAIN_CONTEXT,1.0,STALE_SAMPLE,0.2593,A-1.0-ppr,7.0,0.004,-0.0,0.006325,4.000102,-1.0,0.0185,7.011146,1.511146,0,0,0.0,0.0,1.0,0.5,4.000102
2026-09-29T23:14:14.145Z,LAT-00314-a6e746,BASE_FINE,7.7,ACCEPTABLE_CONTEXT,0.00409,OK,0.5383,A-1.0-ppr,6.994,0.0,0.005714,0.004899,0.300101,-1.0,0.0385,7.017261,1.517261,0,0,0.0,0.0,1.0,0.5,0.300101
2026-09-29T23:14:14.145Z,LAT-00315-07a28b,BASE_FINE,4.1,UNCERTAIN_CONTEXT,1.0,STALE_SAMPLE,0.2556,A-1.0-ppr,6.99,-0.008,0.002857,0.014142,4.000102,-1.0,0.0205,7.002168,1.502168,0,0,0.0,0.0,1.0,0.5,4.000102
2026-09-29T23:14:14.146Z,LAT-00316-1c0e36,BASE_FINE,2.4,ACCEPTABLE_CONTEXT,0.00409,OK,0.539,A-1.0-ppr,6.992,-0.001,0.012857,0.011662,0.300099,-1.0,0.012,6.999124,1.499124,0,0,0.0,0.0,1.0,0.5,0.300099
2026-09-29T23:14:14.146Z,LAT-00317-a94c4d,ACID_BULK,16.5,HARMFUL_CONTEXT,1.0,"PREDICTED_UNSAFE:a,b,d",0.2859,A-1.0-ppr,6.2,-0.001,-0.001429,0.006325,0.300101,1.0,8.25,2.910429,-2.589571,0,0,0.0,0.0,1.0,0.5,0.300101
2026-09-29T23:14:14.147Z,LAT-00318-235297,ACID_BULK,17.5,HARMFUL_CONTEXT,1.0,"PREDICTED_UNSAFE:a,b,d",0.2867,A-1.0-ppr,6.202,-0.004,0.002857,0.007483,0.3001,1.0,8.75,2.877091,-2.622909,0,0,0.0,0.0,1.0,0.5,0.3001
2026-09-29T23:14:14.148Z,LAT-00319-6f2b18,BASE_FINE,5.5,ACCEPTABLE_CONTEXT,0.00409,OK,0.5665,A-1.0-ppr,7.004,0.0,0.005714,0.004899,0.3001,-1.0,0.0275,7.020886,1.520886,0,0,0.0,0.0,1.0,0.5,0.3001
2026-09-29T23:14:14.148Z,LAT-00320-d53909,BASE_FINE,2.8,UNCERTAIN_CONTEXT,1.0,STALE_SAMPLE,0.2469,A-1.0-ppr,6.998,-0.006,-0.011429,0.014697,4.000101,-1.0,0.014,7.006308,1.506308,0,0,0.0,0.0,1.0,0.5,4.000101
2026-09-29T23:14:14.149Z,LAT-00321-140076,BASE_FINE,6.7,ACCEPTABLE_CONTEXT,0.00409,OK,0.5767,A-1.0-ppr,7.0,0.0,0.005714,0.008944,0.300102,-1.0,0.0335,7.020425,1.520425,0,0,0.0,0.0,1.0,0.5,0.300102
2026-09-29T23:14:14.150Z,LAT-00322-d811f4,BASE_FINE,4.9,ACCEPTABLE_CONTEXT,0.00568,OK,0.5965,A-1.0-ppr,3.5,0.004,-0.0,0.006325,0.300101,-1.0,0.0245,3.508536,-1.991464,0,0,0.0,0.0,1.0,0.5,0.300101
2026-09-29T23:14:14.150Z,LAT-00323-b2ffa8,BASE_FINE,0.6,ACCEPTABLE_CONTEXT,0.00409,OK,0.5426,A-1.0-ppr,7.0,-0.003,0.001429,0.008944,0.300102,-1.0,0.003,7.001781,1.501781,0,0,0.0,0.0,1.0,0.5,0.300102
2026-09-29T23:14:14.151Z,LAT-00324-7d8326,ACID_BULK,11.6,HARMFUL_CONTEXT,1.0,"PREDICTED_UNSAFE:a,b,d",0.3138,A-1.0-ppr,6.2,0.0,-0.002857,0.010954,0.300101,1.0,5.8,3.129236,-2.370764,0,0,0.0,0.0,1.0,0.5,0.300101
2026-09-29T23:14:14.152Z,LAT-00325-4b0e9d,ACID_FINE,5.9,ACCEPTABLE_CONTEXT,0.003572,OK,0.5602,A-1.0-ppr,6.994,0.004,-0.0,0.008,0.300103,1.0,0.0295,6.977782,1.477782,0,0,0.0,0.0,1.0,0.5,0.300103
2026-09-29T23:14:14.152Z,LAT-00326-694dd3,BASE_FINE,4.5,UNCERTAIN_CONTEXT,1.0,STALE_SAMPLE,0.3105,A-1.0-ppr,7.002,-0.002,0.002857,0.004,4.000107,-1.0,0.0225,7.015709,1.515709,0,0,0.0,0.0,1.0,0.5,4.000107
2026-09-29T23:14:14.153Z,LAT-00327-6e30f1,BASE_FINE,4.2,UNCERTAIN_CONTEXT,1.0,STALE_SAMPLE,0.331,A-1.0-ppr,7.0,0.005,-0.004286,0.010954,4.000099,-1.0,0.021,7.012694,1.512694,0,0,0.0,0.0,1.0,0.5,4.000099
2026-09-29T23:14:14.153Z,LAT-00328-6b8974,BASE_FINE,3.2,UNCERTAIN_CONTEXT,1.0,STALE_SAMPLE,0.3218,A-1.0-ppr,6.998,0.001,0.001429,0.004,4.000147,-1.0,0.016,7.00751,1.50751,0,0,0.0,0.0,1.0,0.5,4.000147
2026-09-29T23:14:14.154Z,LAT-00329-75e7ed,ACID_BULK,19.7,HARMFUL_CONTEXT,1.0,"PREDICTED_UNSAFE:a,b,d",0.3483,A-1.0-ppr,6.202,0.004,-0.002857,0.007483,0.300117,1.0,9.85,2.81102,-2.68898,0,0,0.0,0.0,1.0,0.5,0.300117
2026-09-29T23:14:14.155Z,LAT-00330-e184f5,ACID_FINE,2.0,ACCEPTABLE_CONTEXT,0.00409,OK,0.7575,A-1.0-ppr,6.994,-0.001,0.001429,0.004899,0.300214,1.0,0.01,6.988487,1.488487,0,0,0.0,0.0,1.0,0.5,0.300214
2026-09-29T23:14:14.156Z,LAT-00331-6d1788,ACID_BULK,14.4,HARMFUL_CONTEXT,1.0,"PREDICTED_UNSAFE:a,b,d",0.3465,A-1.0-ppr,6.198,0.001,-0.004286,0.007483,0.300153,1.0,7.2,2.990638,-2.509362,0,0,0.0,0.0,1.0,0.5,0.300153
2026-09-29T23:14:14.156Z,LAT-00332-5bda62,BASE_FINE,3.1,UNCERTAIN_CONTEXT,1.0,STALE_SAMPLE,0.2823,A-1.0-ppr,6.996,-0.002,-0.002857,0.008,4.000121,-1.0,0.0155,7.005199,1.505199,0,0,0.0,0.0,1.0,0.5,4.000121
2026-09-29T23:14:14.157Z,LAT-00333-8fbf26,ACID_BULK,13.2,HARMFUL_CONTEXT,1.0,"PREDICTED_UNSAFE:a,b,d",0.297,A-1.0-ppr,6.198,0.0,-0.0,0.007483,0.300116,1.0,6.6,3.044479,-2.455521,0,0,0.0,0.0,1.0,0.5,0.300116
2026-09-29T23:14:14.158Z,LAT-00334-80cd4b,BASE_FINE,3.2,UNCERTAIN_CONTEXT,1.0,STALE_SAMPLE,0.3123,A-1.0-ppr,7.002,0.006,-0.0,0.011662,4.000107,-1.0,0.016,7.011685,1.511685,0,0,0.0,0.0,1.0,0.5,4.000107
2026-09-29T23:14:14.158Z,LAT-00335-d62653,ACID_BULK,10.7,HARMFUL_CONTEXT,1.0,"PREDICTED_UNSAFE:a,b,d",0.2924,A-1.0-ppr,6.19,-0.003,-0.004286,0.006325,0.300115,1.0,5.35,3.181245,-2.318755,0,0,0.0,0.0,1.0,0.5,0.300115
2026-09-29T23:14:14.159Z,LAT-00336-079579,BASE_FINE,9.0,ACCEPTABLE_CONTEXT,0.00409,OK,0.5964,A-1.0-ppr,6.996,0.0,-0.005714,0.004899,0.300122,-1.0,0.045,7.02336,1.52336,0,0,0.0,0.0,1.0,0.5,0.300122
2026-09-29T23:14:14.159Z,LAT-00337-4e7109,ACID_BULK,12.8,HARMFUL_CONTEXT,1.0,"PREDICTED_UNSAFE:a,b,d",0.2964,A-1.0-ppr,6.2,-0.003,0.001429,0.008944,0.300109,1.0,6.4,3.064592,-2.435408,0,0,0.0,0.0,1.0,0.5,0.300109
2026-09-29T23:14:14.160Z,LAT-00338-6b1705,BASE_FINE,8.7,ACCEPTABLE_CONTEXT,0.00409,OK,0.6075,A-1.0-ppr,7.01,-0.001,-0.01,0.008944,0.300127,-1.0,0.0435,7.036874,1.536874,0,0,0.0,0.0,1.0,0.5,0.300127
2026-09-29T23:14:14.161Z,LAT-00339-cae3b0,BASE_FINE,7.7,ACCEPTABLE_CONTEXT,0.00409,OK,0.5653,A-1.0-ppr,6.998,-0.006,0.008571,0.013266,0.300106,-1.0,0.0385,7.02143,1.52143,0,0,0.0,0.0,1.0,0.5,0.300106
2026-09-29T23:14:14.162Z,LAT-00340-bb425f,BASE_FINE,1.6,ACCEPTABLE_CONTEXT,0.00409,OK,0.5764,A-1.0-ppr,7.01,-0.005,0.004286,0.010954,0.300107,-1.0,0.008,7.014955,1.514955,0,0,0.0,0.0,1.0,0.5,0.300107
2026-09-29T23:14:14.162Z,LAT-00341-352f34,BASE_FINE,4.2,UNCERTAIN_CONTEXT,1.0,STALE_SAMPLE,0.2628,A-1.0-ppr,6.996,-0.003,-0.01,0.010198,4.000104,-1.0,0.021,7.008519,1.508519,0,0,0.0,0.0,1.0,0.5,4.000104
2026-09-29T23:14:14.163Z,LAT-00342-c5410b,BASE_FINE,9.3,ACCEPTABLE_CONTEXT,0.006187,OK,0.6044,A-1.0-ppr,3.504,-0.004,0.005714,0.008,0.300104,-1.0,0.0465,3.520475,-1.979525,0,0,0.0,0.0,1.0,0.5,0.300104
2026-09-29T23:14:14.164Z,LAT-00343-82be55,BASE_FINE,3.0,UNCERTAIN_CONTEXT,1.0,STALE_SAMPLE,0.2908,A-1.0-ppr,7.004,0.002,0.002857,0.008,4.000105,-1.0,0.015,7.013154,1.513154,0,0,0.0,0.0,1.0,0.5,4.000105
2026-09-29T23:14:14.164Z,LAT-00344-f5628d,ACID_BULK,13.0,HARMFUL_CONTEXT,1.0,"PREDICTED_UNSAFE:a,b,d",0.2847,A-1.0-ppr,6.204,0.001,0.001429,0.004899,0.300103,1.0,6.5,3.055798,-2.444202,0,0,0.0,0.0,1.0,0.5,0.300103
2026-09-29T23:14:14.165Z,LAT-00345-d459f1,BASE_FINE,4.6,UNCERTAIN_CONTEXT,1.0,STALE_SAMPLE,0.2587,A-1.0-ppr,7.0,0.002,-0.005714,0.006325,4.000102,-1.0,0.023,7.013931,1.513931,0,0,0.0,0.0,1.0,0.5,4.000102
2026-09-29T23:14:14.165Z,LAT-00346-78e6fc,BASE_FINE,4.8,UNCERTAIN_CONTEXT,1.0,STALE_SAMPLE,0.2547,A-1.0-ppr,6.996,0.002,0.002857,0.010198,4.000101,-1.0,0.024,7.010377,1.510377,0,0,0.0,0.0,1.0,0.5,4.000101
2026-09-29T23:14:14.166Z,LAT-00347-07ca92,ACID_BULK,14.8,HARMFUL_CONTEXT,1.0,"PREDICTED_UNSAFE:a,b,d",0.2991,A-1.0-ppr,6.196,-0.006,-0.0,0.010198,0.3001,1.0,7.4,2.97362,-2.52638,0,0,0.0,0.0,1.0,0.5,0.3001
2026-09-29T23:14:14.166Z,LAT-00348-f4a2a9,BASE_FINE,6.8,ACCEPTABLE_CONTEXT,0.00409,OK,0.583,A-1.0-ppr,6.992,-0.002,0.002857,0.004,0.300101,-1.0,0.034,7.012392,1.512392,0,0,0.0,0.0,1.0,0.5,0.300101
2026-09-29T23:14:14.167Z,LAT-00349-9115f6,BASE_FINE,2.6,ACCEPTABLE_CONTEXT,0.006187,OK,0.6543,A-1.0-ppr,3.506,-0.003,-0.001429,0.004899,0.30011,-1.0,0.013,3.510569,-1.989431,0,0,0.0,0.0,1.0,0.5,0.30011
2026-09-29T23:14:14.168Z,LAT-00350-b7df5e,BASE_FINE,2.0,ACCEPTABLE_CONTEXT,0.00568,OK,0.6483,A-1.0-ppr,3.504,0.004,-0.002857,0.008,0.30011,-1.0,0.01,3.507496,-1.992504,0,0,0.0,0.0,1.0,0.5,0.30011
2026-09-29T23:14:14.169Z,LAT-00351-b75c9f,BASE_FINE,8.7,ACCEPTABLE_CONTEXT,0.00409,OK,0.8167,A-1.0-ppr,6.994,0.002,0.005714,0.008,0.300118,-1.0,0.0435,7.02035,1.52035,0,0,0.0,0.0,1.0,0.5,0.300118
2026-09-29T23:14:14.170Z,LAT-00352-b44aeb,BASE_FINE,2.9,UNCERTAIN_CONTEXT,1.0,STALE_SAMPLE,0.3119,A-1.0-ppr,6.996,0.003,-0.001429,0.004899,4.000132,-1.0,0.0145,7.004606,1.504606,0,0,0.0,0.0,1.0,0.5,4.000132
2026-09-29T23:14:14.171Z,LAT-00353-12811e,BASE_FINE,1.2,ACCEPTABLE_CONTEXT,0.00409,OK,0.7893,A-1.0-ppr,7.006,-0.005,0.007143,0.013565,0.300141,-1.0,0.006,7.009668,1.509668,0,0,0.0,0.0,1.0,0.5,0.300141
2026-09-29T23:14:14.172Z,LAT-00354-40dcfc,BASE_FINE,2.0,UNCERTAIN_CONTEXT,1.0,STALE_SAMPLE,0.3258,A-1.0-ppr,7.002,0.001,-0.007143,0.007483,4.000135,-1.0,0.01,7.007969,1.507969,0,0,0.0,0.0,1.0,0.5,4.000135
2026-09-29T23:14:14.172Z,LAT-00355-eb7d6a,ACID_BULK,11.8,HARMFUL_CONTEXT,1.0,"PREDICTED_UNSAFE:a,b,d",0.3238,A-1.0-ppr,6.206,-0.002,0.002857,0.008,0.300128,1.0,5.9,3.119681,-2.380319,0,0,0.0,0.0,1.0,0.5,0.300128
2026-09-29T23:14:14.173Z,LAT-00356-c96183,ACID_FINE,5.8,ACCEPTABLE_CONTEXT,0.00409,OK,0.6403,A-1.0-ppr,6.994,-0.002,0.005714,0.008,0.300117,1.0,0.029,6.978047,1.478047,0,0,0.0,0.0,1.0,0.5,0.300117
2026-09-29T23:14:14.174Z,LAT-00357-d0b7df,ACID_BULK,19.9,HARMFUL_CONTEXT,1.0,"PREDICTED_UNSAFE:a,b,d",0.3597,A-1.0-ppr,6.196,0.003,0.001429,0.010198,0.300114,1.0,9.95,2.804551,-2.695449,0,0,0.0,0.0,1.0,0.5,0.300114
2026-09-29T23:14:14.174Z,LAT-00358-6286c5,ACID_BULK,18.6,HARMFUL_CONTEXT,1.0,"PREDICTED_UNSAFE:a,b,d",0.3097,A-1.0-ppr,6.204,0.0,-0.008571,0.010198,0.300136,1.0,9.3,2.843131,-2.656869,0,0,0.0,0.0,1.0,0.5,0.300136
2026-09-29T23:14:14.175Z,LAT-00359-d87fc8,ACID_FINE,0.8,ACCEPTABLE_CONTEXT,0.00409,OK,0.6123,A-1.0-ppr,6.998,0.002,0.002857,0.007483,0.300115,1.0,0.004,6.995793,1.495793,0,0,0.0,0.0,1.0,0.5,0.300115
2026-09-29T23:14:14.176Z,LAT-00360-b20807,BASE_FINE,7.0,ACCEPTABLE_CONTEXT,0.00409,OK,0.5788,A-1.0-ppr,6.996,-0.001,-0.004286,0.008,0.300116,-1.0,0.035,7.017182,1.517182,0,0,0.0,0.0,1.0,0.5,0.300116
2026-09-29T23:14:14.176Z,LAT-00361-2f10ff,ACID_BULK,16.2,HARMFUL_CONTEXT,1.0,"PREDICTED_UNSAFE:a,b,d",0.2976,A-1.0-ppr,6.204,0.001,0.004286,0.008,0.300122,1.0,8.1,2.921884,-2.578116,0,0,0.0,0.0,1.0,0.5,0.300122
2026-09-29T23:14:14.177Z,LAT-00362-516461,BASE_FINE,3.9,UNCERTAIN_CONTEXT,1.0,STALE_SAMPLE,0.2634,A-1.0-ppr,6.996,0.008,0.002857,0.013565,4.000124,-1.0,0.0195,7.00759,1.50759,0,0,0.0,0.0,1.0,0.5,4.000124
2026-09-29T23:14:14.177Z,LAT-00363-1b556b,ACID_BULK,10.0,HARMFUL_CONTEXT,1.0,"PREDICTED_UNSAFE:a,b,d",0.2855,A-1.0-ppr,6.196,-0.001,0.004286,0.004899,0.300103,1.0,5.0,3.232178,-2.267822,0,0,0.0,0.0,1.0,0.5,0.300103
2026-09-29T23:14:14.178Z,LAT-00364-a78f31,BASE_FINE,6.8,ACCEPTABLE_CONTEXT,0.00568,OK,0.6007,A-1.0-ppr,3.496,0.003,-0.007143,0.010198,0.300102,-1.0,0.034,3.507783,-1.992217,0,0,0.0,0.0,1.0,0.5,0.300102
2026-09-29T23:14:14.179Z,LAT-00365-64ce8d,ACID_FINE,8.5,ACCEPTABLE_CONTEXT,0.003572,OK,0.5814,A-1.0-ppr,7.006,0.003,-0.007143,0.010198,0.300106,1.0,0.0425,6.98258,1.48258,0,0,0.0,0.0,1.0,0.5,0.300106
2026-09-29T23:14:14.180Z,LAT-00366-d14692,BASE_FINE,5.3,ACCEPTABLE_CONTEXT,0.00409,OK,0.5445,A-1.0-ppr,6.994,0.001,0.001429,0.004899,0.300105,-1.0,0.0265,7.009837,1.509837,0,0,0.0,0.0,1.0,0.5,0.300105
2026-09-29T23:14:14.181Z,LAT-00367-098bbc,ACID_FINE,3.5,ACCEPTABLE_CONTEXT,0.00409,OK,0.5471,A-1.0-ppr,6.994,-0.002,0.002857,0.008,0.300104,1.0,0.0175,6.984356,1.484356,0,0,0.0,0.0,1.0,0.5,0.300104
2026-09-29T23:14:14.181Z,LAT-00368-0ec22a,ACID_BULK,16.6,HARMFUL_CONTEXT,1.0,"PREDICTED_UNSAFE:a,b,d",0.2868,A-1.0-ppr,6.206,-0.002,-0.0,0.004899,0.300103,1.0,8.3,2.908111,-2.591889,0,0,0.0,0.0,1.0,0.5,0.300103
2026-09-29T23:14:14.182Z,LAT-00369-355fc5,BASE_FINE,2.1,UNCERTAIN_CONTEXT,1.0,STALE_SAMPLE,0.277,A-1.0-ppr,7.008,0.002,-0.002857,0.004,4.000184,-1.0,0.0105,7.014505,1.514505,0,0,0.0,0.0,1.0,0.5,4.000184
2026-09-29T23:14:14.182Z,LAT-00370-94e49a,ACID_BULK,16.7,HARMFUL_CONTEXT,1.0,"PREDICTED_UNSAFE:a,b,d",0.2833,A-1.0-ppr,6.192,0.0,0.002857,0.007483,0.3001,1.0,8.35,2.901911,-2.598089,0,0,0.0,0.0,1.0,0.5,0.3001
2026-09-29T23:14:14.183Z,LAT-00371-81b399,BASE_FINE,5.2,ACCEPTABLE_CONTEXT,0.006187,OK,0.599,A-1.0-ppr,3.502,-0.001,-0.012857,0.011662,0.300099,-1.0,0.026,3.511103,-1.988897,0,0,0.0,0.0,1.0,0.5,0.300099
2026-09-29T23:14:14.183Z,LAT-00372-d18cc2,BASE_FINE,1.6,UNCERTAIN_CONTEXT,1.0,STALE_SAMPLE,0.2868,A-1.0-ppr,7.006,-0.004,-0.0,0.008,4.000111,-1.0,0.008,7.010907,1.510907,0,0,0.0,0.0,1.0,0.5,4.000111
2026-09-29T23:14:14.184Z,LAT-00373-dcb280,ACID_BULK,12.3,HARMFUL_CONTEXT,1.0,"PREDICTED_UNSAFE:a,b,d",0.2831,A-1.0-ppr,6.204,0.002,0.002857,0.008,0.300099,1.0,6.15,3.091566,-2.408434,0,0,0.0,0.0,1.0,0.5,0.300099
2026-09-29T23:14:14.184Z,LAT-00374-850157,BASE_FINE,4.0,UNCERTAIN_CONTEXT,1.0,STALE_SAMPLE,0.2531,A-1.0-ppr,7.0,0.002,-0.008571,0.012649,4.000098,-1.0,0.02,7.012075,1.512075,0,0,0.0,0.0,1.0,0.5,4.000098
2026-09-29T23:14:14.185Z,LAT-00375-01f7aa,BASE_FINE,3.8,ACCEPTABLE_CONTEXT,0.00409,OK,0.8897,A-1.0-ppr,7.004,-0.002,0.0,0.004899,0.30011,-1.0,0.019,7.01563,1.51563,0,0,0.0,0.0,1.0,0.5,0.30011
2026-09-29T23:14:14.187Z,LAT-00376-5e17b3,BASE_FINE,4.3,ACCEPTABLE_CONTEXT,0.00409,OK,0.8144,A-1.0-ppr,7.008,-0.002,0.005714,0.007483,0.300204,-1.0,0.0215,7.02131,1.52131,0,0,0.0,0.0,1.0,0.5,0.300204
2026-09-29T23:14:14.188Z,LAT-00377-d7cce9,ACID_FINE,1.9,ACCEPTABLE_CONTEXT,0.003572,OK,0.8373,A-1.0-ppr,7.004,0.004,-0.002857,0.008,0.300139,1.0,0.0095,6.998758,1.498758,0,0,0.0,0.0,1.0,0.5,0.300139
2026-09-29T23:14:14.189Z,LAT-00378-8b96ac,ACID_BULK,12.4,HARMFUL_CONTEXT,1.0,"PREDICTED_UNSAFE:a,b,d",0.3417,A-1.0-ppr,6.202,0.002,-0.011429,0.011662,0.300148,1.0,6.2,3.085681,-2.414319,0,0,0.0,0.0,1.0,0.5,0.300148
2026-09-29T23:14:14.190Z,LAT-00379-f753cf,BASE_FINE,4.0,ACCEPTABLE_CONTEXT,0.003849,OK,0.6258,A-1.0-ppr,7.0,0.004,0.005714,0.008944,0.30012,-1.0,0.02,7.012075,1.512075,0,0,0.0,0.0,1.0,0.5,0.30012
2026-09-29T23:14:14.190Z,LAT-00380-25d02e,ACID_FINE,5.4,ACCEPTABLE_CONTEXT,0.00409,OK,0.6079,A-1.0-ppr,7.006,0.0,-0.005714,0.004899,0.30012,1.0,0.027,6.99111,1.49111,0,0,0.0,0.0,1.0,0.5,0.30012
2026-09-29T23:14:14.191Z,LAT-00381-ed48d8,ACID_BULK,10.8,HARMFUL_CONTEXT,1.0,"PREDICTED_UNSAFE:a,b,d",0.3011,A-1.0-ppr,6.2,-0.001,-0.01,0.008944,0.300115,1.0,5.4,3.178395,-2.321605,0,0,0.0,0.0,1.0,0.5,0.300115
2026-09-29T23:14:14.192Z,LAT-00382-990f9c,BASE_FINE,2.7,UNCERTAIN_CONTEXT,1.0,STALE_SAMPLE,0.2975,A-1.0-ppr,6.996,-0.001,-0.007143,0.008,4.000115,-1.0,0.0135,7.004013,1.504013,0,0,0.0,0.0,1.0,0.5,4.000115
2026-09-29T23:14:14.192Z,LAT-00383-852682,ACID_BULK,12.2,HARMFUL_CONTEXT,1.0,"PREDICTED_UNSAFE:a,b,d",0.2942,A-1.0-ppr,6.2,0.001,-0.001429,0.006325,0.300109,1.0,6.1,3.095714,-2.404286,0,0,0.0,0.0,1.0,0.5,0.300109
2026-09-29T23:14:14.193Z,LAT-00384-3a1fa2,BASE_FINE,2.1,ACCEPTABLE_CONTEXT,0.00409,OK,0.5835,A-1.0-ppr,7.004,0.0,-0.005714,0.008,0.300106,-1.0,0.0105,7.010367,1.510367,0,0,0.0,0.0,1.0,0.5,0.300106
2026-09-29T23:14:14.193Z,LAT-00385-3b1bc9,ACID_BULK,10.5,HARMFUL_CONTEXT,1.0,"PREDICTED_UNSAFE:a,b,d",0.306,A-1.0-ppr,6.202,-0.004,0.002857,0.007483,0.300105,1.0,5.25,3.199139,-2.300861,0,0,0.0,0.0,1.0,0.5,0.300105
2026-09-29T23:14:14.194Z,LAT-00386-22bf09,ACID_BULK,20.0,HARMFUL_CONTEXT,1.0,"PREDICTED_UNSAFE:a,b,d",0.2869,A-1.0-ppr,6.202,0.002,0.002857,0.004,0.300106,1.0,10.0,2.802745,-2.697255,0,0,0.0,0.0,1.0,0.5,0.300106
2026-09-29T23:14:14.195Z,LAT-00387-3f0fae,BASE_FINE,6.6,ACCEPTABLE_CONTEXT,0.00409,OK,0.5702,A-1.0-ppr,7.008,-0.002,-0.002857,0.004,0.300101,-1.0,0.033,7.028412,1.528412,0,0,0.0,0.0,1.0,0.5,0.300101
2026-09-29T23:14:14.195Z,LAT-00388-8c0921,BASE_FINE,3.7,UNCERTAIN_CONTEXT,1.0,STALE_SAMPLE,0.2591,A-1.0-ppr,7.0,0.004,-0.0,0.006325,4.000102,-1.0,0.0185,7.011146,1.511146,0,0,0.0,0.0,1.0,0.5,4.000102
2026-09-29T23:14:14.196Z,LAT-00389-f55970,BASE_FINE,1.4,ACCEPTABLE_CONTEXT,0.00409,OK,0.5767,A-1.0-ppr,7.004,-0.003,0.001429,0.004899,0.300101,-1.0,0.007,7.008199,1.508199,0,0,0.0,0.0,1.0,0.5,0.300101
2026-09-29T23:14:14.196Z,LAT-00390-028407,ACID_BULK,16.0,HARMFUL_CONTEXT,1.0,"PREDICTED_UNSAFE:a,b,d",0.2892,A-1.0-ppr,6.198,0.005,0.001429,0.007483,0.300102,1.0,8.0,2.927906,-2.572094,0,0,0.0,0.0,1.0,0.5,0.300102
2026-09-29T23:14:14.197Z,LAT-00391-c33d0f,BASE_FINE,2.2,ACCEPTABLE_CONTEXT,0.006187,OK,0.5863,A-1.0-ppr,3.494,-0.002,-0.0,0.004899,0.300102,-1.0,0.011,3.497764,-2.002236,0,0,0.0,0.0,1.0,0.5,0.300102
2026-09-29T23:14:14.198Z,LAT-00392-2b73f9,BASE_FINE,2.5,UNCERTAIN_CONTEXT,1.0,STALE_SAMPLE,0.2775,A-1.0-ppr,7.002,0.001,0.004286,0.007483,4.000103,-1.0,0.0125,7.009518,1.509518,0,0,0.0,0.0,1.0,0.5,4.000103
2026-09-29T23:14:14.198Z,LAT-00393-e42eb3,ACID_FINE,9.4,ACCEPTABLE_CONTEXT,0.00409,OK,0.5754,A-1.0-ppr,7.002,-0.002,0.002857,0.004,0.300101,1.0,0.047,6.976204,1.476204,0,0,0.0,0.0,1.0,0.5,0.300101
2026-09-29T23:14:14.199Z,LAT-00394-4a34eb,BASE_FINE,9.8,ACCEPTABLE_CONTEXT,0.006187,OK,0.5954,A-1.0-ppr,3.502,-0.003,0.004286,0.007483,0.300103,-1.0,0.049,3.5193,-1.9807,0,0,0.0,0.0,1.0,0.5,0.300103
2026-09-29T23:14:14.200Z,LAT-00395-47e8f5,BASE_FINE,2.1,UNCERTAIN_CONTEXT,1.0,STALE_SAMPLE,0.266,A-1.0-ppr,6.992,0.003,0.01,0.013266,4.000106,-1.0,0.0105,6.998234,1.498234,0,0,0.0,0.0,1.0,0.5,4.000106
2026-09-29T23:14:14.200Z,LAT-00396-850410,BASE_FINE,1.3,UNCERTAIN_CONTEXT,1.0,STALE_SAMPLE,0.259,A-1.0-ppr,6.992,0.005,0.001429,0.011662,4.000108,-1.0,0.0065,6.99586,1.49586,0,0,0.0,0.0,1.0,0.5,4.000108
2026-09-29T23:14:14.201Z,LAT-00397-77549c,ACID_BULK,18.9,HARMFUL_CONTEXT,1.0,"PREDICTED_UNSAFE:a,b,d",0.284,A-1.0-ppr,6.204,0.001,-0.007143,0.013565,0.300103,1.0,9.45,2.834224,-2.665776,0,0,0.0,0.0,1.0,0.5,0.300103
2026-09-29T23:14:14.202Z,LAT-00398-a89fa4,BASE_FINE,9.5,ACCEPTABLE_CONTEXT,0.00409,OK,0.6236,A-1.0-ppr,7.004,0.001,0.001429,0.004899,0.3001,-1.0,0.0475,7.033227,1.533227,0,0,0.0,0.0,1.0,0.5,0.3001
2026-09-29T23:14:14.202Z,LAT-00399-068174,BASE_FINE,1.9,UNCERTAIN_CONTEXT,1.0,STALE_SAMPLE,0.3569,A-1.0-ppr,7.006,-0.004,0.002857,0.008,4.000167,-1.0,0.0095,7.011836,1.511836,0,0,0.0,0.0,1.0,0.5,4.000167
2026-09-29T23:14:14.203Z,LAT-00400-be753e,ACID_BULK,15.2,HARMFUL_CONTEXT,1.0,"PREDICTED_UNSAFE:a,b,d",0.3584,A-1.0-ppr,6.198,-0.003,0.001429,0.007483,0.300144,1.0,7.6,2.958135,-2.541865,0,0,0.0,0.0,1.0,0.5,0.300144
2026-09-29T23:14:14.204Z,LAT-00401-b3fc89,BASE_FINE,9.4,ACCEPTABLE_CONTEXT,0.00409,OK,0.7277,A-1.0-ppr,7.0,0.002,-0.008571,0.010954,0.300157,-1.0,0.047,7.028758,1.528758,0,0,0.0,0.0,1.0,0.5,0.300157
2026-09-29T23:14:14.205Z,LAT-00402-5f9905,ACID_BULK,17.7,HARMFUL_CONTEXT,1.0,"PREDICTED_UNSAFE:a,b,d",0.3169,A-1.0-ppr,6.204,0.0,-0.002857,0.004899,0.300133,1.0,8.85,2.871009,-2.628991,0,0,0.0,0.0,1.0,0.5,0.300133
2026-09-29T23:14:14.205Z,LAT-00403-58e653,BASE_FINE,1.3,UNCERTAIN_CONTEXT,1.0,STALE_SAMPLE,0.2804,A-1.0-ppr,6.998,-0.002,-0.002857,0.004,4.000113,-1.0,0.0065,7.001858,1.501858,0,0,0.0,0.0,1.0,0.5,4.000113
2026-09-29T23:14:14.206Z,LAT-00404-6c219e,BASE_FINE,4.9,ACCEPTABLE_CONTEXT,0.003849,OK,0.5774,A-1.0-ppr,7.0,0.006,0.005714,0.010954,0.300113,-1.0,0.0245,7.01486,1.51486,0,0,0.0,0.0,1.0,0.5,0.300113
2026-09-29T23:14:14.207Z,LAT-00405-24688f,BASE_FINE,6.0,ACCEPTABLE_CONTEXT,0.006187,OK,0.6136,A-1.0-ppr,3.504,0.002,-0.008571,0.008,0.30011,-1.0,0.03,3.514565,-1.985435,0,0,0.0,0.0,1.0,0.5,0.30011
2026-09-29T23:14:14.208Z,LAT-00406-f3b903,ACID_FINE,9.8,ACCEPTABLE_CONTEXT,0.00409,OK,0.5652,A-1.0-ppr,6.994,0.002,-0.008571,0.008,0.300108,1.0,0.049,6.967464,1.467464,0,0,0.0,0.0,1.0,0.5,0.300108
2026-09-29T23:14:14.208Z,LAT-00407-b0548d,ACID_BULK,10.0,HARMFUL_CONTEXT,1.0,"PREDICTED_UNSAFE:a,b,d",0.2922,A-1.0-ppr,6.2,-0.004,-0.0,0.006325,0.300113,1.0,5.0,3.233852,-2.266148,0,0,0.0,0.0,1.0,0.5,0.300113
2026-09-29T23:14:14.209Z,LAT-00408-db718a,ACID_FINE,6.6,ACCEPTABLE_CONTEXT,0.00409,OK,0.5754,A-1.0-ppr,7.008,-0.003,-0.001429,0.007483,0.300106,1.0,0.033,6.989766,1.489766,0,0,0.0,0.0,1.0,0.5,0.300106
2026-09-29T23:14:14.210Z,LAT-00409-bf3ea0,BASE_FINE,1.5,ACCEPTABLE_CONTEXT,0.00409,OK,0.5645,A-1.0-ppr,7.002,0.002,-0.005714,0.007483,0.300105,-1.0,0.0075,7.00645,1.50645,0,0,0.0,0.0,1.0,0.5,0.300105
2026-09-29T23:14:14.210Z,LAT-00410-3ad43f,ACID_FINE,3.9,ACCEPTABLE_CONTEXT,0.00409,OK,0.582,A-1.0-ppr,7.008,-0.004,-0.0,0.009798,0.300106,1.0,0.0195,6.997204,1.497204,0,0,0.0,0.0,1.0,0.5,0.300106
2026-09-29T23:14:14.211Z,LAT-00411-d10895,BASE_FINE,1.8,UNCERTAIN_CONTEXT,1.0,STALE_SAMPLE,0.2797,A-1.0-ppr,7.006,0.001,0.004286,0.004899,4.000105,-1.0,0.009,7.011526,1.511526,0,0,0.0,0.0,1.0,0.5,4.000105
2026-09-29T23:14:14.212Z,LAT-00412-2440f9,ACID_FINE,4.5,ACCEPTABLE_CONTEXT,0.00409,OK,0.5415,A-1.0-ppr,7.0,0.002,-0.014286,0.012649,0.300103,1.0,0.0225,6.987596,1.487596,0,0,0.0,0.0,1.0,0.5,0.300103
2026-09-29T23:14:14.212Z,LAT-00413-d34c1c,ACID_BULK,12.6,HARMFUL_CONTEXT,1.0,"PREDICTED_UNSAFE:a,b,d",0.2876,A-1.0-ppr,6.206,-0.002,0.005714,0.010198,0.300103,1.0,6.3,3.076448,-2.423552,0,0,0.0,0.0,1.0,0.5,0.300103
2026-09-29T23:14:14.213Z,LAT-00414-9d15e0,BASE_FINE,2.8,UNCERTAIN_CONTEXT,1.0,STALE_SAMPLE,0.2731,A-1.0-ppr,7.014,0.002,-0.0,0.004899,4.000101,-1.0,0.014,7.022663,1.522663,0,0,0.0,0.0,1.0,0.5,4.000101
2026-09-29T23:14:14.213Z,LAT-00415-e299eb,ACID_BULK,11.2,HARMFUL_CONTEXT,1.0,"PREDICTED_UNSAFE:a,b,d",0.2813,A-1.0-ppr,6.196,0.001,0.001429,0.010198,0.300101,1.0,5.6,3.151728,-2.348272,0,0,0.0,0.0,1.0,0.5,0.300101
2026-09-29T23:14:14.214Z,LAT-00416-92520f,BASE_FINE,2.4,UNCERTAIN_CONTEXT,1.0,STALE_SAMPLE,0.255,A-1.0-ppr,7.0,0.002,-0.002857,0.008944,4.0001,-1.0,0.012,7.007121,1.507121,0,0,0.0,0.0,1.0,0.5,4.0001
2026-09-29T23:14:14.214Z,LAT-00417-67d3d7,ACID_FINE,7.3,ACCEPTABLE_CONTEXT,0.00409,OK,0.535,A-1.0-ppr,6.998,0.002,-0.002857,0.004,0.300099,1.0,0.0365,6.97792,1.47792,0,0,0.0,0.0,1.0,0.5,0.300099
2026-09-29T23:14:14.215Z,LAT-00418-4028c1,ACID_BULK,18.9,HARMFUL_CONTEXT,1.0,"PREDICTED_UNSAFE:a,b,d",0.2855,A-1.0-ppr,6.194,-0.005,0.001429,0.010198,0.30011,1.0,9.45,2.832561,-2.667439,0,0,0.0,0.0,1.0,0.5,0.30011
2026-09-29T23:14:14.215Z,LAT-00419-4be270,BASE_FINE,2.7,UNCERTAIN_CONTEXT,1.0,STALE_SAMPLE,0.2539,A-1.0-ppr,7.0,-0.004,-0.014286,0.014142,4.0001,-1.0,0.0135,7.008049,1.508049,0,0,0.0,0.0,1.0,0.5,4.0001
2026-09-29T23:14:14.216Z,LAT-00420-762ca1,ACID_FINE,3.2,ACCEPTABLE_CONTEXT,0.00409,OK,0.5822,A-1.0-ppr,7.012,-0.005,-0.001429,0.007483,0.300099,1.0,0.016,7.002961,1.502961,0,0,0.0,0.0,1.0,0.5,0.300099
2026-09-29T23:14:14.217Z,LAT-00421-3cdc66,BASE_FINE,4.7,UNCERTAIN_CONTEXT,1.0,STALE_SAMPLE,0.2859,A-1.0-ppr,7.004,0.002,-0.0,0.004899,4.000101,-1.0,0.0235,7.018413,1.518413,0,0,0.0,0.0,1.0,0.5,4.000101
2026-09-29T23:14:14.217Z,LAT-00422-1e8bb3,ACID_BULK,18.7,HARMFUL_CONTEXT,1.0,"PREDICTED_UNSAFE:a,b,d",0.2832,A-1.0-ppr,6.202,0.003,0.001429,0.007483,0.3001,1.0,9.35,2.839806,-2.660194,0,0,0.0,0.0,1.0,0.5,0.3001
2026-09-29T23:14:14.218Z,LAT-00423-674b6c,ACID_FINE,4.3,ACCEPTABLE_CONTEXT,0.00409,OK,0.5521,A-1.0-ppr,7.0,-0.005,0.004286,0.010954,0.300102,1.0,0.0215,6.988146,1.488146,0,0,0.0,0.0,1.0,0.5,0.300102
2026-09-29T23:14:14.218Z,LAT-00424-3e1089,BASE_FINE,2.3,UNCERTAIN_CONTEXT,1.0,STALE_SAMPLE,0.3177,A-1.0-ppr,7.012,0.003,0.001429,0.007483,4.000102,-1.0,0.0115,7.01912,1.51912,0,0,0.0,0.0,1.0,0.5,4.000102
2026-09-29T23:14:14.219Z,LAT-00425-686560,BASE_FINE,8.5,ACCEPTABLE_CONTEXT,0.006187,OK,0.7477,A-1.0-ppr,3.496,-0.008,-0.002857,0.013565,0.300137,-1.0,0.0425,3.510773,-1.989227,0,0,0.0,0.0,1.0,0.5,0.300137
2026-09-29T23:14:14.220Z,LAT-00426-9ec099,BASE_FINE,9.2,ACCEPTABLE_CONTEXT,0.00409,OK,0.669,A-1.0-ppr,6.998,-0.005,0.001429,0.007483,0.300128,-1.0,0.046,7.02606,1.52606,0,0,0.0,0.0,1.0,0.5,0.300128
2026-09-29T23:14:14.221Z,LAT-00427-1322ff,BASE_FINE,7.5,ACCEPTABLE_CONTEXT,0.00409,OK,0.6837,A-1.0-ppr,7.006,0.001,-0.001429,0.004899,0.300118,-1.0,0.0375,7.029144,1.529144,0,0,0.0,0.0,1.0,0.5,0.300118
2026-09-29T23:14:14.222Z,LAT-00428-05079a,ACID_BULK,13.0,HARMFUL_CONTEXT,1.0,"PREDICTED_UNSAFE:a,b,d",0.3258,A-1.0-ppr,6.196,-0.004,0.008571,0.010198,0.300139,1.0,6.5,3.053586,-2.446414,0,0,0.0,0.0,1.0,0.5,0.300139
2026-09-29T23:14:14.223Z,LAT-00429-5d6c64,BASE_FINE,3.0,UNCERTAIN_CONTEXT,1.0,STALE_SAMPLE,0.3061,A-1.0-ppr,7.006,0.004,-0.002857,0.010198,4.000128,-1.0,0.015,7.015241,1.515241,0,0,0.0,0.0,1.0,0.5,4.000128
2026-09-29T23:14:14.223Z,LAT-00430-0783d6,ACID_FINE,2.0,ACCEPTABLE_CONTEXT,0.00409,OK,0.6109,A-1.0-ppr,7.0,-0.003,0.004286,0.006325,0.300109,1.0,0.01,6.994484,1.494484,0,0,0.0,0.0,1.0,0.5,0.300109
2026-09-29T23:14:14.224Z,LAT-00431-7c88d6,BASE_FINE,3.6,UNCERTAIN_CONTEXT,1.0,STALE_SAMPLE,0.3022,A-1.0-ppr,6.994,0.001,-0.004286,0.004899,4.000116,-1.0,0.018,7.004683,1.504683,0,0,0.0,0.0,1.0,0.5,4.000116
2026-09-29T23:14:14.224Z,LAT-00432-db2356,ACID_BULK,18.6,HARMFUL_CONTEXT,1.0,"PREDICTED_UNSAFE:a,b,d",0.2965,A-1.0-ppr,6.196,-0.004,-0.002857,0.010198,0.300119,1.0,9.3,2.841775,-2.658225,0,0,0.0,0.0,1.0,0.5,0.300119
2026-09-29T23:14:14.225Z,LAT-00433-4d8adf,BASE_FINE,4.2,ACCEPTABLE_CONTEXT,0.00568,OK,0.631,A-1.0-ppr,3.51,0.003,-0.01,0.010954,0.300115,-1.0,0.021,3.517468,-1.982532,0,0,0.0,0.0,1.0,0.5,0.300115
2026-09-29T23:14:14.226Z,LAT-00434-a5f36f,BASE_FINE,4.6,ACCEPTABLE_CONTEXT,0.00409,OK,0.5719,A-1.0-ppr,6.996,-0.003,0.004286,0.010198,0.300111,-1.0,0.023,7.009758,1.509758,0,0,0.0,0.0,1.0,0.5,0.300111
2026-09-29T23:14:14.227Z,LAT-00435-30e204,BASE_FINE,1.2,UNCERTAIN_CONTEXT,1.0,STALE_SAMPLE,0.3046,A-1.0-ppr,7.004,0.003,0.004286,0.010198,4.000112,-1.0,0.006,7.007579,1.507579,0,0,0.0,0.0,1.0,0.5,4.000112
2026-09-29T23:14:14.227Z,LAT-00436-5c791e,ACID_BULK,18.5,HARMFUL_CONTEXT,1.0,"PREDICTED_UNSAFE:a,b,d",0.3008,A-1.0-ppr,6.202,0.0,0.022857,0.020396,0.300106,1.0,9.25,2.845801,-2.654199,0,0,0.0,0.0,1.0,0.5,0.300106
2026-09-29T23:14:14.228Z,LAT-00437-4cf739,BASE_FINE,8.2,ACCEPTABLE_CONTEXT,0.009535,OK,0.6057,A-1.0-ppr,3.5,0.0,-0.0,0.0,0.300101,-1.0,0.041,3.51437,-1.98563,0,0,0.0,0.0,1.0,0.5,0.300101
2026-09-29T23:14:14.229Z,LAT-00438-d7d43c,BASE_FINE,4.5,ACCEPTABLE_CONTEXT,0.00568,OK,0.5942,A-1.0-ppr,3.5,0.004,-0.002857,0.010954,0.300104,-1.0,0.0225,3.507834,-1.992166,0,0,0.0,0.0,1.0,0.5,0.300104
2026-09-29T23:14:14.229Z,LAT-00439-dc76ae,BASE_FINE,4.1,UNCERTAIN_CONTEXT,1.0,STALE_SAMPLE,0.2632,A-1.0-ppr,7.0,-0.001,0.007143,0.010954,4.000107,-1.0,0.0205,7.012384,1.512384,0,0,0.0,0.0,1.0,0.5,4.000107
2026-09-29T23:14:14.230Z,LAT-00440-e59b4a,BASE_FINE,2.4,UNCERTAIN_CONTEXT,1.0,STALE_SAMPLE,0.259,A-1.0-ppr,6.992,0.002,-0.002857,0.007483,4.000103,-1.0,0.012,6.999124,1.499124,0,0,0.0,0.0,1.0,0.5,4.000103
2026-09-29T23:14:14.231Z,LAT-00441-c28119,BASE_FINE,8.7,ACCEPTABLE_CONTEXT,0.006187,OK,0.5997,A-1.0-ppr,3.506,-0.003,0.001429,0.013565,0.300101,-1.0,0.0435,3.521463,-1.978537,0,0,0.0,0.0,1.0,0.5,0.300101
2026-09-29T23:14:14.231Z,LAT-00442-7871e2,ACID_FINE,0.9,ACCEPTABLE_CONTEXT,0.00409,OK,0.5387,A-1.0-ppr,6.998,0.001,0.007143,0.011662,0.300104,1.0,0.0045,6.995517,1.495517,0,0,0.0,0.0,1.0,0.5,0.300104
2026-09-29T23:14:14.232Z,LAT-00443-a33ad7,BASE_FINE,3.9,ACCEPTABLE_CONTEXT,0.00409,OK,0.5521,A-1.0-ppr,7.0,0.002,0.005714,0.006325,0.300106,-1.0,0.0195,7.011765,1.511765,0,0,0.0,0.0,1.0,0.5,0.300106
2026-09-29T23:14:14.233Z,LAT-00444-5441f8,BASE_FINE,9.0,ACCEPTABLE_CONTEXT,0.003849,OK,0.7983,A-1.0-ppr,6.996,0.006,0.008571,0.012,0.300103,-1.0,0.045,7.02336,1.52336,0,0,0.0,0.0,1.0,0.5,0.300103
2026-09-29T23:14:14.234Z,LAT-00445-ec8fa5,BASE_FINE,1.6,UNCERTAIN_CONTEXT,1.0,STALE_SAMPLE,0.2972,A-1.0-ppr,7.004,0.001,0.004286,0.008,4.000112,-1.0,0.008,7.008818,1.508818,0,0,0.0,0.0,1.0,0.5,4.000112
2026-09-29T23:14:14.234Z,LAT-00446-a6f029,BASE_FINE,3.5,UNCERTAIN_CONTEXT,1.0,STALE_SAMPLE,0.2885,A-1.0-ppr,7.006,-0.001,0.001429,0.010198,4.000103,-1.0,0.0175,7.016788,1.516788,0,0,0.0,0.0,1.0,0.5,4.000103
2026-09-29T23:14:14.235Z,LAT-00447-d8da14,BASE_FINE,3.1,UNCERTAIN_CONTEXT,1.0,STALE_SAMPLE,0.2674,A-1.0-ppr,6.994,0.006,-0.002857,0.010198,4.000102,-1.0,0.0155,7.0032,1.5032,0,0,0.0,0.0,1.0,0.5,4.000102
2026-09-29T23:14:14.236Z,LAT-00448-4b27dd,BASE_FINE,9.1,ACCEPTABLE_CONTEXT,0.006187,OK,0.7874,A-1.0-ppr,3.498,-0.003,-0.001429,0.007483,0.300116,-1.0,0.0455,3.513903,-1.986097,0,0,0.0,0.0,1.0,0.5,0.300116
2026-09-29T23:14:14.236Z,LAT-00449-7e979b,BASE_FINE,3.1,UNCERTAIN_CONTEXT,1.0,STALE_SAMPLE,0.2729,A-1.0-ppr,6.998,-0.003,0.001429,0.007483,4.000114,-1.0,0.0155,7.0072,1.5072,0,0,0.0,0.0,1.0,0.5,4.000114
2026-09-29T23:14:14.237Z,LAT-00450-2604c3,ACID_BULK,15.3,HARMFUL_CONTEXT,1.0,"PREDICTED_UNSAFE:a,b,d",0.2975,A-1.0-ppr,6.202,0.006,-0.005714,0.011662,0.300103,1.0,7.65,2.955117,-2.544883,0,0,0.0,0.0,1.0,0.5,0.300103
2026-09-29T23:14:14.238Z,LAT-00451-ddc269,ACID_FINE,6.7,ACCEPTABLE_CONTEXT,0.00409,OK,0.6115,A-1.0-ppr,7.008,-0.002,-0.002857,0.004,0.300135,1.0,0.0335,6.989491,1.489491,0,0,0.0,0.0,1.0,0.5,0.300135
2026-09-29T23:14:14.238Z,LAT-00452-0ef184,BASE_FINE,2.6,UNCERTAIN_CONTEXT,1.0,STALE_SAMPLE,0.2974,A-1.0-ppr,7.01,0.0,-0.0,0.0,4.000104,-1.0,0.013,7.01805,1.51805,0,0,0.0,0.0,1.0,0.5,4.000104
2026-09-29T23:14:14.239Z,LAT-00453-ce54ed,ACID_FINE,2.4,ACCEPTABLE_CONTEXT,0.00409,OK,0.5542,A-1.0-ppr,7.0,0.002,0.005714,0.006325,0.300099,1.0,0.012,6.993381,1.493381,0,0,0.0,0.0,1.0,0.5,0.300099
2026-09-29T23:14:14.239Z,LAT-00454-bbbda8,ACID_BULK,18.0,HARMFUL_CONTEXT,1.0,"PREDICTED_UNSAFE:a,b,d",0.3038,A-1.0-ppr,6.202,0.0,-0.002857,0.004,0.300101,1.0,9.0,2.861163,-2.638837,0,0,0.0,0.0,1.0,0.5,0.300101
2026-09-29T23:14:14.240Z,LAT-00455-0d7b0f,ACID_BULK,17.6,HARMFUL_CONTEXT,1.0,"PREDICTED_UNSAFE:a,b,d",0.2835,A-1.0-ppr,6.2,0.002,-0.0,0.006325,0.300098,1.0,8.8,2.873495,-2.626505,0,0,0.0,0.0,1.0,0.5,0.300098
2026-09-29T23:14:14.241Z,LAT-00456-01a867,BASE_FINE,7.3,ACCEPTABLE_CONTEXT,0.006187,OK,0.6045,A-1.0-ppr,3.5,0.002,-0.005714,0.006325,0.300106,-1.0,0.0365,3.512772,-1.987228,0,0,0.0,0.0,1.0,0.5,0.300106
2026-09-29T23:14:14.241Z,LAT-00457-357ebd,ACID_BULK,16.0,HARMFUL_CONTEXT,1.0,"PREDICTED_UNSAFE:a,b,d",0.2927,A-1.0-ppr,6.208,0.004,-0.002857,0.011662,0.3001,1.0,8.0,2.929961,-2.570039,0,0,0.0,0.0,1.0,0.5,0.3001
2026-09-29T23:14:14.242Z,LAT-00458-930a4c,BASE_FINE,5.5,ACCEPTABLE_CONTEXT,0.00409,OK,0.5505,A-1.0-ppr,7.0,-0.003,-0.004286,0.006325,0.300111,-1.0,0.0275,7.016715,1.516715,0,0,0.0,0.0,1.0,0.5,0.300111
2026-09-29T23:14:14.243Z,LAT-00459-a5ee44,BASE_FINE,9.4,ACCEPTABLE_CONTEXT,0.006187,OK,0.5843,A-1.0-ppr,3.5,-0.003,0.004286,0.006325,0.300101,-1.0,0.047,3.516509,-1.983491,0,0,0.0,0.0,1.0,0.5,0.300101
2026-09-29T23:14:14.243Z,LAT-00460-a7e10e,BASE_FINE,3.1,UNCERTAIN_CONTEXT,1.0,STALE_SAMPLE,0.2638,A-1.0-ppr,6.994,-0.003,0.007143,0.012,4.000102,-1.0,0.0155,7.0032,1.5032,0,0,0.0,0.0,1.0,0.5,4.000102
2026-09-29T23:14:14.244Z,LAT-00461-59171c,BASE_FINE,6.1,ACCEPTABLE_CONTEXT,0.00409,OK,0.575,A-1.0-ppr,7.004,-0.002,0.005714,0.010198,0.300101,-1.0,0.0305,7.02274,1.52274,0,0,0.0,0.0,1.0,0.5,0.300101
2026-09-29T23:14:14.245Z,LAT-00462-cd164b,ACID_BULK,11.4,HARMFUL_CONTEXT,1.0,"PREDICTED_UNSAFE:a,b,d",0.2855,A-1.0-ppr,6.196,0.003,0.004286,0.008,0.300101,1.0,5.7,3.13966,-2.36034,0,0,0.0,0.0,1.0,0.5,0.300101
2026-09-29T23:14:14.245Z,LAT-00463-6836b7,BASE_FINE,3.3,UNCERTAIN_CONTEXT,1.0,STALE_SAMPLE,0.2553,A-1.0-ppr,7.0,-0.004,0.002857,0.016733,4.000099,-1.0,0.0165,7.009907,1.509907,0,0,0.0,0.0,1.0,0.5,4.000099
2026-09-29T23:14:14.246Z,LAT-00464-a70645,BASE_FINE,9.8,ACCEPTABLE_CONTEXT,0.00409,OK,0.538,A-1.0-ppr,6.992,-0.002,-0.002857,0.007483,0.300098,-1.0,0.049,7.021663,1.521663,0,0,0.0,0.0,1.0,0.5,0.300098
2026-09-29T23:14:14.246Z,LAT-00465-d55ffc,BASE_FINE,4.1,ACCEPTABLE_CONTEXT,0.003849,OK,0.5344,A-1.0-ppr,6.998,0.005,-0.001429,0.014697,0.300099,-1.0,0.0205,7.010297,1.510297,0,0,0.0,0.0,1.0,0.5,0.300099
2026-09-29T23:14:14.247Z,LAT-00466-f67c48,BASE_FINE,1.4,ACCEPTABLE_CONTEXT,0.00409,OK,0.5303,A-1.0-ppr,6.998,-0.001,-0.004286,0.007483,0.300101,-1.0,0.007,7.002155,1.502155,0,0,0.0,0.0,1.0,0.5,0.300101
2026-09-29T23:14:14.248Z,LAT-00467-68f272,BASE_FINE,4.2,ACCEPTABLE_CONTEXT,0.003849,OK,0.5358,A-1.0-ppr,6.994,0.004,-0.0,0.008,0.3001,-1.0,0.021,7.006462,1.506462,0,0,0.0,0.0,1.0,0.5,0.3001
2026-09-29T23:14:14.248Z,LAT-00468-4ce9c7,ACID_BULK,18.7,HARMFUL_CONTEXT,1.0,"PREDICTED_UNSAFE:a,b,d",0.2851,A-1.0-ppr,6.206,0.004,-0.008571,0.013565,0.3001,1.0,9.35,2.840475,-2.659525,0,0,0.0,0.0,1.0,0.5,0.3001
2026-09-29T23:14:14.249Z,LAT-00469-e8ed95,BASE_FINE,3.7,UNCERTAIN_CONTEXT,1.0,STALE_SAMPLE,0.2781,A-1.0-ppr,7.006,0.001,-0.007143,0.008,4.000098,-1.0,0.0185,7.017407,1.517407,0,0,0.0,0.0,1.0,0.5,4.000098
2026-09-29T23:14:14.250Z,LAT-00470-695dcc,BASE_FINE,2.8,ACCEPTABLE_CONTEXT,0.006187,OK,0.5937,A-1.0-ppr,3.5,-0.006,-0.0,0.008944,0.300109,-1.0,0.014,3.50486,-1.99514,0,0,0.0,0.0,1.0,0.5,0.300109
2026-09-29T23:14:14.250Z,LAT-00471-0f66b1,BASE_FINE,0.6,ACCEPTABLE_CONTEXT,0.003849,OK,0.568,A-1.0-ppr,7.02,0.004,0.005714,0.012649,0.300102,-1.0,0.003,7.021856,1.521856,0,0,0.0,0.0,1.0,0.5,0.300102
2026-09-29T23:14:14.251Z,LAT-00472-032bc9,ACID_FINE,1.0,ACCEPTABLE_CONTEXT,0.00409,OK,0.573,A-1.0-ppr,7.004,-0.001,0.001429,0.010198,0.300102,1.0,0.005,7.00124,1.50124,0,0,0.0,0.0,1.0,0.5,0.300102
2026-09-29T23:14:14.252Z,LAT-00473-242a6a,BASE_FINE,4.7,ACCEPTABLE_CONTEXT,0.003849,OK,0.5835,A-1.0-ppr,7.002,0.004,0.002857,0.007483,0.3001,-1.0,0.0235,7.016327,1.516327,0,0,0.0,0.0,1.0,0.5,0.3001
2026-09-29T23:14:14.253Z,LAT-00474-ad0b3e,ACID_BULK,15.1,HARMFUL_CONTEXT,1.0,"PREDICTED_UNSAFE:a,b,d",0.3222,A-1.0-ppr,6.206,0.0,0.005714,0.008,0.300115,1.0,7.55,2.963849,-2.536151,0,0,0.0,0.0,1.0,0.5,0.300115
2026-09-29T23:14:14.253Z,LAT-00475-d1e157,ACID_BULK,13.0,HARMFUL_CONTEXT,1.0,"PREDICTED_UNSAFE:a,b,d",0.3244,A-1.0-ppr,6.2,0.002,-0.002857,0.008944,0.300157,1.0,6.5,3.054696,-2.445304,0,0,0.0,0.0,1.0,0.5,0.300157
2026-09-29T23:14:14.254Z,LAT-00476-12df0a,BASE_FINE,5.0,UNCERTAIN_CONTEXT,1.0,STALE_SAMPLE,0.3035,A-1.0-ppr,7.004,0.002,-0.0,0.004899,4.000113,-1.0,0.025,7.019341,1.519341,0,0,0.0,0.0,1.0,0.5,4.000113
2026-09-29T23:14:14.255Z,LAT-00477-61be27,BASE_FINE,7.0,ACCEPTABLE_CONTEXT,0.006187,OK,0.7298,A-1.0-ppr,3.5,-0.007,-0.004286,0.010954,0.300106,-1.0,0.035,3.51224,-1.98776,0,0,0.0,0.0,1.0,0.5,0.300106
2026-09-29T23:14:14.255Z,LAT-00478-1199cf,ACID_BULK,11.0,HARMFUL_CONTEXT,1.0,"PREDICTED_UNSAFE:a,b,d",0.3421,A-1.0-ppr,6.198,0.001,0.001429,0.004,0.30013,1.0,5.5,3.164858,-2.335142,0,0,0.0,0.0,1.0,0.5,0.30013
2026-09-29T23:14:14.256Z,LAT-00479-50544e,BASE_FINE,3.4,ACCEPTABLE_CONTEXT,0.00409,OK,0.7902,A-1.0-ppr,7.006,-0.004,-0.005714,0.008,0.300112,-1.0,0.017,7.016479,1.516479,0,0,0.0,0.0,1.0,0.5,0.300112
2026-09-29T23:14:14.258Z,LAT-00480-d9c55e,BASE_FINE,9.7,ACCEPTABLE_CONTEXT,0.006187,OK,0.6533,A-1.0-ppr,3.5,0.0,-0.008571,0.008944,0.300107,-1.0,0.0485,3.517045,-1.982955,0,0,0.0,0.0,1.0,0.5,0.300107
2026-09-29T23:14:14.259Z,LAT-00481-930d9f,ACID_FINE,8.4,ACCEPTABLE_CONTEXT,0.00409,OK,0.5827,A-1.0-ppr,7.0,0.001,0.004286,0.006325,0.300111,1.0,0.042,6.97693,1.47693,0,0,0.0,0.0,1.0,0.5,0.300111
2026-09-29T23:14:14.260Z,LAT-00482-8e3180,BASE_FINE,6.1,ACCEPTABLE_CONTEXT,0.00568,OK,0.6626,A-1.0-ppr,3.502,0.003,0.012857,0.011662,0.300107,-1.0,0.0305,3.512696,-1.987304,0,0,0.0,0.0,1.0,0.5,0.300107
2026-09-29T23:14:14.260Z,LAT-00483-232455,ACID_BULK,14.6,HARMFUL_CONTEXT,1.0,"PREDICTED_UNSAFE:a,b,d",0.3165,A-1.0-ppr,6.194,-0.001,-0.004286,0.004899,0.300142,1.0,7.3,2.981338,-2.518662,0,0,0.0,0.0,1.0,0.5,0.300142
2026-09-29T23:14:14.261Z,LAT-00484-0a0c9c,ACID_BULK,16.0,HARMFUL_CONTEXT,1.0,"PREDICTED_UNSAFE:a,b,d",0.2961,A-1.0-ppr,6.202,0.002,-0.005714,0.007483,0.300118,1.0,8.0,2.928732,-2.571268,0,0,0.0,0.0,1.0,0.5,0.300118
2026-09-29T23:14:14.262Z,LAT-00485-9f52e3,ACID_FINE,5.6,ACCEPTABLE_CONTEXT,0.00409,OK,0.589,A-1.0-ppr,7.008,-0.003,0.001429,0.007483,0.30011,1.0,0.028,6.99252,1.49252,0,0,0.0,0.0,1.0,0.5,0.30011
2026-09-29T23:14:14.262Z,LAT-00486-c357cc,ACID_BULK,10.2,HARMFUL_CONTEXT,1.0,"PREDICTED_UNSAFE:a,b,d",0.2961,A-1.0-ppr,6.198,0.001,0.01,0.011662,0.300112,1.0,5.1,3.218502,-2.281498,0,0,0.0,0.0,1.0,0.5,0.300112
2026-09-29T23:14:14.263Z,LAT-00487-be7de9,BASE_FINE,2.8,ACCEPTABLE_CONTEXT,0.00409,OK,0.5937,A-1.0-ppr,7.006,-0.007,0.004286,0.012,0.300106,-1.0,0.014,7.014622,1.514622,0,0,0.0,0.0,1.0,0.5,0.300106
2026-09-29T23:14:14.264Z,LAT-00488-a2768c,BASE_FINE,4.7,ACCEPTABLE_CONTEXT,0.00568,OK,0.5999,A-1.0-ppr,3.502,0.007,0.004286,0.011662,0.300107,-1.0,0.0235,3.51022,-1.98978,0,0,0.0,0.0,1.0,0.5,0.300107
2026-09-29T23:14:14.264Z,LAT-00489-d161a3,ACID_BULK,15.3,HARMFUL_CONTEXT,1.0,"PREDICTED_UNSAFE:a,b,d",0.292,A-1.0-ppr,6.196,0.009,-0.007143,0.014967,0.30011,1.0,7.65,2.953798,-2.546202,0,0,0.0,0.0,1.0,0.5,0.30011
2026-09-29T23:14:14.265Z,LAT-00490-9fd043,BASE_FINE,1.2,ACCEPTABLE_CONTEXT,0.00409,OK,0.5865,A-1.0-ppr,7.004,-0.001,-0.004286,0.004899,0.300106,-1.0,0.006,7.007579,1.507579,0,0,0.0,0.0,1.0,0.5,0.300106
2026-09-29T23:14:14.266Z,LAT-00491-36b29c,BASE_FINE,8.3,ACCEPTABLE_CONTEXT,0.006187,OK,0.5912,A-1.0-ppr,3.494,-0.002,0.002857,0.008,0.300106,-1.0,0.0415,3.508357,-1.991643,0,0,0.0,0.0,1.0,0.5,0.300106
2026-09-29T23:14:14.267Z,LAT-00492-80716a,BASE_FINE,4.1,UNCERTAIN_CONTEXT,1.0,STALE_SAMPLE,0.2841,A-1.0-ppr,7.008,-0.008,0.002857,0.014697,4.000109,-1.0,0.0205,7.020691,1.520691,0,0,0.0,0.0,1.0,0.5,4.000109
2026-09-29T23:14:14.267Z,LAT-00493-145690,BASE_FINE,5.7,ACCEPTABLE_CONTEXT,0.00409,OK,0.5893,A-1.0-ppr,7.004,-0.001,0.001429,0.004899,0.300106,-1.0,0.0285,7.021504,1.521504,0,0,0.0,0.0,1.0,0.5,0.300106
2026-09-29T23:14:14.268Z,LAT-00494-36312a,BASE_FINE,6.6,ACCEPTABLE_CONTEXT,0.00409,OK,0.5552,A-1.0-ppr,6.996,0.0,0.002857,0.004899,0.300107,-1.0,0.033,7.015945,1.515945,0,0,0.0,0.0,1.0,0.5,0.300107
2026-09-29T23:14:14.269Z,LAT-00495-2cd218,ACID_FINE,6.8,ACCEPTABLE_CONTEXT,0.00409,OK,0.5739,A-1.0-ppr,6.998,0.001,-0.012857,0.011662,0.300113,1.0,0.034,6.979272,1.479272,0,0,0.0,0.0,1.0,0.5,0.300113
2026-09-29T23:14:14.270Z,LAT-00496-f69e4c,ACID_FINE,4.2,ACCEPTABLE_CONTEXT,0.00409,OK,0.6486,A-1.0-ppr,7.008,-0.005,0.012857,0.013266,0.300134,1.0,0.021,6.996377,1.496377,0,0,0.0,0.0,1.0,0.5,0.300134
2026-09-29T23:14:14.271Z,LAT-00497-251656,BASE_FINE,4.8,ACCEPTABLE_CONTEXT,0.00568,OK,0.719,A-1.0-ppr,3.5,0.008,-0.005714,0.012649,0.300128,-1.0,0.024,3.50836,-1.99164,0,0,0.0,0.0,1.0,0.5,0.300128
2026-09-29T23:14:14.272Z,LAT-00498-b15bba,ACID_BULK,17.8,HARMFUL_CONTEXT,1.0,"PREDICTED_UNSAFE:a,b,d",0.3815,A-1.0-ppr,6.2,0.002,-0.0,0.006325,0.300118,1.0,8.9,2.867106,-2.632894,0,0,0.0,0.0,1.0,0.5,0.300118
2026-09-29T23:14:14.272Z,LAT-00499-b428f1,ACID_FINE,1.2,ACCEPTABLE_CONTEXT,0.00409,OK,0.6224,A-1.0-ppr,6.996,-0.004,0.002857,0.013565,0.300141,1.0,0.006,6.992691,1.492691,0,0,0.0,0.0,1.0,0.5,0.300141
2026-09-29T23:14:14.273Z,LAT-00500-079227,ACID_BULK,10.7,HARMFUL_CONTEXT,1.0,"PREDICTED_UNSAFE:a,b,d",0.3106,A-1.0-ppr,6.198,-0.002,-0.002857,0.004,0.300116,1.0,5.35,3.184204,-2.315796,0,0,0.0,0.0,1.0,0.5,0.300116
2026-09-29T23:14:14.274Z,LAT-00501-4638d2,BASE_FINE,8.7,ACCEPTABLE_CONTEXT,0.00409,OK,0.5663,A-1.0-ppr,6.998,0.002,0.008571,0.009798,0.300114,-1.0,0.0435,7.024517,1.524517,0,0,0.0,0.0,1.0,0.5,0.300114
2026-09-29T23:14:14.274Z,LAT-00502-a1f59b,ACID_BULK,12.9,HARMFUL_CONTEXT,1.0,"PREDICTED_UNSAFE:a,b,d",0.3042,A-1.0-ppr,6.198,-0.002,0.0,0.009798,0.300109,1.0,6.45,3.059055,-2.440945,0,0,0.0,0.0,1.0,0.5,0.300109
2026-09-29T23:14:14.275Z,LAT-00503-d70828,BASE_FINE,5.2,ACCEPTABLE_CONTEXT,0.00568,OK,0.6144,A-1.0-ppr,3.512,0.008,0.002857,0.011662,0.300108,-1.0,0.026,3.521305,-1.978695,0,0,0.0,0.0,1.0,0.5,0.300108
2026-09-29T23:14:14.276Z,LAT-00504-b83a11,ACID_FINE,2.3,ACCEPTABLE_CONTEXT,0.00409,OK,0.5779,A-1.0-ppr,7.002,-0.001,-0.004286,0.011662,0.300103,1.0,0.0115,6.995656,1.495656,0,0,0.0,0.0,1.0,0.5,0.300103
2026-09-29T23:14:14.277Z,LAT-00505-0cfc84,BASE_FINE,8.4,ACCEPTABLE_CONTEXT,0.006187,OK,0.5901,A-1.0-ppr,3.5,-0.001,0.004286,0.006325,0.300104,-1.0,0.042,3.514726,-1.985274,0,0,0.0,0.0,1.0,0.5,0.300104
2026-09-29T23:14:14.278Z,LAT-00506-751158,BASE_FINE,9.3,ACCEPTABLE_CONTEXT,0.00409,OK,0.5766,A-1.0-ppr,7.004,-0.003,0.001429,0.004899,0.300104,-1.0,0.0465,7.032611,1.532611,0,0,0.0,0.0,1.0,0.5,0.300104
2026-09-29T23:14:14.278Z,LAT-00507-0a474c,BASE_FINE,1.0,UNCERTAIN_CONTEXT,1.0,STALE_SAMPLE,0.2591,A-1.0-ppr,7.0,0.003,0.001429,0.008944,4.000104,-1.0,0.005,7.002968,1.502968,0,0,0.0,0.0,1.0,0.5,4.000104
2026-09-29T23:14:14.279Z,LAT-00508-71ca0d,ACID_FINE,9.7,ACCEPTABLE_CONTEXT,0.003572,OK,0.5707,A-1.0-ppr,7.006,0.003,-0.01,0.010198,0.300103,1.0,0.0485,6.979282,1.479282,0,0,0.0,0.0,1.0,0.5,0.300103
2026-09-29T23:14:14.280Z,LAT-00509-8bd906,ACID_FINE,3.1,ACCEPTABLE_CONTEXT,0.00409,OK,0.5288,A-1.0-ppr,6.998,-0.002,0.002857,0.007483,0.300103,1.0,0.0155,6.989453,1.489453,0,0,0.0,0.0,1.0,0.5,0.300103
2026-09-29T23:14:14.280Z,LAT-00510-db122c,ACID_FINE,3.6,ACCEPTABLE_CONTEXT,0.003572,OK,0.5269,A-1.0-ppr,6.998,0.006,-0.011429,0.014697,0.300102,1.0,0.018,6.988076,1.488076,0,0,0.0,0.0,1.0,0.5,0.300102
2026-09-29T23:14:14.281Z,LAT-00511-a25ce0,BASE_FINE,3.4,UNCERTAIN_CONTEXT,1.0,STALE_SAMPLE,0.2776,A-1.0-ppr,7.006,0.003,-0.001429,0.004899,4.000102,-1.0,0.017,7.016479,1.516479,0,0,0.0,0.0,1.0,0.5,4.000102
2026-09-29T23:14:14.282Z,LAT-00512-f22c7a,BASE_FINE,8.5,ACCEPTABLE_CONTEXT,0.00409,OK,0.5328,A-1.0-ppr,6.998,0.001,-0.004286,0.007483,0.300101,-1.0,0.0425,7.0239,1.5239,0,0,0.0,0.0,1.0,0.5,0.300101
2026-09-29T23:14:14.282Z,LAT-00513-4090c3,BASE_FINE,6.9,ACCEPTABLE_CONTEXT,0.00409,OK,0.5456,A-1.0-ppr,7.0,-0.001,-0.001429,0.006325,0.300103,-1.0,0.0345,7.021043,1.521043,0,0,0.0,0.0,1.0,0.5,0.300103
2026-09-29T23:14:14.283Z,LAT-00514-5feed3,ACID_BULK,10.7,HARMFUL_CONTEXT,1.0,"PREDICTED_UNSAFE:a,b,d",0.2986,A-1.0-ppr,6.204,0.002,-0.002857,0.008,0.300105,1.0,5.35,3.18644,-2.31356,0,0,0.0,0.0,1.0,0.5,0.300105
2026-09-29T23:14:14.283Z,LAT-00515-f4be24,ACID_BULK,19.1,HARMFUL_CONTEXT,1.0,"PREDICTED_UNSAFE:a,b,d",0.3094,A-1.0-ppr,6.202,0.002,-0.002857,0.007483,0.300102,1.0,9.55,2.82806,-2.67194,0,0,0.0,0.0,1.0,0.5,0.300102
2026-09-29T23:14:14.284Z,LAT-00516-466db7,BASE_FINE,1.1,UNCERTAIN_CONTEXT,1.0,STALE_SAMPLE,0.2724,A-1.0-ppr,7.008,-0.004,-0.0,0.009798,4.000099,-1.0,0.0055,7.011408,1.511408,0,0,0.0,0.0,1.0,0.5,4.000099
2026-09-29T23:14:14.285Z,LAT-00517-b70c4d,BASE_FINE,6.9,ACCEPTABLE_CONTEXT,0.00409,OK,0.5413,A-1.0-ppr,6.994,0.0,0.002857,0.010198,0.300098,-1.0,0.0345,7.014788,1.514788,0,0,0.0,0.0,1.0,0.5,0.300098
2026-09-29T23:14:14.285Z,LAT-00518-af83fa,BASE_FINE,9.1,ACCEPTABLE_CONTEXT,0.00409,OK,0.6377,A-1.0-ppr,7.004,0.001,0.007143,0.008,0.300113,-1.0,0.0455,7.031995,1.531995,0,0,0.0,0.0,1.0,0.5,0.300113
2026-09-29T23:14:14.286Z,LAT-00519-028176,ACID_BULK,11.4,HARMFUL_CONTEXT,1.0,"PREDICTED_UNSAFE:a,b,d",0.3356,A-1.0-ppr,6.194,-0.003,-0.01,0.010198,0.300144,1.0,5.7,3.138981,-2.361019,0,0,0.0,0.0,1.0,0.5,0.300144
2026-09-29T23:14:14.287Z,LAT-00520-4f8c0c,ACID_FINE,4.9,ACCEPTABLE_CONTEXT,0.00409,OK,0.7852,A-1.0-ppr,7.004,0.002,0.005714,0.010198,0.300118,1.0,0.0245,6.990489,1.490489,0,0,0.0,0.0,1.0,0.5,0.300118
2026-09-29T23:14:14.288Z,LAT-00521-126612,BASE_FINE,7.9,ACCEPTABLE_CONTEXT,0.00409,OK,0.6337,A-1.0-ppr,7.004,-0.001,-0.004286,0.004899,0.300125,-1.0,0.0395,7.028296,1.528296,0,0,0.0,0.0,1.0,0.5,0.300125
2026-09-29T23:14:14.289Z,LAT-00522-fa055e,ACID_BULK,13.6,HARMFUL_CONTEXT,1.0,"PREDICTED_UNSAFE:a,b,d",0.3039,A-1.0-ppr,6.206,0.001,0.004286,0.004899,0.300112,1.0,6.8,3.027843,-2.472157,0,0,0.0,0.0,1.0,0.5,0.300112
2026-09-29T23:14:14.289Z,LAT-00523-aba30d,BASE_FINE,4.6,UNCERTAIN_CONTEXT,1.0,STALE_SAMPLE,0.2668,A-1.0-ppr,6.996,0.001,0.004286,0.004899,4.000107,-1.0,0.023,7.009758,1.509758,0,0,0.0,0.0,1.0,0.5,4.000107
2026-09-29T23:14:14.290Z,LAT-00524-3b3604,ACID_BULK,17.5,HARMFUL_CONTEXT,1.0,"PREDICTED_UNSAFE:a,b,d",0.2898,A-1.0-ppr,6.194,0.004,0.002857,0.013565,0.30011,1.0,8.75,2.875619,-2.624381,0,0,0.0,0.0,1.0,0.5,0.30011
2026-09-29T23:14:14.290Z,LAT-00525-5f36aa,ACID_FINE,5.4,ACCEPTABLE_CONTEXT,0.00409,OK,0.5714,A-1.0-ppr,7.0,-0.003,-0.004286,0.006325,0.300108,1.0,0.027,6.985118,1.485118,0,0,0.0,0.0,1.0,0.5,0.300108
2026-09-29T23:14:14.291Z,LAT-00526-eaefe1,ACID_FINE,8.0,ACCEPTABLE_CONTEXT,0.003572,OK,0.5468,A-1.0-ppr,6.996,0.003,-0.001429,0.004899,0.300105,1.0,0.04,6.974144,1.474144,0,0,0.0,0.0,1.0,0.5,0.300105
2026-09-29T23:14:14.292Z,LAT-00527-9a8120,BASE_FINE,4.6,UNCERTAIN_CONTEXT,1.0,STALE_SAMPLE,0.2641,A-1.0-ppr,6.998,0.004,0.005714,0.009798,4.000105,-1.0,0.023,7.011845,1.511845,0,0,0.0,0.0,1.0,0.5,4.000105
2026-09-29T23:14:14.292Z,LAT-00528-a6bb7d,BASE_FINE,3.4,UNCERTAIN_CONTEXT,1.0,STALE_SAMPLE,0.2549,A-1.0-ppr,7.0,0.001,-0.004286,0.006325,4.000106,-1.0,0.017,7.010217,1.510217,0,0,0.0,0.0,1.0,0.5,4.000106
2026-09-29T23:14:14.293Z,LAT-00529-32170d,BASE_FINE,4.9,UNCERTAIN_CONTEXT,1.0,STALE_SAMPLE,0.2573,A-1.0-ppr,7.0,0.006,-0.005714,0.010954,4.0001,-1.0,0.0245,7.01486,1.51486,0,0,0.0,0.0,1.0,0.5,4.0001
2026-09-29T23:14:14.293Z,LAT-00530-d8f5cb,ACID_BULK,15.1,HARMFUL_CONTEXT,1.0,"PREDICTED_UNSAFE:a,b,d",0.2802,A-1.0-ppr,6.202,0.005,0.001429,0.011662,0.300102,1.0,7.55,2.962961,-2.537039,0,0,0.0,0.0,1.0,0.5,0.300102
2026-09-29T23:14:14.294Z,LAT-00531-8299ea,BASE_FINE,4.1,UNCERTAIN_CONTEXT,1.0,STALE_SAMPLE,0.2637,A-1.0-ppr,7.0,0.0,-0.0,0.0,4.000111,-1.0,0.0205,7.012384,1.512384,0,0,0.0,0.0,1.0,0.5,4.000111
2026-09-29T23:14:14.294Z,LAT-00532-a8e1c0,BASE_FINE,9.2,ACCEPTABLE_CONTEXT,0.00568,OK,0.6293,A-1.0-ppr,3.502,0.005,-0.007143,0.011662,0.300132,-1.0,0.046,3.518223,-1.981777,0,0,0.0,0.0,1.0,0.5,0.300132
2026-09-29T23:14:14.295Z,LAT-00533-cc5b7a,BASE_FINE,0.9,ACCEPTABLE_CONTEXT,0.003754,OK,0.5594,A-1.0-ppr,6.994,0.004,-0.002857,0.008,0.300119,-1.0,0.0045,6.996672,1.496672,0,0,0.0,0.0,1.0,0.5,0.300119
2026-09-29T23:14:14.296Z,LAT-00534-3670d8,ACID_BULK,19.9,HARMFUL_CONTEXT,1.0,"PREDICTED_UNSAFE:a,b,d",0.2922,A-1.0-ppr,6.198,-0.003,0.004286,0.011662,0.300112,1.0,9.95,2.804864,-2.695136,0,0,0.0,0.0,1.0,0.5,0.300112
2026-09-29T23:14:14.297Z,LAT-00535-d6511c,BASE_FINE,6.1,ACCEPTABLE_CONTEXT,0.00409,OK,0.537,A-1.0-ppr,6.998,-0.001,-0.007143,0.007483,0.300106,-1.0,0.0305,7.016485,1.516485,0,0,0.0,0.0,1.0,0.5,0.300106
2026-09-29T23:14:14.297Z,LAT-00536-2978df,ACID_BULK,10.1,HARMFUL_CONTEXT,1.0,"PREDICTED_UNSAFE:a,b,d",0.2876,A-1.0-ppr,6.194,0.0,-0.0,0.008,0.300105,1.0,5.05,3.224049,-2.275951,0,0,0.0,0.0,1.0,0.5,0.300105
2026-09-29T23:14:14.298Z,LAT-00537-930579,ACID_BULK,15.2,HARMFUL_CONTEXT,1.0,"PREDICTED_UNSAFE:a,b,d",0.2821,A-1.0-ppr,6.198,0.005,0.001429,0.007483,0.300104,1.0,7.6,2.958135,-2.541865,0,0,0.0,0.0,1.0,0.5,0.300104
2026-09-29T23:14:14.298Z,LAT-00538-46a37b,BASE_FINE,5.3,ACCEPTABLE_CONTEXT,0.003849,OK,0.5398,A-1.0-ppr,6.998,0.006,0.002857,0.009798,0.300101,-1.0,0.0265,7.014011,1.514011,0,0,0.0,0.0,1.0,0.5,0.300101
2026-09-29T23:14:14.299Z,LAT-00539-2dca9f,BASE_FINE,8.0,ACCEPTABLE_CONTEXT,0.006187,OK,0.609,A-1.0-ppr,3.506,-0.002,0.002857,0.008,0.300106,-1.0,0.04,3.5202,-1.9798,0,0,0.0,0.0,1.0,0.5,0.300106
2026-09-29T23:14:14.300Z,LAT-00540-11345c,BASE_FINE,3.8,UNCERTAIN_CONTEXT,1.0,STALE_SAMPLE,0.254,A-1.0-ppr,6.998,0.0,-0.008571,0.007483,4.000104,-1.0,0.019,7.009368,1.509368,0,0,0.0,0.0,1.0,0.5,4.000104
2026-09-29T23:14:14.300Z,LAT-00541-2f725b,ACID_FINE,3.5,ACCEPTABLE_CONTEXT,0.00409,OK,0.5498,A-1.0-ppr,6.996,-0.002,-0.002857,0.008,0.300101,1.0,0.0175,6.986354,1.486354,0,0,0.0,0.0,1.0,0.5,0.300101
2026-09-29T23:14:14.301Z,LAT-00542-742b0f,BASE_FINE,3.6,ACCEPTABLE_CONTEXT,0.006187,OK,0.6025,A-1.0-ppr,3.51,-0.003,0.004286,0.006325,0.300101,-1.0,0.018,3.516394,-1.983606,0,0,0.0,0.0,1.0,0.5,0.300101
2026-09-29T23:14:14.302Z,LAT-00543-7dc287,ACID_BULK,11.9,HARMFUL_CONTEXT,1.0,"PREDICTED_UNSAFE:a,b,d",0.436,A-1.0-ppr,6.202,0.003,-0.007143,0.007483,0.300108,1.0,5.95,3.112781,-2.387219,0,0,0.0,0.0,1.0,0.5,0.300108
2026-09-29T23:14:14.302Z,LAT-00544-f37f84,ACID_BULK,16.8,HARMFUL_CONTEXT,1.0,"PREDICTED_UNSAFE:a,b,d",0.3464,A-1.0-ppr,6.196,0.005,0.001429,0.012,0.300123,1.0,8.4,2.899262,-2.600738,0,0,0.0,0.0,1.0,0.5,0.300123
2026-09-29T23:14:14.303Z,LAT-00545-6b8169,BASE_FINE,6.9,ACCEPTABLE_CONTEXT,0.006187,OK,0.7114,A-1.0-ppr,3.506,-0.005,-0.004286,0.010198,0.300122,-1.0,0.0345,3.518223,-1.981777,0,0,0.0,0.0,1.0,0.5,0.300122
2026-09-29T23:14:14.304Z,LAT-00546-ac2a10,BASE_FINE,6.5,ACCEPTABLE_CONTEXT,0.003849,OK,0.6134,A-1.0-ppr,7.004,0.003,0.001429,0.004899,0.300148,-1.0,0.0325,7.023975,1.523975,0,0,0.0,0.0,1.0,0.5,0.300148
2026-09-29T23:14:14.305Z,LAT-00547-6e548e,BASE_FINE,7.1,ACCEPTABLE_CONTEXT,0.006187,OK,0.6121,A-1.0-ppr,3.5,0.002,-0.005714,0.006325,0.300117,-1.0,0.0355,3.512417,-1.987583,0,0,0.0,0.0,1.0,0.5,0.300117
2026-09-29T23:14:14.306Z,LAT-00548-768195,BASE_FINE,3.2,ACCEPTABLE_CONTEXT,0.00409,OK,0.6182,A-1.0-ppr,7.0,0.0,-0.005714,0.008944,0.300112,-1.0,0.016,7.009598,1.509598,0,0,0.0,0.0,1.0,0.5,0.300112
2026-09-29T23:14:14.307Z,LAT-00549-427602,BASE_FINE,2.2,UNCERTAIN_CONTEXT,1.0,STALE_SAMPLE,0.3,A-1.0-ppr,7.004,-0.009,0.001429,0.013565,4.000112,-1.0,0.011,7.010677,1.510677,0,0,0.0,0.0,1.0,0.5,4.000112
2026-09-29T23:14:14.307Z,LAT-00550-d58a36,ACID_BULK,13.5,HARMFUL_CONTEXT,1.0,"PREDICTED_UNSAFE:a,b,d",0.2925,A-1.0-ppr,6.204,-0.002,-0.0,0.004899,0.300117,1.0,6.75,3.031946,-2.468054,0,0,0.0,0.0,1.0,0.5,0.300117
2026-09-29T23:14:14.308Z,LAT-00551-a9b6e1,BASE_FINE,7.8,ACCEPTABLE_CONTEXT,0.00409,OK,0.58,A-1.0-ppr,6.996,-0.005,0.001429,0.013565,0.300102,-1.0,0.039,7.019654,1.519654,0,0,0.0,0.0,1.0,0.5,0.300102
2026-09-29T23:14:14.308Z,LAT-00552-6cc781,ACID_BULK,16.9,HARMFUL_CONTEXT,1.0,"PREDICTED_UNSAFE:a,b,d",0.2938,A-1.0-ppr,6.194,-0.001,-0.001429,0.010198,0.300108,1.0,8.45,2.895472,-2.604528,0,0,0.0,0.0,1.0,0.5,0.300108
2026-09-29T23:14:14.309Z,LAT-00553-28e73c,ACID_BULK,11.5,HARMFUL_CONTEXT,1.0,"PREDICTED_UNSAFE:a,b,d",0.2815,A-1.0-ppr,6.194,-0.004,-0.002857,0.008,0.300105,1.0,5.75,3.13308,-2.36692,0,0,0.0,0.0,1.0,0.5,0.300105
2026-09-29T23:14:14.310Z,LAT-00554-53ff3d,ACID_FINE,2.8,ACCEPTABLE_CONTEXT,0.00409,OK,0.5511,A-1.0-ppr,7.0,-0.001,0.015714,0.014142,0.300102,1.0,0.014,6.992278,1.492278,0,0,0.0,0.0,1.0,0.5,0.300102
2026-09-29T23:14:14.310Z,LAT-00555-ab585c,BASE_FINE,6.6,ACCEPTABLE_CONTEXT,0.00409,OK,0.5412,A-1.0-ppr,6.998,-0.003,0.001429,0.009798,0.300103,-1.0,0.033,7.018031,1.518031,0,0,0.0,0.0,1.0,0.5,0.300103
2026-09-29T23:14:14.311Z,LAT-00556-3f1bc5,BASE_FINE,2.4,UNCERTAIN_CONTEXT,1.0,STALE_SAMPLE,0.2556,A-1.0-ppr,6.996,-0.003,-0.001429,0.004899,4.000102,-1.0,0.012,7.003123,1.503123,0,0,0.0,0.0,1.0,0.5,4.000102
2026-09-29T23:14:14.312Z,LAT-00557-b52776,ACID_FINE,7.7,ACCEPTABLE_CONTEXT,0.00409,OK,0.5554,A-1.0-ppr,7.002,0.0,-0.002857,0.004,0.300101,1.0,0.0385,6.980789,1.480789,0,0,0.0,0.0,1.0,0.5,0.300101
2026-09-29T23:14:14.312Z,LAT-00558-7e15bf,BASE_FINE,4.3,ACCEPTABLE_CONTEXT,0.006187,OK,0.5841,A-1.0-ppr,3.504,0.002,-0.0,0.004899,0.3001,-1.0,0.0215,3.511548,-1.988452,0,0,0.0,0.0,1.0,0.5,0.3001
2026-09-29T23:14:14.313Z,LAT-00559-cd1047,BASE_FINE,3.8,UNCERTAIN_CONTEXT,1.0,STALE_SAMPLE,0.2839,A-1.0-ppr,7.004,-0.003,-0.012857,0.013565,4.000102,-1.0,0.019,7.01563,1.51563,0,0,0.0,0.0,1.0,0.5,4.000102
2026-09-29T23:14:14.314Z,LAT-00560-36d21e,BASE_FINE,4.3,UNCERTAIN_CONTEXT,1.0,STALE_SAMPLE,0.2862,A-1.0-ppr,7.004,-0.002,0.005714,0.008,4.000103,-1.0,0.0215,7.017176,1.517176,0,0,0.0,0.0,1.0,0.5,4.000103
2026-09-29T23:14:14.314Z,LAT-00561-546e51,BASE_FINE,6.6,ACCEPTABLE_CONTEXT,0.00409,OK,0.5486,A-1.0-ppr,7.0,0.002,-0.0,0.006325,0.300099,-1.0,0.033,7.020116,1.520116,0,0,0.0,0.0,1.0,0.5,0.300099
2026-09-29T23:14:14.315Z,LAT-00562-f107f1,ACID_BULK,11.4,HARMFUL_CONTEXT,1.0,"PREDICTED_UNSAFE:a,b,d",0.285,A-1.0-ppr,6.202,0.003,0.004286,0.007483,0.300101,1.0,5.7,3.141686,-2.358314,0,0,0.0,0.0,1.0,0.5,0.300101
2026-09-29T23:14:14.316Z,LAT-00563-25009c,BASE_FINE,7.5,ACCEPTABLE_CONTEXT,0.00568,OK,0.5904,A-1.0-ppr,3.502,0.003,-0.012857,0.014697,0.3001,-1.0,0.0375,3.515184,-1.984816,0,0,0.0,0.0,1.0,0.5,0.3001
2026-09-29T23:14:14.316Z,LAT-00564-de7757,ACID_BULK,14.5,HARMFUL_CONTEXT,1.0,"PREDICTED_UNSAFE:a,b,d",0.2931,A-1.0-ppr,6.2,0.006,0.005714,0.014142,0.300105,1.0,7.25,2.986913,-2.513087,0,0,0.0,0.0,1.0,0.5,0.300105
2026-09-29T23:14:14.317Z,LAT-00565-1272af,ACID_BULK,15.4,HARMFUL_CONTEXT,1.0,"PREDICTED_UNSAFE:a,b,d",0.2741,A-1.0-ppr,6.2,-0.002,0.002857,0.008944,0.300096,1.0,7.7,2.950813,-2.549187,0,0,0.0,0.0,1.0,0.5,0.300096
2026-09-29T23:14:14.317Z,LAT-00566-ca2c67,ACID_BULK,17.0,HARMFUL_CONTEXT,1.0,"PREDICTED_UNSAFE:a,b,d",0.266,A-1.0-ppr,6.196,0.007,0.004286,0.012,0.300097,1.0,8.5,2.892483,-2.607517,0,0,0.0,0.0,1.0,0.5,0.300097
2026-09-29T23:14:14.318Z,LAT-00567-bb97f2,ACID_FINE,5.6,ACCEPTABLE_CONTEXT,0.003572,OK,0.5474,A-1.0-ppr,6.992,0.008,0.002857,0.011662,0.300092,1.0,0.028,6.976653,1.476653,0,0,0.0,0.0,1.0,0.5,0.300092
2026-09-29T23:14:14.319Z,LAT-00568-997ba6,BASE_FINE,1.9,ACCEPTABLE_CONTEXT,0.00409,OK,0.5608,A-1.0-ppr,6.996,-0.001,0.004286,0.004899,0.300115,-1.0,0.0095,7.001639,1.501639,0,0,0.0,0.0,1.0,0.5,0.300115
2026-09-29T23:14:14.320Z,LAT-00569-c26706,BASE_FINE,6.1,ACCEPTABLE_CONTEXT,0.00409,OK,0.7295,A-1.0-ppr,7.004,-0.005,-0.004286,0.008,0.300105,-1.0,0.0305,7.02274,1.52274,0,0,0.0,0.0,1.0,0.5,0.300105
2026-09-29T23:14:14.320Z,LAT-00570-1d76fb,ACID_BULK,10.5,HARMFUL_CONTEXT,1.0,"PREDICTED_UNSAFE:a,b,d",0.3501,A-1.0-ppr,6.198,0.002,-0.0,0.009798,0.300191,1.0,5.25,3.1976,-2.3024,0,0,0.0,0.0,1.0,0.5,0.300191
2026-09-29T23:14:14.321Z,LAT-00571-81f335,BASE_FINE,4.5,UNCERTAIN_CONTEXT,1.0,STALE_SAMPLE,0.3427,A-1.0-ppr,7.006,0.002,0.008571,0.008,4.000115,-1.0,0.0225,7.019881,1.519881,0,0,0.0,0.0,1.0,0.5,4.000115
2026-09-29T23:14:14.322Z,LAT-00572-dfa9af,ACID_FINE,1.2,ACCEPTABLE_CONTEXT,0.00409,OK,0.7438,A-1.0-ppr,6.998,-0.001,-0.007143,0.007483,0.300148,1.0,0.006,6.99469,1.49469,0,0,0.0,0.0,1.0,0.5,0.300148
2026-09-29T23:14:14.323Z,LAT-00573-d88f78,ACID_FINE,5.0,ACCEPTABLE_CONTEXT,0.00409,OK,0.628,A-1.0-ppr,6.996,-0.003,0.001429,0.012,0.300136,1.0,0.025,6.982226,1.482226,0,0,0.0,0.0,1.0,0.5,0.300136
2026-09-29T23:14:14.324Z,LAT-00574-162369,BASE_FINE,6.0,ACCEPTABLE_CONTEXT,0.00568,OK,0.671,A-1.0-ppr,3.498,0.004,0.002857,0.007483,0.300127,-1.0,0.03,3.508427,-1.991573,0,0,0.0,0.0,1.0,0.5,0.300127
2026-09-29T23:14:14.325Z,LAT-00575-25001f,BASE_FINE,6.8,ACCEPTABLE_CONTEXT,0.006187,OK,0.6125,A-1.0-ppr,3.504,-0.001,0.001429,0.004899,0.300118,-1.0,0.034,3.515991,-1.984009,0,0,0.0,0.0,1.0,0.5,0.300118
2026-09-29T23:14:14.326Z,LAT-00576-24260a,BASE_FINE,2.5,ACCEPTABLE_CONTEXT,0.006187,OK,0.6057,A-1.0-ppr,3.506,0.002,-0.005714,0.008,0.300112,-1.0,0.0125,3.510393,-1.989607,0,0,0.0,0.0,1.0,0.5,0.300112
2026-09-29T23:14:14.326Z,LAT-00577-1e299a,BASE_FINE,4.4,UNCERTAIN_CONTEXT,1.0,STALE_SAMPLE,0.2713,A-1.0-ppr,7.0,0.003,-0.001429,0.008944,4.000111,-1.0,0.022,7.013313,1.513313,0,0,0.0,0.0,1.0,0.5,4.000111
2026-09-29T23:14:14.327Z,LAT-00578-e9d76e,ACID_BULK,14.6,HARMFUL_CONTEXT,1.0,"PREDICTED_UNSAFE:a,b,d",0.294,A-1.0-ppr,6.204,0.002,0.011429,0.010198,0.300122,1.0,7.3,2.983684,-2.516316,0,0,0.0,0.0,1.0,0.5,0.300122
2026-09-29T23:14:14.327Z,LAT-00579-fbdccb,BASE_FINE,9.9,ACCEPTABLE_CONTEXT,0.006187,OK,0.5968,A-1.0-ppr,3.5,-0.001,0.001429,0.006325,0.300107,-1.0,0.0495,3.517403,-1.982597,0,0,0.0,0.0,1.0,0.5,0.300107
2026-09-29T23:14:14.328Z,LAT-00580-090384,BASE_FINE,9.5,ACCEPTABLE_CONTEXT,0.00409,OK,0.5469,A-1.0-ppr,6.998,-0.004,0.008571,0.011662,0.300108,-1.0,0.0475,7.026985,1.526985,0,0,0.0,0.0,1.0,0.5,0.300108
2026-09-29T23:14:14.329Z,LAT-00581-42c2b6,ACID_BULK,15.9,HARMFUL_CONTEXT,1.0,"PREDICTED_UNSAFE:a,b,d",0.29,A-1.0-ppr,6.202,0.003,0.007143,0.009798,0.300105,1.0,7.95,2.932404,-2.567596,0,0,0.0,0.0,1.0,0.5,0.300105
2026-09-29T23:14:14.329Z,LAT-00582-b454d2,ACID_BULK,13.1,HARMFUL_CONTEXT,1.0,"PREDICTED_UNSAFE:a,b,d",0.2855,A-1.0-ppr,6.204,-0.003,0.001429,0.004899,0.300105,1.0,6.55,3.050921,-2.449079,0,0,0.0,0.0,1.0,0.5,0.300105
2026-09-29T23:14:14.330Z,LAT-00583-02c38a,ACID_FINE,4.7,ACCEPTABLE_CONTEXT,0.00409,OK,0.5689,A-1.0-ppr,7.008,-0.003,-0.001429,0.007483,0.300102,1.0,0.0235,6.994999,1.494999,0,0,0.0,0.0,1.0,0.5,0.300102
2026-09-29T23:14:14.330Z,LAT-00584-ffd209,ACID_BULK,12.6,HARMFUL_CONTEXT,1.0,"PREDICTED_UNSAFE:a,b,d",0.286,A-1.0-ppr,6.2,0.004,-0.005714,0.008944,0.300103,1.0,6.3,3.074719,-2.425281,0,0,0.0,0.0,1.0,0.5,0.300103
2026-09-29T23:14:14.331Z,LAT-00585-43996a,BASE_FINE,1.3,UNCERTAIN_CONTEXT,1.0,STALE_SAMPLE,0.2749,A-1.0-ppr,7.002,-0.004,-0.0,0.009798,4.000101,-1.0,0.0065,7.005857,1.505857,0,0,0.0,0.0,1.0,0.5,4.000101
2026-09-29T23:14:14.331Z,LAT-00586-74cd5b,BASE_FINE,3.9,UNCERTAIN_CONTEXT,1.0,STALE_SAMPLE,0.2825,A-1.0-ppr,7.006,-0.005,0.004286,0.008,4.000099,-1.0,0.0195,7.018025,1.518025,0,0,0.0,0.0,1.0,0.5,4.000099
2026-09-29T23:14:14.332Z,LAT-00587-61d587,ACID_FINE,4.4,ACCEPTABLE_CONTEXT,0.00409,OK,0.5606,A-1.0-ppr,6.992,0.0,0.008571,0.007483,0.300101,1.0,0.022,6.979883,1.479883,0,0,0.0,0.0,1.0,0.5,0.300101
2026-09-29T23:14:14.333Z,LAT-00588-eba6ff,BASE_FINE,8.4,ACCEPTABLE_CONTEXT,0.003849,OK,0.5708,A-1.0-ppr,6.994,0.003,0.01,0.010198,0.300106,-1.0,0.042,7.019424,1.519424,0,0,0.0,0.0,1.0,0.5,0.300106
2026-09-29T23:14:14.334Z,LAT-00589-8d0307,ACID_FINE,7.4,ACCEPTABLE_CONTEXT,0.00409,OK,0.5728,A-1.0-ppr,7.002,0.002,0.002857,0.004,0.300102,1.0,0.037,6.981613,1.481613,0,0,0.0,0.0,1.0,0.5,0.300102
2026-09-29T23:14:14.334Z,LAT-00590-10bb00,ACID_BULK,15.6,HARMFUL_CONTEXT,1.0,"PREDICTED_UNSAFE:a,b,d",0.2914,A-1.0-ppr,6.196,0.004,-0.0,0.012,0.300106,1.0,7.8,2.942327,-2.557673,0,0,0.0,0.0,1.0,0.5,0.300106
2026-09-29T23:14:14.335Z,LAT-00591-3caf7c,ACID_BULK,13.4,HARMFUL_CONTEXT,1.0,"PREDICTED_UNSAFE:a,b,d",0.2957,A-1.0-ppr,6.202,-0.009,-0.001429,0.013266,0.3001,1.0,6.7,3.036086,-2.463914,0,0,0.0,0.0,1.0,0.5,0.3001
2026-09-29T23:14:14.335Z,LAT-00592-e6b556,BASE_FINE,2.7,UNCERTAIN_CONTEXT,1.0,STALE_SAMPLE,0.2495,A-1.0-ppr,6.998,0.0,-0.008571,0.007483,4.0001,-1.0,0.0135,7.006011,1.506011,0,0,0.0,0.0,1.0,0.5,4.0001
2026-09-29T23:14:14.336Z,LAT-00593-4611f7,ACID_BULK,11.2,HARMFUL_CONTEXT,1.0,"PREDICTED_UNSAFE:a,b,d",0.3269,A-1.0-ppr,6.194,0.005,0.015714,0.014967,0.300107,1.0,5.6,3.151029,-2.348971,0,0,0.0,0.0,1.0,0.5,0.300107
2026-09-29T23:14:14.337Z,LAT-00594-a8196f,ACID_FINE,2.9,ACCEPTABLE_CONTEXT,0.003572,OK,0.7953,A-1.0-ppr,7.004,0.004,-0.002857,0.008,0.300157,1.0,0.0145,6.996,1.496,0,0,0.0,0.0,1.0,0.5,0.300157
2026-09-29T23:14:14.337Z,LAT-00595-7a8a90,ACID_BULK,12.9,HARMFUL_CONTEXT,1.0,"PREDICTED_UNSAFE:a,b,d",0.3149,A-1.0-ppr,6.198,-0.003,0.001429,0.007483,0.300123,1.0,6.45,3.059055,-2.440945,0,0,0.0,0.0,1.0,0.5,0.300123
2026-09-29T23:14:14.339Z,LAT-00596-df8870,BASE_FINE,6.2,ACCEPTABLE_CONTEXT,0.006187,OK,0.8457,A-1.0-ppr,3.498,0.0,0.008571,0.011662,0.300106,-1.0,0.031,3.508779,-1.991221,0,0,0.0,0.0,1.0,0.5,0.300106
2026-09-29T23:14:14.339Z,LAT-00597-3ee37c,BASE_FINE,2.7,UNCERTAIN_CONTEXT,1.0,STALE_SAMPLE,0.3546,A-1.0-ppr,7.006,0.003,0.001429,0.010198,4.00014,-1.0,0.0135,7.014313,1.514313,0,0,0.0,0.0,1.0,0.5,4.00014
2026-09-29T23:14:14.340Z,LAT-00598-56bd0f,ACID_BULK,12.8,HARMFUL_CONTEXT,1.0,"PREDICTED_UNSAFE:a,b,d",0.3191,A-1.0-ppr,6.204,0.001,-0.004286,0.004899,0.300124,1.0,6.4,3.065719,-2.434281,0,0,0.0,0.0,1.0,0.5,0.300124
2026-09-29T23:14:14.340Z,LAT-00599-482a5d,ACID_BULK,15.1,HARMFUL_CONTEXT,1.0,"PREDICTED_UNSAFE:a,b,d",0.3078,A-1.0-ppr,6.196,-0.002,0.002857,0.010198,0.300113,1.0,7.55,2.961618,-2.538382,0,0,0.0,0.0,1.0,0.5,0.300113
2026-09-29T23:14:14.341Z,LAT-00600-6fe4e4,BASE_FINE,1.7,UNCERTAIN_CONTEXT,1.0,STALE_SAMPLE,0.2625,A-1.0-ppr,6.998,-0.003,0.001429,0.007483,4.000108,-1.0,0.0085,7.003045,1.503045,0,0,0.0,0.0,1.0,0.5,4.000108
2026-09-29T23:14:14.341Z,LAT-00601-f8cb83,BASE_FINE,1.9,UNCERTAIN_CONTEXT,1.0,STALE_SAMPLE,0.2966,A-1.0-ppr,7.004,-0.003,0.001429,0.004899,4.000103,-1.0,0.0095,7.009748,1.509748,0,0,0.0,0.0,1.0,0.5,4.000103
2026-09-29T23:14:14.342Z,LAT-00602-9ae765,BASE_FINE,6.5,ACCEPTABLE_CONTEXT,0.006187,OK,0.6126,A-1.0-ppr,3.494,0.001,0.007143,0.008,0.300101,-1.0,0.0325,3.505207,-1.994793,0,0,0.0,0.0,1.0,0.5,0.300101
2026-09-29T23:14:14.343Z,LAT-00603-6e19f6,BASE_FINE,8.2,ACCEPTABLE_CONTEXT,0.006187,OK,0.5949,A-1.0-ppr,3.502,0.002,-0.0,0.011662,0.300104,-1.0,0.041,3.516433,-1.983567,0,0,0.0,0.0,1.0,0.5,0.300104
2026-09-29T23:14:14.344Z,LAT-00604-9ee65f,BASE_FINE,2.4,ACCEPTABLE_CONTEXT,0.00568,OK,0.6275,A-1.0-ppr,3.502,0.003,0.007143,0.011662,0.300103,-1.0,0.012,3.506181,-1.993819,0,0,0.0,0.0,1.0,0.5,0.300103
2026-09-29T23:14:14.344Z,LAT-00605-f05649,ACID_BULK,18.9,HARMFUL_CONTEXT,1.0,"PREDICTED_UNSAFE:a,b,d",0.295,A-1.0-ppr,6.198,-0.001,0.007143,0.007483,0.300113,1.0,9.45,2.833229,-2.666771,0,0,0.0,0.0,1.0,0.5,0.300113
2026-09-29T23:14:14.345Z,LAT-00606-a17879,BASE_FINE,2.5,UNCERTAIN_CONTEXT,1.0,STALE_SAMPLE,0.2593,A-1.0-ppr,7.0,0.004,0.008571,0.010954,4.000109,-1.0,0.0125,7.00743,1.50743,0,0,0.0,0.0,1.0,0.5,4.000109
2026-09-29T23:14:14.346Z,LAT-00607-afa2df,BASE_FINE,3.6,ACCEPTABLE_CONTEXT,0.006187,OK,0.6115,A-1.0-ppr,3.492,0.002,-0.0,0.011662,0.300105,-1.0,0.018,3.498148,-2.001852,0,0,0.0,0.0,1.0,0.5,0.300105
2026-09-29T23:14:14.347Z,LAT-00608-e61573,ACID_FINE,4.6,ACCEPTABLE_CONTEXT,0.00409,OK,0.5885,A-1.0-ppr,7.004,-0.005,-0.004286,0.008,0.300109,1.0,0.023,6.991315,1.491315,0,0,0.0,0.0,1.0,0.5,0.300109
2026-09-29T23:14:14.347Z,LAT-00609-dcaf19,ACID_FINE,5.3,ACCEPTABLE_CONTEXT,0.00409,OK,0.5499,A-1.0-ppr,6.996,-0.009,0.004286,0.013565,0.300106,1.0,0.0265,6.981401,1.481401,0,0,0.0,0.0,1.0,0.5,0.300106
2026-09-29T23:14:14.348Z,LAT-00610-9c7a2b,ACID_BULK,15.1,HARMFUL_CONTEXT,1.0,"PREDICTED_UNSAFE:a,b,d",0.2889,A-1.0-ppr,6.204,0.005,-0.004286,0.008,0.300106,1.0,7.55,2.963406,-2.536594,0,0,0.0,0.0,1.0,0.5,0.300106
2026-09-29T23:14:14.348Z,LAT-00611-59d31e,ACID_BULK,16.0,HARMFUL_CONTEXT,1.0,"PREDICTED_UNSAFE:a,b,d",0.2837,A-1.0-ppr,6.194,-0.001,0.004286,0.008,0.300103,1.0,8.0,2.927074,-2.572926,0,0,0.0,0.0,1.0,0.5,0.300103
2026-09-29T23:14:14.349Z,LAT-00612-1605f9,ACID_BULK,12.9,HARMFUL_CONTEXT,1.0,"PREDICTED_UNSAFE:a,b,d",0.2939,A-1.0-ppr,6.198,0.0,0.002857,0.004,0.300101,1.0,6.45,3.059055,-2.440945,0,0,0.0,0.0,1.0,0.5,0.300101
2026-09-29T23:14:14.350Z,LAT-00613-b006c4,ACID_FINE,5.4,ACCEPTABLE_CONTEXT,0.003572,OK,0.5463,A-1.0-ppr,6.998,0.003,-0.004286,0.007483,0.3001,1.0,0.027,6.983122,1.483122,0,0,0.0,0.0,1.0,0.5,0.3001
2026-09-29T23:14:14.350Z,LAT-00614-b895f6,ACID_FINE,9.5,ACCEPTABLE_CONTEXT,0.00409,OK,0.5685,A-1.0-ppr,7.008,-0.002,-0.011429,0.011662,0.300106,1.0,0.0475,6.981789,1.481789,0,0,0.0,0.0,1.0,0.5,0.300106
2026-09-29T23:14:14.351Z,LAT-00615-bd7aed,BASE_FINE,1.3,ACCEPTABLE_CONTEXT,0.00409,OK,0.5512,A-1.0-ppr,6.996,-0.004,0.005714,0.023324,0.300106,-1.0,0.0065,6.999859,1.499859,0,0,0.0,0.0,1.0,0.5,0.300106
2026-09-29T23:14:14.352Z,LAT-00616-55232c,ACID_FINE,8.8,ACCEPTABLE_CONTEXT,0.00409,OK,0.5502,A-1.0-ppr,6.996,0.001,-0.004286,0.008,0.300107,1.0,0.044,6.972028,1.472028,0,0,0.0,0.0,1.0,0.5,0.300107
2026-09-29T23:14:14.353Z,LAT-00617-780999,ACID_FINE,8.7,ACCEPTABLE_CONTEXT,0.003572,OK,0.5723,A-1.0-ppr,7.004,0.005,-0.012857,0.013565,0.300118,1.0,0.0435,6.980035,1.480035,0,0,0.0,0.0,1.0,0.5,0.300118
2026-09-29T23:14:14.353Z,LAT-00618-cb55cc,ACID_BULK,12.7,HARMFUL_CONTEXT,1.0,"PREDICTED_UNSAFE:a,b,d",0.3928,A-1.0-ppr,6.202,0.004,-0.005714,0.009798,0.300123,1.0,6.35,3.070197,-2.429803,0,0,0.0,0.0,1.0,0.5,0.300123
2026-09-29T23:14:14.354Z,LAT-00619-c246f1,ACID_FINE,6.8,ACCEPTABLE_CONTEXT,0.00409,OK,0.6838,A-1.0-ppr,7.0,-0.004,-0.005714,0.008944,0.300129,1.0,0.034,6.981267,1.481267,0,0,0.0,0.0,1.0,0.5,0.300129
2026-09-29T23:14:14.355Z,LAT-00620-a5b03b,BASE_FINE,4.5,UNCERTAIN_CONTEXT,1.0,STALE_SAMPLE,0.3062,A-1.0-ppr,6.996,0.002,-0.0,0.004899,4.000131,-1.0,0.0225,7.009448,1.509448,0,0,0.0,0.0,1.0,0.5,4.000131
2026-09-29T23:14:14.356Z,LAT-00621-f5c625,BASE_FINE,1.1,ACCEPTABLE_CONTEXT,0.00409,OK,0.6328,A-1.0-ppr,6.994,0.0,0.002857,0.010198,0.300118,-1.0,0.0055,6.997266,1.497266,0,0,0.0,0.0,1.0,0.5,0.300118
2026-09-29T23:14:14.357Z,LAT-00622-99e13a,ACID_FINE,2.1,ACCEPTABLE_CONTEXT,0.00409,OK,0.5705,A-1.0-ppr,7.0,-0.002,-0.002857,0.008944,0.300114,1.0,0.0105,6.994208,1.494208,0,0,0.0,0.0,1.0,0.5,0.300114
2026-09-29T23:14:14.357Z,LAT-00623-a57594,BASE_FINE,9.6,ACCEPTABLE_CONTEXT,0.006187,OK,0.6107,A-1.0-ppr,3.492,0.0,-0.0,0.007483,0.30011,-1.0,0.048,3.508571,-1.991429,0,0,0.0,0.0,1.0,0.5,0.30011
2026-09-29T23:14:14.358Z,LAT-00624-4db1b2,ACID_FINE,2.3,ACCEPTABLE_CONTEXT,0.003572,OK,0.5529,A-1.0-ppr,6.998,0.004,-0.002857,0.007483,0.300106,1.0,0.0115,6.991658,1.491658,0,0,0.0,0.0,1.0,0.5,0.300106
2026-09-29T23:14:14.359Z,LAT-00625-c6c670,ACID_BULK,14.6,HARMFUL_CONTEXT,1.0,"PREDICTED_UNSAFE:a,b,d",0.2913,A-1.0-ppr,6.206,0.005,0.004286,0.008,0.300109,1.0,7.3,2.984148,-2.515852,0,0,0.0,0.0,1.0,0.5,0.300109
2026-09-29T23:14:14.360Z,LAT-00626-33feeb,ACID_FINE,6.1,ACCEPTABLE_CONTEXT,0.00409,OK,0.5607,A-1.0-ppr,6.996,-0.003,0.007143,0.010198,0.300105,1.0,0.0305,6.979201,1.479201,0,0,0.0,0.0,1.0,0.5,0.300105
2026-09-29T23:14:14.360Z,LAT-00627-e684ff,ACID_BULK,15.7,HARMFUL_CONTEXT,1.0,"PREDICTED_UNSAFE:a,b,d",0.3033,A-1.0-ppr,6.202,-0.003,-0.004286,0.011662,0.300113,1.0,7.85,2.939843,-2.560157,0,0,0.0,0.0,1.0,0.5,0.300113
2026-09-29T23:14:14.361Z,LAT-00628-35c759,ACID_BULK,10.4,HARMFUL_CONTEXT,1.0,"PREDICTED_UNSAFE:a,b,d",0.2832,A-1.0-ppr,6.2,-0.006,-0.0,0.008944,0.30011,1.0,5.2,3.205239,-2.294761,0,0,0.0,0.0,1.0,0.5,0.30011
2026-09-29T23:14:14.361Z,LAT-00629-1f08c3,BASE_FINE,2.1,UNCERTAIN_CONTEXT,1.0,STALE_SAMPLE,0.2563,A-1.0-ppr,6.994,0.001,-0.007143,0.010198,4.0001,-1.0,0.0105,7.000233,1.500233,0,0,0.0,0.0,1.0,0.5,4.0001
2026-09-29T23:14:14.361Z,LAT-00630-c25497,BASE_FINE,1.6,UNCERTAIN_CONTEXT,1.0,STALE_SAMPLE,0.2803,A-1.0-ppr,7.004,-0.004,-0.008571,0.013565,4.000099,-1.0,0.008,7.008818,1.508818,0,0,0.0,0.0,1.0,0.5,4.000099
2026-09-29T23:14:14.362Z,LAT-00631-b38c6b,BASE_FINE,3.6,ACCEPTABLE_CONTEXT,0.00409,OK,0.5723,A-1.0-ppr,7.002,-0.002,0.002857,0.004,0.300098,-1.0,0.018,7.012924,1.512924,0,0,0.0,0.0,1.0,0.5,0.300098
2026-09-29T23:14:14.363Z,LAT-00632-5ae8fb,ACID_FINE,8.7,ACCEPTABLE_CONTEXT,0.00409,OK,0.5487,A-1.0-ppr,6.998,0.0,0.002857,0.004,0.300104,1.0,0.0435,6.974214,1.474214,0,0,0.0,0.0,1.0,0.5,0.300104
2026-09-29T23:14:14.364Z,LAT-00633-f5614c,BASE_FINE,0.7,ACCEPTABLE_CONTEXT,0.00409,OK,0.5373,A-1.0-ppr,6.998,-0.004,-0.002857,0.007483,0.300105,-1.0,0.0035,7.000078,1.500078,0,0,0.0,0.0,1.0,0.5,0.300105
2026-09-29T23:14:14.364Z,LAT-00634-4bc7e2,BASE_FINE,1.2,UNCERTAIN_CONTEXT,1.0,STALE_SAMPLE,0.285,A-1.0-ppr,7.004,-0.002,-0.005714,0.010198,4.000103,-1.0,0.006,7.007579,1.507579,0,0,0.0,0.0,1.0,0.5,4.000103
2026-09-29T23:14:14.365Z,LAT-00635-0c8330,ACID_BULK,11.4,HARMFUL_CONTEXT,1.0,"PREDICTED_UNSAFE:a,b,d",0.2819,A-1.0-ppr,6.204,-0.002,-0.008571,0.008,0.3001,1.0,5.7,3.142358,-2.357642,0,0,0.0,0.0,1.0,0.5,0.3001
2026-09-29T23:14:14.365Z,LAT-00636-1858c0,BASE_FINE,2.0,ACCEPTABLE_CONTEXT,0.00409,OK,0.5397,A-1.0-ppr,6.994,0.002,-0.0,0.004899,0.300099,-1.0,0.01,6.999937,1.499937,0,0,0.0,0.0,1.0,0.5,0.300099
2026-09-29T23:14:14.366Z,LAT-00637-cd8b09,ACID_BULK,18.9,HARMFUL_CONTEXT,1.0,"PREDICTED_UNSAFE:a,b,d",0.2892,A-1.0-ppr,6.204,0.0,0.005714,0.004899,0.3001,1.0,9.45,2.834224,-2.665776,0,0,0.0,0.0,1.0,0.5,0.3001
2026-09-29T23:14:14.367Z,LAT-00638-c81c98,ACID_FINE,2.0,ACCEPTABLE_CONTEXT,0.003663,OK,0.5749,A-1.0-ppr,7.01,0.004,0.005714,0.008944,0.300102,1.0,0.01,7.004357,1.504357,0,0,0.0,0.0,1.0,0.5,0.300102
2026-09-29T23:14:14.368Z,LAT-00639-1c25f7,BASE_FINE,6.7,ACCEPTABLE_CONTEXT,0.006187,OK,0.587,A-1.0-ppr,3.5,-0.001,0.001429,0.006325,0.300115,-1.0,0.0335,3.511709,-1.988291,0,0,0.0,0.0,1.0,0.5,0.300115
2026-09-29T23:14:14.368Z,LAT-00640-37299f,BASE_FINE,3.1,UNCERTAIN_CONTEXT,1.0,STALE_SAMPLE,0.2958,A-1.0-ppr,7.002,-0.003,-0.004286,0.011662,4.000104,-1.0,0.0155,7.011376,1.511376,0,0,0.0,0.0,1.0,0.5,4.000104
2026-09-29T23:14:14.369Z,LAT-00641-f4ce4a,BASE_FINE,6.5,ACCEPTABLE_CONTEXT,0.00409,OK,0.5618,A-1.0-ppr,6.998,0.0,0.002857,0.004,0.300099,-1.0,0.0325,7.017722,1.517722,0,0,0.0,0.0,1.0,0.5,0.300099
2026-09-29T23:14:14.370Z,LAT-00642-ec93c2,BASE_FINE,1.5,UNCERTAIN_CONTEXT,1.0,STALE_SAMPLE,0.3771,A-1.0-ppr,6.998,0.0,0.011429,0.009798,4.000146,-1.0,0.0075,7.002452,1.502452,0,0,0.0,0.0,1.0,0.5,4.000146
2026-09-29T23:14:14.370Z,LAT-00643-ac3ab8,BASE_FINE,3.7,UNCERTAIN_CONTEXT,1.0,STALE_SAMPLE,0.4173,A-1.0-ppr,7.004,0.01,-0.005714,0.016248,4.000164,-1.0,0.0185,7.01532,1.51532,0,0,0.0,0.0,1.0,0.5,4.000164
2026-09-29T23:14:14.371Z,LAT-00644-56d2c2,BASE_FINE,6.0,ACCEPTABLE_CONTEXT,0.00409,OK,0.7083,A-1.0-ppr,6.996,0.001,-0.004286,0.008,0.300123,-1.0,0.03,7.01409,1.51409,0,0,0.0,0.0,1.0,0.5,0.300123
2026-09-29T23:14:14.372Z,LAT-00645-24e4ad,ACID_FINE,10.0,ACCEPTABLE_CONTEXT,0.003572,OK,0.6722,A-1.0-ppr,6.998,0.003,0.007143,0.007483,0.300129,1.0,0.05,6.970775,1.470775,0,0,0.0,0.0,1.0,0.5,0.300129
2026-09-29T23:14:14.373Z,LAT-00646-f2c2d4,ACID_FINE,7.5,ACCEPTABLE_CONTEXT,0.00409,OK,0.6595,A-1.0-ppr,7.002,-0.004,-0.005714,0.009798,0.300133,1.0,0.0375,6.981338,1.481338,0,0,0.0,0.0,1.0,0.5,0.300133
2026-09-29T23:14:14.374Z,LAT-00647-6fd8b8,BASE_FINE,3.6,UNCERTAIN_CONTEXT,1.0,STALE_SAMPLE,0.278,A-1.0-ppr,6.994,0.004,0.011429,0.012,4.000115,-1.0,0.018,7.004683,1.504683,0,0,0.0,0.0,1.0,0.5,4.000115
2026-09-29T23:14:14.375Z,LAT-00648-8fca37,BASE_FINE,5.8,ACCEPTABLE_CONTEXT,0.00409,OK,0.6139,A-1.0-ppr,6.998,-0.002,-0.008571,0.009798,0.300109,-1.0,0.029,7.015557,1.515557,0,0,0.0,0.0,1.0,0.5,0.300109
2026-09-29T23:14:14.375Z,LAT-00649-a6df1e,ACID_BULK,18.9,HARMFUL_CONTEXT,1.0,"PREDICTED_UNSAFE:a,b,d",0.3203,A-1.0-ppr,6.202,0.004,0.008571,0.009798,0.300117,1.0,9.45,2.833893,-2.666107,0,0,0.0,0.0,1.0,0.5,0.300117
2026-09-29T23:14:14.376Z,LAT-00650-b50a99,BASE_FINE,5.4,ACCEPTABLE_CONTEXT,0.00409,OK,0.586,A-1.0-ppr,7.01,0.001,0.007143,0.012649,0.300112,-1.0,0.027,7.026703,1.526703,0,0,0.0,0.0,1.0,0.5,0.300112
2026-09-29T23:14:14.376Z,LAT-00651-996b68,ACID_BULK,11.1,HARMFUL_CONTEXT,1.0,"PREDICTED_UNSAFE:a,b,d",0.2948,A-1.0-ppr,6.21,-0.002,0.005714,0.006325,0.30011,1.0,5.55,3.162794,-2.337206,0,0,0.0,0.0,1.0,0.5,0.30011
2026-09-29T23:14:14.377Z,LAT-00652-dc343c,BASE_FINE,3.9,UNCERTAIN_CONTEXT,1.0,STALE_SAMPLE,0.2793,A-1.0-ppr,7.002,-0.003,0.001429,0.007483,4.000119,-1.0,0.0195,7.013852,1.513852,0,0,0.0,0.0,1.0,0.5,4.000119
2026-09-29T23:14:14.378Z,LAT-00653-90b123,ACID_FINE,2.4,ACCEPTABLE_CONTEXT,0.00409,OK,0.5364,A-1.0-ppr,6.998,0.0,-0.002857,0.007483,0.300101,1.0,0.012,6.991382,1.491382,0,0,0.0,0.0,1.0,0.5,0.300101
2026-09-29T23:14:14.378Z,LAT-00654-c73b60,BASE_FINE,10.0,ACCEPTABLE_CONTEXT,0.006187,OK,0.5841,A-1.0-ppr,3.502,0.001,0.007143,0.007483,0.300102,-1.0,0.05,3.51966,-1.98034,0,0,0.0,0.0,1.0,0.5,0.300102
2026-09-29T23:14:14.379Z,LAT-00655-f83976,ACID_FINE,4.4,ACCEPTABLE_CONTEXT,0.00409,OK,0.5343,A-1.0-ppr,6.998,0.002,0.002857,0.009798,0.300102,1.0,0.022,6.985874,1.485874,0,0,0.0,0.0,1.0,0.5,0.300102
2026-09-29T23:14:14.380Z,LAT-00656-d77fac,ACID_BULK,10.1,HARMFUL_CONTEXT,1.0,"PREDICTED_UNSAFE:a,b,d",0.2879,A-1.0-ppr,6.198,-0.002,0.002857,0.007483,0.300102,1.0,5.05,3.225699,-2.274301,0,0,0.0,0.0,1.0,0.5,0.300102
2026-09-29T23:14:14.380Z,LAT-00657-5f84c8,ACID_BULK,16.0,HARMFUL_CONTEXT,1.0,"PREDICTED_UNSAFE:a,b,d",0.2833,A-1.0-ppr,6.204,-0.002,-0.008571,0.014967,0.300099,1.0,8.0,2.929143,-2.570857,0,0,0.0,0.0,1.0,0.5,0.300099
2026-09-29T23:14:14.381Z,LAT-00658-96a07d,BASE_FINE,7.5,ACCEPTABLE_CONTEXT,0.006187,OK,0.588,A-1.0-ppr,3.502,0.002,-0.005714,0.007483,0.3001,-1.0,0.0375,3.515184,-1.984816,0,0,0.0,0.0,1.0,0.5,0.3001
2026-09-29T23:14:14.381Z,LAT-00659-9547d0,ACID_BULK,18.4,HARMFUL_CONTEXT,1.0,"PREDICTED_UNSAFE:a,b,d",0.286,A-1.0-ppr,6.196,0.0,-0.0,0.008,0.300106,1.0,9.2,2.847798,-2.652202,0,0,0.0,0.0,1.0,0.5,0.300106
2026-09-29T23:14:14.382Z,LAT-00660-002a4d,BASE_FINE,2.0,ACCEPTABLE_CONTEXT,0.00409,OK,0.5734,A-1.0-ppr,7.006,-0.003,0.001429,0.010198,0.300113,-1.0,0.01,7.012146,1.512146,0,0,0.0,0.0,1.0,0.5,0.300113
2026-09-29T23:14:14.383Z,LAT-00661-5bebbc,BASE_FINE,8.8,ACCEPTABLE_CONTEXT,0.00568,OK,0.5973,A-1.0-ppr,3.5,0.007,0.007143,0.018974,0.300114,-1.0,0.044,3.515438,-1.984562,0,0,0.0,0.0,1.0,0.5,0.300114
2026-09-29T23:14:14.384Z,LAT-00662-dcbfe1,BASE_FINE,1.5,ACCEPTABLE_CONTEXT,0.00409,OK,0.5588,A-1.0-ppr,7.0,0.002,-0.0,0.008944,0.300105,-1.0,0.0075,7.004451,1.504451,0,0,0.0,0.0,1.0,0.5,0.300105
2026-09-29T23:14:14.385Z,LAT-00663-4e3cf1,ACID_FINE,0.6,ACCEPTABLE_CONTEXT,0.003663,OK,0.5659,A-1.0-ppr,7.012,0.005,0.007143,0.009798,0.300102,1.0,0.003,7.010269,1.510269,0,0,0.0,0.0,1.0,0.5,0.300102
2026-09-29T23:14:14.386Z,LAT-00664-4bf5a8,ACID_FINE,2.8,ACCEPTABLE_CONTEXT,0.00409,OK,0.7586,A-1.0-ppr,6.998,0.002,-0.0,0.009798,0.300103,1.0,0.014,6.99028,1.49028,0,0,0.0,0.0,1.0,0.5,0.300103
2026-09-29T23:14:14.387Z,LAT-00665-d72cc2,ACID_FINE,6.2,ACCEPTABLE_CONTEXT,0.00409,OK,0.5822,A-1.0-ppr,6.998,0.0,-0.008571,0.007483,0.300123,1.0,0.031,6.980922,1.480922,0,0,0.0,0.0,1.0,0.5,0.300123
2026-09-29T23:14:14.388Z,LAT-00666-7b0ba4,BASE_FINE,7.1,ACCEPTABLE_CONTEXT,0.006187,OK,0.7178,A-1.0-ppr,3.498,0.001,-0.001429,0.007483,0.300166,-1.0,0.0355,3.510363,-1.989637,0,0,0.0,0.0,1.0,0.5,0.300166
2026-09-29T23:14:14.388Z,LAT-00667-c55e03,ACID_BULK,19.0,HARMFUL_CONTEXT,1.0,"PREDICTED_UNSAFE:a,b,d",0.3404,A-1.0-ppr,6.202,0.0,0.002857,0.007483,0.300122,1.0,9.5,2.830967,-2.669033,0,0,0.0,0.0,1.0,0.5,0.300122
2026-09-29T23:14:14.389Z,LAT-00668-3e58f1,BASE_FINE,2.8,UNCERTAIN_CONTEXT,1.0,STALE_SAMPLE,0.2878,A-1.0-ppr,7.002,-0.003,-0.007143,0.007483,4.000114,-1.0,0.014,7.010447,1.510447,0,0,0.0,0.0,1.0,0.5,4.000114
2026-09-29T23:14:14.390Z,LAT-00669-946299,BASE_FINE,4.8,ACCEPTABLE_CONTEXT,0.00568,OK,0.6248,A-1.0-ppr,3.498,0.005,0.001429,0.007483,0.300106,-1.0,0.024,3.506324,-1.993676,0,0,0.0,0.0,1.0,0.5,0.300106
2026-09-29T23:14:14.390Z,LAT-00670-435acd,BASE_FINE,1.9,UNCERTAIN_CONTEXT,1.0,STALE_SAMPLE,0.2786,A-1.0-ppr,6.996,0.0,-0.0,0.008,4.000109,-1.0,0.0095,7.001639,1.501639,0,0,0.0,0.0,1.0,0.5,4.000109
2026-09-29T23:14:14.391Z,LAT-00671-d3b224,ACID_BULK,10.2,HARMFUL_CONTEXT,1.0,"PREDICTED_UNSAFE:a,b,d",0.29,A-1.0-ppr,6.202,0.004,0.002857,0.007483,0.300104,1.0,5.1,3.220118,-2.279882,0,0,0.0,0.0,1.0,0.5,0.300104
2026-09-29T23:14:14.391Z,LAT-00672-a71f5c,BASE_FINE,2.3,ACCEPTABLE_CONTEXT,0.00409,OK,0.6494,A-1.0-ppr,6.996,-0.004,-0.002857,0.010198,0.300104,-1.0,0.0115,7.002826,1.502826,0,0,0.0,0.0,1.0,0.5,0.300104
2026-09-29T23:14:14.392Z,LAT-00673-bd8c90,BASE_FINE,4.2,UNCERTAIN_CONTEXT,1.0,STALE_SAMPLE,0.258,A-1.0-ppr,6.998,-0.005,-0.01,0.013266,4.000114,-1.0,0.021,7.010606,1.510606,0,0,0.0,0.0,1.0,0.5,4.000114
2026-09-29T23:14:14.392Z,LAT-00674-c1b1b1,ACID_BULK,19.4,HARMFUL_CONTEXT,1.0,"PREDICTED_UNSAFE:a,b,d",0.291,A-1.0-ppr,6.204,-0.003,-0.004286,0.008,0.300114,1.0,9.7,2.819775,-2.680225,0,0,0.0,0.0,1.0,0.5,0.300114
2026-09-29T23:14:14.393Z,LAT-00675-1f561d,BASE_FINE,6.2,ACCEPTABLE_CONTEXT,0.006187,OK,0.6042,A-1.0-ppr,3.494,-0.006,-0.008571,0.020591,0.300101,-1.0,0.031,3.504684,-1.995316,0,0,0.0,0.0,1.0,0.5,0.300101
2026-09-29T23:14:14.394Z,LAT-00676-a3bd0b,BASE_FINE,4.9,ACCEPTABLE_CONTEXT,0.00409,OK,0.5585,A-1.0-ppr,6.992,-0.002,0.002857,0.004,0.300107,-1.0,0.0245,7.006538,1.506538,0,0,0.0,0.0,1.0,0.5,0.300107
2026-09-29T23:14:14.395Z,LAT-00677-b7b9d3,ACID_FINE,2.4,ACCEPTABLE_CONTEXT,0.00409,OK,0.5494,A-1.0-ppr,7.0,-0.002,-0.005714,0.006325,0.300104,1.0,0.012,6.993381,1.493381,0,0,0.0,0.0,1.0,0.5,0.300104
2026-09-29T23:14:14.395Z,LAT-00678-5a9cc9,ACID_BULK,12.5,HARMFUL_CONTEXT,1.0,"PREDICTED_UNSAFE:a,b,d",0.2871,A-1.0-ppr,6.2,0.001,0.001429,0.006325,0.300103,1.0,6.25,3.079873,-2.420127,0,0,0.0,0.0,1.0,0.5,0.300103
2026-09-29T23:14:14.396Z,LAT-00679-57b549,BASE_FINE,7.9,ACCEPTABLE_CONTEXT,0.00568,OK,0.5901,A-1.0-ppr,3.498,0.003,0.004286,0.011662,0.3001,-1.0,0.0395,3.511776,-1.988224,0,0,0.0,0.0,1.0,0.5,0.3001
2026-09-29T23:14:14.397Z,LAT-00680-e8d26a,ACID_FINE,4.2,ACCEPTABLE_CONTEXT,0.00409,OK,0.5472,A-1.0-ppr,6.994,-0.007,0.007143,0.013565,0.300102,1.0,0.021,6.98243,1.48243,0,0,0.0,0.0,1.0,0.5,0.300102
2026-09-29T23:14:14.398Z,LAT-00681-8937c0,BASE_FINE,6.1,ACCEPTABLE_CONTEXT,0.006187,OK,0.5797,A-1.0-ppr,3.494,-0.001,0.001429,0.004899,0.300102,-1.0,0.0305,3.50451,-1.99549,0,0,0.0,0.0,1.0,0.5,0.300102
2026-09-29T23:14:14.398Z,LAT-00682-029759,ACID_BULK,16.2,HARMFUL_CONTEXT,1.0,"PREDICTED_UNSAFE:a,b,d",0.2864,A-1.0-ppr,6.202,-0.003,0.004286,0.007483,0.300102,1.0,8.1,2.92148,-2.57852,0,0,0.0,0.0,1.0,0.5,0.300102
2026-09-29T23:14:14.399Z,LAT-00683-4e1d78,ACID_BULK,10.9,HARMFUL_CONTEXT,1.0,"PREDICTED_UNSAFE:a,b,d",0.2825,A-1.0-ppr,6.198,0.001,-0.012857,0.011662,0.300099,1.0,5.45,3.171211,-2.328789,0,0,0.0,0.0,1.0,0.5,0.300099
2026-09-29T23:14:14.399Z,LAT-00684-888f90,BASE_FINE,1.1,UNCERTAIN_CONTEXT,1.0,STALE_SAMPLE,0.2506,A-1.0-ppr,6.994,0.002,-0.005714,0.010198,4.000098,-1.0,0.0055,6.997266,1.497266,0,0,0.0,0.0,1.0,0.5,4.000098
2026-09-29T23:14:14.400Z,LAT-00685-a2beea,BASE_FINE,1.1,UNCERTAIN_CONTEXT,1.0,STALE_SAMPLE,0.2967,A-1.0-ppr,7.006,0.003,0.001429,0.010198,4.000099,-1.0,0.0055,7.009358,1.509358,0,0,0.0,0.0,1.0,0.5,4.000099
2026-09-29T23:14:14.400Z,LAT-00686-4ed988,BASE_FINE,6.6,ACCEPTABLE_CONTEXT,0.006187,OK,0.6157,A-1.0-ppr,3.492,-0.003,-0.007143,0.007483,0.3001,-1.0,0.033,3.503332,-1.996668,0,0,0.0,0.0,1.0,0.5,0.3001
2026-09-29T23:14:14.401Z,LAT-00687-f73527,BASE_FINE,2.7,ACCEPTABLE_CONTEXT,0.006187,OK,0.5824,A-1.0-ppr,3.5,-0.002,0.005714,0.006325,0.300099,-1.0,0.0135,3.504685,-1.995315,0,0,0.0,0.0,1.0,0.5,0.300099
2026-09-29T23:14:14.402Z,LAT-00688-a99339,ACID_FINE,1.6,ACCEPTABLE_CONTEXT,0.00409,OK,0.5645,A-1.0-ppr,7.008,-0.005,-0.001429,0.011662,0.300101,1.0,0.008,7.003547,1.503547,0,0,0.0,0.0,1.0,0.5,0.300101
2026-09-29T23:14:14.402Z,LAT-00689-efa1f8,ACID_BULK,14.8,HARMFUL_CONTEXT,1.0,"PREDICTED_UNSAFE:a,b,d",0.3345,A-1.0-ppr,6.196,-0.004,0.005714,0.010198,0.300101,1.0,7.4,2.97362,-2.52638,0,0,0.0,0.0,1.0,0.5,0.300101
2026-09-29T23:14:14.403Z,LAT-00690-3aa116,ACID_BULK,12.2,HARMFUL_CONTEXT,1.0,"PREDICTED_UNSAFE:a,b,d",0.3684,A-1.0-ppr,6.198,-0.003,-0.007143,0.009798,0.300189,1.0,6.1,3.095105,-2.404895,0,0,0.0,0.0,1.0,0.5,0.300189
2026-09-29T23:14:14.404Z,LAT-00691-e38d64,ACID_BULK,13.0,HARMFUL_CONTEXT,1.0,"PREDICTED_UNSAFE:a,b,d",0.2985,A-1.0-ppr,6.198,0.0,-0.002857,0.007483,0.300125,1.0,6.5,3.054142,-2.445858,0,0,0.0,0.0,1.0,0.5,0.300125
2026-09-29T23:14:14.404Z,LAT-00692-9a6eb2,ACID_BULK,18.8,HARMFUL_CONTEXT,1.0,"PREDICTED_UNSAFE:a,b,d",0.3315,A-1.0-ppr,6.202,-0.003,0.001429,0.007483,0.300113,1.0,9.4,2.83684,-2.66316,0,0,0.0,0.0,1.0,0.5,0.300113
2026-09-29T23:14:14.405Z,LAT-00693-3987e8,BASE_FINE,4.0,UNCERTAIN_CONTEXT,1.0,STALE_SAMPLE,0.3391,A-1.0-ppr,7.002,0.001,0.001429,0.007483,4.000111,-1.0,0.02,7.014162,1.514162,0,0,0.0,0.0,1.0,0.5,4.000111
2026-09-29T23:14:14.405Z,LAT-00694-5c33db,ACID_BULK,12.7,HARMFUL_CONTEXT,1.0,"PREDICTED_UNSAFE:a,b,d",0.2919,A-1.0-ppr,6.216,0.008,-0.002857,0.013565,0.300113,1.0,6.35,3.074217,-2.425783,0,0,0.0,0.0,1.0,0.5,0.300113
2026-09-29T23:14:14.406Z,LAT-00695-a30ee4,BASE_FINE,7.0,ACCEPTABLE_CONTEXT,0.00409,OK,0.7279,A-1.0-ppr,7.002,-0.001,-0.001429,0.004,0.300104,-1.0,0.035,7.023435,1.523435,0,0,0.0,0.0,1.0,0.5,0.300104
2026-09-29T23:14:14.407Z,LAT-00696-f0963c,ACID_BULK,10.3,HARMFUL_CONTEXT,1.0,"PREDICTED_UNSAFE:a,b,d",0.3008,A-1.0-ppr,6.202,0.005,-0.001429,0.007483,0.300115,1.0,5.15,3.213012,-2.286988,0,0,0.0,0.0,1.0,0.5,0.300115
2026-09-29T23:14:14.407Z,LAT-00697-5d50d4,BASE_FINE,3.3,UNCERTAIN_CONTEXT,1.0,STALE_SAMPLE,0.268,A-1.0-ppr,6.996,-0.002,-0.0,0.004899,4.000107,-1.0,0.0165,7.005792,1.505792,0,0,0.0,0.0,1.0,0.5,4.000107
2026-09-29T23:14:14.408Z,LAT-00698-e7c69c,ACID_BULK,16.6,HARMFUL_CONTEXT,1.0,"PREDICTED_UNSAFE:a,b,d",0.2941,A-1.0-ppr,6.19,-0.003,-0.01,0.010954,0.300113,1.0,8.3,2.90498,-2.59502,0,0,0.0,0.0,1.0,0.5,0.300113
2026-09-29T23:14:14.409Z,LAT-00699-6770f2,ACID_FINE,3.4,ACCEPTABLE_CONTEXT,0.00409,OK,0.5656,A-1.0-ppr,7.0,-0.002,-0.005714,0.006325,0.3001,1.0,0.017,6.990625,1.490625,0,0,0.0,0.0,1.0,0.5,0.3001
2026-09-29T23:14:14.409Z,LAT-00700-b6a037,BASE_FINE,0.6,ACCEPTABLE_CONTEXT,0.00409,OK,0.5539,A-1.0-ppr,6.998,-0.006,-0.002857,0.009798,0.300106,-1.0,0.003,6.999781,1.499781,0,0,0.0,0.0,1.0,0.5,0.300106
2026-09-29T23:14:14.410Z,LAT-00701-82bf2f,ACID_BULK,19.9,HARMFUL_CONTEXT,1.0,"PREDICTED_UNSAFE:a,b,d",0.3067,A-1.0-ppr,6.204,-0.001,0.001429,0.004899,0.300104,1.0,9.95,2.805795,-2.694205,0,0,0.0,0.0,1.0,0.5,0.300104
2026-09-29T23:14:14.410Z,LAT-00702-d20554,BASE_FINE,4.3,UNCERTAIN_CONTEXT,1.0,STALE_SAMPLE,0.2852,A-1.0-ppr,7.006,-0.002,-0.005714,0.010198,4.000101,-1.0,0.0215,7.019262,1.519262,0,0,0.0,0.0,1.0,0.5,4.000101
2026-09-29T23:14:14.411Z,LAT-00703-e47c01,ACID_FINE,7.9,ACCEPTABLE_CONTEXT,0.008733,OK,0.5448,A-1.0-ppr,7.0,0.0,-0.0,0.0,0.3001,1.0,0.0395,6.978254,1.478254,0,0,0.0,0.0,1.0,0.5,0.3001
2026-09-29T23:14:14.412Z,LAT-00704-9bac05,ACID_BULK,18.0,HARMFUL_CONTEXT,1.0,"PREDICTED_UNSAFE:a,b,d",0.2865,A-1.0-ppr,6.202,-0.004,-0.002857,0.007483,0.300101,1.0,9.0,2.861163,-2.638837,0,0,0.0,0.0,1.0,0.5,0.300101
2026-09-29T23:14:14.413Z,LAT-00705-901979,ACID_FINE,4.5,ACCEPTABLE_CONTEXT,0.00409,OK,0.5753,A-1.0-ppr,7.004,0.0,0.002857,0.010198,0.300099,1.0,0.0225,6.991591,1.491591,0,0,0.0,0.0,1.0,0.5,0.300099
2026-09-29T23:14:14.413Z,LAT-00706-141845,BASE_FINE,9.3,ACCEPTABLE_CONTEXT,0.00409,OK,0.5703,A-1.0-ppr,7.006,-0.001,0.004286,0.012,0.3001,-1.0,0.0465,7.034691,1.534691,0,0,0.0,0.0,1.0,0.5,0.3001
2026-09-29T23:14:14.414Z,LAT-00707-952bca,ACID_BULK,16.4,HARMFUL_CONTEXT,1.0,"PREDICTED_UNSAFE:a,b,d",0.2835,A-1.0-ppr,6.194,0.002,0.005714,0.008,0.300102,1.0,8.2,2.912743,-2.587257,0,0,0.0,0.0,1.0,0.5,0.300102
2026-09-29T23:14:14.414Z,LAT-00708-d91bbd,BASE_FINE,4.9,UNCERTAIN_CONTEXT,1.0,STALE_SAMPLE,0.2526,A-1.0-ppr,7.0,-0.003,0.001429,0.008944,4.0001,-1.0,0.0245,7.01486,1.51486,0,0,0.0,0.0,1.0,0.5,4.0001
2026-09-29T23:14:14.415Z,LAT-00709-d42479,BASE_FINE,9.1,ACCEPTABLE_CONTEXT,0.00409,OK,0.5296,A-1.0-ppr,6.998,0.0,-0.002857,0.007483,0.300098,-1.0,0.0455,7.025751,1.525751,0,0,0.0,0.0,1.0,0.5,0.300098
2026-09-29T23:14:14.416Z,LAT-00710-54acc4,BASE_FINE,9.4,ACCEPTABLE_CONTEXT,0.003849,OK,0.5653,A-1.0-ppr,7.004,0.005,0.007143,0.010198,0.300105,-1.0,0.047,7.032919,1.532919,0,0,0.0,0.0,1.0,0.5,0.300105
2026-09-29T23:14:14.416Z,LAT-00711-732f16,BASE_FINE,6.6,ACCEPTABLE_CONTEXT,0.00409,OK,0.5593,A-1.0-ppr,6.994,0.0,-0.005714,0.008,0.3001,-1.0,0.033,7.01386,1.51386,0,0,0.0,0.0,1.0,0.5,0.3001
2026-09-29T23:14:14.417Z,LAT-00712-4ae21c,BASE_FINE,5.9,ACCEPTABLE_CONTEXT,0.00409,OK,0.5395,A-1.0-ppr,6.998,0.001,-0.004286,0.007483,0.300101,-1.0,0.0295,7.015867,1.515867,0,0,0.0,0.0,1.0,0.5,0.300101
2026-09-29T23:14:14.418Z,LAT-00713-81129a,ACID_BULK,12.9,HARMFUL_CONTEXT,1.0,"PREDICTED_UNSAFE:a,b,d",0.2849,A-1.0-ppr,6.2,-0.005,0.004286,0.010954,0.300101,1.0,6.45,3.059615,-2.440385,0,0,0.0,0.0,1.0,0.5,0.300101
2026-09-29T23:14:14.419Z,LAT-00714-b36e5e,BASE_FINE,8.6,ACCEPTABLE_CONTEXT,0.00409,OK,0.5778,A-1.0-ppr,7.01,-0.006,-0.008571,0.012649,0.300104,-1.0,0.043,7.036567,1.536567,0,0,0.0,0.0,1.0,0.5,0.300104
2026-09-29T23:14:14.419Z,LAT-00715-ae9277,ACID_BULK,10.5,HARMFUL_CONTEXT,1.0,"PREDICTED_UNSAFE:a,b,d",0.3,A-1.0-ppr,6.198,0.006,-0.008571,0.011662,0.300118,1.0,5.25,3.1976,-2.3024,0,0,0.0,0.0,1.0,0.5,0.300118
2026-09-29T23:14:14.420Z,LAT-00716-5844bb,ACID_FINE,2.2,ACCEPTABLE_CONTEXT,0.003572,OK,0.8177,A-1.0-ppr,7.0,0.003,0.004286,0.006325,0.300142,1.0,0.011,6.993932,1.493932,0,0,0.0,0.0,1.0,0.5,0.300142
2026-09-29T23:14:14.421Z,LAT-00717-6d3ac7,BASE_FINE,2.8,ACCEPTABLE_CONTEXT,0.00409,OK,0.6412,A-1.0-ppr,7.0,-0.001,0.004286,0.010954,0.300151,-1.0,0.014,7.008359,1.508359,0,0,0.0,0.0,1.0,0.5,0.300151
2026-09-29T23:14:14.422Z,LAT-00718-823759,BASE_FINE,7.9,ACCEPTABLE_CONTEXT,0.00409,OK,0.6546,A-1.0-ppr,6.998,-0.002,-0.008571,0.009798,0.300133,-1.0,0.0395,7.022047,1.522047,0,0,0.0,0.0,1.0,0.5,0.300133
2026-09-29T23:14:14.423Z,LAT-00719-75c591,ACID_FINE,4.7,ACCEPTABLE_CONTEXT,0.003572,OK,0.6188,A-1.0-ppr,7.002,0.005,0.01,0.013266,0.300123,1.0,0.0235,6.989042,1.489042,0,0,0.0,0.0,1.0,0.5,0.300123
2026-09-29T23:14:14.424Z,LAT-00720-288aa5,BASE_FINE,7.0,ACCEPTABLE_CONTEXT,0.00409,OK,0.5733,A-1.0-ppr,6.996,0.0,-0.002857,0.010198,0.300116,-1.0,0.035,7.017182,1.517182,0,0,0.0,0.0,1.0,0.5,0.300116
2026-09-29T23:14:14.425Z,LAT-00721-79e946,BASE_FINE,5.2,ACCEPTABLE_CONTEXT,0.00568,OK,0.6208,A-1.0-ppr,3.492,0.005,0.007143,0.009798,0.300111,-1.0,0.026,3.500906,-1.999094,0,0,0.0,0.0,1.0,0.5,0.300111
2026-09-29T23:14:14.426Z,LAT-00722-49836d,ACID_FINE,1.8,ACCEPTABLE_CONTEXT,0.003572,OK,0.5788,A-1.0-ppr,7.004,0.003,0.001429,0.004899,0.300112,1.0,0.009,6.999034,1.499034,0,0,0.0,0.0,1.0,0.5,0.300112
2026-09-29T23:14:14.426Z,LAT-00723-82e676,BASE_FINE,2.8,UNCERTAIN_CONTEXT,1.0,STALE_SAMPLE,0.2949,A-1.0-ppr,7.004,0.0,-0.005714,0.008,4.000107,-1.0,0.014,7.012535,1.512535,0,0,0.0,0.0,1.0,0.5,4.000107
2026-09-29T23:14:14.427Z,LAT-00724-6561f3,BASE_FINE,8.8,ACCEPTABLE_CONTEXT,0.003849,OK,0.5679,A-1.0-ppr,7.0,0.004,-0.0,0.006325,0.300121,-1.0,0.044,7.026908,1.526908,0,0,0.0,0.0,1.0,0.5,0.300121
2026-09-29T23:14:14.427Z,LAT-00725-bcea8d,ACID_BULK,14.4,HARMFUL_CONTEXT,1.0,"PREDICTED_UNSAFE:a,b,d",0.2931,A-1.0-ppr,6.194,0.001,0.004286,0.008,0.300106,1.0,7.2,2.989677,-2.510323,0,0,0.0,0.0,1.0,0.5,0.300106
2026-09-29T23:14:14.428Z,LAT-00726-4e1386,BASE_FINE,9.1,ACCEPTABLE_CONTEXT,0.00409,OK,0.5619,A-1.0-ppr,7.002,-0.005,-0.001429,0.007483,0.300103,-1.0,0.0455,7.029914,1.529914,0,0,0.0,0.0,1.0,0.5,0.300103
2026-09-29T23:14:14.429Z,LAT-00727-2f99db,BASE_FINE,0.7,ACCEPTABLE_CONTEXT,0.00409,OK,0.5648,A-1.0-ppr,7.002,0.002,-0.008571,0.009798,0.300105,-1.0,0.0035,7.004077,1.504077,0,0,0.0,0.0,1.0,0.5,0.300105
2026-09-29T23:14:14.430Z,LAT-00728-b945aa,BASE_FINE,9.0,ACCEPTABLE_CONTEXT,0.00409,OK,0.5683,A-1.0-ppr,7.004,0.001,-0.004286,0.004899,0.300105,-1.0,0.045,7.031687,1.531687,0,0,0.0,0.0,1.0,0.5,0.300105
2026-09-29T23:14:14.430Z,LAT-00729-b46300,ACID_BULK,17.1,HARMFUL_CONTEXT,1.0,"PREDICTED_UNSAFE:a,b,d",0.2883,A-1.0-ppr,6.206,0.001,-0.001429,0.004899,0.300106,1.0,8.55,2.891021,-2.608979,0,0,0.0,0.0,1.0,0.5,0.300106
2026-09-29T23:14:14.431Z,LAT-00730-2ed088,BASE_FINE,6.4,ACCEPTABLE_CONTEXT,0.003849,OK,0.5584,A-1.0-ppr,7.002,0.005,0.007143,0.017205,0.300103,-1.0,0.032,7.021582,1.521582,0,0,0.0,0.0,1.0,0.5,0.300103
2026-09-29T23:14:14.432Z,LAT-00731-c1ab2a,BASE_FINE,9.2,ACCEPTABLE_CONTEXT,0.006187,OK,0.5755,A-1.0-ppr,3.5,0.001,-0.01,0.008944,0.300103,-1.0,0.046,3.516152,-1.983848,0,0,0.0,0.0,1.0,0.5,0.300103
2026-09-29T23:14:14.432Z,LAT-00732-a53401,BASE_FINE,4.3,UNCERTAIN_CONTEXT,1.0,STALE_SAMPLE,0.2775,A-1.0-ppr,7.002,-0.002,0.002857,0.004,4.000103,-1.0,0.0215,7.01509,1.51509,0,0,0.0,0.0,1.0,0.5,4.000103
2026-09-29T23:14:14.433Z,LAT-00733-067e15,ACID_BULK,12.9,HARMFUL_CONTEXT,1.0,"PREDICTED_UNSAFE:a,b,d",0.2823,A-1.0-ppr,6.204,0.003,0.001429,0.004899,0.300102,1.0,6.45,3.06073,-2.43927,0,0,0.0,0.0,1.0,0.5,0.300102
2026-09-29T23:14:14.433Z,LAT-00734-2d2360,ACID_FINE,5.2,ACCEPTABLE_CONTEXT,0.00409,OK,0.5422,A-1.0-ppr,6.99,-0.003,0.001429,0.008944,0.300101,1.0,0.026,6.975789,1.475789,0,0,0.0,0.0,1.0,0.5,0.300101
2026-09-29T23:14:14.434Z,LAT-00735-69ced5,BASE_FINE,2.0,UNCERTAIN_CONTEXT,1.0,STALE_SAMPLE,0.277,A-1.0-ppr,7.012,0.006,0.002857,0.009798,4.0001,-1.0,0.01,7.018192,1.518192,0,0,0.0,0.0,1.0,0.5,4.0001
2026-09-29T23:14:14.434Z,LAT-00736-e31b54,ACID_BULK,12.3,HARMFUL_CONTEXT,1.0,"PREDICTED_UNSAFE:a,b,d",0.2828,A-1.0-ppr,6.2,0.001,-0.01,0.014142,0.300101,1.0,6.15,3.090369,-2.409631,0,0,0.0,0.0,1.0,0.5,0.300101
2026-09-29T23:14:14.435Z,LAT-00737-4029ff,ACID_BULK,17.9,HARMFUL_CONTEXT,1.0,"PREDICTED_UNSAFE:a,b,d",0.2842,A-1.0-ppr,6.2,0.0,0.008571,0.008944,0.30011,1.0,8.95,2.863947,-2.636053,0,0,0.0,0.0,1.0,0.5,0.30011
2026-09-29T23:14:14.435Z,LAT-00738-6be420,ACID_BULK,19.2,HARMFUL_CONTEXT,1.0,"PREDICTED_UNSAFE:a,b,d",0.2836,A-1.0-ppr,6.2,-0.008,-0.0,0.012649,0.30012,1.0,9.6,2.824848,-2.675152,0,0,0.0,0.0,1.0,0.5,0.30012
2026-09-29T23:14:14.436Z,LAT-00739-64b199,ACID_BULK,19.5,HARMFUL_CONTEXT,1.0,"PREDICTED_UNSAFE:a,b,d",0.347,A-1.0-ppr,6.196,0.001,0.001429,0.010198,0.300133,1.0,9.75,2.815667,-2.684333,0,0,0.0,0.0,1.0,0.5,0.300133
2026-09-29T23:14:14.437Z,LAT-00740-912abe,BASE_FINE,2.3,ACCEPTABLE_CONTEXT,0.00409,OK,0.7581,A-1.0-ppr,7.0,0.001,-0.01,0.008944,0.300135,-1.0,0.0115,7.006824,1.506824,0,0,0.0,0.0,1.0,0.5,0.300135
2026-09-29T23:14:14.438Z,LAT-00741-a4aad7,BASE_FINE,2.6,ACCEPTABLE_CONTEXT,0.00409,OK,0.6646,A-1.0-ppr,6.996,0.001,-0.01,0.010198,0.300125,-1.0,0.013,7.003716,1.503716,0,0,0.0,0.0,1.0,0.5,0.300125
2026-09-29T23:14:14.439Z,LAT-00742-11bb18,BASE_FINE,1.6,UNCERTAIN_CONTEXT,1.0,STALE_SAMPLE,0.2982,A-1.0-ppr,7.0,0.005,0.001429,0.008944,4.000126,-1.0,0.008,7.004748,1.504748,0,0,0.0,0.0,1.0,0.5,4.000126
2026-09-29T23:14:14.439Z,LAT-00743-e3826f,BASE_FINE,3.4,ACCEPTABLE_CONTEXT,0.00409,OK,0.5999,A-1.0-ppr,7.0,0.0,-0.011429,0.017889,0.300109,-1.0,0.017,7.010217,1.510217,0,0,0.0,0.0,1.0,0.5,0.300109
2026-09-29T23:14:14.440Z,LAT-00744-c58e52,ACID_BULK,11.2,HARMFUL_CONTEXT,1.0,"PREDICTED_UNSAFE:a,b,d",0.3146,A-1.0-ppr,6.206,-0.002,-0.011429,0.010198,0.300111,1.0,5.6,3.15519,-2.34481,0,0,0.0,0.0,1.0,0.5,0.300111
2026-09-29T23:14:14.441Z,LAT-00745-a57658,ACID_FINE,2.0,ACCEPTABLE_CONTEXT,0.003572,OK,0.5738,A-1.0-ppr,7.0,0.003,0.001429,0.008944,0.300104,1.0,0.01,6.994484,1.494484,0,0,0.0,0.0,1.0,0.5,0.300104
2026-09-29T23:14:14.442Z,LAT-00746-94832d,BASE_FINE,9.1,ACCEPTABLE_CONTEXT,0.006187,OK,0.6028,A-1.0-ppr,3.49,0.002,-0.0,0.006325,0.300106,-1.0,0.0455,3.505625,-1.994375,0,0,0.0,0.0,1.0,0.5,0.300106
2026-09-29T23:14:14.442Z,LAT-00747-406c1d,BASE_FINE,3.3,UNCERTAIN_CONTEXT,1.0,STALE_SAMPLE,0.2955,A-1.0-ppr,7.006,0.0,0.002857,0.004899,4.000104,-1.0,0.0165,7.016169,1.516169,0,0,0.0,0.0,1.0,0.5,4.000104
2026-09-29T23:14:14.443Z,LAT-00748-0c8256,BASE_FINE,3.8,ACCEPTABLE_CONTEXT,0.003849,OK,0.6353,A-1.0-ppr,6.996,0.003,-0.001429,0.004899,0.300103,-1.0,0.019,7.00728,1.50728,0,0,0.0,0.0,1.0,0.5,0.300103
2026-09-29T23:14:14.443Z,LAT-00749-6b14d8,ACID_BULK,17.9,HARMFUL_CONTEXT,1.0,"PREDICTED_UNSAFE:a,b,d",0.3107,A-1.0-ppr,6.2,0.0,-0.008571,0.008944,0.300107,1.0,8.95,2.863947,-2.636053,0,0,0.0,0.0,1.0,0.5,0.300107
2026-09-29T23:14:14.444Z,LAT-00750-f53775,ACID_BULK,14.9,HARMFUL_CONTEXT,1.0,"PREDICTED_UNSAFE:a,b,d",0.2864,A-1.0-ppr,6.2,-0.006,0.002857,0.014142,0.300105,1.0,7.45,2.970496,-2.529504,0,0,0.0,0.0,1.0,0.5,0.300105
2026-09-29T23:14:14.445Z,LAT-00751-7cf4d7,BASE_FINE,8.1,ACCEPTABLE_CONTEXT,0.00409,OK,0.5763,A-1.0-ppr,7.002,0.002,-0.011429,0.011662,0.300101,-1.0,0.0405,7.026831,1.526831,0,0,0.0,0.0,1.0,0.5,0.300101
2026-09-29T23:14:14.445Z,LAT-00752-4963e9,ACID_FINE,2.7,ACCEPTABLE_CONTEXT,0.00409,OK,0.5546,A-1.0-ppr,7.0,-0.005,0.004286,0.010954,0.300104,1.0,0.0135,6.992554,1.492554,0,0,0.0,0.0,1.0,0.5,0.300104
2026-09-29T23:14:14.446Z,LAT-00753-b1cb83,BASE_FINE,3.7,ACCEPTABLE_CONTEXT,0.00409,OK,0.5509,A-1.0-ppr,6.992,-0.003,-0.007143,0.007483,0.300103,-1.0,0.0185,7.002981,1.502981,0,0,0.0,0.0,1.0,0.5,0.300103
2026-09-29T23:14:14.447Z,LAT-00754-719006,ACID_BULK,18.1,HARMFUL_CONTEXT,1.0,"PREDICTED_UNSAFE:a,b,d",0.2896,A-1.0-ppr,6.196,0.008,-0.002857,0.013565,0.300103,1.0,9.05,2.856992,-2.643008,0,0,0.0,0.0,1.0,0.5,0.300103
2026-09-29T23:14:14.448Z,LAT-00755-54b2f1,BASE_FINE,9.0,ACCEPTABLE_CONTEXT,0.00409,OK,0.572,A-1.0-ppr,7.004,0.001,-0.004286,0.004899,0.300102,-1.0,0.045,7.031687,1.531687,0,0,0.0,0.0,1.0,0.5,0.300102
2026-09-29T23:14:14.448Z,LAT-00756-a23990,ACID_FINE,0.9,ACCEPTABLE_CONTEXT,0.00409,OK,0.5395,A-1.0-ppr,6.998,-0.001,-0.007143,0.007483,0.300103,1.0,0.0045,6.995517,1.495517,0,0,0.0,0.0,1.0,0.5,0.300103
2026-09-29T23:14:14.449Z,LAT-00757-1169c7,BASE_FINE,5.4,ACCEPTABLE_CONTEXT,0.003849,OK,0.5754,A-1.0-ppr,7.01,0.003,-0.004286,0.006325,0.300111,-1.0,0.027,7.026703,1.526703,0,0,0.0,0.0,1.0,0.5,0.300111
2026-09-29T23:14:14.450Z,LAT-00758-84d10e,ACID_BULK,11.4,HARMFUL_CONTEXT,1.0,"PREDICTED_UNSAFE:a,b,d",0.2934,A-1.0-ppr,6.21,-0.002,0.005714,0.006325,0.300103,1.0,5.7,3.144361,-2.355639,0,0,0.0,0.0,1.0,0.5,0.300103
2026-09-29T23:14:14.450Z,LAT-00759-08c4f5,ACID_FINE,9.4,ACCEPTABLE_CONTEXT,0.00409,OK,0.5354,A-1.0-ppr,6.998,0.001,-0.001429,0.007483,0.3001,1.0,0.047,6.972362,1.472362,0,0,0.0,0.0,1.0,0.5,0.3001
2026-09-29T23:14:14.451Z,LAT-00760-39f438,ACID_BULK,13.8,HARMFUL_CONTEXT,1.0,"PREDICTED_UNSAFE:a,b,d",0.2943,A-1.0-ppr,6.194,-0.005,0.001429,0.010198,0.300101,1.0,6.9,3.015702,-2.484298,0,0,0.0,0.0,1.0,0.5,0.300101
2026-09-29T23:14:14.452Z,LAT-00761-519a49,ACID_FINE,5.4,ACCEPTABLE_CONTEXT,0.003572,OK,0.6176,A-1.0-ppr,7.004,0.005,-0.004286,0.008,0.3001,1.0,0.027,6.989112,1.489112,0,0,0.0,0.0,1.0,0.5,0.3001
2026-09-29T23:14:14.452Z,LAT-00762-9806fe,BASE_FINE,9.8,ACCEPTABLE_CONTEXT,0.00409,OK,0.5819,A-1.0-ppr,7.0,0.001,-0.01,0.008944,0.300105,-1.0,0.049,7.029991,1.529991,0,0,0.0,0.0,1.0,0.5,0.300105
2026-09-29T23:14:14.453Z,LAT-00763-40812e,ACID_BULK,15.9,HARMFUL_CONTEXT,1.0,"PREDICTED_UNSAFE:a,b,d",0.4138,A-1.0-ppr,6.202,-0.006,-0.0,0.011662,0.300195,1.0,7.95,2.932404,-2.567596,0,0,0.0,0.0,1.0,0.5,0.300195
2026-09-29T23:14:14.454Z,LAT-00764-d63cfe,ACID_BULK,18.0,HARMFUL_CONTEXT,1.0,"PREDICTED_UNSAFE:a,b,d",0.3256,A-1.0-ppr,6.2,-0.007,-0.001429,0.012649,0.300125,1.0,9.0,2.86081,-2.63919,0,0,0.0,0.0,1.0,0.5,0.300125
2026-09-29T23:14:14.454Z,LAT-00765-e1b45c,ACID_BULK,11.3,HARMFUL_CONTEXT,1.0,"PREDICTED_UNSAFE:a,b,d",0.2978,A-1.0-ppr,6.2,0.003,-0.007143,0.010954,0.300109,1.0,5.65,3.147023,-2.352977,0,0,0.0,0.0,1.0,0.5,0.300109
2026-09-29T23:14:14.455Z,LAT-00766-95970c,BASE_FINE,4.8,UNCERTAIN_CONTEXT,1.0,STALE_SAMPLE,0.2982,A-1.0-ppr,6.998,-0.002,-0.005714,0.011662,4.000124,-1.0,0.024,7.012464,1.512464,0,0,0.0,0.0,1.0,0.5,4.000124
2026-09-29T23:14:14.456Z,LAT-00767-3cb7b5,ACID_FINE,5.1,ACCEPTABLE_CONTEXT,0.00409,OK,0.7457,A-1.0-ppr,7.008,-0.003,0.001429,0.007483,0.300115,1.0,0.0255,6.993897,1.493897,0,0,0.0,0.0,1.0,0.5,0.300115
2026-09-29T23:14:14.457Z,LAT-00768-5bf172,BASE_FINE,8.1,ACCEPTABLE_CONTEXT,0.006187,OK,0.6365,A-1.0-ppr,3.496,-0.002,0.008571,0.008,0.300121,-1.0,0.0405,3.510068,-1.989932,0,0,0.0,0.0,1.0,0.5,0.300121
2026-09-29T23:14:14.458Z,LAT-00769-e21357,BASE_FINE,5.3,ACCEPTABLE_CONTEXT,0.00409,OK,0.5627,A-1.0-ppr,6.996,-0.008,-0.0,0.012,0.300111,-1.0,0.0265,7.011924,1.511924,0,0,0.0,0.0,1.0,0.5,0.300111
2026-09-29T23:14:14.458Z,LAT-00770-97b23d,BASE_FINE,7.5,ACCEPTABLE_CONTEXT,0.00409,OK,0.569,A-1.0-ppr,6.994,-0.004,0.011429,0.012,0.30011,-1.0,0.0375,7.016643,1.516643,0,0,0.0,0.0,1.0,0.5,0.30011
2026-09-29T23:14:14.459Z,LAT-00771-fb8677,ACID_BULK,14.7,HARMFUL_CONTEXT,1.0,"PREDICTED_UNSAFE:a,b,d",0.293,A-1.0-ppr,6.21,-0.004,-0.002857,0.014142,0.300109,1.0,7.35,2.980927,-2.519073,0,0,0.0,0.0,1.0,0.5,0.300109
2026-09-29T23:14:14.460Z,LAT-00772-d122d9,BASE_FINE,1.6,ACCEPTABLE_CONTEXT,0.00409,OK,0.5635,A-1.0-ppr,7.002,-0.002,0.002857,0.004,0.300106,-1.0,0.008,7.006747,1.506747,0,0,0.0,0.0,1.0,0.5,0.300106
2026-09-29T23:14:14.461Z,LAT-00773-1cf12e,BASE_FINE,9.0,ACCEPTABLE_CONTEXT,0.00409,OK,0.5829,A-1.0-ppr,7.004,-0.003,0.007143,0.012,0.300111,-1.0,0.045,7.031687,1.531687,0,0,0.0,0.0,1.0,0.5,0.300111
2026-09-29T23:14:14.461Z,LAT-00774-4cc54c,ACID_BULK,10.8,HARMFUL_CONTEXT,1.0,"PREDICTED_UNSAFE:a,b,d",0.2909,A-1.0-ppr,6.194,-0.001,0.01,0.010198,0.300105,1.0,5.4,3.176181,-2.323819,0,0,0.0,0.0,1.0,0.5,0.300105
2026-09-29T23:14:14.462Z,LAT-00775-dfb6b5,BASE_FINE,6.7,ACCEPTABLE_CONTEXT,0.00568,OK,0.5891,A-1.0-ppr,3.5,0.005,0.001429,0.008944,0.300104,-1.0,0.0335,3.511709,-1.988291,0,0,0.0,0.0,1.0,0.5,0.300104
2026-09-29T23:14:14.463Z,LAT-00776-86d086,ACID_FINE,4.7,ACCEPTABLE_CONTEXT,0.008733,OK,0.55,A-1.0-ppr,7.0,0.0,-0.0,0.0,0.300105,1.0,0.0235,6.987045,1.487045,0,0,0.0,0.0,1.0,0.5,0.300105
2026-09-29T23:14:14.463Z,LAT-00777-10a084,ACID_BULK,18.5,HARMFUL_CONTEXT,1.0,"PREDICTED_UNSAFE:a,b,d",0.2895,A-1.0-ppr,6.2,-0.003,-0.007143,0.010954,0.300105,1.0,9.25,2.845461,-2.654539,0,0,0.0,0.0,1.0,0.5,0.300105
2026-09-29T23:14:14.464Z,LAT-00778-5162f4,BASE_FINE,3.4,ACCEPTABLE_CONTEXT,0.003849,OK,0.5425,A-1.0-ppr,7.0,0.003,0.001429,0.008944,0.30011,-1.0,0.017,7.010217,1.510217,0,0,0.0,0.0,1.0,0.5,0.30011
2026-09-29T23:14:14.464Z,LAT-00779-2d29ad,BASE_FINE,4.4,UNCERTAIN_CONTEXT,1.0,STALE_SAMPLE,0.2787,A-1.0-ppr,7.006,0.0,0.005714,0.008,4.000104,-1.0,0.022,7.019572,1.519572,0,0,0.0,0.0,1.0,0.5,4.000104
2026-09-29T23:14:14.465Z,LAT-00780-362742,BASE_FINE,1.2,UNCERTAIN_CONTEXT,1.0,STALE_SAMPLE,0.2467,A-1.0-ppr,6.998,0.003,0.001429,0.007483,4.000104,-1.0,0.006,7.001562,1.501562,0,0,0.0,0.0,1.0,0.5,4.000104
2026-09-29T23:14:14.466Z,LAT-00781-b6da21,BASE_FINE,2.6,ACCEPTABLE_CONTEXT,0.006187,OK,0.5952,A-1.0-ppr,3.51,0.002,-0.005714,0.006325,0.300101,-1.0,0.013,3.51461,-1.98539,0,0,0.0,0.0,1.0,0.5,0.300101
2026-09-29T23:14:14.466Z,LAT-00782-185c88,ACID_FINE,9.9,ACCEPTABLE_CONTEXT,0.003572,OK,0.5537,A-1.0-ppr,6.996,0.004,-0.005714,0.008,0.300104,1.0,0.0495,6.96912,1.46912,0,0,0.0,0.0,1.0,0.5,0.300104
2026-09-29T23:14:14.467Z,LAT-00783-78cccb,BASE_FINE,5.3,ACCEPTABLE_CONTEXT,0.006187,OK,0.5845,A-1.0-ppr,3.5,0.002,-0.0,0.008944,0.300117,-1.0,0.0265,3.509239,-1.990761,0,0,0.0,0.0,1.0,0.5,0.300117
2026-09-29T23:14:14.468Z,LAT-00784-959783,ACID_BULK,13.4,HARMFUL_CONTEXT,1.0,"PREDICTED_UNSAFE:a,b,d",0.2941,A-1.0-ppr,6.196,-0.006,0.005714,0.012,0.300105,1.0,6.7,3.034496,-2.465504,0,0,0.0,0.0,1.0,0.5,0.300105
2026-09-29T23:14:14.468Z,LAT-00785-37031e,ACID_BULK,15.2,HARMFUL_CONTEXT,1.0,"PREDICTED_UNSAFE:a,b,d",0.2977,A-1.0-ppr,6.204,-0.001,-0.004286,0.004899,0.300105,1.0,7.6,2.959462,-2.540538,0,0,0.0,0.0,1.0,0.5,0.300105
2026-09-29T23:14:14.469Z,LAT-00786-beca2b,BASE_FINE,4.0,UNCERTAIN_CONTEXT,1.0,STALE_SAMPLE,0.2916,A-1.0-ppr,7.006,-0.003,-0.001429,0.004899,4.000107,-1.0,0.02,7.018335,1.518335,0,0,0.0,0.0,1.0,0.5,4.000107
2026-09-29T23:14:14.469Z,LAT-00787-6fc7c8,ACID_BULK,16.2,HARMFUL_CONTEXT,1.0,"PREDICTED_UNSAFE:a,b,d",0.3684,A-1.0-ppr,6.204,0.005,-0.004286,0.008,0.300108,1.0,8.1,2.921884,-2.578116,0,0,0.0,0.0,1.0,0.5,0.300108
2026-09-29T23:14:14.470Z,LAT-00788-5aacad,BASE_FINE,8.2,ACCEPTABLE_CONTEXT,0.003849,OK,0.7493,A-1.0-ppr,6.998,0.004,-0.005714,0.011662,0.300153,-1.0,0.041,7.022974,1.522974,0,0,0.0,0.0,1.0,0.5,0.300153
2026-09-29T23:14:14.471Z,LAT-00789-5d5421,ACID_BULK,11.5,HARMFUL_CONTEXT,1.0,"PREDICTED_UNSAFE:a,b,d",0.3948,A-1.0-ppr,6.194,0.0,0.005714,0.004899,0.300145,1.0,5.75,3.13308,-2.36692,0,0,0.0,0.0,1.0,0.5,0.300145
2026-09-29T23:14:14.472Z,LAT-00790-f798a4,ACID_FINE,1.3,ACCEPTABLE_CONTEXT,0.00409,OK,0.7212,A-1.0-ppr,7.004,-0.004,-0.0,0.008,0.300127,1.0,0.0065,7.000413,1.500413,0,0,0.0,0.0,1.0,0.5,0.300127
2026-09-29T23:14:14.473Z,LAT-00791-f85aaa,BASE_FINE,8.5,ACCEPTABLE_CONTEXT,0.00409,OK,0.6326,A-1.0-ppr,7.004,0.002,-0.0,0.004899,0.300131,-1.0,0.0425,7.030146,1.530146,0,0,0.0,0.0,1.0,0.5,0.300131
2026-09-29T23:14:14.474Z,LAT-00792-cebf2e,ACID_FINE,2.5,ACCEPTABLE_CONTEXT,0.003572,OK,0.5895,A-1.0-ppr,7.0,0.003,-0.001429,0.008944,0.30012,1.0,0.0125,6.993105,1.493105,0,0,0.0,0.0,1.0,0.5,0.30012
2026-09-29T23:14:14.475Z,LAT-00793-b75392,BASE_FINE,9.6,ACCEPTABLE_CONTEXT,0.006187,OK,0.6343,A-1.0-ppr,3.504,-0.002,0.005714,0.008,0.300112,-1.0,0.048,3.521016,-1.978984,0,0,0.0,0.0,1.0,0.5,0.300112
2026-09-29T23:14:14.476Z,LAT-00794-d275dd,BASE_FINE,4.4,ACCEPTABLE_CONTEXT,0.003849,OK,0.5585,A-1.0-ppr,7.0,0.007,-0.01,0.015492,0.30011,-1.0,0.022,7.013313,1.513313,0,0,0.0,0.0,1.0,0.5,0.30011
2026-09-29T23:14:14.476Z,LAT-00795-9280e7,BASE_FINE,6.7,ACCEPTABLE_CONTEXT,0.006187,OK,0.5907,A-1.0-ppr,3.494,-0.002,-0.008571,0.008,0.300106,-1.0,0.0335,3.505556,-1.994444,0,0,0.0,0.0,1.0,0.5,0.300106
2026-09-29T23:14:14.477Z,LAT-00796-ff76c6,ACID_FINE,1.7,ACCEPTABLE_CONTEXT,0.003663,OK,0.5713,A-1.0-ppr,7.012,0.004,-0.005714,0.009798,0.300119,1.0,0.0085,7.007099,1.507099,0,0,0.0,0.0,1.0,0.5,0.300119
2026-09-29T23:14:14.478Z,LAT-00797-9143da,BASE_FINE,9.3,ACCEPTABLE_CONTEXT,0.00568,OK,0.5897,A-1.0-ppr,3.504,0.005,-0.015714,0.016248,0.300104,-1.0,0.0465,3.520475,-1.979525,0,0,0.0,0.0,1.0,0.5,0.300104
2026-09-29T23:14:14.479Z,LAT-00798-978abf,BASE_FINE,8.6,ACCEPTABLE_CONTEXT,0.00409,OK,0.5417,A-1.0-ppr,6.996,-0.002,-0.0,0.004899,0.300104,-1.0,0.043,7.022125,1.522125,0,0,0.0,0.0,1.0,0.5,0.300104
2026-09-29T23:14:14.479Z,LAT-00799-94868a,ACID_BULK,12.6,HARMFUL_CONTEXT,1.0,"PREDICTED_UNSAFE:a,b,d",0.29,A-1.0-ppr,6.2,0.005,0.001429,0.008944,0.300103,1.0,6.3,3.074719,-2.425281,0,0,0.0,0.0,1.0,0.5,0.300103
2026-09-29T23:14:14.480Z,LAT-00800-109bfc,ACID_BULK,13.3,HARMFUL_CONTEXT,1.0,"PREDICTED_UNSAFE:a,b,d",0.285,A-1.0-ppr,6.202,0.002,0.008571,0.009798,0.300103,1.0,6.65,3.040797,-2.459203,0,0,0.0,0.0,1.0,0.5,0.300103
2026-09-29T23:14:14.480Z,LAT-00801-5df281,ACID_BULK,11.2,HARMFUL_CONTEXT,1.0,"PREDICTED_UNSAFE:a,b,d",0.2826,A-1.0-ppr,6.206,0.006,-0.0,0.013565,0.300102,1.0,5.6,3.15519,-2.34481,0,0,0.0,0.0,1.0,0.5,0.300102
2026-09-29T23:14:14.481Z,LAT-00802-79eeb6,BASE_FINE,2.8,UNCERTAIN_CONTEXT,1.0,STALE_SAMPLE,0.2836,A-1.0-ppr,7.004,-0.001,-0.001429,0.010198,4.000102,-1.0,0.014,7.012535,1.512535,0,0,0.0,0.0,1.0,0.5,4.000102
2026-09-29T23:14:14.481Z,LAT-00803-a128a4,ACID_BULK,18.3,HARMFUL_CONTEXT,1.0,"PREDICTED_UNSAFE:a,b,d",0.2807,A-1.0-ppr,6.196,-0.002,-0.002857,0.014967,0.300098,1.0,9.15,2.850841,-2.649159,0,0,0.0,0.0,1.0,0.5,0.300098
2026-09-29T23:14:14.482Z,LAT-00804-131491,ACID_BULK,12.8,HARMFUL_CONTEXT,1.0,"PREDICTED_UNSAFE:a,b,d",0.2768,A-1.0-ppr,6.198,0.003,0.001429,0.007483,0.300098,1.0,6.4,3.064025,-2.435975,0,0,0.0,0.0,1.0,0.5,0.300098
2026-09-29T23:14:14.483Z,LAT-00805-035236,ACID_FINE,5.0,ACCEPTABLE_CONTEXT,0.003572,OK,0.5918,A-1.0-ppr,7.002,0.006,-0.0,0.011662,0.300098,1.0,0.025,6.988216,1.488216,0,0,0.0,0.0,1.0,0.5,0.300098
2026-09-29T23:14:14.483Z,LAT-00806-faadc9,ACID_BULK,19.7,HARMFUL_CONTEXT,1.0,"PREDICTED_UNSAFE:a,b,d",0.3043,A-1.0-ppr,6.2,-0.004,-0.008571,0.010954,0.300104,1.0,9.85,2.810705,-2.689295,0,0,0.0,0.0,1.0,0.5,0.300104
2026-09-29T23:14:14.484Z,LAT-00807-40ef6a,ACID_FINE,2.8,ACCEPTABLE_CONTEXT,0.00409,OK,0.5405,A-1.0-ppr,6.998,0.001,0.004286,0.009798,0.300102,1.0,0.014,6.99028,1.49028,0,0,0.0,0.0,1.0,0.5,0.300102
2026-09-29T23:14:14.485Z,LAT-00808-181f6c,BASE_FINE,10.0,ACCEPTABLE_CONTEXT,0.00409,OK,0.552,A-1.0-ppr,6.998,-0.001,-0.004286,0.007483,0.300102,-1.0,0.05,7.028527,1.528527,0,0,0.0,0.0,1.0,0.5,0.300102
2026-09-29T23:14:14.485Z,LAT-00809-461983,BASE_FINE,4.9,UNCERTAIN_CONTEXT,1.0,STALE_SAMPLE,0.259,A-1.0-ppr,7.0,0.004,-0.002857,0.010954,4.000102,-1.0,0.0245,7.01486,1.51486,0,0,0.0,0.0,1.0,0.5,4.000102
2026-09-29T23:14:14.486Z,LAT-00810-476e9c,ACID_FINE,1.6,ACCEPTABLE_CONTEXT,0.00409,OK,0.5712,A-1.0-ppr,7.0,-0.001,0.012857,0.015492,0.3001,1.0,0.008,6.995586,1.495586,0,0,0.0,0.0,1.0,0.5,0.3001
2026-09-29T23:14:14.487Z,LAT-00811-0eea14,BASE_FINE,1.0,ACCEPTABLE_CONTEXT,0.00409,OK,0.7605,A-1.0-ppr,7.0,0.0,0.008571,0.008944,0.300165,-1.0,0.005,7.002968,1.502968,0,0,0.0,0.0,1.0,0.5,0.300165
2026-09-29T23:14:14.488Z,LAT-00812-bb26c5,ACID_FINE,2.1,ACCEPTABLE_CONTEXT,0.00409,OK,0.804,A-1.0-ppr,7.002,-0.003,-0.007143,0.007483,0.300133,1.0,0.0105,6.996207,1.496207,0,0,0.0,0.0,1.0,0.5,0.300133
2026-09-29T23:14:14.489Z,LAT-00813-353155,ACID_FINE,3.0,ACCEPTABLE_CONTEXT,0.00409,OK,0.7038,A-1.0-ppr,6.998,-0.004,-0.002857,0.007483,0.300136,1.0,0.015,6.989729,1.489729,0,0,0.0,0.0,1.0,0.5,0.300136
2026-09-29T23:14:14.490Z,LAT-00814-7e153b,BASE_FINE,2.5,UNCERTAIN_CONTEXT,1.0,STALE_SAMPLE,0.3117,A-1.0-ppr,7.0,-0.002,-0.008571,0.010954,4.000129,-1.0,0.0125,7.00743,1.50743,0,0,0.0,0.0,1.0,0.5,4.000129
2026-09-29T23:14:14.490Z,LAT-00815-8ab17f,BASE_FINE,6.2,ACCEPTABLE_CONTEXT,0.006187,OK,0.6485,A-1.0-ppr,3.494,-0.003,-0.004286,0.008,0.300114,-1.0,0.031,3.504684,-1.995316,0,0,0.0,0.0,1.0,0.5,0.300114
2026-09-29T23:14:14.491Z,LAT-00816-3c2e0e,ACID_FINE,0.6,ACCEPTABLE_CONTEXT,0.00409,OK,0.5728,A-1.0-ppr,6.996,-0.001,0.004286,0.004899,0.30011,1.0,0.003,6.994345,1.494345,0,0,0.0,0.0,1.0,0.5,0.30011
2026-09-29T23:14:14.492Z,LAT-00817-f34e25,ACID_FINE,1.5,ACCEPTABLE_CONTEXT,0.003572,OK,0.5667,A-1.0-ppr,6.994,0.005,0.001429,0.010198,0.300108,1.0,0.0075,6.989865,1.489865,0,0,0.0,0.0,1.0,0.5,0.300108
2026-09-29T23:14:14.493Z,LAT-00818-106f9b,BASE_FINE,2.4,UNCERTAIN_CONTEXT,1.0,STALE_SAMPLE,0.2823,A-1.0-ppr,7.002,0.003,0.001429,0.007483,4.000111,-1.0,0.012,7.009208,1.509208,0,0,0.0,0.0,1.0,0.5,4.000111
2026-09-29T23:14:14.493Z,LAT-00819-d50ed7,ACID_FINE,2.1,ACCEPTABLE_CONTEXT,0.003572,OK,0.5595,A-1.0-ppr,7.0,0.004,0.002857,0.012649,0.300103,1.0,0.0105,6.994208,1.494208,0,0,0.0,0.0,1.0,0.5,0.300103
2026-09-29T23:14:14.494Z,LAT-00820-d2e309,ACID_BULK,15.8,HARMFUL_CONTEXT,1.0,"PREDICTED_UNSAFE:a,b,d",0.2895,A-1.0-ppr,6.2,0.0,-0.005714,0.008944,0.300103,1.0,7.9,2.935688,-2.564312,0,0,0.0,0.0,1.0,0.5,0.300103
2026-09-29T23:14:14.494Z,LAT-00821-e1808f,BASE_FINE,3.7,UNCERTAIN_CONTEXT,1.0,STALE_SAMPLE,0.2567,A-1.0-ppr,6.996,-0.013,0.007143,0.024166,4.000103,-1.0,0.0185,7.006978,1.506978,0,0,0.0,0.0,1.0,0.5,4.000103
2026-09-29T23:14:14.495Z,LAT-00822-c75b6d,ACID_BULK,19.6,HARMFUL_CONTEXT,1.0,"PREDICTED_UNSAFE:a,b,d",0.2828,A-1.0-ppr,6.202,0.003,0.001429,0.007483,0.300101,1.0,9.8,2.813814,-2.686186,0,0,0.0,0.0,1.0,0.5,0.300101
2026-09-29T23:14:14.496Z,LAT-00823-f7eba8,BASE_FINE,3.2,ACCEPTABLE_CONTEXT,0.00409,OK,0.5507,A-1.0-ppr,6.99,-0.002,-0.011429,0.012649,0.300098,-1.0,0.016,6.999498,1.499498,0,0,0.0,0.0,1.0,0.5,0.300098
2026-09-29T23:14:14.496Z,LAT-00824-e386e6,ACID_BULK,11.9,HARMFUL_CONTEXT,1.0,"PREDICTED_UNSAFE:a,b,d",0.2862,A-1.0-ppr,6.2,0.001,0.01,0.008944,0.300101,1.0,5.95,3.112151,-2.387849,0,0,0.0,0.0,1.0,0.5,0.300101
2026-09-29T23:14:14.497Z,LAT-00825-cfb4d1,BASE_FINE,3.4,UNCERTAIN_CONTEXT,1.0,STALE_SAMPLE,0.2474,A-1.0-ppr,6.998,0.004,0.005714,0.009798,4.000183,-1.0,0.017,7.008129,1.508129,0,0,0.0,0.0,1.0,0.5,4.000183
2026-09-29T23:14:14.497Z,LAT-00826-19dc21,ACID_BULK,12.4,HARMFUL_CONTEXT,1.0,"PREDICTED_UNSAFE:a,b,d",0.281,A-1.0-ppr,6.196,0.0,-0.0,0.008,0.300101,1.0,6.2,3.0839,-2.4161,0,0,0.0,0.0,1.0,0.5,0.300101
2026-09-29T23:14:14.498Z,LAT-00827-a83e2c,ACID_BULK,13.9,HARMFUL_CONTEXT,1.0,"PREDICTED_UNSAFE:a,b,d",0.2783,A-1.0-ppr,6.206,0.0,-0.005714,0.004899,0.300098,1.0,6.95,3.014266,-2.485734,0,0,0.0,0.0,1.0,0.5,0.300098
2026-09-29T23:14:14.498Z,LAT-00828-d8d551,BASE_FINE,8.6,ACCEPTABLE_CONTEXT,0.00409,OK,0.5738,A-1.0-ppr,7.002,-0.002,0.002857,0.004,0.300099,-1.0,0.043,7.028373,1.528373,0,0,0.0,0.0,1.0,0.5,0.300099
2026-09-29T23:14:14.499Z,LAT-00829-5bd122,ACID_BULK,10.5,HARMFUL_CONTEXT,1.0,"PREDICTED_UNSAFE:a,b,d",0.288,A-1.0-ppr,6.198,-0.002,0.002857,0.007483,0.300103,1.0,5.25,3.1976,-2.3024,0,0,0.0,0.0,1.0,0.5,0.300103
2026-09-29T23:14:14.499Z,LAT-00830-b9de40,BASE_FINE,4.5,UNCERTAIN_CONTEXT,1.0,STALE_SAMPLE,0.2634,A-1.0-ppr,6.998,-0.003,0.001429,0.007483,4.000103,-1.0,0.0225,7.011535,1.511535,0,0,0.0,0.0,1.0,0.5,4.000103
2026-09-29T23:14:14.500Z,LAT-00831-4f06af,ACID_BULK,15.3,HARMFUL_CONTEXT,1.0,"PREDICTED_UNSAFE:a,b,d",0.3536,A-1.0-ppr,6.2,-0.004,-0.005714,0.008944,0.300101,1.0,7.65,2.954679,-2.545321,0,0,0.0,0.0,1.0,0.5,0.300101
2026-09-29T23:14:14.501Z,LAT-00832-d16baa,ACID_FINE,9.5,ACCEPTABLE_CONTEXT,0.003572,OK,0.5915,A-1.0-ppr,6.998,0.003,0.004286,0.011662,0.300131,1.0,0.0475,6.972097,1.472097,0,0,0.0,0.0,1.0,0.5,0.300131
2026-09-29T23:14:14.502Z,LAT-00833-a37127,ACID_FINE,4.9,ACCEPTABLE_CONTEXT,0.00409,OK,0.5721,A-1.0-ppr,7.0,-0.004,-0.0,0.006325,0.300113,1.0,0.0245,6.986494,1.486494,0,0,0.0,0.0,1.0,0.5,0.300113
2026-09-29T23:14:14.502Z,LAT-00834-12315f,BASE_FINE,3.5,ACCEPTABLE_CONTEXT,0.00409,OK,0.6065,A-1.0-ppr,7.006,0.002,-0.0,0.004899,0.300126,-1.0,0.0175,7.016788,1.516788,0,0,0.0,0.0,1.0,0.5,0.300126
2026-09-29T23:14:14.503Z,LAT-00835-0d454c,ACID_BULK,15.9,HARMFUL_CONTEXT,1.0,"PREDICTED_UNSAFE:a,b,d",0.3483,A-1.0-ppr,6.204,-0.004,-0.002857,0.008,0.300109,1.0,7.95,2.932819,-2.567181,0,0,0.0,0.0,1.0,0.5,0.300109
2026-09-29T23:14:14.504Z,LAT-00836-729c2d,BASE_FINE,2.5,ACCEPTABLE_CONTEXT,0.00409,OK,0.6388,A-1.0-ppr,7.004,-0.002,0.0,0.004899,0.300128,-1.0,0.0125,7.011606,1.511606,0,0,0.0,0.0,1.0,0.5,0.300128
2026-09-29T23:14:14.504Z,LAT-00837-eb2489,ACID_BULK,19.5,HARMFUL_CONTEXT,1.0,"PREDICTED_UNSAFE:a,b,d",0.3372,A-1.0-ppr,6.196,-0.006,-0.0,0.010198,0.300112,1.0,9.75,2.815667,-2.684333,0,0,0.0,0.0,1.0,0.5,0.300112
2026-09-29T23:14:14.505Z,LAT-00838-8de8db,BASE_FINE,2.6,UNCERTAIN_CONTEXT,1.0,STALE_SAMPLE,0.3107,A-1.0-ppr,7.002,0.007,0.007143,0.013266,4.000106,-1.0,0.013,7.009828,1.509828,0,0,0.0,0.0,1.0,0.5,4.000106
2026-09-29T23:14:14.506Z,LAT-00839-523aea,ACID_FINE,6.1,ACCEPTABLE_CONTEXT,0.00409,OK,0.6589,A-1.0-ppr,6.996,-0.003,0.007143,0.010198,0.300103,1.0,0.0305,6.979201,1.479201,0,0,0.0,0.0,1.0,0.5,0.300103
2026-09-29T23:14:14.507Z,LAT-00840-e7b789,ACID_FINE,5.4,ACCEPTABLE_CONTEXT,0.003572,OK,0.5727,A-1.0-ppr,6.998,0.005,-0.01,0.013266,0.30011,1.0,0.027,6.983122,1.483122,0,0,0.0,0.0,1.0,0.5,0.30011
2026-09-29T23:14:14.508Z,LAT-00841-cb005c,BASE_FINE,2.9,ACCEPTABLE_CONTEXT,0.003849,OK,0.5876,A-1.0-ppr,7.006,0.004,0.008571,0.010198,0.300109,-1.0,0.0145,7.014932,1.514932,0,0,0.0,0.0,1.0,0.5,0.300109
2026-09-29T23:14:14.508Z,LAT-00842-989cf9,ACID_FINE,3.3,ACCEPTABLE_CONTEXT,0.00409,OK,0.5444,A-1.0-ppr,6.998,0.002,0.005714,0.007483,0.300103,1.0,0.0165,6.988903,1.488903,0,0,0.0,0.0,1.0,0.5,0.300103
2026-09-29T23:14:14.509Z,LAT-00843-eb0ba0,ACID_BULK,18.3,HARMFUL_CONTEXT,1.0,"PREDICTED_UNSAFE:a,b,d",0.2903,A-1.0-ppr,6.2,-0.003,0.004286,0.006325,0.300104,1.0,9.15,2.851535,-2.648465,0,0,0.0,0.0,1.0,0.5,0.300104
2026-09-29T23:14:14.509Z,LAT-00844-9c2c18,BASE_FINE,4.7,UNCERTAIN_CONTEXT,1.0,STALE_SAMPLE,0.2613,A-1.0-ppr,6.996,-0.001,-0.001429,0.004899,4.000103,-1.0,0.0235,7.010067,1.510067,0,0,0.0,0.0,1.0,0.5,4.000103
2026-09-29T23:14:14.510Z,LAT-00845-f52abf,ACID_FINE,5.3,ACCEPTABLE_CONTEXT,0.00409,OK,0.5708,A-1.0-ppr,7.0,0.002,0.014286,0.012649,0.300102,1.0,0.0265,6.985394,1.485394,0,0,0.0,0.0,1.0,0.5,0.300102
2026-09-29T23:14:14.511Z,LAT-00846-742981,ACID_FINE,4.0,ACCEPTABLE_CONTEXT,0.00409,OK,0.5468,A-1.0-ppr,6.99,0.001,0.001429,0.006325,0.300103,1.0,0.02,6.978987,1.478987,0,0,0.0,0.0,1.0,0.5,0.300103
2026-09-29T23:14:14.511Z,LAT-00847-22e764,ACID_BULK,16.0,HARMFUL_CONTEXT,1.0,"PREDICTED_UNSAFE:a,b,d",0.289,A-1.0-ppr,6.204,-0.002,0.002857,0.008,0.300102,1.0,8.0,2.929143,-2.570857,0,0,0.0,0.0,1.0,0.5,0.300102
2026-09-29T23:14:14.512Z,LAT-00848-db9a47,ACID_BULK,10.0,HARMFUL_CONTEXT,1.0,"PREDICTED_UNSAFE:a,b,d",0.282,A-1.0-ppr,6.192,0.004,-0.0,0.009798,0.3001,1.0,5.0,3.230512,-2.269488,0,0,0.0,0.0,1.0,0.5,0.3001
2026-09-29T23:14:14.513Z,LAT-00849-817b79,BASE_FINE,1.3,ACCEPTABLE_CONTEXT,0.00409,OK,0.5659,A-1.0-ppr,7.002,-0.005,-0.007143,0.011662,0.300099,-1.0,0.0065,7.005857,1.505857,0,0,0.0,0.0,1.0,0.5,0.300099
2026-09-29T23:14:14.513Z,LAT-00850-22aa55,ACID_BULK,14.0,HARMFUL_CONTEXT,1.0,"PREDICTED_UNSAFE:a,b,d",0.2863,A-1.0-ppr,6.196,0.0,0.002857,0.004899,0.300104,1.0,7.0,3.007353,-2.492647,0,0,0.0,0.0,1.0,0.5,0.300104
2026-09-29T23:14:14.514Z,LAT-00851-be1339,BASE_FINE,3.4,ACCEPTABLE_CONTEXT,0.006187,OK,0.5896,A-1.0-ppr,3.506,-0.002,0.008571,0.008,0.3001,-1.0,0.017,3.511984,-1.988016,0,0,0.0,0.0,1.0,0.5,0.3001
2026-09-29T23:14:14.515Z,LAT-00852-47a114,BASE_FINE,2.0,ACCEPTABLE_CONTEXT,0.00409,OK,0.5382,A-1.0-ppr,6.996,0.0,-0.002857,0.010198,0.300102,-1.0,0.01,7.001936,1.501936,0,0,0.0,0.0,1.0,0.5,0.300102
2026-09-29T23:14:14.515Z,LAT-00853-8654e9,BASE_FINE,5.9,ACCEPTABLE_CONTEXT,0.00409,OK,0.536,A-1.0-ppr,6.996,0.002,-0.0,0.004899,0.300102,-1.0,0.0295,7.013781,1.513781,0,0,0.0,0.0,1.0,0.5,0.300102
2026-09-29T23:14:14.516Z,LAT-00854-b9e4d3,BASE_FINE,6.6,ACCEPTABLE_CONTEXT,0.00409,OK,0.5519,A-1.0-ppr,7.0,-0.002,0.008571,0.012649,0.300116,-1.0,0.033,7.020116,1.520116,0,0,0.0,0.0,1.0,0.5,0.300116
2026-09-29T23:14:14.517Z,LAT-00855-e6a35e,ACID_FINE,6.1,ACCEPTABLE_CONTEXT,0.00409,OK,0.55,A-1.0-ppr,6.99,0.001,-0.007143,0.010954,0.3001,1.0,0.0305,6.973406,1.473406,0,0,0.0,0.0,1.0,0.5,0.3001
2026-09-29T23:14:14.517Z,LAT-00856-29e9a6,ACID_BULK,10.1,HARMFUL_CONTEXT,1.0,"PREDICTED_UNSAFE:a,b,d",0.2862,A-1.0-ppr,6.198,0.002,-0.002857,0.004,0.300102,1.0,5.05,3.225699,-2.274301,0,0,0.0,0.0,1.0,0.5,0.300102
2026-09-29T23:14:14.518Z,LAT-00857-d2ecc9,BASE_FINE,1.2,ACCEPTABLE_CONTEXT,0.00409,OK,0.584,A-1.0-ppr,7.008,0.0,0.002857,0.004,0.300101,-1.0,0.006,7.011718,1.511718,0,0,0.0,0.0,1.0,0.5,0.300101
2026-09-29T23:14:14.519Z,LAT-00858-88344b,BASE_FINE,3.1,ACCEPTABLE_CONTEXT,0.00409,OK,0.544,A-1.0-ppr,6.996,-0.004,0.002857,0.008,0.300108,-1.0,0.0155,7.005199,1.505199,0,0,0.0,0.0,1.0,0.5,0.300108
2026-09-29T23:14:14.519Z,LAT-00859-5b35b8,BASE_FINE,2.7,UNCERTAIN_CONTEXT,1.0,STALE_SAMPLE,0.3176,A-1.0-ppr,7.006,0.0,0.002857,0.004899,4.000102,-1.0,0.0135,7.014313,1.514313,0,0,0.0,0.0,1.0,0.5,4.000102
2026-09-29T23:14:14.520Z,LAT-00860-c2ac56,ACID_FINE,5.6,ACCEPTABLE_CONTEXT,0.00409,OK,0.7223,A-1.0-ppr,7.006,0.001,0.001429,0.010198,0.300144,1.0,0.028,6.990559,1.490559,0,0,0.0,0.0,1.0,0.5,0.300144
2026-09-29T23:14:14.521Z,LAT-00861-f2e09e,BASE_FINE,5.5,ACCEPTABLE_CONTEXT,0.003849,OK,0.7505,A-1.0-ppr,7.0,0.008,-0.005714,0.012649,0.300115,-1.0,0.0275,7.016715,1.516715,0,0,0.0,0.0,1.0,0.5,0.300115
2026-09-29T23:14:14.522Z,LAT-00862-5b67c2,BASE_FINE,6.3,ACCEPTABLE_CONTEXT,0.00409,OK,0.6854,A-1.0-ppr,6.994,0.002,0.002857,0.008,0.300146,-1.0,0.0315,7.012932,1.512932,0,0,0.0,0.0,1.0,0.5,0.300146
2026-09-29T23:14:14.523Z,LAT-00863-fdfd06,ACID_BULK,17.8,HARMFUL_CONTEXT,1.0,"PREDICTED_UNSAFE:a,b,d",0.3399,A-1.0-ppr,6.196,0.002,-0.008571,0.012,0.300127,1.0,8.9,2.866386,-2.633614,0,0,0.0,0.0,1.0,0.5,0.300127
2026-09-29T23:14:14.524Z,LAT-00864-b4b62a,BASE_FINE,1.8,UNCERTAIN_CONTEXT,1.0,STALE_SAMPLE,0.329,A-1.0-ppr,7.004,-0.002,0.0,0.004899,4.000123,-1.0,0.009,7.009438,1.509438,0,0,0.0,0.0,1.0,0.5,4.000123
2026-09-29T23:14:14.524Z,LAT-00865-f517b3,BASE_FINE,1.5,UNCERTAIN_CONTEXT,1.0,STALE_SAMPLE,0.3083,A-1.0-ppr,7.008,-0.002,-0.008571,0.011662,4.000135,-1.0,0.0075,7.012647,1.512647,0,0,0.0,0.0,1.0,0.5,4.000135
2026-09-29T23:14:14.525Z,LAT-00866-0dcd26,BASE_FINE,2.7,UNCERTAIN_CONTEXT,1.0,STALE_SAMPLE,0.2917,A-1.0-ppr,7.008,0.0,-0.0,0.007483,4.000118,-1.0,0.0135,7.016362,1.516362,0,0,0.0,0.0,1.0,0.5,4.000118
2026-09-29T23:14:14.526Z,LAT-00867-1a0128,BASE_FINE,7.5,ACCEPTABLE_CONTEXT,0.00568,OK,0.656,A-1.0-ppr,3.504,0.003,0.001429,0.004899,0.300109,-1.0,0.0375,3.517242,-1.982758,0,0,0.0,0.0,1.0,0.5,0.300109
2026-09-29T23:14:14.526Z,LAT-00868-987d73,BASE_FINE,8.5,ACCEPTABLE_CONTEXT,0.006187,OK,0.6099,A-1.0-ppr,3.498,-0.008,0.002857,0.013266,0.300116,-1.0,0.0425,3.512838,-1.987162,0,0,0.0,0.0,1.0,0.5,0.300116
2026-09-29T23:14:14.527Z,LAT-00869-756fe2,ACID_FINE,8.4,ACCEPTABLE_CONTEXT,0.003572,OK,0.5811,A-1.0-ppr,7.004,0.004,0.0,0.008,0.300111,1.0,0.042,6.98086,1.48086,0,0,0.0,0.0,1.0,0.5,0.300111
2026-09-29T23:14:14.528Z,LAT-00870-9165cd,ACID_FINE,2.1,ACCEPTABLE_CONTEXT,0.00409,OK,0.5628,A-1.0-ppr,7.008,-0.002,-0.002857,0.004,0.300107,1.0,0.0105,7.002168,1.502168,0,0,0.0,0.0,1.0,0.5,0.300107
2026-09-29T23:14:14.529Z,LAT-00871-8d7b00,ACID_BULK,17.9,HARMFUL_CONTEXT,1.0,"PREDICTED_UNSAFE:a,b,d",0.289,A-1.0-ppr,6.202,0.001,-0.001429,0.004,0.300106,1.0,8.95,2.864302,-2.635698,0,0,0.0,0.0,1.0,0.5,0.300106
2026-09-29T23:14:14.529Z,LAT-00872-02bb48,ACID_BULK,10.5,HARMFUL_CONTEXT,1.0,"PREDICTED_UNSAFE:a,b,d",0.285,A-1.0-ppr,6.192,0.006,-0.0,0.011662,0.300104,1.0,5.25,3.195291,-2.304709,0,0,0.0,0.0,1.0,0.5,0.300104
2026-09-29T23:14:14.530Z,LAT-00873-1ed2ef,ACID_BULK,15.5,HARMFUL_CONTEXT,1.0,"PREDICTED_UNSAFE:a,b,d",0.2825,A-1.0-ppr,6.206,0.006,-0.005714,0.010198,0.300102,1.0,7.75,2.94827,-2.55173,0,0,0.0,0.0,1.0,0.5,0.300102
2026-09-29T23:14:14.530Z,LAT-00874-195aec,ACID_BULK,13.4,HARMFUL_CONTEXT,1.0,"PREDICTED_UNSAFE:a,b,d",0.2806,A-1.0-ppr,6.202,0.001,-0.001429,0.004,0.300101,1.0,6.7,3.036086,-2.463914,0,0,0.0,0.0,1.0,0.5,0.300101
2026-09-29T23:14:14.531Z,LAT-00875-004423,ACID_BULK,10.7,HARMFUL_CONTEXT,1.0,"PREDICTED_UNSAFE:a,b,d",0.2797,A-1.0-ppr,6.204,-0.002,-0.0,0.004899,0.3001,1.0,5.35,3.18644,-2.31356,0,0,0.0,0.0,1.0,0.5,0.3001
2026-09-29T23:14:14.531Z,LAT-00876-087bfc,ACID_FINE,6.9,ACCEPTABLE_CONTEXT,0.00409,OK,0.557,A-1.0-ppr,6.996,-0.001,-0.01,0.013565,0.300099,1.0,0.0345,6.977057,1.477057,0,0,0.0,0.0,1.0,0.5,0.300099
2026-09-29T23:14:14.532Z,LAT-00877-ac7a3e,ACID_BULK,13.1,HARMFUL_CONTEXT,1.0,"PREDICTED_UNSAFE:a,b,d",0.2893,A-1.0-ppr,6.2,-0.001,-0.004286,0.006325,0.300104,1.0,6.55,3.049831,-2.450169,0,0,0.0,0.0,1.0,0.5,0.300104
2026-09-29T23:14:14.532Z,LAT-00878-3b1f51,ACID_BULK,15.1,HARMFUL_CONTEXT,1.0,"PREDICTED_UNSAFE:a,b,d",0.2994,A-1.0-ppr,6.2,0.0,-0.008571,0.008944,0.300101,1.0,7.55,2.962515,-2.537485,0,0,0.0,0.0,1.0,0.5,0.300101
2026-09-29T23:14:14.533Z,LAT-00879-6cbf35,ACID_BULK,11.3,HARMFUL_CONTEXT,1.0,"PREDICTED_UNSAFE:a,b,d",0.3001,A-1.0-ppr,6.194,0.002,0.0,0.004899,0.300099,1.0,5.65,3.144963,-2.355037,0,0,0.0,0.0,1.0,0.5,0.300099
2026-09-29T23:14:14.534Z,LAT-00880-93b5d3,ACID_FINE,1.3,ACCEPTABLE_CONTEXT,0.003663,OK,0.6053,A-1.0-ppr,7.006,0.009,-0.001429,0.013565,0.300099,1.0,0.0065,7.002412,1.502412,0,0,0.0,0.0,1.0,0.5,0.300099
2026-09-29T23:14:14.534Z,LAT-00881-2f77cc,ACID_FINE,5.3,ACCEPTABLE_CONTEXT,0.00409,OK,0.5678,A-1.0-ppr,7.0,-0.006,-0.0,0.008944,0.300101,1.0,0.0265,6.985394,1.485394,0,0,0.0,0.0,1.0,0.5,0.300101
2026-09-29T23:14:14.535Z,LAT-00882-9cf2b0,ACID_FINE,9.1,ACCEPTABLE_CONTEXT,0.003572,OK,0.6008,A-1.0-ppr,6.99,0.004,-0.0,0.006325,0.300115,1.0,0.0455,6.965475,1.465475,0,0,0.0,0.0,1.0,0.5,0.300115
2026-09-29T23:14:14.536Z,LAT-00883-00bdd5,ACID_FINE,3.4,ACCEPTABLE_CONTEXT,0.00409,OK,0.6711,A-1.0-ppr,7.006,-0.001,0.007143,0.010198,0.300113,1.0,0.017,6.996621,1.496621,0,0,0.0,0.0,1.0,0.5,0.300113
2026-09-29T23:14:14.537Z,LAT-00884-5252ba,BASE_FINE,1.2,UNCERTAIN_CONTEXT,1.0,STALE_SAMPLE,0.3902,A-1.0-ppr,6.994,0.008,-0.008571,0.013565,4.000121,-1.0,0.006,6.997563,1.497563,0,0,0.0,0.0,1.0,0.5,4.000121
2026-09-29T23:14:14.537Z,LAT-00885-46c970,BASE_FINE,1.8,UNCERTAIN_CONTEXT,1.0,STALE_SAMPLE,0.281,A-1.0-ppr,6.988,0.0,-0.0,0.016,4.000123,-1.0,0.009,6.993344,1.493344,0,0,0.0,0.0,1.0,0.5,4.000123
2026-09-29T23:14:14.538Z,LAT-00886-619b66,BASE_FINE,4.6,ACCEPTABLE_CONTEXT,0.00409,OK,0.6646,A-1.0-ppr,7.002,-0.004,-0.005714,0.009798,0.300111,-1.0,0.023,7.016018,1.516018,0,0,0.0,0.0,1.0,0.5,0.300111
2026-09-29T23:14:14.539Z,LAT-00887-190fc6,ACID_BULK,17.5,HARMFUL_CONTEXT,1.0,"PREDICTED_UNSAFE:a,b,d",0.3633,A-1.0-ppr,6.198,0.009,0.004286,0.017205,0.300117,1.0,8.75,2.876357,-2.623643,0,0,0.0,0.0,1.0,0.5,0.300117
2026-09-29T23:14:14.540Z,LAT-00888-88a22c,BASE_FINE,6.3,ACCEPTABLE_CONTEXT,0.00409,OK,0.639,A-1.0-ppr,7.0,-0.001,0.001429,0.006325,0.300153,-1.0,0.0315,7.019189,1.519189,0,0,0.0,0.0,1.0,0.5,0.300153
2026-09-29T23:14:14.540Z,LAT-00889-37afa6,BASE_FINE,4.4,UNCERTAIN_CONTEXT,1.0,STALE_SAMPLE,0.282,A-1.0-ppr,7.0,0.005,-0.001429,0.008944,4.000127,-1.0,0.022,7.013313,1.513313,0,0,0.0,0.0,1.0,0.5,4.000127
2026-09-29T23:14:14.541Z,LAT-00890-8c08af,ACID_BULK,15.7,HARMFUL_CONTEXT,1.0,"PREDICTED_UNSAFE:a,b,d",0.3072,A-1.0-ppr,6.198,0.004,-0.002857,0.007483,0.300113,1.0,7.85,2.938996,-2.561004,0,0,0.0,0.0,1.0,0.5,0.300113
2026-09-29T23:14:14.541Z,LAT-00891-4bfc7f,ACID_BULK,10.7,HARMFUL_CONTEXT,1.0,"PREDICTED_UNSAFE:a,b,d",0.2878,A-1.0-ppr,6.2,-0.002,0.008571,0.010954,0.300109,1.0,5.35,3.184952,-2.315048,0,0,0.0,0.0,1.0,0.5,0.300109
2026-09-29T23:14:14.542Z,LAT-00892-b367e2,ACID_FINE,1.8,ACCEPTABLE_CONTEXT,0.00409,OK,0.549,A-1.0-ppr,6.998,0.0,0.002857,0.004,0.300103,1.0,0.009,6.993036,1.493036,0,0,0.0,0.0,1.0,0.5,0.300103
2026-09-29T23:14:14.543Z,LAT-00893-447e17,BASE_FINE,2.4,UNCERTAIN_CONTEXT,1.0,STALE_SAMPLE,0.2648,A-1.0-ppr,6.988,-0.004,-0.002857,0.007483,4.000109,-1.0,0.012,6.995125,1.495125,0,0,0.0,0.0,1.0,0.5,4.000109
2026-09-29T23:14:14.543Z,LAT-00894-f44305,ACID_BULK,19.4,HARMFUL_CONTEXT,1.0,"PREDICTED_UNSAFE:a,b,d",0.288,A-1.0-ppr,6.194,0.002,-0.002857,0.010198,0.300103,1.0,9.7,2.818167,-2.681833,0,0,0.0,0.0,1.0,0.5,0.300103
2026-09-29T23:14:14.544Z,LAT-00895-cc4ada,ACID_BULK,16.1,HARMFUL_CONTEXT,1.0,"PREDICTED_UNSAFE:a,b,d",0.281,A-1.0-ppr,6.194,0.004,0.008571,0.013565,0.300113,1.0,8.05,2.923447,-2.576553,0,0,0.0,0.0,1.0,0.5,0.300113
2026-09-29T23:14:14.544Z,LAT-00896-82c83e,BASE_FINE,2.4,ACCEPTABLE_CONTEXT,0.003849,OK,0.549,A-1.0-ppr,6.996,0.005,0.004286,0.008,0.300099,-1.0,0.012,7.003123,1.503123,0,0,0.0,0.0,1.0,0.5,0.300099
2026-09-29T23:14:14.545Z,LAT-00897-3e9a9f,BASE_FINE,7.7,ACCEPTABLE_CONTEXT,0.00409,OK,0.5815,A-1.0-ppr,7.004,0.001,0.004286,0.008,0.300102,-1.0,0.0385,7.027679,1.527679,0,0,0.0,0.0,1.0,0.5,0.300102
2026-09-29T23:14:14.546Z,LAT-00898-2b93c1,ACID_FINE,9.8,ACCEPTABLE_CONTEXT,0.003572,OK,0.5657,A-1.0-ppr,7.002,0.006,-0.008571,0.016,0.300108,1.0,0.049,6.975146,1.475146,0,0,0.0,0.0,1.0,0.5,0.300108
2026-09-29T23:14:14.546Z,LAT-00899-114171,ACID_BULK,16.8,HARMFUL_CONTEXT,1.0,"PREDICTED_UNSAFE:a,b,d",0.2871,A-1.0-ppr,6.196,-0.002,-0.0,0.004899,0.300101,1.0,8.4,2.899262,-2.600738,0,0,0.0,0.0,1.0,0.5,0.300101
2026-09-29T23:14:14.547Z,LAT-00900-f9048f,ACID_BULK,15.6,HARMFUL_CONTEXT,1.0,"PREDICTED_UNSAFE:a,b,d",0.2798,A-1.0-ppr,6.21,0.0,-0.0,0.0,0.3001,1.0,7.8,2.945304,-2.554696,0,0,0.0,0.0,1.0,0.5,0.3001
2026-09-29T23:14:14.548Z,LAT-00901-6a1f8c,ACID_BULK,16.5,HARMFUL_CONTEXT,1.0,"PREDICTED_UNSAFE:a,b,d",0.2805,A-1.0-ppr,6.198,-0.006,-0.002857,0.009798,0.300184,1.0,8.25,2.910032,-2.589968,0,0,0.0,0.0,1.0,0.5,0.300184
2026-09-29T23:14:14.548Z,LAT-00902-006b72,BASE_FINE,2.2,ACCEPTABLE_CONTEXT,0.00409,OK,0.5687,A-1.0-ppr,7.008,0.0,0.008571,0.011662,0.300099,-1.0,0.011,7.014814,1.514814,0,0,0.0,0.0,1.0,0.5,0.300099
2026-09-29T23:14:14.549Z,LAT-00903-23dad9,BASE_FINE,1.5,UNCERTAIN_CONTEXT,1.0,STALE_SAMPLE,0.2985,A-1.0-ppr,7.004,-0.002,0.0,0.004899,4.000101,-1.0,0.0075,7.008509,1.508509,0,0,0.0,0.0,1.0,0.5,4.000101
2026-09-29T23:14:14.550Z,LAT-00904-d2c60e,ACID_FINE,9.9,ACCEPTABLE_CONTEXT,0.00409,OK,0.583,A-1.0-ppr,7.006,0.0,-0.005714,0.004899,0.3001,1.0,0.0495,6.978733,1.478733,0,0,0.0,0.0,1.0,0.5,0.3001
2026-09-29T23:14:14.550Z,LAT-00905-d199ba,BASE_FINE,1.3,UNCERTAIN_CONTEXT,1.0,STALE_SAMPLE,0.276,A-1.0-ppr,7.002,-0.005,-0.001429,0.007483,4.000101,-1.0,0.0065,7.005857,1.505857,0,0,0.0,0.0,1.0,0.5,4.000101
2026-09-29T23:14:14.551Z,LAT-00906-cf94a6,BASE_FINE,8.1,ACCEPTABLE_CONTEXT,0.00409,OK,0.5351,A-1.0-ppr,6.998,-0.002,0.005714,0.007483,0.300103,-1.0,0.0405,7.022665,1.522665,0,0,0.0,0.0,1.0,0.5,0.300103
2026-09-29T23:14:14.551Z,LAT-00907-af41df,BASE_FINE,1.8,UNCERTAIN_CONTEXT,1.0,STALE_SAMPLE,0.2687,A-1.0-ppr,7.0,-0.002,0.005714,0.006325,4.000099,-1.0,0.009,7.005341,1.505341,0,0,0.0,0.0,1.0,0.5,4.000099
2026-09-29T23:14:14.552Z,LAT-00908-58e726,ACID_FINE,1.2,ACCEPTABLE_CONTEXT,0.003572,OK,0.5343,A-1.0-ppr,6.998,0.005,0.001429,0.007483,0.300103,1.0,0.006,6.99469,1.49469,0,0,0.0,0.0,1.0,0.5,0.300103
2026-09-29T23:14:14.553Z,LAT-00909-ab1515,ACID_FINE,8.0,ACCEPTABLE_CONTEXT,0.00409,OK,0.6226,A-1.0-ppr,7.004,0.001,0.001429,0.004899,0.30011,1.0,0.04,6.981959,1.481959,0,0,0.0,0.0,1.0,0.5,0.30011
2026-09-29T23:14:14.554Z,LAT-00910-4113cd,ACID_FINE,8.7,ACCEPTABLE_CONTEXT,0.00409,OK,0.66,A-1.0-ppr,6.992,-0.002,-0.002857,0.007483,0.300118,1.0,0.0435,6.968451,1.468451,0,0,0.0,0.0,1.0,0.5,0.300118
2026-09-29T23:14:14.555Z,LAT-00911-6b1d02,BASE_FINE,6.6,ACCEPTABLE_CONTEXT,0.00409,OK,0.6043,A-1.0-ppr,7.002,0.0,-0.0,0.007483,0.300106,-1.0,0.033,7.0222,1.5222,0,0,0.0,0.0,1.0,0.5,0.300106
2026-09-29T23:14:14.555Z,LAT-00912-522f18,BASE_FINE,4.8,ACCEPTABLE_CONTEXT,0.006187,OK,0.6008,A-1.0-ppr,3.498,-0.001,0.007143,0.007483,0.300106,-1.0,0.024,3.506324,-1.993676,0,0,0.0,0.0,1.0,0.5,0.300106
2026-09-29T23:14:14.556Z,LAT-00913-d1f926,BASE_FINE,7.9,ACCEPTABLE_CONTEXT,0.003849,OK,0.697,A-1.0-ppr,7.002,0.004,-0.008571,0.011662,0.300102,-1.0,0.0395,7.026214,1.526214,0,0,0.0,0.0,1.0,0.5,0.300102
2026-09-29T23:14:14.557Z,LAT-00914-685d15,BASE_FINE,2.4,UNCERTAIN_CONTEXT,1.0,STALE_SAMPLE,0.2989,A-1.0-ppr,7.002,0.003,-0.001429,0.009798,4.00012,-1.0,0.012,7.009208,1.509208,0,0,0.0,0.0,1.0,0.5,4.00012
2026-09-29T23:14:14.558Z,LAT-00915-0d7d3e,BASE_FINE,2.1,ACCEPTABLE_CONTEXT,0.006187,OK,0.594,A-1.0-ppr,3.506,-0.004,0.008571,0.013565,0.3001,-1.0,0.0105,3.509687,-1.990313,0,0,0.0,0.0,1.0,0.5,0.3001
2026-09-29T23:14:14.558Z,LAT-00916-fcf484,ACID_BULK,12.8,HARMFUL_CONTEXT,1.0,"PREDICTED_UNSAFE:a,b,d",0.2935,A-1.0-ppr,6.196,-0.003,-0.004286,0.013565,0.300102,1.0,6.4,3.063457,-2.436543,0,0,0.0,0.0,1.0,0.5,0.300102
2026-09-29T23:14:14.559Z,LAT-00917-0e48ac,ACID_FINE,5.9,ACCEPTABLE_CONTEXT,0.00409,OK,0.569,A-1.0-ppr,7.006,0.0,-0.0,0.008,0.300107,1.0,0.0295,6.989733,1.489733,0,0,0.0,0.0,1.0,0.5,0.300107
2026-09-29T23:14:14.560Z,LAT-00918-d5012c,BASE_FINE,8.5,ACCEPTABLE_CONTEXT,0.006187,OK,0.5906,A-1.0-ppr,3.498,-0.004,0.005714,0.009798,0.300099,-1.0,0.0425,3.512838,-1.987162,0,0,0.0,0.0,1.0,0.5,0.300099
2026-09-29T23:14:14.560Z,LAT-00919-6b1bcd,ACID_BULK,10.0,HARMFUL_CONTEXT,1.0,"PREDICTED_UNSAFE:a,b,d",0.2868,A-1.0-ppr,6.194,0.005,0.01,0.013565,0.300102,1.0,5.0,3.231338,-2.268662,0,0,0.0,0.0,1.0,0.5,0.300102
2026-09-29T23:14:14.561Z,LAT-00920-864064,BASE_FINE,4.5,UNCERTAIN_CONTEXT,1.0,STALE_SAMPLE,0.2733,A-1.0-ppr,7.002,-0.004,-0.002857,0.007483,4.0001,-1.0,0.0225,7.015709,1.515709,0,0,0.0,0.0,1.0,0.5,4.0001
2026-09-29T23:14:14.562Z,LAT-00921-d12bcb,ACID_FINE,3.1,ACCEPTABLE_CONTEXT,0.00409,OK,0.573,A-1.0-ppr,7.006,-0.007,-0.001429,0.010198,0.300098,1.0,0.0155,6.997448,1.497448,0,0,0.0,0.0,1.0,0.5,0.300098
2026-09-29T23:14:14.562Z,LAT-00922-9b7b09,BASE_FINE,3.1,UNCERTAIN_CONTEXT,1.0,STALE_SAMPLE,0.2567,A-1.0-ppr,7.0,0.004,-0.002857,0.010954,4.000099,-1.0,0.0155,7.009288,1.509288,0,0,0.0,0.0,1.0,0.5,4.000099
2026-09-29T23:14:14.562Z,LAT-00923-b020d4,ACID_BULK,11.4,HARMFUL_CONTEXT,1.0,"PREDICTED_UNSAFE:a,b,d",0.2815,A-1.0-ppr,6.204,0.003,-0.001429,0.010198,0.300098,1.0,5.7,3.142358,-2.357642,0,0,0.0,0.0,1.0,0.5,0.300098
2026-09-29T23:14:14.563Z,LAT-00924-99861c,BASE_FINE,4.5,UNCERTAIN_CONTEXT,1.0,STALE_SAMPLE,0.2525,A-1.0-ppr,7.0,-0.003,0.004286,0.006325,4.000099,-1.0,0.0225,7.013622,1.513622,0,0,0.0,0.0,1.0,0.5,4.000099
2026-09-29T23:14:14.563Z,LAT-00925-98ffa9,ACID_BULK,14.6,HARMFUL_CONTEXT,1.0,"PREDICTED_UNSAFE:a,b,d",0.2769,A-1.0-ppr,6.2,0.0,0.0,0.0,0.3001,1.0,7.3,2.98275,-2.51725,0,0,0.0,0.0,1.0,0.5,0.3001
2026-09-29T23:14:14.564Z,LAT-00926-a7c88e,ACID_BULK,12.3,HARMFUL_CONTEXT,1.0,"PREDICTED_UNSAFE:a,b,d",0.2773,A-1.0-ppr,6.204,-0.005,0.001429,0.010198,0.300097,1.0,6.15,3.091566,-2.408434,0,0,0.0,0.0,1.0,0.5,0.300097
2026-09-29T23:14:14.565Z,LAT-00927-3b47d3,ACID_FINE,9.5,ACCEPTABLE_CONTEXT,0.00409,OK,0.5654,A-1.0-ppr,7.008,0.001,-0.007143,0.007483,0.300098,1.0,0.0475,6.981789,1.481789,0,0,0.0,0.0,1.0,0.5,0.300098
2026-09-29T23:14:14.565Z,LAT-00928-c5028f,ACID_BULK,12.4,HARMFUL_CONTEXT,1.0,"PREDICTED_UNSAFE:a,b,d",0.2832,A-1.0-ppr,6.204,0.0,0.005714,0.004899,0.3001,1.0,6.2,3.086272,-2.413728,0,0,0.0,0.0,1.0,0.5,0.3001
2026-09-29T23:14:14.566Z,LAT-00929-a9c431,BASE_FINE,9.7,ACCEPTABLE_CONTEXT,0.003849,OK,0.5344,A-1.0-ppr,6.998,0.005,-0.01,0.013266,0.300098,-1.0,0.0485,7.027602,1.527602,0,0,0.0,0.0,1.0,0.5,0.300098
2026-09-29T23:14:14.567Z,LAT-00930-62fccb,ACID_FINE,3.3,ACCEPTABLE_CONTEXT,0.00409,OK,0.5837,A-1.0-ppr,7.006,0.001,-0.001429,0.004899,0.300103,1.0,0.0165,6.996896,1.496896,0,0,0.0,0.0,1.0,0.5,0.300103
2026-09-29T23:14:14.567Z,LAT-00931-3e7b10,ACID_FINE,9.8,ACCEPTABLE_CONTEXT,0.00409,OK,0.567,A-1.0-ppr,7.004,0.0,-0.002857,0.004899,0.300101,1.0,0.049,6.977067,1.477067,0,0,0.0,0.0,1.0,0.5,0.300101
2026-09-29T23:14:14.568Z,LAT-00932-8c0765,BASE_FINE,4.9,UNCERTAIN_CONTEXT,1.0,STALE_SAMPLE,0.2463,A-1.0-ppr,6.998,0.005,-0.007143,0.009798,4.000101,-1.0,0.0245,7.012773,1.512773,0,0,0.0,0.0,1.0,0.5,4.000101
2026-09-29T23:14:14.568Z,LAT-00933-769533,BASE_FINE,1.0,UNCERTAIN_CONTEXT,1.0,STALE_SAMPLE,0.2716,A-1.0-ppr,6.996,-0.002,-0.0,0.004899,4.0001,-1.0,0.005,6.998969,1.498969,0,0,0.0,0.0,1.0,0.5,4.0001
2026-09-29T23:14:14.569Z,LAT-00934-7107ce,ACID_FINE,7.5,ACCEPTABLE_CONTEXT,0.00409,OK,0.559,A-1.0-ppr,6.998,0.001,0.007143,0.007483,0.300106,1.0,0.0375,6.97739,1.47739,0,0,0.0,0.0,1.0,0.5,0.300106
2026-09-29T23:14:14.570Z,LAT-00935-4127e6,BASE_FINE,3.7,ACCEPTABLE_CONTEXT,0.00409,OK,0.8031,A-1.0-ppr,6.998,0.001,0.001429,0.004,0.300109,-1.0,0.0185,7.009058,1.509058,0,0,0.0,0.0,1.0,0.5,0.300109
2026-09-29T23:14:14.571Z,LAT-00936-16f2b4,ACID_BULK,19.1,HARMFUL_CONTEXT,1.0,"PREDICTED_UNSAFE:a,b,d",0.3345,A-1.0-ppr,6.2,0.0,0.0,0.0,0.300131,1.0,9.55,2.827733,-2.672267,0,0,0.0,0.0,1.0,0.5,0.300131
2026-09-29T23:14:14.571Z,LAT-00937-198403,ACID_BULK,19.1,HARMFUL_CONTEXT,1.0,"PREDICTED_UNSAFE:a,b,d",0.3665,A-1.0-ppr,6.2,-0.004,0.011429,0.012649,0.300114,1.0,9.55,2.827733,-2.672267,0,0,0.0,0.0,1.0,0.5,0.300114
2026-09-29T23:14:14.572Z,LAT-00938-bdfb2b,ACID_FINE,5.4,ACCEPTABLE_CONTEXT,0.00409,OK,0.6941,A-1.0-ppr,7.002,0.001,-0.004286,0.011662,0.300146,1.0,0.027,6.987115,1.487115,0,0,0.0,0.0,1.0,0.5,0.300146
2026-09-29T23:14:14.573Z,LAT-00939-1f9a9e,BASE_FINE,2.2,ACCEPTABLE_CONTEXT,0.006187,OK,0.6692,A-1.0-ppr,3.502,-0.004,-0.002857,0.007483,0.30012,-1.0,0.011,3.505831,-1.994169,0,0,0.0,0.0,1.0,0.5,0.30012
2026-09-29T23:14:14.574Z,LAT-00940-806a22,BASE_FINE,3.8,ACCEPTABLE_CONTEXT,0.00409,OK,0.5754,A-1.0-ppr,6.998,-0.007,-0.004286,0.011662,0.30011,-1.0,0.019,7.009368,1.509368,0,0,0.0,0.0,1.0,0.5,0.30011
2026-09-29T23:14:14.575Z,LAT-00941-c6ee84,BASE_FINE,4.0,ACCEPTABLE_CONTEXT,0.00409,OK,0.5723,A-1.0-ppr,6.996,-0.001,-0.001429,0.004899,0.300119,-1.0,0.02,7.0079,1.5079,0,0,0.0,0.0,1.0,0.5,0.300119
2026-09-29T23:14:14.576Z,LAT-00942-f70996,ACID_FINE,1.7,ACCEPTABLE_CONTEXT,0.00409,OK,0.574,A-1.0-ppr,7.002,-0.001,-0.004286,0.011662,0.300107,1.0,0.0085,6.99731,1.49731,0,0,0.0,0.0,1.0,0.5,0.300107
2026-09-29T23:14:14.576Z,LAT-00943-7360ae,BASE_FINE,4.4,UNCERTAIN_CONTEXT,1.0,STALE_SAMPLE,0.2704,A-1.0-ppr,6.994,0.001,0.001429,0.004899,4.000108,-1.0,0.022,7.007054,1.507054,0,0,0.0,0.0,1.0,0.5,4.000108
2026-09-29T23:14:14.577Z,LAT-00944-9403ca,BASE_FINE,3.3,UNCERTAIN_CONTEXT,1.0,STALE_SAMPLE,0.2805,A-1.0-ppr,6.996,0.001,-0.015714,0.013565,4.000105,-1.0,0.0165,7.005792,1.505792,0,0,0.0,0.0,1.0,0.5,4.000105
2026-09-29T23:14:14.578Z,LAT-00945-0e157c,ACID_FINE,7.6,ACCEPTABLE_CONTEXT,0.00409,OK,0.5775,A-1.0-ppr,7.006,-0.006,-0.005714,0.010198,0.300103,1.0,0.038,6.985055,1.485055,0,0,0.0,0.0,1.0,0.5,0.300103
2026-09-29T23:14:14.578Z,LAT-00946-a99185,BASE_FINE,1.8,UNCERTAIN_CONTEXT,1.0,STALE_SAMPLE,0.276,A-1.0-ppr,7.002,-0.002,0.002857,0.004,4.000102,-1.0,0.009,7.007349,1.507349,0,0,0.0,0.0,1.0,0.5,4.000102
2026-09-29T23:14:14.578Z,LAT-00947-a5237d,BASE_FINE,4.8,UNCERTAIN_CONTEXT,1.0,STALE_SAMPLE,0.2808,A-1.0-ppr,7.004,-0.001,0.004286,0.008,4.000103,-1.0,0.024,7.018722,1.518722,0,0,0.0,0.0,1.0,0.5,4.000103
2026-09-29T23:14:14.579Z,LAT-00948-52044b,ACID_FINE,4.7,ACCEPTABLE_CONTEXT,0.003572,OK,0.5457,A-1.0-ppr,6.998,0.004,0.002857,0.007483,0.3001,1.0,0.0235,6.985048,1.485048,0,0,0.0,0.0,1.0,0.5,0.3001
2026-09-29T23:14:14.580Z,LAT-00949-e4e55d,BASE_FINE,1.2,UNCERTAIN_CONTEXT,1.0,STALE_SAMPLE,0.2866,A-1.0-ppr,7.006,0.0,-0.011429,0.012,4.000101,-1.0,0.006,7.009668,1.509668,0,0,0.0,0.0,1.0,0.5,4.000101
2026-09-29T23:14:14.581Z,LAT-00950-5ebb62,ACID_FINE,5.5,ACCEPTABLE_CONTEXT,0.00409,OK,0.5726,A-1.0-ppr,7.004,-0.003,-0.004286,0.010198,0.300101,1.0,0.0275,6.988837,1.488837,0,0,0.0,0.0,1.0,0.5,0.300101
2026-09-29T23:14:14.581Z,LAT-00951-694e33,ACID_FINE,9.8,ACCEPTABLE_CONTEXT,0.003572,OK,0.5403,A-1.0-ppr,6.998,0.005,-0.007143,0.009798,0.300106,1.0,0.049,6.971304,1.471304,0,0,0.0,0.0,1.0,0.5,0.300106
2026-09-29T23:14:14.582Z,LAT-00952-e7c46e,BASE_FINE,3.6,UNCERTAIN_CONTEXT,1.0,STALE_SAMPLE,0.2501,A-1.0-ppr,6.998,0.0,0.002857,0.004,4.000103,-1.0,0.018,7.008749,1.508749,0,0,0.0,0.0,1.0,0.5,4.000103
2026-09-29T23:14:14.582Z,LAT-00953-ed60a2,ACID_FINE,3.0,ACCEPTABLE_CONTEXT,0.00409,OK,0.5564,A-1.0-ppr,6.996,0.001,-0.007143,0.008,0.300101,1.0,0.015,6.987731,1.487731,0,0,0.0,0.0,1.0,0.5,0.300101
2026-09-29T23:14:14.583Z,LAT-00954-12e24f,ACID_FINE,5.2,ACCEPTABLE_CONTEXT,0.00409,OK,0.5432,A-1.0-ppr,6.994,-0.002,-0.0,0.004899,0.300119,1.0,0.026,6.97968,1.47968,0,0,0.0,0.0,1.0,0.5,0.300119
2026-09-29T23:14:14.584Z,LAT-00955-d20ac3,BASE_FINE,4.7,UNCERTAIN_CONTEXT,1.0,STALE_SAMPLE,0.257,A-1.0-ppr,7.0,-0.003,-0.004286,0.006325,4.000101,-1.0,0.0235,7.014241,1.514241,0,0,0.0,0.0,1.0,0.5,4.000101
2026-09-29T23:14:14.584Z,LAT-00956-58a7e0,ACID_FINE,9.4,ACCEPTABLE_CONTEXT,0.00409,OK,0.5592,A-1.0-ppr,7.008,-0.003,0.001429,0.007483,0.300101,1.0,0.047,6.982064,1.482064,0,0,0.0,0.0,1.0,0.5,0.300101
2026-09-29T23:14:14.585Z,LAT-00957-ef3fb8,BASE_FINE,4.5,UNCERTAIN_CONTEXT,1.0,STALE_SAMPLE,0.2761,A-1.0-ppr,7.002,0.001,0.004286,0.007483,4.0001,-1.0,0.0225,7.015709,1.515709,0,0,0.0,0.0,1.0,0.5,4.0001
2026-09-29T23:14:14.586Z,LAT-00958-8c55fe,ACID_FINE,0.7,ACCEPTABLE_CONTEXT,0.00409,OK,0.571,A-1.0-ppr,7.004,-0.001,-0.01,0.010198,0.300099,1.0,0.0035,7.002068,1.502068,0,0,0.0,0.0,1.0,0.5,0.300099
2026-09-29T23:14:14.587Z,LAT-00959-3cf2fc,BASE_FINE,5.3,ACCEPTABLE_CONTEXT,0.00409,OK,0.6695,A-1.0-ppr,6.992,-0.003,-0.004286,0.011662,0.300101,-1.0,0.0265,7.00775,1.50775,0,0,0.0,0.0,1.0,0.5,0.300101
2026-09-29T23:14:14.587Z,LAT-00960-8cd5f0,BASE_FINE,2.3,ACCEPTABLE_CONTEXT,0.00409,OK,0.5484,A-1.0-ppr,6.996,-0.007,-0.001429,0.010198,0.300109,-1.0,0.0115,7.002826,1.502826,0,0,0.0,0.0,1.0,0.5,0.300109
2026-09-29T23:14:14.588Z,LAT-00961-8bd1ae,BASE_FINE,2.8,UNCERTAIN_CONTEXT,1.0,STALE_SAMPLE,0.3014,A-1.0-ppr,6.998,0.001,-0.007143,0.007483,4.000155,-1.0,0.014,7.006308,1.506308,0,0,0.0,0.0,1.0,0.5,4.000155
2026-09-29T23:14:14.589Z,LAT-00962-93f8e1,BASE_FINE,4.9,UNCERTAIN_CONTEXT,1.0,STALE_SAMPLE,0.2974,A-1.0-ppr,7.006,-0.002,0.002857,0.008,4.000103,-1.0,0.0245,7.021117,1.521117,0,0,0.0,0.0,1.0,0.5,4.000103
2026-09-29T23:14:14.589Z,LAT-00963-1349a4,BASE_FINE,9.7,ACCEPTABLE_CONTEXT,0.003849,OK,0.5977,A-1.0-ppr,7.006,0.003,-0.001429,0.004899,0.300101,-1.0,0.0485,7.035922,1.535922,0,0,0.0,0.0,1.0,0.5,0.300101
2026-09-29T23:14:14.590Z,LAT-00964-fb88ab,BASE_FINE,6.3,ACCEPTABLE_CONTEXT,0.008733,OK,0.5467,A-1.0-ppr,7.0,0.0,-0.0,0.0,0.300101,-1.0,0.0315,7.019189,1.519189,0,0,0.0,0.0,1.0,0.5,0.300101
2026-09-29T23:14:14.591Z,LAT-00965-ca9c3c,ACID_BULK,12.2,HARMFUL_CONTEXT,1.0,"PREDICTED_UNSAFE:a,b,d",0.2963,A-1.0-ppr,6.198,-0.001,0.01,0.011662,0.300101,1.0,6.1,3.095105,-2.404895,0,0,0.0,0.0,1.0,0.5,0.300101
2026-09-29T23:14:14.591Z,LAT-00966-5bf3c0,ACID_FINE,3.7,ACCEPTABLE_CONTEXT,0.003572,OK,0.5422,A-1.0-ppr,6.99,0.004,-0.0,0.006325,0.300099,1.0,0.0185,6.979812,1.479812,0,0,0.0,0.0,1.0,0.5,0.300099
2026-09-29T23:14:14.592Z,LAT-00967-622e6a,BASE_FINE,2.1,UNCERTAIN_CONTEXT,1.0,STALE_SAMPLE,0.2585,A-1.0-ppr,7.0,0.001,-0.001429,0.006325,4.0001,-1.0,0.0105,7.006231,1.506231,0,0,0.0,0.0,1.0,0.5,4.0001
2026-09-29T23:14:14.593Z,LAT-00968-4ab11e,ACID_FINE,2.3,ACCEPTABLE_CONTEXT,0.00409,OK,0.5663,A-1.0-ppr,7.004,0.002,-0.0,0.004899,0.300098,1.0,0.0115,6.997655,1.497655,0,0,0.0,0.0,1.0,0.5,0.300098
2026-09-29T23:14:14.593Z,LAT-00969-dfcda1,BASE_FINE,3.6,ACCEPTABLE_CONTEXT,0.00409,OK,0.5304,A-1.0-ppr,6.998,-0.002,-0.002857,0.013266,0.300099,-1.0,0.018,7.008749,1.508749,0,0,0.0,0.0,1.0,0.5,0.300099
2026-09-29T23:14:14.594Z,LAT-00970-c89fe6,BASE_FINE,3.6,UNCERTAIN_CONTEXT,1.0,STALE_SAMPLE,0.2777,A-1.0-ppr,7.002,-0.006,-0.002857,0.009798,4.000099,-1.0,0.018,7.012924,1.512924,0,0,0.0,0.0,1.0,0.5,4.000099
2026-09-29T23:14:14.595Z,LAT-00971-e3a37c,ACID_FINE,1.0,ACCEPTABLE_CONTEXT,0.00409,OK,0.5579,A-1.0-ppr,7.002,-0.002,0.002857,0.004,0.300099,1.0,0.005,6.999241,1.499241,0,0,0.0,0.0,1.0,0.5,0.300099
2026-09-29T23:14:14.595Z,LAT-00972-019ed5,ACID_BULK,10.9,HARMFUL_CONTEXT,1.0,"PREDICTED_UNSAFE:a,b,d",0.2843,A-1.0-ppr,6.198,-0.003,0.007143,0.007483,0.300101,1.0,5.45,3.171211,-2.328789,0,0,0.0,0.0,1.0,0.5,0.300101
2026-09-29T23:14:14.595Z,LAT-00973-b348c7,ACID_BULK,15.1,HARMFUL_CONTEXT,1.0,"PREDICTED_UNSAFE:a,b,d",0.2783,A-1.0-ppr,6.204,-0.009,-0.004286,0.013565,0.300099,1.0,7.55,2.963406,-2.536594,0,0,0.0,0.0,1.0,0.5,0.300099
2026-09-29T23:14:14.596Z,LAT-00974-a86b4e,BASE_FINE,4.6,ACCEPTABLE_CONTEXT,0.00568,OK,0.586,A-1.0-ppr,3.494,0.003,-0.01,0.010198,0.300099,-1.0,0.023,3.501904,-1.998096,0,0,0.0,0.0,1.0,0.5,0.300099
2026-09-29T23:14:14.597Z,LAT-00975-f18445,ACID_BULK,10.2,HARMFUL_CONTEXT,1.0,"PREDICTED_UNSAFE:a,b,d",0.329,A-1.0-ppr,6.208,0.005,0.001429,0.007483,0.300102,1.0,5.1,3.222526,-2.277474,0,0,0.0,0.0,1.0,0.5,0.300102
2026-09-29T23:14:14.597Z,LAT-00976-ac421d,BASE_FINE,2.0,UNCERTAIN_CONTEXT,1.0,STALE_SAMPLE,0.3211,A-1.0-ppr,7.0,-0.004,-0.0,0.006325,4.000139,-1.0,0.01,7.005934,1.505934,0,0,0.0,0.0,1.0,0.5,4.000139
2026-09-29T23:14:14.598Z,LAT-00977-4f1393,ACID_BULK,12.2,HARMFUL_CONTEXT,1.0,"PREDICTED_UNSAFE:a,b,d",0.293,A-1.0-ppr,6.198,-0.007,-0.001429,0.011662,0.300213,1.0,6.1,3.095105,-2.404895,0,0,0.0,0.0,1.0,0.5,0.300213
2026-09-29T23:14:14.599Z,LAT-00978-7dbdd4,BASE_FINE,8.5,ACCEPTABLE_CONTEXT,0.00409,OK,0.6414,A-1.0-ppr,6.994,-0.001,-0.001429,0.010198,0.300104,-1.0,0.0425,7.019733,1.519733,0,0,0.0,0.0,1.0,0.5,0.300104
2026-09-29T23:14:14.599Z,LAT-00979-4f92d3,ACID_BULK,10.7,HARMFUL_CONTEXT,1.0,"PREDICTED_UNSAFE:a,b,d",0.2878,A-1.0-ppr,6.202,-0.001,0.004286,0.007483,0.300106,1.0,5.35,3.185697,-2.314303,0,0,0.0,0.0,1.0,0.5,0.300106
2026-09-29T23:14:14.600Z,LAT-00980-d9b020,ACID_BULK,10.3,HARMFUL_CONTEXT,1.0,"PREDICTED_UNSAFE:a,b,d",0.3093,A-1.0-ppr,6.198,-0.001,-0.01,0.011662,0.3001,1.0,5.15,3.211422,-2.288578,0,0,0.0,0.0,1.0,0.5,0.3001
2026-09-29T23:14:14.601Z,LAT-00981-6d7352,ACID_FINE,5.0,ACCEPTABLE_CONTEXT,0.00409,OK,0.6782,A-1.0-ppr,7.0,-0.004,0.002857,0.012649,0.300095,1.0,0.025,6.986219,1.486219,0,0,0.0,0.0,1.0,0.5,0.300095
2026-09-29T23:14:14.602Z,LAT-00982-3ee015,ACID_FINE,6.9,ACCEPTABLE_CONTEXT,0.00409,OK,0.8479,A-1.0-ppr,7.002,0.002,0.008571,0.009798,0.3001,1.0,0.0345,6.982988,1.482988,0,0,0.0,0.0,1.0,0.5,0.3001
2026-09-29T23:14:14.603Z,LAT-00983-acad38,ACID_BULK,17.7,HARMFUL_CONTEXT,1.0,"PREDICTED_UNSAFE:a,b,d",0.4814,A-1.0-ppr,6.204,-0.002,-0.0,0.004899,0.300188,1.0,8.85,2.871009,-2.628991,0,0,0.0,0.0,1.0,0.5,0.300188
2026-09-29T23:14:14.604Z,LAT-00984-ba6ed9,BASE_FINE,3.3,ACCEPTABLE_CONTEXT,0.00568,OK,0.8506,A-1.0-ppr,3.504,0.003,0.001429,0.004899,0.300125,-1.0,0.0165,3.509782,-1.990218,0,0,0.0,0.0,1.0,0.5,0.300125
2026-09-29T23:14:14.605Z,LAT-00985-96a34f,BASE_FINE,4.5,ACCEPTABLE_CONTEXT,0.00568,OK,0.7382,A-1.0-ppr,3.512,0.003,-0.012857,0.013266,0.300122,-1.0,0.0225,3.520042,-1.979958,0,0,0.0,0.0,1.0,0.5,0.300122
2026-09-29T23:14:14.606Z,LAT-00986-d2f040,ACID_BULK,15.9,HARMFUL_CONTEXT,1.0,"PREDICTED_UNSAFE:a,b,d",0.3263,A-1.0-ppr,6.2,0.0,0.0,0.0,0.300115,1.0,7.95,2.931988,-2.568012,0,0,0.0,0.0,1.0,0.5,0.300115
2026-09-29T23:14:14.606Z,LAT-00987-9052eb,BASE_FINE,3.3,ACCEPTABLE_CONTEXT,0.00409,OK,0.6122,A-1.0-ppr,7.004,-0.005,-0.01,0.013565,0.30011,-1.0,0.0165,7.014082,1.514082,0,0,0.0,0.0,1.0,0.5,0.30011
2026-09-29T23:14:14.607Z,LAT-00988-76c58c,BASE_FINE,3.8,UNCERTAIN_CONTEXT,1.0,STALE_SAMPLE,0.3021,A-1.0-ppr,7.004,0.004,0.002857,0.013565,4.000105,-1.0,0.019,7.01563,1.51563,0,0,0.0,0.0,1.0,0.5,4.000105
2026-09-29T23:14:14.608Z,LAT-00989-a87062,ACID_FINE,2.7,ACCEPTABLE_CONTEXT,0.00409,OK,0.5934,A-1.0-ppr,7.002,0.001,-0.001429,0.011662,0.3001,1.0,0.0135,6.994553,1.494553,0,0,0.0,0.0,1.0,0.5,0.3001
2026-09-29T23:14:14.608Z,LAT-00990-7f540c,BASE_FINE,5.0,UNCERTAIN_CONTEXT,1.0,STALE_SAMPLE,0.2764,A-1.0-ppr,6.996,0.003,-0.001429,0.004899,4.000106,-1.0,0.025,7.010996,1.510996,0,0,0.0,0.0,1.0,0.5,4.000106
2026-09-29T23:14:14.609Z,LAT-00991-b51ff6,BASE_FINE,2.4,UNCERTAIN_CONTEXT,1.0,STALE_SAMPLE,0.2663,A-1.0-ppr,6.994,-0.002,0.005714,0.008,4.000105,-1.0,0.012,7.001124,1.501124,0,0,0.0,0.0,1.0,0.5,4.000105
2026-09-29T23:14:14.609Z,LAT-00992-13f4fb,ACID_BULK,16.8,HARMFUL_CONTEXT,1.0,"PREDICTED_UNSAFE:a,b,d",0.2879,A-1.0-ppr,6.194,0.0,-0.002857,0.004899,0.300101,1.0,8.4,2.898871,-2.601129,0,0,0.0,0.0,1.0,0.5,0.300101
2026-09-29T23:14:14.610Z,LAT-00993-d77da2,BASE_FINE,1.7,ACCEPTABLE_CONTEXT,0.00409,OK,0.5799,A-1.0-ppr,7.002,0.001,-0.001429,0.004,0.300097,-1.0,0.0085,7.007044,1.507044,0,0,0.0,0.0,1.0,0.5,0.300097
2026-09-29T23:14:14.610Z,LAT-00994-5fabb2,ACID_BULK,10.5,HARMFUL_CONTEXT,1.0,"PREDICTED_UNSAFE:a,b,d",0.2861,A-1.0-ppr,6.198,0.002,-0.002857,0.004,0.300105,1.0,5.25,3.1976,-2.3024,0,0,0.0,0.0,1.0,0.5,0.300105
2026-09-29T23:14:14.611Z,LAT-00995-7c0047,BASE_FINE,1.9,UNCERTAIN_CONTEXT,1.0,STALE_SAMPLE,0.2435,A-1.0-ppr,6.998,-0.001,-0.007143,0.007483,4.000099,-1.0,0.0095,7.003639,1.503639,0,0,0.0,0.0,1.0,0.5,4.000099
2026-09-29T23:14:14.612Z,LAT-00996-a5834c,BASE_FINE,4.6,ACCEPTABLE_CONTEXT,0.003849,OK,0.536,A-1.0-ppr,6.998,0.004,0.002857,0.007483,0.300097,-1.0,0.023,7.011845,1.511845,0,0,0.0,0.0,1.0,0.5,0.300097
2026-09-29T23:14:14.612Z,LAT-00997-8d7381,BASE_FINE,5.0,ACCEPTABLE_CONTEXT,0.00409,OK,0.5697,A-1.0-ppr,7.004,-0.003,0.004286,0.010198,0.3001,-1.0,0.025,7.019341,1.519341,0,0,0.0,0.0,1.0,0.5,0.3001
2026-09-29T23:14:14.613Z,LAT-00998-372e35,BASE_FINE,3.7,ACCEPTABLE_CONTEXT,0.00568,OK,0.5867,A-1.0-ppr,3.498,0.003,-0.004286,0.007483,0.300102,-1.0,0.0185,3.504404,-1.995596,0,0,0.0,0.0,1.0,0.5,0.300102
2026-09-29T23:14:14.614Z,LAT-00999-5f2c91,BASE_FINE,9.4,ACCEPTABLE_CONTEXT,0.006187,OK,0.5891,A-1.0-ppr,3.508,-0.003,0.001429,0.009798,0.3001,-1.0,0.047,3.524802,-1.975198,0,0,0.0,0.0,1.0,0.5,0.3001
2026-09-29T23:14:14.615Z,LAT-01000-ec42bb,ACID_FINE,2.5,ACCEPTABLE_CONTEXT,0.003572,OK,0.5435,A-1.0-ppr,7.0,0.005,0.001429,0.008944,0.300102,1.0,0.0125,6.993105,1.493105,0,0,0.0,0.0,1.0,0.5,0.300102
2026-09-29T23:14:14.769Z,LAT-01001-f3cc49,BASE_FINE,1.0,UNCERTAIN_CONTEXT,1.0,TIMEOUT,105.298,A-1.0-ppr,,,,,,,,,,,,,,,,
2026-09-29T23:14:14.870Z,LAT-01002-fb027a,BASE_FINE,1.0,UNCERTAIN_CONTEXT,1.0,TIMEOUT,101.4133,A-1.0-ppr,,,,,,,,,,,,,,,,
2026-09-29T23:14:14.976Z,LAT-01003-5a7e32,BASE_FINE,1.0,UNCERTAIN_CONTEXT,1.0,TIMEOUT,105.2297,A-1.0-ppr,,,,,,,,,,,,,,,,
