request,scenario,command_id,channel_id,dose_ml,tank_ph,gateway_decision,gateway_reason,model_a_label,model_a_score,model_a_latency_ms,gateway_latency_ms,decision_time_ms,received_utc,decided_utc
1,normal,LAT-00001-8bdcf0,ACID_FINE,8.9,7.0,ACCEPT,ACCEPTED,ACCEPTABLE_CONTEXT,0.003572,0.824,0.9687,1.0155,2026-09-29T23:14:13.924896Z,2026-09-29T23:14:13.925914Z
2,uncertain,LAT-00002-b8f633,BASE_FINE,1.6,7.0,REJECT,MODEL_A_BLOCK,UNCERTAIN_CONTEXT,1.0,0.3388,0.4321,0.4698,2026-09-29T23:14:13.926112Z,2026-09-29T23:14:13.926584Z
3,harmful,LAT-00003-9ce13d,ACID_BULK,16.4,6.2,REJECT,MODEL_A_BLOCK,HARMFUL_CONTEXT,1.0,0.3764,0.4511,0.4828,2026-09-29T23:14:13.926755Z,2026-09-29T23:14:13.927239Z
4,normal,LAT-00004-468e75,ACID_FINE,7.1,7.0,ACCEPT,ACCEPTED,ACCEPTABLE_CONTEXT,0.00409,0.6082,0.683,0.7153,2026-09-29T23:14:13.927410Z,2026-09-29T23:14:13.928126Z
5,normal,LAT-00005-f205c7,BASE_FINE,4.3,7.0,ACCEPT,ACCEPTED,ACCEPTABLE_CONTEXT,0.00409,0.652,0.7245,0.7557,2026-09-29T23:14:13.928288Z,2026-09-29T23:14:13.929045Z
6,normal,LAT-00006-aa1d5f,ACID_FINE,1.2,7.0,ACCEPT,ACCEPTED,ACCEPTABLE_CONTEXT,0.00409,0.5972,0.6667,0.696,2026-09-29T23:14:13.929202Z,2026-09-29T23:14:13.929899Z
7,harmful,LAT-00007-2c01ee,ACID_BULK,17.6,6.2,REJECT,MODEL_A_BLOCK,HARMFUL_CONTEXT,1.0,0.3096,0.374,0.4001,2026-09-29T23:14:13.930050Z,2026-09-29T23:14:13.930451Z
8,uncertain,LAT-00008-713e8d,BASE_FINE,4.3,7.0,REJECT,MODEL_A_BLOCK,UNCERTAIN_CONTEXT,1.0,0.2727,0.3337,0.3582,2026-09-29T23:14:13.930593Z,2026-09-29T23:14:13.930952Z
9,normal,LAT-00009-0958e5,ACID_FINE,7.6,7.0,ACCEPT,ACCEPTED,ACCEPTABLE_CONTEXT,0.00409,0.5835,0.6459,0.6715,2026-09-29T23:14:13.931089Z,2026-09-29T23:14:13.931761Z
10,harmful,LAT-00010-c79d99,ACID_BULK,16.8,6.2,REJECT,MODEL_A_BLOCK,HARMFUL_CONTEXT,1.0,0.298,0.3565,0.38,2026-09-29T23:14:13.931900Z,2026-09-29T23:14:13.932280Z
11,normal,LAT-00011-76f313,ACID_FINE,9.4,7.0,ACCEPT,ACCEPTED,ACCEPTABLE_CONTEXT,0.003572,0.6013,0.6655,0.6944,2026-09-29T23:14:13.932412Z,2026-09-29T23:14:13.933108Z
12,normal,LAT-00012-de9d66,ACID_FINE,4.9,7.0,ACCEPT,ACCEPTED,ACCEPTABLE_CONTEXT,0.003572,0.5798,0.6454,0.6732,2026-09-29T23:14:13.933258Z,2026-09-29T23:14:13.933932Z
13,normal,LAT-00013-3f0c70,BASE_FINE,0.5,7.0,ACCEPT,ACCEPTED,ACCEPTABLE_CONTEXT,0.003754,0.5778,0.6431,0.6692,2026-09-29T23:14:13.934077Z,2026-09-29T23:14:13.934747Z
14,harmful,LAT-00014-ec4057,ACID_BULK,17.7,6.2,REJECT,MODEL_A_BLOCK,HARMFUL_CONTEXT,1.0,0.3022,0.3631,0.3886,2026-09-29T23:14:13.934888Z,2026-09-29T23:14:13.935278Z
15,uncertain,LAT-00015-047a58,BASE_FINE,4.9,7.0,REJECT,MODEL_A_BLOCK,UNCERTAIN_CONTEXT,1.0,0.2867,0.345,0.369,2026-09-29T23:14:13.935414Z,2026-09-29T23:14:13.935784Z
16,harmful,LAT-00016-bf9942,ACID_BULK,12.3,6.2,REJECT,MODEL_A_BLOCK,HARMFUL_CONTEXT,1.0,0.2977,0.3677,0.3908,2026-09-29T23:14:13.935924Z,2026-09-29T23:14:13.936316Z
17,normal,LAT-00017-bc10ff,ACID_FINE,8.8,7.0,ACCEPT,ACCEPTED,ACCEPTABLE_CONTEXT,0.00409,0.8198,0.9033,0.9358,2026-09-29T23:14:13.936448Z,2026-09-29T23:14:13.937384Z
18,normal,LAT-00018-78da31,ACID_FINE,5.0,7.0,ACCEPT,ACCEPTED,ACCEPTABLE_CONTEXT,0.003572,0.6339,0.7018,0.7278,2026-09-29T23:14:13.937554Z,2026-09-29T23:14:13.938282Z
19,normal,LAT-00019-7cbaae,BASE_FINE,5.5,7.0,ACCEPT,ACCEPTED,ACCEPTABLE_CONTEXT,0.00409,0.6621,0.7927,0.8219,2026-09-29T23:14:13.938463Z,2026-09-29T23:14:13.939286Z
20,harmful,LAT-00020-d521aa,ACID_BULK,18.3,6.2,REJECT,MODEL_A_BLOCK,HARMFUL_CONTEXT,1.0,0.3204,0.384,0.4093,2026-09-29T23:14:13.939437Z,2026-09-29T23:14:13.939847Z
21,harmful,LAT-00021-bf210a,ACID_BULK,18.2,6.2,REJECT,MODEL_A_BLOCK,HARMFUL_CONTEXT,1.0,0.292,0.3505,0.3745,2026-09-29T23:14:13.939985Z,2026-09-29T23:14:13.940360Z
22,harmful,LAT-00022-13b6b7,ACID_BULK,12.4,6.2,REJECT,MODEL_A_BLOCK,HARMFUL_CONTEXT,1.0,0.2882,0.3524,0.3742,2026-09-29T23:14:13.940488Z,2026-09-29T23:14:13.940863Z
23,recovery,LAT-00023-b3dd04,BASE_FINE,3.7,3.5,ACCEPT,ACCEPTED,ACCEPTABLE_CONTEXT,0.00568,0.6329,0.6958,0.722,2026-09-29T23:14:13.940992Z,2026-09-29T23:14:13.941715Z
24,harmful,LAT-00024-7ef673,ACID_BULK,15.1,6.2,REJECT,MODEL_A_BLOCK,HARMFUL_CONTEXT,1.0,0.3054,0.3726,0.3973,2026-09-29T23:14:13.941855Z,2026-09-29T23:14:13.942254Z
25,uncertain,LAT-00025-fbc7c0,BASE_FINE,4.5,7.0,REJECT,MODEL_A_BLOCK,UNCERTAIN_CONTEXT,1.0,0.2639,0.3217,0.3449,2026-09-29T23:14:13.942386Z,2026-09-29T23:14:13.942732Z
26,harmful,LAT-00026-a696f0,ACID_BULK,11.2,6.2,REJECT,MODEL_A_BLOCK,HARMFUL_CONTEXT,1.0,0.2933,0.3495,0.3717,2026-09-29T23:14:13.942860Z,2026-09-29T23:14:13.943232Z
27,uncertain,LAT-00027-d6c0f7,BASE_FINE,1.0,7.0,REJECT,MODEL_A_BLOCK,UNCERTAIN_CONTEXT,1.0,0.2671,0.324,0.3464,2026-09-29T23:14:13.943360Z,2026-09-29T23:14:13.943707Z
28,normal,LAT-00028-6e086e,ACID_FINE,6.2,7.0,ACCEPT,ACCEPTED,ACCEPTABLE_CONTEXT,0.00409,0.5993,0.6577,0.6818,2026-09-29T23:14:13.943833Z,2026-09-29T23:14:13.944516Z
29,normal,LAT-00029-2e7295,ACID_FINE,2.3,7.0,ACCEPT,ACCEPTED,ACCEPTABLE_CONTEXT,0.00409,0.582,0.641,0.6647,2026-09-29T23:14:13.944645Z,2026-09-29T23:14:13.945310Z
30,normal,LAT-00030-383799,ACID_FINE,9.8,7.0,ACCEPT,ACCEPTED,ACCEPTABLE_CONTEXT,0.00409,0.5477,0.6047,0.6269,2026-09-29T23:14:13.945438Z,2026-09-29T23:14:13.946066Z
31,harmful,LAT-00031-c8b28e,ACID_BULK,17.7,6.2,REJECT,MODEL_A_BLOCK,HARMFUL_CONTEXT,1.0,0.288,0.3428,0.3649,2026-09-29T23:14:13.946191Z,2026-09-29T23:14:13.946557Z
32,normal,LAT-00032-0c01b9,BASE_FINE,6.6,7.0,ACCEPT,ACCEPTED,ACCEPTABLE_CONTEXT,0.00409,0.5651,0.6223,0.6454,2026-09-29T23:14:13.946680Z,2026-09-29T23:14:13.947326Z
33,normal,LAT-00033-ab03c6,ACID_FINE,4.1,7.0,ACCEPT,ACCEPTED,ACCEPTABLE_CONTEXT,0.00409,0.5763,0.6332,0.656,2026-09-29T23:14:13.947451Z,2026-09-29T23:14:13.948108Z
34,normal,LAT-00034-fef595,ACID_FINE,8.4,7.0,ACCEPT,ACCEPTED,ACCEPTABLE_CONTEXT,0.00409,0.5425,0.5995,0.622,2026-09-29T23:14:13.948234Z,2026-09-29T23:14:13.948857Z
35,normal,LAT-00035-badb67,ACID_FINE,0.9,7.0,ACCEPT,ACCEPTED,ACCEPTABLE_CONTEXT,0.00409,0.5397,0.606,0.6286,2026-09-29T23:14:13.948983Z,2026-09-29T23:14:13.949612Z
36,recovery,LAT-00036-50f2f5,BASE_FINE,9.8,3.5,ACCEPT,ACCEPTED,ACCEPTABLE_CONTEXT,0.006187,0.6028,0.6599,0.6827,2026-09-29T23:14:13.949738Z,2026-09-29T23:14:13.950421Z
37,normal,LAT-00037-9cc9bd,BASE_FINE,8.8,7.0,ACCEPT,ACCEPTED,ACCEPTABLE_CONTEXT,0.003849,0.5528,0.6085,0.6308,2026-09-29T23:14:13.950554Z,2026-09-29T23:14:13.951186Z
38,normal,LAT-00038-f2ff87,ACID_FINE,1.1,7.0,ACCEPT,ACCEPTED,ACCEPTABLE_CONTEXT,0.00409,0.5414,0.6037,0.6264,2026-09-29T23:14:13.951310Z,2026-09-29T23:14:13.951937Z
39,harmful,LAT-00039-3e60ec,ACID_BULK,17.2,6.2,REJECT,MODEL_A_BLOCK,HARMFUL_CONTEXT,1.0,0.3042,0.4006,0.4327,2026-09-29T23:14:13.952066Z,2026-09-29T23:14:13.952500Z
40,normal,LAT-00040-192641,BASE_FINE,2.6,7.0,ACCEPT,ACCEPTED,ACCEPTABLE_CONTEXT,0.003849,0.7425,0.8172,0.8495,2026-09-29T23:14:13.952627Z,2026-09-29T23:14:13.953478Z
41,normal,LAT-00041-e17548,BASE_FINE,5.1,7.0,ACCEPT,ACCEPTED,ACCEPTABLE_CONTEXT,0.00409,0.6762,0.7782,0.8096,2026-09-29T23:14:13.953669Z,2026-09-29T23:14:13.954480Z
42,normal,LAT-00042-8d5439,ACID_FINE,1.8,7.0,ACCEPT,ACCEPTED,ACCEPTABLE_CONTEXT,0.00409,0.6496,0.7419,0.7835,2026-09-29T23:14:13.954640Z,2026-09-29T23:14:13.955425Z
43,normal,LAT-00043-c5700a,BASE_FINE,6.2,7.0,ACCEPT,ACCEPTED,ACCEPTABLE_CONTEXT,0.00409,0.6739,0.7566,0.7883,2026-09-29T23:14:13.955632Z,2026-09-29T23:14:13.956422Z
44,uncertain,LAT-00044-5a755e,BASE_FINE,4.6,7.0,REJECT,MODEL_A_BLOCK,UNCERTAIN_CONTEXT,1.0,0.3256,0.3955,0.4224,2026-09-29T23:14:13.956591Z,2026-09-29T23:14:13.957014Z
45,uncertain,LAT-00045-651f0f,BASE_FINE,4.6,7.0,REJECT,MODEL_A_BLOCK,UNCERTAIN_CONTEXT,1.0,0.2892,0.3554,0.3815,2026-09-29T23:14:13.957157Z,2026-09-29T23:14:13.957539Z
46,recovery,LAT-00046-b561b8,BASE_FINE,5.3,3.5,ACCEPT,ACCEPTED,ACCEPTABLE_CONTEXT,0.006187,0.6705,0.7355,0.762,2026-09-29T23:14:13.957681Z,2026-09-29T23:14:13.958444Z
47,recovery,LAT-00047-d61008,BASE_FINE,8.9,3.5,ACCEPT,ACCEPTED,ACCEPTABLE_CONTEXT,0.006187,0.6262,0.6886,0.7132,2026-09-29T23:14:13.958589Z,2026-09-29T23:14:13.959303Z
48,normal,LAT-00048-507d45,BASE_FINE,4.3,7.0,ACCEPT,ACCEPTED,ACCEPTABLE_CONTEXT,0.00409,0.5648,0.6296,0.6544,2026-09-29T23:14:13.959440Z,2026-09-29T23:14:13.960095Z
49,recovery,LAT-00049-c8dd1a,BASE_FINE,3.8,3.5,ACCEPT,ACCEPTED,ACCEPTABLE_CONTEXT,0.006187,0.6277,0.6876,0.7117,2026-09-29T23:14:13.960229Z,2026-09-29T23:14:13.960942Z
50,normal,LAT-00050-8b2f78,BASE_FINE,9.7,7.0,ACCEPT,ACCEPTED,ACCEPTABLE_CONTEXT,0.003849,0.562,0.621,0.6449,2026-09-29T23:14:13.961075Z,2026-09-29T23:14:13.961720Z
51,normal,LAT-00051-344591,BASE_FINE,3.5,7.0,ACCEPT,ACCEPTED,ACCEPTABLE_CONTEXT,0.003849,0.5665,0.6251,0.6486,2026-09-29T23:14:13.961850Z,2026-09-29T23:14:13.962499Z
52,uncertain,LAT-00052-c45910,BASE_FINE,2.6,7.0,REJECT,MODEL_A_BLOCK,UNCERTAIN_CONTEXT,1.0,0.2614,0.3175,0.3403,2026-09-29T23:14:13.962628Z,2026-09-29T23:14:13.962969Z
53,recovery,LAT-00053-47795d,BASE_FINE,2.2,3.5,ACCEPT,ACCEPTED,ACCEPTABLE_CONTEXT,0.006187,0.5879,0.6451,0.6682,2026-09-29T23:14:13.963095Z,2026-09-29T23:14:13.963764Z
54,harmful,LAT-00054-2f6a7d,ACID_BULK,12.7,6.2,REJECT,MODEL_A_BLOCK,HARMFUL_CONTEXT,1.0,0.2959,0.3527,0.3753,2026-09-29T23:14:13.963891Z,2026-09-29T23:14:13.964268Z
55,normal,LAT-00055-18a15a,ACID_FINE,0.7,7.0,ACCEPT,ACCEPTED,ACCEPTABLE_CONTEXT,0.00409,0.5664,0.624,0.6474,2026-09-29T23:14:13.964394Z,2026-09-29T23:14:13.965042Z
56,harmful,LAT-00056-7856ff,ACID_BULK,10.5,6.2,REJECT,MODEL_A_BLOCK,HARMFUL_CONTEXT,1.0,0.2865,0.3428,0.3647,2026-09-29T23:14:13.965171Z,2026-09-29T23:14:13.965536Z
57,normal,LAT-00057-041ce8,BASE_FINE,2.4,7.0,ACCEPT,ACCEPTED,ACCEPTABLE_CONTEXT,0.00409,0.5704,0.6276,0.6504,2026-09-29T23:14:13.965662Z,2026-09-29T23:14:13.966313Z
58,harmful,LAT-00058-c264d7,ACID_BULK,12.0,6.2,REJECT,MODEL_A_BLOCK,HARMFUL_CONTEXT,1.0,0.2878,0.346,0.3695,2026-09-29T23:14:13.966440Z,2026-09-29T23:14:13.966810Z
59,normal,LAT-00059-618b35,BASE_FINE,4.0,7.0,ACCEPT,ACCEPTED,ACCEPTABLE_CONTEXT,0.00409,0.5768,0.6897,0.7132,2026-09-29T23:14:13.966936Z,2026-09-29T23:14:13.967650Z
60,normal,LAT-00060-514d63,ACID_FINE,2.8,7.0,ACCEPT,ACCEPTED,ACCEPTABLE_CONTEXT,0.00409,0.5602,0.6201,0.6429,2026-09-29T23:14:13.967778Z,2026-09-29T23:14:13.968422Z
61,recovery,LAT-00061-79a160,BASE_FINE,2.6,3.5,ACCEPT,ACCEPTED,ACCEPTABLE_CONTEXT,0.006187,0.5773,0.6372,0.6597,2026-09-29T23:14:13.968549Z,2026-09-29T23:14:13.969210Z
62,harmful,LAT-00062-02dd78,ACID_BULK,10.8,6.2,REJECT,MODEL_A_BLOCK,HARMFUL_CONTEXT,1.0,0.3228,0.3819,0.405,2026-09-29T23:14:13.969335Z,2026-09-29T23:14:13.969740Z
63,normal,LAT-00063-fefefc,BASE_FINE,1.1,7.0,ACCEPT,ACCEPTED,ACCEPTABLE_CONTEXT,0.00409,0.7292,0.8508,0.8839,2026-09-29T23:14:13.969869Z,2026-09-29T23:14:13.970753Z
64,harmful,LAT-00064-70e9ee,ACID_BULK,11.7,6.2,REJECT,MODEL_A_BLOCK,HARMFUL_CONTEXT,1.0,0.3873,0.4747,0.5163,2026-09-29T23:14:13.970931Z,2026-09-29T23:14:13.971448Z
65,uncertain,LAT-00065-3e5373,BASE_FINE,2.3,7.0,REJECT,MODEL_A_BLOCK,UNCERTAIN_CONTEXT,1.0,0.3368,0.4213,0.4533,2026-09-29T23:14:13.971785Z,2026-09-29T23:14:13.972240Z
66,normal,LAT-00066-ca00c3,ACID_FINE,7.8,7.0,ACCEPT,ACCEPTED,ACCEPTABLE_CONTEXT,0.003572,0.6908,0.7606,0.7893,2026-09-29T23:14:13.972417Z,2026-09-29T23:14:13.973207Z
67,harmful,LAT-00067-ac469e,ACID_BULK,11.2,6.2,REJECT,MODEL_A_BLOCK,HARMFUL_CONTEXT,1.0,0.3187,0.3844,0.4104,2026-09-29T23:14:13.973366Z,2026-09-29T23:14:13.973777Z
68,normal,LAT-00068-deee73,BASE_FINE,5.1,7.0,ACCEPT,ACCEPTED,ACCEPTABLE_CONTEXT,0.00409,0.641,0.7057,0.7314,2026-09-29T23:14:13.973920Z,2026-09-29T23:14:13.974653Z
69,harmful,LAT-00069-2e6c89,ACID_BULK,13.5,6.2,REJECT,MODEL_A_BLOCK,HARMFUL_CONTEXT,1.0,0.2959,0.3551,0.3807,2026-09-29T23:14:13.974796Z,2026-09-29T23:14:13.975177Z
70,harmful,LAT-00070-910f2c,ACID_BULK,14.6,6.2,REJECT,MODEL_A_BLOCK,HARMFUL_CONTEXT,1.0,0.2932,0.353,0.3765,2026-09-29T23:14:13.975312Z,2026-09-29T23:14:13.975689Z
71,normal,LAT-00071-7f92f1,BASE_FINE,4.2,7.0,ACCEPT,ACCEPTED,ACCEPTABLE_CONTEXT,0.00409,0.5656,0.6253,0.6494,2026-09-29T23:14:13.975823Z,2026-09-29T23:14:13.976473Z
72,recovery,LAT-00072-f9b203,BASE_FINE,9.3,3.5,ACCEPT,ACCEPTED,ACCEPTABLE_CONTEXT,0.00568,0.6144,0.673,0.697,2026-09-29T23:14:13.976606Z,2026-09-29T23:14:13.977303Z
73,uncertain,LAT-00073-23788b,BASE_FINE,1.7,7.0,REJECT,MODEL_A_BLOCK,UNCERTAIN_CONTEXT,1.0,0.2637,0.3201,0.3428,2026-09-29T23:14:13.977438Z,2026-09-29T23:14:13.977781Z
74,normal,LAT-00074-8cc9db,ACID_FINE,1.8,7.0,ACCEPT,ACCEPTED,ACCEPTABLE_CONTEXT,0.00409,0.5521,0.6115,0.6352,2026-09-29T23:14:13.977913Z,2026-09-29T23:14:13.978549Z
75,normal,LAT-00075-f755e2,BASE_FINE,3.8,7.0,ACCEPT,ACCEPTED,ACCEPTABLE_CONTEXT,0.00409,0.5453,0.6029,0.6258,2026-09-29T23:14:13.978680Z,2026-09-29T23:14:13.979307Z
76,normal,LAT-00076-21becc,ACID_FINE,8.8,7.0,ACCEPT,ACCEPTED,ACCEPTABLE_CONTEXT,0.00409,0.5451,0.6032,0.6263,2026-09-29T23:14:13.979436Z,2026-09-29T23:14:13.980064Z
77,normal,LAT-00077-a53ffb,ACID_FINE,5.0,7.0,ACCEPT,ACCEPTED,ACCEPTABLE_CONTEXT,0.003572,0.5653,0.6233,0.6465,2026-09-29T23:14:13.980191Z,2026-09-29T23:14:13.980839Z
78,harmful,LAT-00078-1037db,ACID_BULK,14.1,6.2,REJECT,MODEL_A_BLOCK,HARMFUL_CONTEXT,1.0,0.2892,0.3437,0.3664,2026-09-29T23:14:13.980967Z,2026-09-29T23:14:13.981334Z
79,uncertain,LAT-00079-310005,BASE_FINE,1.8,7.0,REJECT,MODEL_A_BLOCK,UNCERTAIN_CONTEXT,1.0,0.248,0.3592,0.3818,2026-09-29T23:14:13.981461Z,2026-09-29T23:14:13.981844Z
80,normal,LAT-00080-975c83,ACID_FINE,6.3,7.0,ACCEPT,ACCEPTED,ACCEPTABLE_CONTEXT,0.00409,0.5595,0.6176,0.6407,2026-09-29T23:14:13.981969Z,2026-09-29T23:14:13.982610Z
81,normal,LAT-00081-a57ba8,BASE_FINE,7.2,7.0,ACCEPT,ACCEPTED,ACCEPTABLE_CONTEXT,0.00409,0.556,0.613,0.6358,2026-09-29T23:14:13.982737Z,2026-09-29T23:14:13.983373Z
82,normal,LAT-00082-f39dc3,ACID_FINE,4.2,7.0,ACCEPT,ACCEPTED,ACCEPTABLE_CONTEXT,0.00409,0.5492,0.609,0.6314,2026-09-29T23:14:13.983503Z,2026-09-29T23:14:13.984135Z
83,harmful,LAT-00083-23df94,ACID_BULK,10.6,6.2,REJECT,MODEL_A_BLOCK,HARMFUL_CONTEXT,1.0,0.3053,0.3605,0.3825,2026-09-29T23:14:13.984273Z,2026-09-29T23:14:13.984656Z
84,recovery,LAT-00084-820d93,BASE_FINE,4.4,3.5,ACCEPT,ACCEPTED,ACCEPTABLE_CONTEXT,0.006187,0.5818,0.6415,0.6635,2026-09-29T23:14:13.984781Z,2026-09-29T23:14:13.985445Z
85,harmful,LAT-00085-c09768,ACID_BULK,16.0,6.2,REJECT,MODEL_A_BLOCK,HARMFUL_CONTEXT,1.0,0.312,0.3674,0.3887,2026-09-29T23:14:13.985570Z,2026-09-29T23:14:13.985960Z
86,uncertain,LAT-00086-1cb944,BASE_FINE,2.3,7.0,REJECT,MODEL_A_BLOCK,UNCERTAIN_CONTEXT,1.0,0.3245,0.4009,0.4344,2026-09-29T23:14:13.986083Z,2026-09-29T23:14:13.986518Z
87,normal,LAT-00087-0db7b4,BASE_FINE,2.7,7.0,ACCEPT,ACCEPTED,ACCEPTABLE_CONTEXT,0.00409,0.7678,0.8625,0.8964,2026-09-29T23:14:13.986731Z,2026-09-29T23:14:13.987628Z
88,normal,LAT-00088-af8496,BASE_FINE,4.9,7.0,ACCEPT,ACCEPTED,ACCEPTABLE_CONTEXT,0.00409,0.9623,1.0692,1.1134,2026-09-29T23:14:13.987804Z,2026-09-29T23:14:13.988919Z
89,harmful,LAT-00089-70f4ff,ACID_BULK,18.2,6.2,REJECT,MODEL_A_BLOCK,HARMFUL_CONTEXT,1.0,0.4024,0.4962,0.532,2026-09-29T23:14:13.989144Z,2026-09-29T23:14:13.989677Z
90,uncertain,LAT-00090-1a4525,BASE_FINE,4.9,7.0,REJECT,MODEL_A_BLOCK,UNCERTAIN_CONTEXT,1.0,0.3564,0.4455,0.4859,2026-09-29T23:14:13.989845Z,2026-09-29T23:14:13.990332Z
91,normal,LAT-00091-c2d6ab,BASE_FINE,0.8,7.0,ACCEPT,ACCEPTED,ACCEPTABLE_CONTEXT,0.00409,0.7739,0.8502,0.8798,2026-09-29T23:14:13.990518Z,2026-09-29T23:14:13.991398Z
92,normal,LAT-00092-76ca08,BASE_FINE,3.1,7.0,ACCEPT,ACCEPTED,ACCEPTABLE_CONTEXT,0.00409,0.5821,0.6545,0.682,2026-09-29T23:14:13.991555Z,2026-09-29T23:14:13.992238Z
93,normal,LAT-00093-ac4fa2,BASE_FINE,8.9,7.0,ACCEPT,ACCEPTED,ACCEPTABLE_CONTEXT,0.00409,0.64,0.7127,0.7459,2026-09-29T23:14:13.992387Z,2026-09-29T23:14:13.993134Z
94,normal,LAT-00094-c9def2,ACID_FINE,1.2,7.0,ACCEPT,ACCEPTED,ACCEPTABLE_CONTEXT,0.00409,0.5905,0.6623,0.6897,2026-09-29T23:14:13.993300Z,2026-09-29T23:14:13.993991Z
95,uncertain,LAT-00095-830dbc,BASE_FINE,1.6,7.0,REJECT,MODEL_A_BLOCK,UNCERTAIN_CONTEXT,1.0,0.2741,0.3365,0.362,2026-09-29T23:14:13.994137Z,2026-09-29T23:14:13.994500Z
96,recovery,LAT-00096-772bb9,BASE_FINE,5.5,3.5,ACCEPT,ACCEPTED,ACCEPTABLE_CONTEXT,0.006187,0.6098,0.6741,0.6998,2026-09-29T23:14:13.994639Z,2026-09-29T23:14:13.995339Z
97,recovery,LAT-00097-5b9316,BASE_FINE,6.5,3.5,ACCEPT,ACCEPTED,ACCEPTABLE_CONTEXT,0.009535,0.5941,0.6541,0.6786,2026-09-29T23:14:13.995474Z,2026-09-29T23:14:13.996154Z
98,harmful,LAT-00098-e0d3fe,ACID_BULK,11.5,6.2,REJECT,MODEL_A_BLOCK,HARMFUL_CONTEXT,1.0,0.2913,0.3495,0.3726,2026-09-29T23:14:13.996287Z,2026-09-29T23:14:13.996661Z
99,harmful,LAT-00099-c07f4e,ACID_BULK,10.2,6.2,REJECT,MODEL_A_BLOCK,HARMFUL_CONTEXT,1.0,0.2857,1.1826,1.2092,2026-09-29T23:14:13.996790Z,2026-09-29T23:14:13.998000Z
100,uncertain,LAT-00100-c75dec,BASE_FINE,2.6,7.0,REJECT,MODEL_A_BLOCK,UNCERTAIN_CONTEXT,1.0,0.2542,0.3133,0.336,2026-09-29T23:14:13.998131Z,2026-09-29T23:14:13.998467Z
101,normal,LAT-00101-aedfc3,BASE_FINE,8.1,7.0,ACCEPT,ACCEPTED,ACCEPTABLE_CONTEXT,0.00409,0.5741,0.6335,0.6567,2026-09-29T23:14:13.998595Z,2026-09-29T23:14:13.999253Z
102,normal,LAT-00102-c0f5c1,BASE_FINE,6.5,7.0,ACCEPT,ACCEPTED,ACCEPTABLE_CONTEXT,0.003849,0.5368,0.5951,0.6182,2026-09-29T23:14:13.999381Z,2026-09-29T23:14:14.000000Z
103,harmful,LAT-00103-45c69a,ACID_BULK,15.8,6.2,REJECT,MODEL_A_BLOCK,HARMFUL_CONTEXT,1.0,0.292,0.3572,0.38,2026-09-29T23:14:14.000129Z,2026-09-29T23:14:14.000510Z
104,harmful,LAT-00104-9979b9,ACID_BULK,18.7,6.2,REJECT,MODEL_A_BLOCK,HARMFUL_CONTEXT,1.0,0.2883,0.3444,0.3663,2026-09-29T23:14:14.000647Z,2026-09-29T23:14:14.001014Z
105,normal,LAT-00105-cbd820,ACID_FINE,8.4,7.0,ACCEPT,ACCEPTED,ACCEPTABLE_CONTEXT,0.00409,0.5528,0.6108,0.6335,2026-09-29T23:14:14.001140Z,2026-09-29T23:14:14.001775Z
106,normal,LAT-00106-b19c7e,BASE_FINE,5.2,7.0,ACCEPT,ACCEPTED,ACCEPTABLE_CONTEXT,0.00409,0.5365,0.5951,0.6176,2026-09-29T23:14:14.001904Z,2026-09-29T23:14:14.002523Z
107,uncertain,LAT-00107-bca912,BASE_FINE,4.2,7.0,REJECT,MODEL_A_BLOCK,UNCERTAIN_CONTEXT,1.0,0.3017,0.3619,0.3872,2026-09-29T23:14:14.002651Z,2026-09-29T23:14:14.003039Z
108,normal,LAT-00108-b14282,ACID_FINE,9.6,7.0,ACCEPT,ACCEPTED,ACCEPTABLE_CONTEXT,0.003572,0.7757,0.8543,0.8828,2026-09-29T23:14:14.003179Z,2026-09-29T23:14:14.004062Z
109,normal,LAT-00109-d5e22a,ACID_FINE,3.1,7.0,ACCEPT,ACCEPTED,ACCEPTABLE_CONTEXT,0.00409,0.5901,0.6555,0.6801,2026-09-29T23:14:14.004219Z,2026-09-29T23:14:14.004900Z
110,harmful,LAT-00110-8abb05,ACID_BULK,14.0,6.2,REJECT,MODEL_A_BLOCK,HARMFUL_CONTEXT,1.0,0.3097,0.409,0.4317,2026-09-29T23:14:14.005040Z,2026-09-29T23:14:14.005473Z
111,normal,LAT-00111-904a5f,ACID_FINE,0.6,7.0,ACCEPT,ACCEPTED,ACCEPTABLE_CONTEXT,0.00409,0.5763,0.6375,0.6601,2026-09-29T23:14:14.005604Z,2026-09-29T23:14:14.006265Z
112,harmful,LAT-00112-a8ece9,ACID_BULK,16.8,6.2,REJECT,MODEL_A_BLOCK,HARMFUL_CONTEXT,1.0,0.2953,0.3555,0.3772,2026-09-29T23:14:14.006402Z,2026-09-29T23:14:14.006779Z
113,recovery,LAT-00113-52e5a0,BASE_FINE,6.9,3.5,ACCEPT,ACCEPTED,ACCEPTABLE_CONTEXT,0.006187,0.6214,0.6822,0.7045,2026-09-29T23:14:14.006906Z,2026-09-29T23:14:14.007612Z
114,normal,LAT-00114-84cc8d,ACID_FINE,3.3,7.0,ACCEPT,ACCEPTED,ACCEPTABLE_CONTEXT,0.00409,0.5862,0.6444,0.6664,2026-09-29T23:14:14.007739Z,2026-09-29T23:14:14.008407Z
115,uncertain,LAT-00115-5a48bf,BASE_FINE,2.6,7.0,REJECT,MODEL_A_BLOCK,UNCERTAIN_CONTEXT,1.0,0.2881,0.3467,0.3682,2026-09-29T23:14:14.008548Z,2026-09-29T23:14:14.008917Z
116,normal,LAT-00116-9df3fd,BASE_FINE,4.7,7.0,ACCEPT,ACCEPTED,ACCEPTABLE_CONTEXT,0.00409,0.5315,0.5886,0.6103,2026-09-29T23:14:14.009049Z,2026-09-29T23:14:14.009660Z
117,uncertain,LAT-00117-ef0068,BASE_FINE,3.5,7.0,REJECT,MODEL_A_BLOCK,UNCERTAIN_CONTEXT,1.0,0.3308,0.3989,0.4299,2026-09-29T23:14:14.009787Z,2026-09-29T23:14:14.010218Z
118,normal,LAT-00118-5d3f79,BASE_FINE,3.8,7.0,ACCEPT,ACCEPTED,ACCEPTABLE_CONTEXT,0.00409,0.5795,0.6574,0.6839,2026-09-29T23:14:14.010381Z,2026-09-29T23:14:14.011066Z
119,uncertain,LAT-00119-2b144e,BASE_FINE,1.9,7.0,REJECT,MODEL_A_BLOCK,UNCERTAIN_CONTEXT,1.0,0.2697,0.3826,0.4077,2026-09-29T23:14:14.011212Z,2026-09-29T23:14:14.011621Z
120,recovery,LAT-00120-05fa72,BASE_FINE,2.5,3.5,ACCEPT,ACCEPTED,ACCEPTABLE_CONTEXT,0.006187,0.6094,0.6731,0.6983,2026-09-29T23:14:14.011759Z,2026-09-29T23:14:14.012458Z
121,recovery,LAT-00121-adb3e4,BASE_FINE,6.1,3.5,ACCEPT,ACCEPTED,ACCEPTABLE_CONTEXT,0.00568,0.5923,0.656,0.6818,2026-09-29T23:14:14.012596Z,2026-09-29T23:14:14.013279Z
122,normal,LAT-00122-0253d3,BASE_FINE,0.6,7.0,ACCEPT,ACCEPTED,ACCEPTABLE_CONTEXT,0.00409,0.5547,0.6151,0.6393,2026-09-29T23:14:14.013414Z,2026-09-29T23:14:14.014055Z
123,normal,LAT-00123-b0ba53,ACID_FINE,4.6,7.0,ACCEPT,ACCEPTED,ACCEPTABLE_CONTEXT,0.00409,0.5471,0.6062,0.6299,2026-09-29T23:14:14.014186Z,2026-09-29T23:14:14.014817Z
124,uncertain,LAT-00124-fda945,BASE_FINE,4.5,7.0,REJECT,MODEL_A_BLOCK,UNCERTAIN_CONTEXT,1.0,0.2694,0.3312,0.3542,2026-09-29T23:14:14.014948Z,2026-09-29T23:14:14.015303Z
125,uncertain,LAT-00125-dae248,BASE_FINE,3.8,7.0,REJECT,MODEL_A_BLOCK,UNCERTAIN_CONTEXT,1.0,0.2481,0.3106,0.3328,2026-09-29T23:14:14.015433Z,2026-09-29T23:14:14.015767Z
126,normal,LAT-00126-15d7ab,ACID_FINE,6.8,7.0,ACCEPT,ACCEPTED,ACCEPTABLE_CONTEXT,0.00409,0.5592,0.6167,0.6393,2026-09-29T23:14:14.015895Z,2026-09-29T23:14:14.016536Z
127,recovery,LAT-00127-473b03,BASE_FINE,4.9,3.5,ACCEPT,ACCEPTED,ACCEPTABLE_CONTEXT,0.006187,0.5842,0.6436,0.666,2026-09-29T23:14:14.016664Z,2026-09-29T23:14:14.017330Z
128,harmful,LAT-00128-32f1c7,ACID_BULK,11.8,6.2,REJECT,MODEL_A_BLOCK,HARMFUL_CONTEXT,1.0,0.3004,0.359,0.381,2026-09-29T23:14:14.017463Z,2026-09-29T23:14:14.017844Z
129,harmful,LAT-00129-39fe24,ACID_BULK,17.9,6.2,REJECT,MODEL_A_BLOCK,HARMFUL_CONTEXT,1.0,0.2836,0.3391,0.3783,2026-09-29T23:14:14.017969Z,2026-09-29T23:14:14.018348Z
130,normal,LAT-00130-0fa3eb,BASE_FINE,5.1,7.0,ACCEPT,ACCEPTED,ACCEPTABLE_CONTEXT,0.00409,0.556,0.636,0.6598,2026-09-29T23:14:14.018472Z,2026-09-29T23:14:14.019132Z
131,normal,LAT-00131-a82bdf,BASE_FINE,6.4,7.0,ACCEPT,ACCEPTED,ACCEPTABLE_CONTEXT,0.00409,0.6509,0.7363,0.7772,2026-09-29T23:14:14.019267Z,2026-09-29T23:14:14.020045Z
132,normal,LAT-00132-bbc75a,BASE_FINE,2.7,7.0,ACCEPT,ACCEPTED,ACCEPTABLE_CONTEXT,0.00409,0.8108,0.8924,0.9202,2026-09-29T23:14:14.020266Z,2026-09-29T23:14:14.021187Z
133,harmful,LAT-00133-9e991e,ACID_BULK,13.5,6.2,REJECT,MODEL_A_BLOCK,HARMFUL_CONTEXT,1.0,0.3475,0.4084,0.4319,2026-09-29T23:14:14.021337Z,2026-09-29T23:14:14.021770Z
134,uncertain,LAT-00134-c663d7,BASE_FINE,2.1,7.0,REJECT,MODEL_A_BLOCK,UNCERTAIN_CONTEXT,1.0,0.2723,0.3445,0.3765,2026-09-29T23:14:14.021904Z,2026-09-29T23:14:14.022282Z
135,normal,LAT-00135-819d5c,ACID_FINE,2.0,7.0,ACCEPT,ACCEPTED,ACCEPTABLE_CONTEXT,0.00409,0.6605,0.7283,0.7562,2026-09-29T23:14:14.022446Z,2026-09-29T23:14:14.023203Z
136,uncertain,LAT-00136-4d5899,BASE_FINE,3.4,7.0,REJECT,MODEL_A_BLOCK,UNCERTAIN_CONTEXT,1.0,0.2995,0.3613,0.3861,2026-09-29T23:14:14.023351Z,2026-09-29T23:14:14.023738Z
137,normal,LAT-00137-ff39ef,BASE_FINE,5.5,7.0,ACCEPT,ACCEPTED,ACCEPTABLE_CONTEXT,0.003849,0.5994,0.6615,0.6869,2026-09-29T23:14:14.023872Z,2026-09-29T23:14:14.024559Z
138,recovery,LAT-00138-1fae7b,BASE_FINE,7.1,3.5,ACCEPT,ACCEPTED,ACCEPTABLE_CONTEXT,0.006187,0.6119,0.6733,0.6978,2026-09-29T23:14:14.024696Z,2026-09-29T23:14:14.025395Z
139,harmful,LAT-00139-d444cd,ACID_BULK,12.8,6.2,REJECT,MODEL_A_BLOCK,HARMFUL_CONTEXT,1.0,0.2911,0.408,0.4322,2026-09-29T23:14:14.025528Z,2026-09-29T23:14:14.025961Z
140,harmful,LAT-00140-1578f0,ACID_BULK,15.0,6.2,REJECT,MODEL_A_BLOCK,HARMFUL_CONTEXT,1.0,0.2893,0.3474,0.3701,2026-09-29T23:14:14.026089Z,2026-09-29T23:14:14.026460Z
141,recovery,LAT-00141-2635c1,BASE_FINE,5.6,3.5,ACCEPT,ACCEPTED,ACCEPTABLE_CONTEXT,0.006187,0.6254,0.6845,0.7081,2026-09-29T23:14:14.026670Z,2026-09-29T23:14:14.027378Z
142,normal,LAT-00142-4143d9,ACID_FINE,5.1,7.0,ACCEPT,ACCEPTED,ACCEPTABLE_CONTEXT,0.00409,0.5708,0.6281,0.6513,2026-09-29T23:14:14.027508Z,2026-09-29T23:14:14.028160Z
143,uncertain,LAT-00143-44abe2,BASE_FINE,2.4,7.0,REJECT,MODEL_A_BLOCK,UNCERTAIN_CONTEXT,1.0,0.2613,0.3173,0.3402,2026-09-29T23:14:14.028288Z,2026-09-29T23:14:14.028629Z
144,uncertain,LAT-00144-712062,BASE_FINE,3.1,7.0,REJECT,MODEL_A_BLOCK,UNCERTAIN_CONTEXT,1.0,0.2557,0.3103,0.3324,2026-09-29T23:14:14.028755Z,2026-09-29T23:14:14.029088Z
145,harmful,LAT-00145-4fe4b5,ACID_BULK,13.3,6.2,REJECT,MODEL_A_BLOCK,HARMFUL_CONTEXT,1.0,0.2815,0.3358,0.3578,2026-09-29T23:14:14.029212Z,2026-09-29T23:14:14.029571Z
146,normal,LAT-00146-6fe458,ACID_FINE,3.3,7.0,ACCEPT,ACCEPTED,ACCEPTABLE_CONTEXT,0.00409,0.5682,0.626,0.6491,2026-09-29T23:14:14.029694Z,2026-09-29T23:14:14.030344Z
147,harmful,LAT-00147-236357,ACID_BULK,11.3,6.2,REJECT,MODEL_A_BLOCK,HARMFUL_CONTEXT,1.0,0.2878,0.3439,0.3659,2026-09-29T23:14:14.030470Z,2026-09-29T23:14:14.030836Z
148,uncertain,LAT-00148-c6d5f4,BASE_FINE,2.2,7.0,REJECT,MODEL_A_BLOCK,UNCERTAIN_CONTEXT,1.0,0.2551,0.3096,0.3311,2026-09-29T23:14:14.030958Z,2026-09-29T23:14:14.031290Z
149,harmful,LAT-00149-5742b6,ACID_BULK,11.9,6.2,REJECT,MODEL_A_BLOCK,HARMFUL_CONTEXT,1.0,0.2792,0.3329,0.3554,2026-09-29T23:14:14.031411Z,2026-09-29T23:14:14.031767Z
150,normal,LAT-00150-edb4ed,BASE_FINE,6.6,7.0,ACCEPT,ACCEPTED,ACCEPTABLE_CONTEXT,0.00409,0.574,0.6378,0.6606,2026-09-29T23:14:14.031889Z,2026-09-29T23:14:14.032550Z
151,normal,LAT-00151-acd91e,BASE_FINE,2.6,7.0,ACCEPT,ACCEPTED,ACCEPTABLE_CONTEXT,0.003849,0.5602,0.6193,0.6423,2026-09-29T23:14:14.032675Z,2026-09-29T23:14:14.033318Z
152,uncertain,LAT-00152-8e538f,BASE_FINE,2.3,7.0,REJECT,MODEL_A_BLOCK,UNCERTAIN_CONTEXT,1.0,0.26,0.317,0.3388,2026-09-29T23:14:14.033453Z,2026-09-29T23:14:14.033792Z
153,recovery,LAT-00153-40b6c7,BASE_FINE,4.1,3.5,ACCEPT,ACCEPTED,ACCEPTABLE_CONTEXT,0.006187,0.5823,0.6392,0.6617,2026-09-29T23:14:14.033919Z,2026-09-29T23:14:14.034581Z
154,uncertain,LAT-00154-9f3fd9,BASE_FINE,3.8,7.0,REJECT,MODEL_A_BLOCK,UNCERTAIN_CONTEXT,1.0,0.2825,0.3366,0.3575,2026-09-29T23:14:14.034705Z,2026-09-29T23:14:14.035063Z
155,harmful,LAT-00155-2751bc,ACID_BULK,15.2,6.2,REJECT,MODEL_A_BLOCK,HARMFUL_CONTEXT,1.0,0.2966,0.3534,0.3743,2026-09-29T23:14:14.035186Z,2026-09-29T23:14:14.035561Z
156,normal,LAT-00156-81b70a,BASE_FINE,3.9,7.0,ACCEPT,ACCEPTED,ACCEPTABLE_CONTEXT,0.00409,0.6075,0.6795,0.711,2026-09-29T23:14:14.035683Z,2026-09-29T23:14:14.036395Z
157,harmful,LAT-00157-b4a401,ACID_BULK,12.6,6.2,REJECT,MODEL_A_BLOCK,HARMFUL_CONTEXT,1.0,0.3653,0.45,0.4761,2026-09-29T23:14:14.036620Z,2026-09-29T23:14:14.037098Z
158,normal,LAT-00158-d67d26,ACID_FINE,1.7,7.0,ACCEPT,ACCEPTED,ACCEPTABLE_CONTEXT,0.003572,0.6331,0.6978,0.7239,2026-09-29T23:14:14.037244Z,2026-09-29T23:14:14.037968Z
159,recovery,LAT-00159-fa6932,BASE_FINE,9.4,3.5,ACCEPT,ACCEPTED,ACCEPTABLE_CONTEXT,0.006187,0.6532,0.7786,0.8035,2026-09-29T23:14:14.038106Z,2026-09-29T23:14:14.038910Z
160,harmful,LAT-00160-68fbe2,ACID_BULK,19.4,6.2,REJECT,MODEL_A_BLOCK,HARMFUL_CONTEXT,1.0,0.3088,0.3682,0.3905,2026-09-29T23:14:14.039048Z,2026-09-29T23:14:14.039439Z
161,normal,LAT-00161-b218d2,BASE_FINE,8.7,7.0,ACCEPT,ACCEPTED,ACCEPTABLE_CONTEXT,0.003849,0.7022,0.7854,0.8204,2026-09-29T23:14:14.039566Z,2026-09-29T23:14:14.040387Z
162,harmful,LAT-00162-9afc42,ACID_BULK,13.9,6.2,REJECT,MODEL_A_BLOCK,HARMFUL_CONTEXT,1.0,0.3212,0.3905,0.4188,2026-09-29T23:14:14.040563Z,2026-09-29T23:14:14.040983Z
163,normal,LAT-00163-941b05,ACID_FINE,4.0,7.0,ACCEPT,ACCEPTED,ACCEPTABLE_CONTEXT,0.00409,0.5911,0.6587,0.6853,2026-09-29T23:14:14.041132Z,2026-09-29T23:14:14.041818Z
164,uncertain,LAT-00164-261aac,BASE_FINE,3.4,7.0,REJECT,MODEL_A_BLOCK,UNCERTAIN_CONTEXT,1.0,0.2663,0.3282,0.353,2026-09-29T23:14:14.041965Z,2026-09-29T23:14:14.042318Z
165,harmful,LAT-00165-a3ad38,ACID_BULK,17.0,6.2,REJECT,MODEL_A_BLOCK,HARMFUL_CONTEXT,1.0,0.2918,0.3492,0.3724,2026-09-29T23:14:14.042451Z,2026-09-29T23:14:14.042824Z
166,uncertain,LAT-00166-3cf180,BASE_FINE,5.0,7.0,REJECT,MODEL_A_BLOCK,UNCERTAIN_CONTEXT,1.0,0.2896,0.3472,0.37,2026-09-29T23:14:14.042953Z,2026-09-29T23:14:14.043324Z
167,normal,LAT-00167-b2e97a,BASE_FINE,2.8,7.0,ACCEPT,ACCEPTED,ACCEPTABLE_CONTEXT,0.00409,0.6054,0.6649,0.6884,2026-09-29T23:14:14.043452Z,2026-09-29T23:14:14.044141Z
168,uncertain,LAT-00168-9c941d,BASE_FINE,1.7,7.0,REJECT,MODEL_A_BLOCK,UNCERTAIN_CONTEXT,1.0,0.2835,0.3415,0.3635,2026-09-29T23:14:14.044270Z,2026-09-29T23:14:14.044635Z
169,normal,LAT-00169-5b6a2a,ACID_FINE,9.5,7.0,ACCEPT,ACCEPTED,ACCEPTABLE_CONTEXT,0.00409,0.5555,0.6143,0.6372,2026-09-29T23:14:14.044761Z,2026-09-29T23:14:14.045399Z
170,normal,LAT-00170-6463da,BASE_FINE,9.2,7.0,ACCEPT,ACCEPTED,ACCEPTABLE_CONTEXT,0.00409,0.5491,0.6082,0.6307,2026-09-29T23:14:14.045530Z,2026-09-29T23:14:14.046162Z
171,uncertain,LAT-00171-901005,BASE_FINE,1.1,7.0,REJECT,MODEL_A_BLOCK,UNCERTAIN_CONTEXT,1.0,0.2515,0.3073,0.3288,2026-09-29T23:14:14.046289Z,2026-09-29T23:14:14.046619Z
172,normal,LAT-00172-2983e9,ACID_FINE,8.2,7.0,ACCEPT,ACCEPTED,ACCEPTABLE_CONTEXT,0.00409,0.572,0.6307,0.6532,2026-09-29T23:14:14.046746Z,2026-09-29T23:14:14.047400Z
173,harmful,LAT-00173-700139,ACID_BULK,15.0,6.2,REJECT,MODEL_A_BLOCK,HARMFUL_CONTEXT,1.0,0.2855,0.3438,0.3673,2026-09-29T23:14:14.047529Z,2026-09-29T23:14:14.047897Z
174,normal,LAT-00174-56f48b,ACID_FINE,9.9,7.0,ACCEPT,ACCEPTED,ACCEPTABLE_CONTEXT,0.00409,0.5477,0.6056,0.6285,2026-09-29T23:14:14.048025Z,2026-09-29T23:14:14.048654Z
175,uncertain,LAT-00175-b644fe,BASE_FINE,1.3,7.0,REJECT,MODEL_A_BLOCK,UNCERTAIN_CONTEXT,1.0,0.2577,0.3134,0.335,2026-09-29T23:14:14.048782Z,2026-09-29T23:14:14.049118Z
176,harmful,LAT-00176-53ffcf,ACID_BULK,15.3,6.2,REJECT,MODEL_A_BLOCK,HARMFUL_CONTEXT,1.0,0.315,0.3757,0.401,2026-09-29T23:14:14.049242Z,2026-09-29T23:14:14.049644Z
177,harmful,LAT-00177-a7ba36,ACID_BULK,11.7,6.2,REJECT,MODEL_A_BLOCK,HARMFUL_CONTEXT,1.0,0.2991,0.3576,0.3798,2026-09-29T23:14:14.049782Z,2026-09-29T23:14:14.050163Z
178,recovery,LAT-00178-7f5513,BASE_FINE,9.4,3.5,ACCEPT,ACCEPTED,ACCEPTABLE_CONTEXT,0.006187,0.6306,0.6919,0.7153,2026-09-29T23:14:14.050291Z,2026-09-29T23:14:14.051007Z
179,normal,LAT-00179-e8fcb2,BASE_FINE,3.0,7.0,ACCEPT,ACCEPTED,ACCEPTABLE_CONTEXT,0.00409,0.545,0.648,0.671,2026-09-29T23:14:14.051137Z,2026-09-29T23:14:14.051808Z
180,normal,LAT-00180-8996ca,ACID_FINE,3.4,7.0,ACCEPT,ACCEPTED,ACCEPTABLE_CONTEXT,0.00409,0.5849,0.6524,0.6756,2026-09-29T23:14:14.051936Z,2026-09-29T23:14:14.052612Z
181,harmful,LAT-00181-a11c4b,ACID_BULK,19.7,6.2,REJECT,MODEL_A_BLOCK,HARMFUL_CONTEXT,1.0,0.369,0.4464,0.4788,2026-09-29T23:14:14.052745Z,2026-09-29T23:14:14.053225Z
182,uncertain,LAT-00182-d9641c,BASE_FINE,3.8,7.0,REJECT,MODEL_A_BLOCK,UNCERTAIN_CONTEXT,1.0,0.3614,0.4371,0.4667,2026-09-29T23:14:14.053413Z,2026-09-29T23:14:14.053881Z
183,harmful,LAT-00183-c13d7e,ACID_BULK,14.0,6.2,REJECT,MODEL_A_BLOCK,HARMFUL_CONTEXT,1.0,0.3312,0.4008,0.4273,2026-09-29T23:14:14.054040Z,2026-09-29T23:14:14.054468Z
184,uncertain,LAT-00184-85b548,BASE_FINE,2.4,7.0,REJECT,MODEL_A_BLOCK,UNCERTAIN_CONTEXT,1.0,0.314,0.38,0.405,2026-09-29T23:14:14.054615Z,2026-09-29T23:14:14.055021Z
185,normal,LAT-00185-241512,BASE_FINE,4.7,7.0,ACCEPT,ACCEPTED,ACCEPTABLE_CONTEXT,0.00409,0.6389,0.7007,0.7248,2026-09-29T23:14:14.055159Z,2026-09-29T23:14:14.055885Z
186,recovery,LAT-00186-375424,BASE_FINE,8.3,3.5,ACCEPT,ACCEPTED,ACCEPTABLE_CONTEXT,0.006187,0.6296,0.6901,0.7131,2026-09-29T23:14:14.056034Z,2026-09-29T23:14:14.056748Z
187,harmful,LAT-00187-73f8f6,ACID_BULK,16.3,6.2,REJECT,MODEL_A_BLOCK,HARMFUL_CONTEXT,1.0,0.296,0.3557,0.378,2026-09-29T23:14:14.056881Z,2026-09-29T23:14:14.057259Z
188,normal,LAT-00188-dfc561,ACID_FINE,9.9,7.0,ACCEPT,ACCEPTED,ACCEPTABLE_CONTEXT,0.00409,0.5526,0.6122,0.6347,2026-09-29T23:14:14.057385Z,2026-09-29T23:14:14.058021Z
189,recovery,LAT-00189-7bd763,BASE_FINE,9.2,3.5,ACCEPT,ACCEPTED,ACCEPTABLE_CONTEXT,0.006187,0.6034,0.6648,0.6873,2026-09-29T23:14:14.058149Z,2026-09-29T23:14:14.058837Z
190,harmful,LAT-00190-b758d9,ACID_BULK,12.0,6.2,REJECT,MODEL_A_BLOCK,HARMFUL_CONTEXT,1.0,0.2915,0.3488,0.3711,2026-09-29T23:14:14.058963Z,2026-09-29T23:14:14.059335Z
191,normal,LAT-00191-8ee4e5,BASE_FINE,3.8,7.0,ACCEPT,ACCEPTED,ACCEPTABLE_CONTEXT,0.003849,0.5653,0.6249,0.647,2026-09-29T23:14:14.059459Z,2026-09-29T23:14:14.060106Z
192,uncertain,LAT-00192-3c0043,BASE_FINE,2.3,7.0,REJECT,MODEL_A_BLOCK,UNCERTAIN_CONTEXT,1.0,0.2974,0.3588,0.3803,2026-09-29T23:14:14.060231Z,2026-09-29T23:14:14.060612Z
193,uncertain,LAT-00193-f291e1,BASE_FINE,1.6,7.0,REJECT,MODEL_A_BLOCK,UNCERTAIN_CONTEXT,1.0,0.2722,0.3266,0.3475,2026-09-29T23:14:14.060736Z,2026-09-29T23:14:14.061084Z
194,harmful,LAT-00194-b841f6,ACID_BULK,14.7,6.2,REJECT,MODEL_A_BLOCK,HARMFUL_CONTEXT,1.0,0.2789,0.3343,0.3553,2026-09-29T23:14:14.061205Z,2026-09-29T23:14:14.061561Z
195,normal,LAT-00195-989aec,BASE_FINE,5.5,7.0,ACCEPT,ACCEPTED,ACCEPTABLE_CONTEXT,0.00409,0.5468,0.6034,0.6251,2026-09-29T23:14:14.061682Z,2026-09-29T23:14:14.062308Z
196,uncertain,LAT-00196-30d2ae,BASE_FINE,2.6,7.0,REJECT,MODEL_A_BLOCK,UNCERTAIN_CONTEXT,1.0,0.2561,0.3108,0.3315,2026-09-29T23:14:14.062431Z,2026-09-29T23:14:14.062763Z
197,normal,LAT-00197-c30c03,ACID_FINE,9.2,7.0,ACCEPT,ACCEPTED,ACCEPTABLE_CONTEXT,0.00409,0.5558,0.6121,0.6335,2026-09-29T23:14:14.062885Z,2026-09-29T23:14:14.063519Z
198,normal,LAT-00198-8a27b0,BASE_FINE,2.1,7.0,ACCEPT,ACCEPTED,ACCEPTABLE_CONTEXT,0.003849,0.5619,0.62,0.642,2026-09-29T23:14:14.063641Z,2026-09-29T23:14:14.064284Z
199,harmful,LAT-00199-4734c0,ACID_BULK,11.2,6.2,REJECT,MODEL_A_BLOCK,HARMFUL_CONTEXT,1.0,0.2835,0.393,0.4153,2026-09-29T23:14:14.064408Z,2026-09-29T23:14:14.064824Z
200,normal,LAT-00200-988f71,BASE_FINE,7.8,7.0,ACCEPT,ACCEPTED,ACCEPTABLE_CONTEXT,0.00409,0.5393,0.596,0.6186,2026-09-29T23:14:14.064947Z,2026-09-29T23:14:14.065567Z
201,harmful,LAT-00201-b9f793,ACID_BULK,11.8,6.2,REJECT,MODEL_A_BLOCK,HARMFUL_CONTEXT,1.0,0.2853,0.3403,0.3625,2026-09-29T23:14:14.065691Z,2026-09-29T23:14:14.066054Z
202,harmful,LAT-00202-d0ba7c,ACID_BULK,14.4,6.2,REJECT,MODEL_A_BLOCK,HARMFUL_CONTEXT,1.0,0.284,0.3471,0.3678,2026-09-29T23:14:14.066177Z,2026-09-29T23:14:14.066546Z
203,harmful,LAT-00203-84aec8,ACID_BULK,17.4,6.2,REJECT,MODEL_A_BLOCK,HARMFUL_CONTEXT,1.0,0.2949,0.3486,0.369,2026-09-29T23:14:14.066671Z,2026-09-29T23:14:14.067040Z
204,uncertain,LAT-00204-b1d55a,BASE_FINE,3.2,7.0,REJECT,MODEL_A_BLOCK,UNCERTAIN_CONTEXT,1.0,0.2649,0.3187,0.339,2026-09-29T23:14:14.067162Z,2026-09-29T23:14:14.067502Z
205,recovery,LAT-00205-baa58c,BASE_FINE,3.0,3.5,ACCEPT,ACCEPTED,ACCEPTABLE_CONTEXT,0.006187,0.5865,0.6428,0.6655,2026-09-29T23:14:14.067622Z,2026-09-29T23:14:14.068288Z
206,uncertain,LAT-00206-ae29a0,BASE_FINE,3.1,7.0,REJECT,MODEL_A_BLOCK,UNCERTAIN_CONTEXT,1.0,0.2598,0.3147,0.3362,2026-09-29T23:14:14.068413Z,2026-09-29T23:14:14.068750Z
207,harmful,LAT-00207-67bec3,ACID_BULK,15.4,6.2,REJECT,MODEL_A_BLOCK,HARMFUL_CONTEXT,1.0,0.4242,0.5079,0.5397,2026-09-29T23:14:14.068921Z,2026-09-29T23:14:14.069463Z
208,normal,LAT-00208-c58b61,ACID_FINE,8.0,7.0,ACCEPT,ACCEPTED,ACCEPTABLE_CONTEXT,0.00409,0.6288,0.6963,0.7202,2026-09-29T23:14:14.069637Z,2026-09-29T23:14:14.070358Z
209,harmful,LAT-00209-8da86d,ACID_BULK,13.9,6.2,REJECT,MODEL_A_BLOCK,HARMFUL_CONTEXT,1.0,0.3657,0.435,0.4651,2026-09-29T23:14:14.070494Z,2026-09-29T23:14:14.070960Z
210,uncertain,LAT-00210-7c450f,BASE_FINE,2.5,7.0,REJECT,MODEL_A_BLOCK,UNCERTAIN_CONTEXT,1.0,0.2945,0.3637,0.3899,2026-09-29T23:14:14.071117Z,2026-09-29T23:14:14.071508Z
211,normal,LAT-00211-f2b609,BASE_FINE,6.1,7.0,ACCEPT,ACCEPTED,ACCEPTABLE_CONTEXT,0.003849,0.5935,0.6628,0.6875,2026-09-29T23:14:14.071662Z,2026-09-29T23:14:14.072350Z
212,harmful,LAT-00212-d19031,ACID_BULK,15.7,6.2,REJECT,MODEL_A_BLOCK,HARMFUL_CONTEXT,1.0,0.2902,0.3504,0.3731,2026-09-29T23:14:14.072489Z,2026-09-29T23:14:14.072863Z
213,harmful,LAT-00213-3f6eab,ACID_BULK,16.6,6.2,REJECT,MODEL_A_BLOCK,HARMFUL_CONTEXT,1.0,0.3294,0.3932,0.4221,2026-09-29T23:14:14.072993Z,2026-09-29T23:14:14.073416Z
214,uncertain,LAT-00214-0023f5,BASE_FINE,1.7,7.0,REJECT,MODEL_A_BLOCK,UNCERTAIN_CONTEXT,1.0,0.3051,0.3692,0.395,2026-09-29T23:14:14.073577Z,2026-09-29T23:14:14.073973Z
215,recovery,LAT-00215-393195,BASE_FINE,8.4,3.5,ACCEPT,ACCEPTED,ACCEPTABLE_CONTEXT,0.006187,0.642,0.7164,0.744,2026-09-29T23:14:14.074130Z,2026-09-29T23:14:14.074875Z
216,uncertain,LAT-00216-225d53,BASE_FINE,4.0,7.0,REJECT,MODEL_A_BLOCK,UNCERTAIN_CONTEXT,1.0,0.2955,0.3565,0.3812,2026-09-29T23:14:14.075022Z,2026-09-29T23:14:14.075404Z
217,normal,LAT-00217-48b9ba,BASE_FINE,6.9,7.0,ACCEPT,ACCEPTED,ACCEPTABLE_CONTEXT,0.00409,0.5725,0.6375,0.663,2026-09-29T23:14:14.075624Z,2026-09-29T23:14:14.076288Z
218,normal,LAT-00218-0de3b7,ACID_FINE,2.1,7.0,ACCEPT,ACCEPTED,ACCEPTABLE_CONTEXT,0.00409,0.5572,0.6207,0.646,2026-09-29T23:14:14.076424Z,2026-09-29T23:14:14.077071Z
219,uncertain,LAT-00219-7b0c4e,BASE_FINE,3.0,7.0,REJECT,MODEL_A_BLOCK,UNCERTAIN_CONTEXT,1.0,0.261,0.3745,0.3982,2026-09-29T23:14:14.077221Z,2026-09-29T23:14:14.077620Z
220,normal,LAT-00220-6e0030,ACID_FINE,5.1,7.0,ACCEPT,ACCEPTED,ACCEPTABLE_CONTEXT,0.003572,0.555,0.6146,0.6382,2026-09-29T23:14:14.077749Z,2026-09-29T23:14:14.078388Z
221,normal,LAT-00221-17eda0,BASE_FINE,6.4,7.0,ACCEPT,ACCEPTED,ACCEPTABLE_CONTEXT,0.00409,0.5383,0.5972,0.6203,2026-09-29T23:14:14.078517Z,2026-09-29T23:14:14.079138Z
222,harmful,LAT-00222-59b65a,ACID_BULK,11.0,6.2,REJECT,MODEL_A_BLOCK,HARMFUL_CONTEXT,1.0,0.287,0.3426,0.3644,2026-09-29T23:14:14.079264Z,2026-09-29T23:14:14.079629Z
223,normal,LAT-00223-187246,BASE_FINE,5.3,7.0,ACCEPT,ACCEPTED,ACCEPTABLE_CONTEXT,0.00409,0.5812,0.6383,0.661,2026-09-29T23:14:14.079753Z,2026-09-29T23:14:14.080415Z
224,recovery,LAT-00224-4559d6,BASE_FINE,2.7,3.5,ACCEPT,ACCEPTED,ACCEPTABLE_CONTEXT,0.006187,0.5793,0.6364,0.6589,2026-09-29T23:14:14.080539Z,2026-09-29T23:14:14.081199Z
225,uncertain,LAT-00225-16ed7c,BASE_FINE,1.5,7.0,REJECT,MODEL_A_BLOCK,UNCERTAIN_CONTEXT,1.0,0.2851,0.3408,0.3623,2026-09-29T23:14:14.081322Z,2026-09-29T23:14:14.081685Z
226,normal,LAT-00226-844df2,ACID_FINE,1.8,7.0,ACCEPT,ACCEPTED,ACCEPTABLE_CONTEXT,0.003572,0.539,0.596,0.618,2026-09-29T23:14:14.081809Z,2026-09-29T23:14:14.082427Z
227,normal,LAT-00227-441a12,ACID_FINE,3.1,7.0,ACCEPT,ACCEPTED,ACCEPTABLE_CONTEXT,0.00409,0.5575,0.6133,0.6357,2026-09-29T23:14:14.082551Z,2026-09-29T23:14:14.083188Z
228,normal,LAT-00228-a3a5d6,ACID_FINE,1.4,7.0,ACCEPT,ACCEPTED,ACCEPTABLE_CONTEXT,0.003572,0.5674,0.627,0.649,2026-09-29T23:14:14.083314Z,2026-09-29T23:14:14.083963Z
229,harmful,LAT-00229-bc52e7,ACID_BULK,12.5,6.2,REJECT,MODEL_A_BLOCK,HARMFUL_CONTEXT,1.0,0.2894,0.3447,0.3658,2026-09-29T23:14:14.084090Z,2026-09-29T23:14:14.084457Z
230,harmful,LAT-00230-d8bbf3,ACID_BULK,13.1,6.2,REJECT,MODEL_A_BLOCK,HARMFUL_CONTEXT,1.0,0.2882,0.3423,0.3633,2026-09-29T23:14:14.084579Z,2026-09-29T23:14:14.084943Z
231,harmful,LAT-00231-d806de,ACID_BULK,14.1,6.2,REJECT,MODEL_A_BLOCK,HARMFUL_CONTEXT,1.0,0.2866,0.351,0.3764,2026-09-29T23:14:14.085063Z,2026-09-29T23:14:14.085440Z
232,normal,LAT-00232-841bf2,BASE_FINE,2.7,7.0,ACCEPT,ACCEPTED,ACCEPTABLE_CONTEXT,0.00409,0.752,0.8271,0.857,2026-09-29T23:14:14.085601Z,2026-09-29T23:14:14.086459Z
233,normal,LAT-00233-7e0676,ACID_FINE,7.5,7.0,ACCEPT,ACCEPTED,ACCEPTABLE_CONTEXT,0.003572,0.6794,0.7554,0.7854,2026-09-29T23:14:14.086624Z,2026-09-29T23:14:14.087410Z
234,normal,LAT-00234-abfacc,ACID_FINE,0.8,7.0,ACCEPT,ACCEPTED,ACCEPTABLE_CONTEXT,0.003572,0.6997,0.8137,0.8539,2026-09-29T23:14:14.087568Z,2026-09-29T23:14:14.088423Z
235,harmful,LAT-00235-49518e,ACID_BULK,16.4,6.2,REJECT,MODEL_A_BLOCK,HARMFUL_CONTEXT,1.0,0.3503,0.4312,0.4603,2026-09-29T23:14:14.088644Z,2026-09-29T23:14:14.089105Z
236,uncertain,LAT-00236-425d6c,BASE_FINE,1.6,7.0,REJECT,MODEL_A_BLOCK,UNCERTAIN_CONTEXT,1.0,0.2649,0.3396,0.3646,2026-09-29T23:14:14.089258Z,2026-09-29T23:14:14.089623Z
237,recovery,LAT-00237-22ad50,BASE_FINE,3.7,3.5,ACCEPT,ACCEPTED,ACCEPTABLE_CONTEXT,0.006187,0.6653,0.7289,0.7541,2026-09-29T23:14:14.089760Z,2026-09-29T23:14:14.090515Z
238,harmful,LAT-00238-239851,ACID_BULK,11.7,6.2,REJECT,MODEL_A_BLOCK,HARMFUL_CONTEXT,1.0,0.2929,0.3525,0.3765,2026-09-29T23:14:14.090650Z,2026-09-29T23:14:14.091028Z
239,recovery,LAT-00239-a0da84,BASE_FINE,4.8,3.5,ACCEPT,ACCEPTED,ACCEPTABLE_CONTEXT,0.006187,0.6008,1.6522,1.6807,2026-09-29T23:14:14.091163Z,2026-09-29T23:14:14.092844Z
240,normal,LAT-00240-1d2d73,BASE_FINE,8.6,7.0,ACCEPT,ACCEPTED,ACCEPTABLE_CONTEXT,0.00409,0.6009,0.6644,0.6882,2026-09-29T23:14:14.092986Z,2026-09-29T23:14:14.093675Z
241,normal,LAT-00241-162456,BASE_FINE,7.1,7.0,ACCEPT,ACCEPTED,ACCEPTABLE_CONTEXT,0.00409,0.5682,0.6286,0.6518,2026-09-29T23:14:14.093817Z,2026-09-29T23:14:14.094469Z
242,harmful,LAT-00242-464d42,ACID_BULK,14.5,6.2,REJECT,MODEL_A_BLOCK,HARMFUL_CONTEXT,1.0,0.2892,0.3477,0.3706,2026-09-29T23:14:14.094597Z,2026-09-29T23:14:14.094968Z
243,harmful,LAT-00243-ee768d,ACID_BULK,17.3,6.2,REJECT,MODEL_A_BLOCK,HARMFUL_CONTEXT,1.0,0.2843,0.3412,0.3632,2026-09-29T23:14:14.095095Z,2026-09-29T23:14:14.095459Z
244,harmful,LAT-00244-a67be5,ACID_BULK,15.5,6.2,REJECT,MODEL_A_BLOCK,HARMFUL_CONTEXT,1.0,0.2814,0.337,0.359,2026-09-29T23:14:14.095583Z,2026-09-29T23:14:14.095942Z
245,uncertain,LAT-00245-5b6e0f,BASE_FINE,1.7,7.0,REJECT,MODEL_A_BLOCK,UNCERTAIN_CONTEXT,1.0,0.2438,0.3002,0.322,2026-09-29T23:14:14.096066Z,2026-09-29T23:14:14.096388Z
246,normal,LAT-00246-ca5063,ACID_FINE,3.4,7.0,ACCEPT,ACCEPTED,ACCEPTABLE_CONTEXT,0.00409,0.58,0.6384,0.6616,2026-09-29T23:14:14.096509Z,2026-09-29T23:14:14.097172Z
247,uncertain,LAT-00247-51eec2,BASE_FINE,2.1,7.0,REJECT,MODEL_A_BLOCK,UNCERTAIN_CONTEXT,1.0,0.288,0.3445,0.3663,2026-09-29T23:14:14.097299Z,2026-09-29T23:14:14.097666Z
248,normal,LAT-00248-ed682d,ACID_FINE,5.6,7.0,ACCEPT,ACCEPTED,ACCEPTABLE_CONTEXT,0.00409,0.5523,0.6135,0.6381,2026-09-29T23:14:14.097793Z,2026-09-29T23:14:14.098432Z
249,recovery,LAT-00249-a82ef0,BASE_FINE,7.6,3.5,ACCEPT,ACCEPTED,ACCEPTABLE_CONTEXT,0.006187,0.5889,0.6552,0.6785,2026-09-29T23:14:14.098560Z,2026-09-29T23:14:14.099239Z
250,normal,LAT-00250-c4203e,BASE_FINE,1.9,7.0,ACCEPT,ACCEPTED,ACCEPTABLE_CONTEXT,0.00409,0.5777,0.6361,0.6589,2026-09-29T23:14:14.099367Z,2026-09-29T23:14:14.100026Z
251,normal,LAT-00251-665ce6,ACID_FINE,5.2,7.0,ACCEPT,ACCEPTED,ACCEPTABLE_CONTEXT,0.00409,0.574,0.6357,0.6586,2026-09-29T23:14:14.100154Z,2026-09-29T23:14:14.100813Z
252,normal,LAT-00252-416cc7,ACID_FINE,1.7,7.0,ACCEPT,ACCEPTED,ACCEPTABLE_CONTEXT,0.00409,0.6237,0.6888,0.7162,2026-09-29T23:14:14.100945Z,2026-09-29T23:14:14.101662Z
253,normal,LAT-00253-9bda62,ACID_FINE,8.0,7.0,ACCEPT,ACCEPTED,ACCEPTABLE_CONTEXT,0.00409,0.6701,0.7478,0.7793,2026-09-29T23:14:14.101813Z,2026-09-29T23:14:14.102593Z
254,uncertain,LAT-00254-6a0c62,BASE_FINE,4.1,7.0,REJECT,MODEL_A_BLOCK,UNCERTAIN_CONTEXT,1.0,0.3873,0.4545,0.478,2026-09-29T23:14:14.102778Z,2026-09-29T23:14:14.103257Z
255,uncertain,LAT-00255-e7c9e9,BASE_FINE,2.9,7.0,REJECT,MODEL_A_BLOCK,UNCERTAIN_CONTEXT,1.0,0.2938,0.3558,0.3776,2026-09-29T23:14:14.103389Z,2026-09-29T23:14:14.103768Z
256,normal,LAT-00256-e1927e,BASE_FINE,6.6,7.0,ACCEPT,ACCEPTED,ACCEPTABLE_CONTEXT,0.00409,0.6753,0.745,0.7736,2026-09-29T23:14:14.103896Z,2026-09-29T23:14:14.104670Z
257,normal,LAT-00257-629283,BASE_FINE,7.1,7.0,ACCEPT,ACCEPTED,ACCEPTABLE_CONTEXT,0.00409,0.6032,0.6662,0.6914,2026-09-29T23:14:14.104827Z,2026-09-29T23:14:14.105519Z
258,normal,LAT-00258-589a5c,BASE_FINE,7.0,7.0,ACCEPT,ACCEPTED,ACCEPTABLE_CONTEXT,0.00409,0.5826,0.6468,0.6713,2026-09-29T23:14:14.105662Z,2026-09-29T23:14:14.106334Z
259,normal,LAT-00259-110817,ACID_FINE,1.7,7.0,ACCEPT,ACCEPTED,ACCEPTABLE_CONTEXT,0.00409,0.5682,0.6884,0.713,2026-09-29T23:14:14.106479Z,2026-09-29T23:14:14.107193Z
260,normal,LAT-00260-546a70,BASE_FINE,2.0,7.0,ACCEPT,ACCEPTED,ACCEPTABLE_CONTEXT,0.00409,0.5499,0.6146,0.6385,2026-09-29T23:14:14.107326Z,2026-09-29T23:14:14.107965Z
261,harmful,LAT-00261-5767fb,ACID_BULK,17.2,6.2,REJECT,MODEL_A_BLOCK,HARMFUL_CONTEXT,1.0,0.3369,0.3952,0.4186,2026-09-29T23:14:14.108101Z,2026-09-29T23:14:14.108520Z
262,normal,LAT-00262-c3f066,BASE_FINE,0.9,7.0,ACCEPT,ACCEPTED,ACCEPTABLE_CONTEXT,0.00409,0.5532,0.6135,0.6372,2026-09-29T23:14:14.108649Z,2026-09-29T23:14:14.109287Z
263,recovery,LAT-00263-adfaa3,BASE_FINE,9.1,3.5,ACCEPT,ACCEPTED,ACCEPTABLE_CONTEXT,0.006187,0.6005,0.662,0.6849,2026-09-29T23:14:14.109420Z,2026-09-29T23:14:14.110106Z
264,normal,LAT-00264-f590de,BASE_FINE,5.6,7.0,ACCEPT,ACCEPTED,ACCEPTABLE_CONTEXT,0.00409,0.5759,0.6332,0.6565,2026-09-29T23:14:14.110243Z,2026-09-29T23:14:14.110900Z
265,harmful,LAT-00265-996683,ACID_BULK,12.2,6.2,REJECT,MODEL_A_BLOCK,HARMFUL_CONTEXT,1.0,0.2902,0.3469,0.369,2026-09-29T23:14:14.111028Z,2026-09-29T23:14:14.111398Z
266,uncertain,LAT-00266-4e78ae,BASE_FINE,4.2,7.0,REJECT,MODEL_A_BLOCK,UNCERTAIN_CONTEXT,1.0,0.2566,0.3126,0.3348,2026-09-29T23:14:14.111523Z,2026-09-29T23:14:14.111858Z
267,normal,LAT-00267-9d66e0,ACID_FINE,8.7,7.0,ACCEPT,ACCEPTED,ACCEPTABLE_CONTEXT,0.003572,0.5566,0.6132,0.6361,2026-09-29T23:14:14.111983Z,2026-09-29T23:14:14.112620Z
268,recovery,LAT-00268-198d97,BASE_FINE,4.1,3.5,ACCEPT,ACCEPTED,ACCEPTABLE_CONTEXT,0.006187,0.5846,0.6425,0.6649,2026-09-29T23:14:14.112745Z,2026-09-29T23:14:14.113411Z
269,harmful,LAT-00269-f176da,ACID_BULK,14.5,6.2,REJECT,MODEL_A_BLOCK,HARMFUL_CONTEXT,1.0,0.2868,0.3437,0.3662,2026-09-29T23:14:14.113536Z,2026-09-29T23:14:14.113903Z
270,normal,LAT-00270-e12b90,BASE_FINE,7.7,7.0,ACCEPT,ACCEPTED,ACCEPTABLE_CONTEXT,0.00409,0.5629,0.6197,0.6421,2026-09-29T23:14:14.114026Z,2026-09-29T23:14:14.114669Z
271,harmful,LAT-00271-d3bdac,ACID_BULK,15.5,6.2,REJECT,MODEL_A_BLOCK,HARMFUL_CONTEXT,1.0,0.2834,0.3381,0.3597,2026-09-29T23:14:14.114794Z,2026-09-29T23:14:14.115154Z
272,recovery,LAT-00272-b2ad44,BASE_FINE,2.9,3.5,ACCEPT,ACCEPTED,ACCEPTABLE_CONTEXT,0.006187,0.5739,0.6323,0.6544,2026-09-29T23:14:14.115276Z,2026-09-29T23:14:14.115931Z
273,uncertain,LAT-00273-bba95b,BASE_FINE,2.3,7.0,REJECT,MODEL_A_BLOCK,UNCERTAIN_CONTEXT,1.0,0.2526,0.3098,0.3406,2026-09-29T23:14:14.116061Z,2026-09-29T23:14:14.116402Z
274,uncertain,LAT-00274-faf35b,BASE_FINE,4.0,7.0,REJECT,MODEL_A_BLOCK,UNCERTAIN_CONTEXT,1.0,0.2843,0.3383,0.3589,2026-09-29T23:14:14.116524Z,2026-09-29T23:14:14.116884Z
275,normal,LAT-00275-fad3c7,ACID_FINE,8.3,7.0,ACCEPT,ACCEPTED,ACCEPTABLE_CONTEXT,0.00409,0.5518,0.6097,0.632,2026-09-29T23:14:14.117012Z,2026-09-29T23:14:14.117645Z
276,normal,LAT-00276-a52da8,ACID_FINE,8.0,7.0,ACCEPT,ACCEPTED,ACCEPTABLE_CONTEXT,0.00409,0.5395,0.6048,0.6262,2026-09-29T23:14:14.117769Z,2026-09-29T23:14:14.118396Z
277,normal,LAT-00277-8d389e,BASE_FINE,3.1,7.0,ACCEPT,ACCEPTED,ACCEPTABLE_CONTEXT,0.00409,0.7334,0.8162,0.8541,2026-09-29T23:14:14.118538Z,2026-09-29T23:14:14.119393Z
278,uncertain,LAT-00278-ad270a,BASE_FINE,2.8,7.0,REJECT,MODEL_A_BLOCK,UNCERTAIN_CONTEXT,1.0,0.3275,0.4037,0.4345,2026-09-29T23:14:14.119577Z,2026-09-29T23:14:14.120012Z
279,harmful,LAT-00279-0173b4,ACID_BULK,16.6,6.2,REJECT,MODEL_A_BLOCK,HARMFUL_CONTEXT,1.0,0.3702,0.4928,0.5187,2026-09-29T23:14:14.120195Z,2026-09-29T23:14:14.120715Z
280,harmful,LAT-00280-9b373f,ACID_BULK,12.3,6.2,REJECT,MODEL_A_BLOCK,HARMFUL_CONTEXT,1.0,0.2976,0.3569,0.3802,2026-09-29T23:14:14.120853Z,2026-09-29T23:14:14.121234Z
281,harmful,LAT-00281-1cff4f,ACID_BULK,12.1,6.2,REJECT,MODEL_A_BLOCK,HARMFUL_CONTEXT,1.0,0.2922,0.3965,0.4337,2026-09-29T23:14:14.121364Z,2026-09-29T23:14:14.121799Z
282,harmful,LAT-00282-348e0c,ACID_BULK,14.0,6.2,REJECT,MODEL_A_BLOCK,HARMFUL_CONTEXT,1.0,0.3582,0.4293,0.4651,2026-09-29T23:14:14.121977Z,2026-09-29T23:14:14.122443Z
283,normal,LAT-00283-c002b1,BASE_FINE,2.7,7.0,ACCEPT,ACCEPTED,ACCEPTABLE_CONTEXT,0.003849,0.722,0.791,0.8202,2026-09-29T23:14:14.122597Z,2026-09-29T23:14:14.123418Z
284,normal,LAT-00284-3cb561,ACID_FINE,2.5,7.0,ACCEPT,ACCEPTED,ACCEPTABLE_CONTEXT,0.00409,0.6205,0.6918,0.7192,2026-09-29T23:14:14.123572Z,2026-09-29T23:14:14.124292Z
285,harmful,LAT-00285-2fb374,ACID_BULK,18.7,6.2,REJECT,MODEL_A_BLOCK,HARMFUL_CONTEXT,1.0,0.3042,0.3685,0.3941,2026-09-29T23:14:14.124437Z,2026-09-29T23:14:14.124832Z
286,recovery,LAT-00286-7f3999,BASE_FINE,2.4,3.5,ACCEPT,ACCEPTED,ACCEPTABLE_CONTEXT,0.006187,0.6496,0.7135,0.7392,2026-09-29T23:14:14.124970Z,2026-09-29T23:14:14.125710Z
287,recovery,LAT-00287-d3160f,BASE_FINE,2.3,3.5,ACCEPT,ACCEPTED,ACCEPTABLE_CONTEXT,0.00568,0.6034,0.6666,0.6913,2026-09-29T23:14:14.125845Z,2026-09-29T23:14:14.126537Z
288,harmful,LAT-00288-6aa634,ACID_BULK,11.5,6.2,REJECT,MODEL_A_BLOCK,HARMFUL_CONTEXT,1.0,0.302,0.3628,0.3865,2026-09-29T23:14:14.126694Z,2026-09-29T23:14:14.127081Z
289,normal,LAT-00289-22c103,BASE_FINE,4.5,7.0,ACCEPT,ACCEPTED,ACCEPTABLE_CONTEXT,0.00409,0.5872,0.6482,0.6721,2026-09-29T23:14:14.127211Z,2026-09-29T23:14:14.127884Z
290,harmful,LAT-00290-add2b8,ACID_BULK,12.3,6.2,REJECT,MODEL_A_BLOCK,HARMFUL_CONTEXT,1.0,0.2905,0.3487,0.372,2026-09-29T23:14:14.128015Z,2026-09-29T23:14:14.128388Z
291,normal,LAT-00291-bca360,BASE_FINE,4.8,7.0,ACCEPT,ACCEPTED,ACCEPTABLE_CONTEXT,0.00409,0.548,0.6088,0.6322,2026-09-29T23:14:14.128519Z,2026-09-29T23:14:14.129152Z
292,harmful,LAT-00292-33811d,ACID_BULK,19.7,6.2,REJECT,MODEL_A_BLOCK,HARMFUL_CONTEXT,1.0,0.2911,0.3479,0.3706,2026-09-29T23:14:14.129282Z,2026-09-29T23:14:14.129653Z
293,recovery,LAT-00293-64a222,BASE_FINE,6.9,3.5,ACCEPT,ACCEPTED,ACCEPTABLE_CONTEXT,0.006187,0.6041,0.6648,0.6886,2026-09-29T23:14:14.129862Z,2026-09-29T23:14:14.130551Z
294,uncertain,LAT-00294-270c3f,BASE_FINE,1.9,7.0,REJECT,MODEL_A_BLOCK,UNCERTAIN_CONTEXT,1.0,0.2916,0.3485,0.3709,2026-09-29T23:14:14.130683Z,2026-09-29T23:14:14.131054Z
295,harmful,LAT-00295-00af8e,ACID_BULK,13.2,6.2,REJECT,MODEL_A_BLOCK,HARMFUL_CONTEXT,1.0,0.2846,0.341,0.363,2026-09-29T23:14:14.131184Z,2026-09-29T23:14:14.131547Z
296,recovery,LAT-00296-fef337,BASE_FINE,3.1,3.5,ACCEPT,ACCEPTED,ACCEPTABLE_CONTEXT,0.006187,0.6015,0.6593,0.683,2026-09-29T23:14:14.131671Z,2026-09-29T23:14:14.132355Z
297,recovery,LAT-00297-292369,BASE_FINE,6.4,3.5,ACCEPT,ACCEPTED,ACCEPTABLE_CONTEXT,0.006187,0.604,0.6623,0.6854,2026-09-29T23:14:14.132481Z,2026-09-29T23:14:14.133167Z
298,normal,LAT-00298-ed44f2,BASE_FINE,0.6,7.0,ACCEPT,ACCEPTED,ACCEPTABLE_CONTEXT,0.00409,0.556,0.6301,0.6527,2026-09-29T23:14:14.133296Z,2026-09-29T23:14:14.133950Z
299,normal,LAT-00299-57d21b,BASE_FINE,0.6,7.0,ACCEPT,ACCEPTED,ACCEPTABLE_CONTEXT,0.00409,0.5496,0.6624,0.6854,2026-09-29T23:14:14.134078Z,2026-09-29T23:14:14.134764Z
300,recovery,LAT-00300-54902f,BASE_FINE,4.0,3.5,ACCEPT,ACCEPTED,ACCEPTABLE_CONTEXT,0.00568,0.61,0.6716,0.6938,2026-09-29T23:14:14.134891Z,2026-09-29T23:14:14.135585Z
301,normal,LAT-00301-ed4d3e,ACID_FINE,8.5,7.0,ACCEPT,ACCEPTED,ACCEPTABLE_CONTEXT,0.00409,0.594,0.6792,0.7163,2026-09-29T23:14:14.135714Z,2026-09-29T23:14:14.136431Z
302,harmful,LAT-00302-24e414,ACID_BULK,13.8,6.2,REJECT,MODEL_A_BLOCK,HARMFUL_CONTEXT,1.0,0.3943,0.4688,0.496,2026-09-29T23:14:14.136629Z,2026-09-29T23:14:14.137125Z
303,normal,LAT-00303-d9550c,ACID_FINE,5.0,7.0,ACCEPT,ACCEPTED,ACCEPTABLE_CONTEXT,0.00409,0.6463,0.711,0.7357,2026-09-29T23:14:14.137272Z,2026-09-29T23:14:14.138008Z
304,harmful,LAT-00304-2840d5,ACID_BULK,16.7,6.2,REJECT,MODEL_A_BLOCK,HARMFUL_CONTEXT,1.0,0.3399,0.4028,0.4264,2026-09-29T23:14:14.138145Z,2026-09-29T23:14:14.138572Z
305,harmful,LAT-00305-9c744f,ACID_BULK,14.4,6.2,REJECT,MODEL_A_BLOCK,HARMFUL_CONTEXT,1.0,0.2915,0.3515,0.374,2026-09-29T23:14:14.138710Z,2026-09-29T23:14:14.139085Z
306,normal,LAT-00306-4d1851,ACID_FINE,4.2,7.0,ACCEPT,ACCEPTED,ACCEPTABLE_CONTEXT,0.003572,0.6,0.6605,0.6844,2026-09-29T23:14:14.139212Z,2026-09-29T23:14:14.139897Z
307,recovery,LAT-00307-fa94d3,BASE_FINE,5.7,3.5,ACCEPT,ACCEPTED,ACCEPTABLE_CONTEXT,0.006187,0.6065,0.6652,0.6891,2026-09-29T23:14:14.140027Z,2026-09-29T23:14:14.140717Z
308,normal,LAT-00308-0c472d,BASE_FINE,9.8,7.0,ACCEPT,ACCEPTED,ACCEPTABLE_CONTEXT,0.00409,0.586,0.6451,0.6685,2026-09-29T23:14:14.140846Z,2026-09-29T23:14:14.141516Z
309,uncertain,LAT-00309-0a1066,BASE_FINE,3.8,7.0,REJECT,MODEL_A_BLOCK,UNCERTAIN_CONTEXT,1.0,0.2859,0.351,0.3754,2026-09-29T23:14:14.141644Z,2026-09-29T23:14:14.142020Z
310,harmful,LAT-00310-a00d0c,ACID_BULK,12.0,6.2,REJECT,MODEL_A_BLOCK,HARMFUL_CONTEXT,1.0,0.283,0.34,0.3619,2026-09-29T23:14:14.142147Z,2026-09-29T23:14:14.142509Z
311,normal,LAT-00311-018020,ACID_FINE,3.5,7.0,ACCEPT,ACCEPTED,ACCEPTABLE_CONTEXT,0.00409,0.5571,0.6179,0.6416,2026-09-29T23:14:14.142635Z,2026-09-29T23:14:14.143277Z
312,normal,LAT-00312-0a1029,ACID_FINE,3.9,7.0,ACCEPT,ACCEPTED,ACCEPTABLE_CONTEXT,0.00409,0.5453,0.6037,0.635,2026-09-29T23:14:14.143410Z,2026-09-29T23:14:14.144046Z
313,uncertain,LAT-00313-e19d0d,BASE_FINE,3.7,7.0,REJECT,MODEL_A_BLOCK,UNCERTAIN_CONTEXT,1.0,0.2593,0.3146,0.3361,2026-09-29T23:14:14.144171Z,2026-09-29T23:14:14.144508Z
314,normal,LAT-00314-a6e746,BASE_FINE,7.7,7.0,ACCEPT,ACCEPTED,ACCEPTABLE_CONTEXT,0.00409,0.5383,0.5965,0.6185,2026-09-29T23:14:14.144630Z,2026-09-29T23:14:14.145249Z
315,uncertain,LAT-00315-07a28b,BASE_FINE,4.1,7.0,REJECT,MODEL_A_BLOCK,UNCERTAIN_CONTEXT,1.0,0.2556,0.3114,0.3327,2026-09-29T23:14:14.145375Z,2026-09-29T23:14:14.145708Z
316,normal,LAT-00316-1c0e36,BASE_FINE,2.4,7.0,ACCEPT,ACCEPTED,ACCEPTABLE_CONTEXT,0.00409,0.539,0.5971,0.6187,2026-09-29T23:14:14.145830Z,2026-09-29T23:14:14.146450Z
317,harmful,LAT-00317-a94c4d,ACID_BULK,16.5,6.2,REJECT,MODEL_A_BLOCK,HARMFUL_CONTEXT,1.0,0.2859,0.342,0.3631,2026-09-29T23:14:14.146574Z,2026-09-29T23:14:14.146938Z
318,harmful,LAT-00318-235297,ACID_BULK,17.5,6.2,REJECT,MODEL_A_BLOCK,HARMFUL_CONTEXT,1.0,0.2867,0.3418,0.3625,2026-09-29T23:14:14.147060Z,2026-09-29T23:14:14.147423Z
319,normal,LAT-00319-6f2b18,BASE_FINE,5.5,7.0,ACCEPT,ACCEPTED,ACCEPTABLE_CONTEXT,0.00409,0.5665,0.6822,0.7052,2026-09-29T23:14:14.147544Z,2026-09-29T23:14:14.148250Z
320,uncertain,LAT-00320-d53909,BASE_FINE,2.8,7.0,REJECT,MODEL_A_BLOCK,UNCERTAIN_CONTEXT,1.0,0.2469,0.3021,0.3235,2026-09-29T23:14:14.148375Z,2026-09-29T23:14:14.148699Z
321,normal,LAT-00321-140076,BASE_FINE,6.7,7.0,ACCEPT,ACCEPTED,ACCEPTABLE_CONTEXT,0.00409,0.5767,0.6327,0.6548,2026-09-29T23:14:14.148825Z,2026-09-29T23:14:14.149480Z
322,recovery,LAT-00322-d811f4,BASE_FINE,4.9,3.5,ACCEPT,ACCEPTED,ACCEPTABLE_CONTEXT,0.00568,0.5965,0.653,0.6743,2026-09-29T23:14:14.149606Z,2026-09-29T23:14:14.150281Z
323,normal,LAT-00323-b2ffa8,BASE_FINE,0.6,7.0,ACCEPT,ACCEPTED,ACCEPTABLE_CONTEXT,0.00409,0.5426,0.5996,0.6213,2026-09-29T23:14:14.150406Z,2026-09-29T23:14:14.151028Z
324,harmful,LAT-00324-7d8326,ACID_BULK,11.6,6.2,REJECT,MODEL_A_BLOCK,HARMFUL_CONTEXT,1.0,0.3138,0.3694,0.3909,2026-09-29T23:14:14.151153Z,2026-09-29T23:14:14.151545Z
325,normal,LAT-00325-4b0e9d,ACID_FINE,5.9,7.0,ACCEPT,ACCEPTED,ACCEPTABLE_CONTEXT,0.003572,0.5602,0.6178,0.641,2026-09-29T23:14:14.151670Z,2026-09-29T23:14:14.152312Z
326,uncertain,LAT-00326-694dd3,BASE_FINE,4.5,7.0,REJECT,MODEL_A_BLOCK,UNCERTAIN_CONTEXT,1.0,0.3105,0.3683,0.3889,2026-09-29T23:14:14.152443Z,2026-09-29T23:14:14.152832Z
327,uncertain,LAT-00327-6e30f1,BASE_FINE,4.2,7.0,REJECT,MODEL_A_BLOCK,UNCERTAIN_CONTEXT,1.0,0.331,0.4069,0.4422,2026-09-29T23:14:14.152958Z,2026-09-29T23:14:14.153401Z
328,uncertain,LAT-00328-6b8974,BASE_FINE,3.2,7.0,REJECT,MODEL_A_BLOCK,UNCERTAIN_CONTEXT,1.0,0.3218,0.3925,0.4225,2026-09-29T23:14:14.153593Z,2026-09-29T23:14:14.154016Z
329,harmful,LAT-00329-75e7ed,ACID_BULK,19.7,6.2,REJECT,MODEL_A_BLOCK,HARMFUL_CONTEXT,1.0,0.3483,0.4416,0.523,2026-09-29T23:14:14.154163Z,2026-09-29T23:14:14.154687Z
330,normal,LAT-00330-e184f5,ACID_FINE,2.0,7.0,ACCEPT,ACCEPTED,ACCEPTABLE_CONTEXT,0.00409,0.7575,0.859,0.8951,2026-09-29T23:14:14.154929Z,2026-09-29T23:14:14.155826Z
331,harmful,LAT-00331-6d1788,ACID_BULK,14.4,6.2,REJECT,MODEL_A_BLOCK,HARMFUL_CONTEXT,1.0,0.3465,0.4154,0.4438,2026-09-29T23:14:14.156020Z,2026-09-29T23:14:14.156465Z
332,uncertain,LAT-00332-5bda62,BASE_FINE,3.1,7.0,REJECT,MODEL_A_BLOCK,UNCERTAIN_CONTEXT,1.0,0.2823,0.3458,0.377,2026-09-29T23:14:14.156617Z,2026-09-29T23:14:14.156995Z
333,harmful,LAT-00333-8fbf26,ACID_BULK,13.2,6.2,REJECT,MODEL_A_BLOCK,HARMFUL_CONTEXT,1.0,0.297,0.3645,0.3896,2026-09-29T23:14:14.157139Z,2026-09-29T23:14:14.157530Z
334,uncertain,LAT-00334-80cd4b,BASE_FINE,3.2,7.0,REJECT,MODEL_A_BLOCK,UNCERTAIN_CONTEXT,1.0,0.3123,0.3722,0.3969,2026-09-29T23:14:14.157666Z,2026-09-29T23:14:14.158064Z
335,harmful,LAT-00335-d62653,ACID_BULK,10.7,6.2,REJECT,MODEL_A_BLOCK,HARMFUL_CONTEXT,1.0,0.2924,0.351,0.374,2026-09-29T23:14:14.158205Z,2026-09-29T23:14:14.158579Z
336,normal,LAT-00336-079579,BASE_FINE,9.0,7.0,ACCEPT,ACCEPTED,ACCEPTABLE_CONTEXT,0.00409,0.5964,0.6656,0.6905,2026-09-29T23:14:14.158720Z,2026-09-29T23:14:14.159412Z
337,harmful,LAT-00337-4e7109,ACID_BULK,12.8,6.2,REJECT,MODEL_A_BLOCK,HARMFUL_CONTEXT,1.0,0.2964,0.362,0.3851,2026-09-29T23:14:14.159547Z,2026-09-29T23:14:14.159933Z
338,normal,LAT-00338-6b1705,BASE_FINE,8.7,7.0,ACCEPT,ACCEPTED,ACCEPTABLE_CONTEXT,0.00409,0.6075,0.6755,0.7006,2026-09-29T23:14:14.160077Z,2026-09-29T23:14:14.160779Z
339,normal,LAT-00339-cae3b0,BASE_FINE,7.7,7.0,ACCEPT,ACCEPTED,ACCEPTABLE_CONTEXT,0.00409,0.5653,0.683,0.7079,2026-09-29T23:14:14.160911Z,2026-09-29T23:14:14.161620Z
340,normal,LAT-00340-bb425f,BASE_FINE,1.6,7.0,ACCEPT,ACCEPTED,ACCEPTABLE_CONTEXT,0.00409,0.5764,0.6372,0.6615,2026-09-29T23:14:14.161753Z,2026-09-29T23:14:14.162415Z
341,uncertain,LAT-00341-352f34,BASE_FINE,4.2,7.0,REJECT,MODEL_A_BLOCK,UNCERTAIN_CONTEXT,1.0,0.2628,0.321,0.3445,2026-09-29T23:14:14.162545Z,2026-09-29T23:14:14.162890Z
342,recovery,LAT-00342-c5410b,BASE_FINE,9.3,3.5,ACCEPT,ACCEPTED,ACCEPTABLE_CONTEXT,0.006187,0.6044,0.6661,0.6907,2026-09-29T23:14:14.163018Z,2026-09-29T23:14:14.163709Z
343,uncertain,LAT-00343-82be55,BASE_FINE,3.0,7.0,REJECT,MODEL_A_BLOCK,UNCERTAIN_CONTEXT,1.0,0.2908,0.3501,0.3733,2026-09-29T23:14:14.163839Z,2026-09-29T23:14:14.164213Z
344,harmful,LAT-00344-f5628d,ACID_BULK,13.0,6.2,REJECT,MODEL_A_BLOCK,HARMFUL_CONTEXT,1.0,0.2847,0.3418,0.3645,2026-09-29T23:14:14.164339Z,2026-09-29T23:14:14.164704Z
345,uncertain,LAT-00345-d459f1,BASE_FINE,4.6,7.0,REJECT,MODEL_A_BLOCK,UNCERTAIN_CONTEXT,1.0,0.2587,0.328,0.3501,2026-09-29T23:14:14.164830Z,2026-09-29T23:14:14.165181Z
346,uncertain,LAT-00346-78e6fc,BASE_FINE,4.8,7.0,REJECT,MODEL_A_BLOCK,UNCERTAIN_CONTEXT,1.0,0.2547,0.3097,0.3313,2026-09-29T23:14:14.165304Z,2026-09-29T23:14:14.165636Z
347,harmful,LAT-00347-07ca92,ACID_BULK,14.8,6.2,REJECT,MODEL_A_BLOCK,HARMFUL_CONTEXT,1.0,0.2991,0.3543,0.3755,2026-09-29T23:14:14.165759Z,2026-09-29T23:14:14.166136Z
348,normal,LAT-00348-f4a2a9,BASE_FINE,6.8,7.0,ACCEPT,ACCEPTED,ACCEPTABLE_CONTEXT,0.00409,0.583,0.6491,0.6753,2026-09-29T23:14:14.166259Z,2026-09-29T23:14:14.166935Z
349,recovery,LAT-00349-9115f6,BASE_FINE,2.6,3.5,ACCEPT,ACCEPTED,ACCEPTABLE_CONTEXT,0.006187,0.6543,0.7161,0.7415,2026-09-29T23:14:14.167077Z,2026-09-29T23:14:14.167819Z
350,recovery,LAT-00350-b7df5e,BASE_FINE,2.0,3.5,ACCEPT,ACCEPTED,ACCEPTABLE_CONTEXT,0.00568,0.6483,0.7159,0.7439,2026-09-29T23:14:14.167956Z,2026-09-29T23:14:14.168701Z
351,normal,LAT-00351-b75c9f,BASE_FINE,8.7,7.0,ACCEPT,ACCEPTED,ACCEPTABLE_CONTEXT,0.00409,0.8167,0.8983,0.9309,2026-09-29T23:14:14.168847Z,2026-09-29T23:14:14.169779Z
352,uncertain,LAT-00352-b44aeb,BASE_FINE,2.9,7.0,REJECT,MODEL_A_BLOCK,UNCERTAIN_CONTEXT,1.0,0.3119,0.3889,0.4233,2026-09-29T23:14:14.169950Z,2026-09-29T23:14:14.170375Z
353,normal,LAT-00353-12811e,BASE_FINE,1.2,7.0,ACCEPT,ACCEPTED,ACCEPTABLE_CONTEXT,0.00409,0.7893,0.8771,0.917,2026-09-29T23:14:14.170554Z,2026-09-29T23:14:14.171472Z
354,uncertain,LAT-00354-40dcfc,BASE_FINE,2.0,7.0,REJECT,MODEL_A_BLOCK,UNCERTAIN_CONTEXT,1.0,0.3258,0.3979,0.4255,2026-09-29T23:14:14.171645Z,2026-09-29T23:14:14.172072Z
355,harmful,LAT-00355-eb7d6a,ACID_BULK,11.8,6.2,REJECT,MODEL_A_BLOCK,HARMFUL_CONTEXT,1.0,0.3238,0.3888,0.4148,2026-09-29T23:14:14.172228Z,2026-09-29T23:14:14.172644Z
356,normal,LAT-00356-c96183,ACID_FINE,5.8,7.0,ACCEPT,ACCEPTED,ACCEPTABLE_CONTEXT,0.00409,0.6403,0.7053,0.7331,2026-09-29T23:14:14.172788Z,2026-09-29T23:14:14.173522Z
357,harmful,LAT-00357-d0b7df,ACID_BULK,19.9,6.2,REJECT,MODEL_A_BLOCK,HARMFUL_CONTEXT,1.0,0.3597,0.4329,0.4673,2026-09-29T23:14:14.173665Z,2026-09-29T23:14:14.174133Z
358,harmful,LAT-00358-6286c5,ACID_BULK,18.6,6.2,REJECT,MODEL_A_BLOCK,HARMFUL_CONTEXT,1.0,0.3097,0.3812,0.4143,2026-09-29T23:14:14.174302Z,2026-09-29T23:14:14.174718Z
359,normal,LAT-00359-d87fc8,ACID_FINE,0.8,7.0,ACCEPT,ACCEPTED,ACCEPTABLE_CONTEXT,0.00409,0.6123,0.7332,0.761,2026-09-29T23:14:14.174860Z,2026-09-29T23:14:14.175622Z
360,normal,LAT-00360-b20807,BASE_FINE,7.0,7.0,ACCEPT,ACCEPTED,ACCEPTABLE_CONTEXT,0.00409,0.5788,0.6423,0.6681,2026-09-29T23:14:14.175764Z,2026-09-29T23:14:14.176433Z
361,harmful,LAT-00361-2f10ff,ACID_BULK,16.2,6.2,REJECT,MODEL_A_BLOCK,HARMFUL_CONTEXT,1.0,0.2976,0.3576,0.3819,2026-09-29T23:14:14.176583Z,2026-09-29T23:14:14.176965Z
362,uncertain,LAT-00362-516461,BASE_FINE,3.9,7.0,REJECT,MODEL_A_BLOCK,UNCERTAIN_CONTEXT,1.0,0.2634,0.3217,0.3456,2026-09-29T23:14:14.177114Z,2026-09-29T23:14:14.177460Z
363,harmful,LAT-00363-1b556b,ACID_BULK,10.0,6.2,REJECT,MODEL_A_BLOCK,HARMFUL_CONTEXT,1.0,0.2855,0.3409,0.3629,2026-09-29T23:14:14.177588Z,2026-09-29T23:14:14.177952Z
364,recovery,LAT-00364-a78f31,BASE_FINE,6.8,3.5,ACCEPT,ACCEPTED,ACCEPTABLE_CONTEXT,0.00568,0.6007,0.66,0.6836,2026-09-29T23:14:14.178077Z,2026-09-29T23:14:14.178762Z
365,normal,LAT-00365-64ce8d,ACID_FINE,8.5,7.0,ACCEPT,ACCEPTED,ACCEPTABLE_CONTEXT,0.003572,0.5814,0.64,0.6637,2026-09-29T23:14:14.178893Z,2026-09-29T23:14:14.179557Z
366,normal,LAT-00366-d14692,BASE_FINE,5.3,7.0,ACCEPT,ACCEPTED,ACCEPTABLE_CONTEXT,0.00409,0.5445,0.6047,0.6279,2026-09-29T23:14:14.179686Z,2026-09-29T23:14:14.180315Z
367,normal,LAT-00367-098bbc,ACID_FINE,3.5,7.0,ACCEPT,ACCEPTED,ACCEPTABLE_CONTEXT,0.00409,0.5471,0.6057,0.629,2026-09-29T23:14:14.180444Z,2026-09-29T23:14:14.181074Z
368,harmful,LAT-00368-0ec22a,ACID_BULK,16.6,6.2,REJECT,MODEL_A_BLOCK,HARMFUL_CONTEXT,1.0,0.2868,0.3433,0.3655,2026-09-29T23:14:14.181202Z,2026-09-29T23:14:14.181568Z
369,uncertain,LAT-00369-355fc5,BASE_FINE,2.1,7.0,REJECT,MODEL_A_BLOCK,UNCERTAIN_CONTEXT,1.0,0.277,0.3332,0.3556,2026-09-29T23:14:14.181776Z,2026-09-29T23:14:14.182132Z
370,harmful,LAT-00370-94e49a,ACID_BULK,16.7,6.2,REJECT,MODEL_A_BLOCK,HARMFUL_CONTEXT,1.0,0.2833,0.3514,0.3731,2026-09-29T23:14:14.182257Z,2026-09-29T23:14:14.182630Z
371,recovery,LAT-00371-81b399,BASE_FINE,5.2,3.5,ACCEPT,ACCEPTED,ACCEPTABLE_CONTEXT,0.006187,0.599,0.6572,0.6798,2026-09-29T23:14:14.182754Z,2026-09-29T23:14:14.183434Z
372,uncertain,LAT-00372-d18cc2,BASE_FINE,1.6,7.0,REJECT,MODEL_A_BLOCK,UNCERTAIN_CONTEXT,1.0,0.2868,0.3411,0.3628,2026-09-29T23:14:14.183569Z,2026-09-29T23:14:14.183933Z
373,harmful,LAT-00373-dcb280,ACID_BULK,12.3,6.2,REJECT,MODEL_A_BLOCK,HARMFUL_CONTEXT,1.0,0.2831,0.3376,0.359,2026-09-29T23:14:14.184055Z,2026-09-29T23:14:14.184415Z
374,uncertain,LAT-00374-850157,BASE_FINE,4.0,7.0,REJECT,MODEL_A_BLOCK,UNCERTAIN_CONTEXT,1.0,0.2531,0.3086,0.329,2026-09-29T23:14:14.184541Z,2026-09-29T23:14:14.184870Z
375,normal,LAT-00375-01f7aa,BASE_FINE,3.8,7.0,ACCEPT,ACCEPTED,ACCEPTABLE_CONTEXT,0.00409,0.8897,1.0094,1.1159,2026-09-29T23:14:14.185004Z,2026-09-29T23:14:14.186124Z
376,normal,LAT-00376-5e17b3,BASE_FINE,4.3,7.0,ACCEPT,ACCEPTED,ACCEPTABLE_CONTEXT,0.00409,0.8144,0.9188,0.9521,2026-09-29T23:14:14.186444Z,2026-09-29T23:14:14.187397Z
377,normal,LAT-00377-d7cce9,ACID_FINE,1.9,7.0,ACCEPT,ACCEPTED,ACCEPTABLE_CONTEXT,0.003572,0.8373,0.9321,0.9731,2026-09-29T23:14:14.187606Z,2026-09-29T23:14:14.188580Z
378,harmful,LAT-00378-8b96ac,ACID_BULK,12.4,6.2,REJECT,MODEL_A_BLOCK,HARMFUL_CONTEXT,1.0,0.3417,0.419,0.4488,2026-09-29T23:14:14.188778Z,2026-09-29T23:14:14.189228Z
379,normal,LAT-00379-f753cf,BASE_FINE,4.0,7.0,ACCEPT,ACCEPTED,ACCEPTABLE_CONTEXT,0.003849,0.6258,0.751,0.7796,2026-09-29T23:14:14.189396Z,2026-09-29T23:14:14.190176Z
380,normal,LAT-00380-25d02e,ACID_FINE,5.4,7.0,ACCEPT,ACCEPTED,ACCEPTABLE_CONTEXT,0.00409,0.6079,0.6728,0.7,2026-09-29T23:14:14.190326Z,2026-09-29T23:14:14.191027Z
381,harmful,LAT-00381-ed48d8,ACID_BULK,10.8,6.2,REJECT,MODEL_A_BLOCK,HARMFUL_CONTEXT,1.0,0.3011,0.3642,0.3898,2026-09-29T23:14:14.191170Z,2026-09-29T23:14:14.191560Z
382,uncertain,LAT-00382-990f9c,BASE_FINE,2.7,7.0,REJECT,MODEL_A_BLOCK,UNCERTAIN_CONTEXT,1.0,0.2975,0.357,0.3816,2026-09-29T23:14:14.191700Z,2026-09-29T23:14:14.192082Z
383,harmful,LAT-00383-852682,ACID_BULK,12.2,6.2,REJECT,MODEL_A_BLOCK,HARMFUL_CONTEXT,1.0,0.2942,0.3554,0.3792,2026-09-29T23:14:14.192214Z,2026-09-29T23:14:14.192594Z
384,normal,LAT-00384-3a1fa2,BASE_FINE,2.1,7.0,ACCEPT,ACCEPTED,ACCEPTABLE_CONTEXT,0.00409,0.5835,0.6478,0.6725,2026-09-29T23:14:14.192723Z,2026-09-29T23:14:14.193396Z
385,harmful,LAT-00385-3b1bc9,ACID_BULK,10.5,6.2,REJECT,MODEL_A_BLOCK,HARMFUL_CONTEXT,1.0,0.306,0.3643,0.3875,2026-09-29T23:14:14.193525Z,2026-09-29T23:14:14.193913Z
386,harmful,LAT-00386-22bf09,ACID_BULK,20.0,6.2,REJECT,MODEL_A_BLOCK,HARMFUL_CONTEXT,1.0,0.2869,0.3433,0.3657,2026-09-29T23:14:14.194042Z,2026-09-29T23:14:14.194409Z
387,normal,LAT-00387-3f0fae,BASE_FINE,6.6,7.0,ACCEPT,ACCEPTED,ACCEPTABLE_CONTEXT,0.00409,0.5702,0.6298,0.6541,2026-09-29T23:14:14.194533Z,2026-09-29T23:14:14.195187Z
388,uncertain,LAT-00388-8c0921,BASE_FINE,3.7,7.0,REJECT,MODEL_A_BLOCK,UNCERTAIN_CONTEXT,1.0,0.2591,0.3153,0.3377,2026-09-29T23:14:14.195313Z,2026-09-29T23:14:14.195652Z
389,normal,LAT-00389-f55970,BASE_FINE,1.4,7.0,ACCEPT,ACCEPTED,ACCEPTABLE_CONTEXT,0.00409,0.5767,0.6355,0.6589,2026-09-29T23:14:14.195776Z,2026-09-29T23:14:14.196436Z
390,harmful,LAT-00390-028407,ACID_BULK,16.0,6.2,REJECT,MODEL_A_BLOCK,HARMFUL_CONTEXT,1.0,0.2892,0.3468,0.3685,2026-09-29T23:14:14.196561Z,2026-09-29T23:14:14.196930Z
391,recovery,LAT-00391-c33d0f,BASE_FINE,2.2,3.5,ACCEPT,ACCEPTED,ACCEPTABLE_CONTEXT,0.006187,0.5863,0.645,0.668,2026-09-29T23:14:14.197054Z,2026-09-29T23:14:14.197723Z
392,uncertain,LAT-00392-2b73f9,BASE_FINE,2.5,7.0,REJECT,MODEL_A_BLOCK,UNCERTAIN_CONTEXT,1.0,0.2775,0.333,0.3556,2026-09-29T23:14:14.197849Z,2026-09-29T23:14:14.198206Z
393,normal,LAT-00393-e42eb3,ACID_FINE,9.4,7.0,ACCEPT,ACCEPTED,ACCEPTABLE_CONTEXT,0.00409,0.5754,0.6335,0.6574,2026-09-29T23:14:14.198329Z,2026-09-29T23:14:14.198987Z
394,recovery,LAT-00394-4a34eb,BASE_FINE,9.8,3.5,ACCEPT,ACCEPTED,ACCEPTABLE_CONTEXT,0.006187,0.5954,0.6542,0.6784,2026-09-29T23:14:14.199114Z,2026-09-29T23:14:14.199794Z
395,uncertain,LAT-00395-47e8f5,BASE_FINE,2.1,7.0,REJECT,MODEL_A_BLOCK,UNCERTAIN_CONTEXT,1.0,0.266,0.3225,0.345,2026-09-29T23:14:14.199924Z,2026-09-29T23:14:14.200270Z
396,uncertain,LAT-00396-850410,BASE_FINE,1.3,7.0,REJECT,MODEL_A_BLOCK,UNCERTAIN_CONTEXT,1.0,0.259,0.3157,0.3377,2026-09-29T23:14:14.200401Z,2026-09-29T23:14:14.200740Z
397,harmful,LAT-00397-77549c,ACID_BULK,18.9,6.2,REJECT,MODEL_A_BLOCK,HARMFUL_CONTEXT,1.0,0.284,0.3397,0.3617,2026-09-29T23:14:14.200866Z,2026-09-29T23:14:14.201228Z
398,normal,LAT-00398-a89fa4,BASE_FINE,9.5,7.0,ACCEPT,ACCEPTED,ACCEPTABLE_CONTEXT,0.00409,0.6236,0.7012,0.7399,2026-09-29T23:14:14.201353Z,2026-09-29T23:14:14.202093Z
399,uncertain,LAT-00399-068174,BASE_FINE,1.9,7.0,REJECT,MODEL_A_BLOCK,UNCERTAIN_CONTEXT,1.0,0.3569,0.545,0.587,2026-09-29T23:14:14.202309Z,2026-09-29T23:14:14.202897Z
400,harmful,LAT-00400-be753e,ACID_BULK,15.2,6.2,REJECT,MODEL_A_BLOCK,HARMFUL_CONTEXT,1.0,0.3584,0.4335,0.4631,2026-09-29T23:14:14.203089Z,2026-09-29T23:14:14.203553Z
401,normal,LAT-00401-b3fc89,BASE_FINE,9.4,7.0,ACCEPT,ACCEPTED,ACCEPTABLE_CONTEXT,0.00409,0.7277,0.8154,0.8471,2026-09-29T23:14:14.203738Z,2026-09-29T23:14:14.204587Z
402,harmful,LAT-00402-5f9905,ACID_BULK,17.7,6.2,REJECT,MODEL_A_BLOCK,HARMFUL_CONTEXT,1.0,0.3169,0.3975,0.4236,2026-09-29T23:14:14.204763Z,2026-09-29T23:14:14.205188Z
403,uncertain,LAT-00403-58e653,BASE_FINE,1.3,7.0,REJECT,MODEL_A_BLOCK,UNCERTAIN_CONTEXT,1.0,0.2804,0.3419,0.3662,2026-09-29T23:14:14.205330Z,2026-09-29T23:14:14.205697Z
404,normal,LAT-00404-6c219e,BASE_FINE,4.9,7.0,ACCEPT,ACCEPTED,ACCEPTABLE_CONTEXT,0.003849,0.5774,0.6461,0.6716,2026-09-29T23:14:14.205837Z,2026-09-29T23:14:14.206510Z
405,recovery,LAT-00405-24688f,BASE_FINE,6.0,3.5,ACCEPT,ACCEPTED,ACCEPTABLE_CONTEXT,0.006187,0.6136,0.676,0.7009,2026-09-29T23:14:14.206647Z,2026-09-29T23:14:14.207349Z
406,normal,LAT-00406-f3b903,ACID_FINE,9.8,7.0,ACCEPT,ACCEPTED,ACCEPTABLE_CONTEXT,0.00409,0.5652,0.629,0.6535,2026-09-29T23:14:14.207483Z,2026-09-29T23:14:14.208137Z
407,harmful,LAT-00407-b0548d,ACID_BULK,10.0,6.2,REJECT,MODEL_A_BLOCK,HARMFUL_CONTEXT,1.0,0.2922,0.3517,0.3743,2026-09-29T23:14:14.208276Z,2026-09-29T23:14:14.208651Z
408,normal,LAT-00408-db718a,ACID_FINE,6.6,7.0,ACCEPT,ACCEPTED,ACCEPTABLE_CONTEXT,0.00409,0.5754,0.6373,0.6606,2026-09-29T23:14:14.208782Z,2026-09-29T23:14:14.209444Z
409,normal,LAT-00409-bf3ea0,BASE_FINE,1.5,7.0,ACCEPT,ACCEPTED,ACCEPTABLE_CONTEXT,0.00409,0.5645,0.6232,0.6465,2026-09-29T23:14:14.209575Z,2026-09-29T23:14:14.210222Z
410,normal,LAT-00410-3ad43f,ACID_FINE,3.9,7.0,ACCEPT,ACCEPTED,ACCEPTABLE_CONTEXT,0.00409,0.582,0.6405,0.6643,2026-09-29T23:14:14.210352Z,2026-09-29T23:14:14.211017Z
411,uncertain,LAT-00411-d10895,BASE_FINE,1.8,7.0,REJECT,MODEL_A_BLOCK,UNCERTAIN_CONTEXT,1.0,0.2797,0.3362,0.359,2026-09-29T23:14:14.211147Z,2026-09-29T23:14:14.211507Z
412,normal,LAT-00412-2440f9,ACID_FINE,4.5,7.0,ACCEPT,ACCEPTED,ACCEPTABLE_CONTEXT,0.00409,0.5415,0.6001,0.6239,2026-09-29T23:14:14.211634Z,2026-09-29T23:14:14.212259Z
413,harmful,LAT-00413-d34c1c,ACID_BULK,12.6,6.2,REJECT,MODEL_A_BLOCK,HARMFUL_CONTEXT,1.0,0.2876,0.3434,0.3655,2026-09-29T23:14:14.212387Z,2026-09-29T23:14:14.212754Z
414,uncertain,LAT-00414-9d15e0,BASE_FINE,2.8,7.0,REJECT,MODEL_A_BLOCK,UNCERTAIN_CONTEXT,1.0,0.2731,0.3285,0.3509,2026-09-29T23:14:14.212880Z,2026-09-29T23:14:14.213232Z
415,harmful,LAT-00415-e299eb,ACID_BULK,11.2,6.2,REJECT,MODEL_A_BLOCK,HARMFUL_CONTEXT,1.0,0.2813,0.3371,0.3587,2026-09-29T23:14:14.213357Z,2026-09-29T23:14:14.213716Z
416,uncertain,LAT-00416-92520f,BASE_FINE,2.4,7.0,REJECT,MODEL_A_BLOCK,UNCERTAIN_CONTEXT,1.0,0.255,0.3098,0.3312,2026-09-29T23:14:14.213840Z,2026-09-29T23:14:14.214172Z
417,normal,LAT-00417-67d3d7,ACID_FINE,7.3,7.0,ACCEPT,ACCEPTED,ACCEPTABLE_CONTEXT,0.00409,0.535,0.5924,0.6155,2026-09-29T23:14:14.214295Z,2026-09-29T23:14:14.214912Z
418,harmful,LAT-00418-4028c1,ACID_BULK,18.9,6.2,REJECT,MODEL_A_BLOCK,HARMFUL_CONTEXT,1.0,0.2855,0.3425,0.364,2026-09-29T23:14:14.215045Z,2026-09-29T23:14:14.215410Z
419,uncertain,LAT-00419-4be270,BASE_FINE,2.7,7.0,REJECT,MODEL_A_BLOCK,UNCERTAIN_CONTEXT,1.0,0.2539,0.359,0.381,2026-09-29T23:14:14.215533Z,2026-09-29T23:14:14.215915Z
420,normal,LAT-00420-762ca1,ACID_FINE,3.2,7.0,ACCEPT,ACCEPTED,ACCEPTABLE_CONTEXT,0.00409,0.5822,0.6532,0.6757,2026-09-29T23:14:14.216038Z,2026-09-29T23:14:14.216714Z
421,uncertain,LAT-00421-3cdc66,BASE_FINE,4.7,7.0,REJECT,MODEL_A_BLOCK,UNCERTAIN_CONTEXT,1.0,0.2859,0.3514,0.3729,2026-09-29T23:14:14.216840Z,2026-09-29T23:14:14.217213Z
422,harmful,LAT-00422-1e8bb3,ACID_BULK,18.7,6.2,REJECT,MODEL_A_BLOCK,HARMFUL_CONTEXT,1.0,0.2832,0.3376,0.3586,2026-09-29T23:14:14.217337Z,2026-09-29T23:14:14.217697Z
423,normal,LAT-00423-674b6c,ACID_FINE,4.3,7.0,ACCEPT,ACCEPTED,ACCEPTABLE_CONTEXT,0.00409,0.5521,0.6111,0.6345,2026-09-29T23:14:14.217821Z,2026-09-29T23:14:14.218457Z
424,uncertain,LAT-00424-3e1089,BASE_FINE,2.3,7.0,REJECT,MODEL_A_BLOCK,UNCERTAIN_CONTEXT,1.0,0.3177,0.3881,0.4181,2026-09-29T23:14:14.218583Z,2026-09-29T23:14:14.219002Z
425,recovery,LAT-00425-686560,BASE_FINE,8.5,3.5,ACCEPT,ACCEPTED,ACCEPTABLE_CONTEXT,0.006187,0.7477,0.8284,0.864,2026-09-29T23:14:14.219173Z,2026-09-29T23:14:14.220038Z
426,normal,LAT-00426-9ec099,BASE_FINE,9.2,7.0,ACCEPT,ACCEPTED,ACCEPTABLE_CONTEXT,0.00409,0.669,0.7408,0.7692,2026-09-29T23:14:14.220201Z,2026-09-29T23:14:14.220971Z
427,normal,LAT-00427-1322ff,BASE_FINE,7.5,7.0,ACCEPT,ACCEPTED,ACCEPTABLE_CONTEXT,0.00409,0.6837,0.7757,0.8103,2026-09-29T23:14:14.221122Z,2026-09-29T23:14:14.221934Z
428,harmful,LAT-00428-05079a,ACID_BULK,13.0,6.2,REJECT,MODEL_A_BLOCK,HARMFUL_CONTEXT,1.0,0.3258,0.3943,0.4227,2026-09-29T23:14:14.222109Z,2026-09-29T23:14:14.222533Z
429,uncertain,LAT-00429-5d6c64,BASE_FINE,3.0,7.0,REJECT,MODEL_A_BLOCK,UNCERTAIN_CONTEXT,1.0,0.3061,0.368,0.393,2026-09-29T23:14:14.222690Z,2026-09-29T23:14:14.223084Z
430,normal,LAT-00430-0783d6,ACID_FINE,2.0,7.0,ACCEPT,ACCEPTED,ACCEPTABLE_CONTEXT,0.00409,0.6109,0.6753,0.702,2026-09-29T23:14:14.223219Z,2026-09-29T23:14:14.223922Z
431,uncertain,LAT-00431-7c88d6,BASE_FINE,3.6,7.0,REJECT,MODEL_A_BLOCK,UNCERTAIN_CONTEXT,1.0,0.3022,0.3663,0.3907,2026-09-29T23:14:14.224066Z,2026-09-29T23:14:14.224458Z
432,harmful,LAT-00432-db2356,ACID_BULK,18.6,6.2,REJECT,MODEL_A_BLOCK,HARMFUL_CONTEXT,1.0,0.2965,0.3661,0.3896,2026-09-29T23:14:14.224603Z,2026-09-29T23:14:14.224993Z
433,recovery,LAT-00433-4d8adf,BASE_FINE,4.2,3.5,ACCEPT,ACCEPTED,ACCEPTABLE_CONTEXT,0.00568,0.631,0.6969,0.7233,2026-09-29T23:14:14.225132Z,2026-09-29T23:14:14.225857Z
434,normal,LAT-00434-a5f36f,BASE_FINE,4.6,7.0,ACCEPT,ACCEPTED,ACCEPTABLE_CONTEXT,0.00409,0.5719,0.6338,0.6635,2026-09-29T23:14:14.225995Z,2026-09-29T23:14:14.226659Z
435,uncertain,LAT-00435-30e204,BASE_FINE,1.2,7.0,REJECT,MODEL_A_BLOCK,UNCERTAIN_CONTEXT,1.0,0.3046,0.3647,0.3887,2026-09-29T23:14:14.226798Z,2026-09-29T23:14:14.227187Z
436,harmful,LAT-00436-5c791e,ACID_BULK,18.5,6.2,REJECT,MODEL_A_BLOCK,HARMFUL_CONTEXT,1.0,0.3008,0.3584,0.3815,2026-09-29T23:14:14.227318Z,2026-09-29T23:14:14.227700Z
437,recovery,LAT-00437-4cf739,BASE_FINE,8.2,3.5,ACCEPT,ACCEPTED,ACCEPTABLE_CONTEXT,0.009535,0.6057,0.6638,0.6881,2026-09-29T23:14:14.227827Z,2026-09-29T23:14:14.228516Z
438,recovery,LAT-00438-d7d43c,BASE_FINE,4.5,3.5,ACCEPT,ACCEPTED,ACCEPTABLE_CONTEXT,0.00568,0.5942,0.6534,0.6771,2026-09-29T23:14:14.228646Z,2026-09-29T23:14:14.229324Z
439,uncertain,LAT-00439-dc76ae,BASE_FINE,4.1,7.0,REJECT,MODEL_A_BLOCK,UNCERTAIN_CONTEXT,1.0,0.2632,0.3772,0.4,2026-09-29T23:14:14.229455Z,2026-09-29T23:14:14.229856Z
440,uncertain,LAT-00440-e59b4a,BASE_FINE,2.4,7.0,REJECT,MODEL_A_BLOCK,UNCERTAIN_CONTEXT,1.0,0.259,0.3161,0.3382,2026-09-29T23:14:14.229984Z,2026-09-29T23:14:14.230323Z
441,recovery,LAT-00441-c28119,BASE_FINE,8.7,3.5,ACCEPT,ACCEPTED,ACCEPTABLE_CONTEXT,0.006187,0.5997,0.6577,0.681,2026-09-29T23:14:14.230448Z,2026-09-29T23:14:14.231130Z
442,normal,LAT-00442-7871e2,ACID_FINE,0.9,7.0,ACCEPT,ACCEPTED,ACCEPTABLE_CONTEXT,0.00409,0.5387,0.597,0.6201,2026-09-29T23:14:14.231259Z,2026-09-29T23:14:14.231880Z
443,normal,LAT-00443-a33ad7,BASE_FINE,3.9,7.0,ACCEPT,ACCEPTED,ACCEPTABLE_CONTEXT,0.00409,0.5521,0.6129,0.6537,2026-09-29T23:14:14.232011Z,2026-09-29T23:14:14.232665Z
444,normal,LAT-00444-5441f8,BASE_FINE,9.0,7.0,ACCEPT,ACCEPTED,ACCEPTABLE_CONTEXT,0.003849,0.7983,0.8581,0.8832,2026-09-29T23:14:14.232793Z,2026-09-29T23:14:14.233677Z
445,uncertain,LAT-00445-ec8fa5,BASE_FINE,1.6,7.0,REJECT,MODEL_A_BLOCK,UNCERTAIN_CONTEXT,1.0,0.2972,0.354,0.377,2026-09-29T23:14:14.233816Z,2026-09-29T23:14:14.234193Z
446,uncertain,LAT-00446-a6f029,BASE_FINE,3.5,7.0,REJECT,MODEL_A_BLOCK,UNCERTAIN_CONTEXT,1.0,0.2885,0.3458,0.3683,2026-09-29T23:14:14.234321Z,2026-09-29T23:14:14.234690Z
447,uncertain,LAT-00447-d8da14,BASE_FINE,3.1,7.0,REJECT,MODEL_A_BLOCK,UNCERTAIN_CONTEXT,1.0,0.2674,0.3255,0.3468,2026-09-29T23:14:14.234816Z,2026-09-29T23:14:14.235163Z
448,recovery,LAT-00448-4b27dd,BASE_FINE,9.1,3.5,ACCEPT,ACCEPTED,ACCEPTABLE_CONTEXT,0.006187,0.7874,0.8615,0.8916,2026-09-29T23:14:14.235323Z,2026-09-29T23:14:14.236216Z
449,uncertain,LAT-00449-7e979b,BASE_FINE,3.1,7.0,REJECT,MODEL_A_BLOCK,UNCERTAIN_CONTEXT,1.0,0.2729,0.3342,0.358,2026-09-29T23:14:14.236370Z,2026-09-29T23:14:14.236729Z
450,harmful,LAT-00450-2604c3,ACID_BULK,15.3,6.2,REJECT,MODEL_A_BLOCK,HARMFUL_CONTEXT,1.0,0.2975,0.3562,0.3794,2026-09-29T23:14:14.236859Z,2026-09-29T23:14:14.237239Z
451,normal,LAT-00451-ddc269,ACID_FINE,6.7,7.0,ACCEPT,ACCEPTED,ACCEPTABLE_CONTEXT,0.00409,0.6115,0.677,0.7014,2026-09-29T23:14:14.237401Z,2026-09-29T23:14:14.238103Z
452,uncertain,LAT-00452-0ef184,BASE_FINE,2.6,7.0,REJECT,MODEL_A_BLOCK,UNCERTAIN_CONTEXT,1.0,0.2974,0.3535,0.3758,2026-09-29T23:14:14.238235Z,2026-09-29T23:14:14.238612Z
453,normal,LAT-00453-ce54ed,ACID_FINE,2.4,7.0,ACCEPT,ACCEPTED,ACCEPTABLE_CONTEXT,0.00409,0.5542,0.6153,0.6385,2026-09-29T23:14:14.238748Z,2026-09-29T23:14:14.239387Z
454,harmful,LAT-00454-bbbda8,ACID_BULK,18.0,6.2,REJECT,MODEL_A_BLOCK,HARMFUL_CONTEXT,1.0,0.3038,0.3592,0.3809,2026-09-29T23:14:14.239513Z,2026-09-29T23:14:14.239895Z
455,harmful,LAT-00455-0d7b0f,ACID_BULK,17.6,6.2,REJECT,MODEL_A_BLOCK,HARMFUL_CONTEXT,1.0,0.2835,0.3377,0.359,2026-09-29T23:14:14.240017Z,2026-09-29T23:14:14.240377Z
456,recovery,LAT-00456-01a867,BASE_FINE,7.3,3.5,ACCEPT,ACCEPTED,ACCEPTABLE_CONTEXT,0.006187,0.6045,0.6728,0.6952,2026-09-29T23:14:14.240503Z,2026-09-29T23:14:14.241199Z
457,harmful,LAT-00457-357ebd,ACID_BULK,16.0,6.2,REJECT,MODEL_A_BLOCK,HARMFUL_CONTEXT,1.0,0.2927,0.3497,0.3718,2026-09-29T23:14:14.241324Z,2026-09-29T23:14:14.241696Z
458,normal,LAT-00458-930a4c,BASE_FINE,5.5,7.0,ACCEPT,ACCEPTED,ACCEPTABLE_CONTEXT,0.00409,0.5505,0.6103,0.6324,2026-09-29T23:14:14.241833Z,2026-09-29T23:14:14.242466Z
459,recovery,LAT-00459-a5ee44,BASE_FINE,9.4,3.5,ACCEPT,ACCEPTED,ACCEPTABLE_CONTEXT,0.006187,0.5843,0.7091,0.7323,2026-09-29T23:14:14.242590Z,2026-09-29T23:14:14.243323Z
460,uncertain,LAT-00460-a7e10e,BASE_FINE,3.1,7.0,REJECT,MODEL_A_BLOCK,UNCERTAIN_CONTEXT,1.0,0.2638,0.3332,0.355,2026-09-29T23:14:14.243449Z,2026-09-29T23:14:14.243805Z
461,normal,LAT-00461-59171c,BASE_FINE,6.1,7.0,ACCEPT,ACCEPTED,ACCEPTABLE_CONTEXT,0.00409,0.575,0.6312,0.6538,2026-09-29T23:14:14.243930Z,2026-09-29T23:14:14.244584Z
462,harmful,LAT-00462-cd164b,ACID_BULK,11.4,6.2,REJECT,MODEL_A_BLOCK,HARMFUL_CONTEXT,1.0,0.2855,0.3406,0.362,2026-09-29T23:14:14.244709Z,2026-09-29T23:14:14.245072Z
463,uncertain,LAT-00463-6836b7,BASE_FINE,3.3,7.0,REJECT,MODEL_A_BLOCK,UNCERTAIN_CONTEXT,1.0,0.2553,0.3099,0.3307,2026-09-29T23:14:14.245194Z,2026-09-29T23:14:14.245525Z
464,normal,LAT-00464-a70645,BASE_FINE,9.8,7.0,ACCEPT,ACCEPTED,ACCEPTABLE_CONTEXT,0.00409,0.538,0.5938,0.6162,2026-09-29T23:14:14.245648Z,2026-09-29T23:14:14.246265Z
465,normal,LAT-00465-d55ffc,BASE_FINE,4.1,7.0,ACCEPT,ACCEPTED,ACCEPTABLE_CONTEXT,0.003849,0.5344,0.5911,0.6131,2026-09-29T23:14:14.246387Z,2026-09-29T23:14:14.247001Z
466,normal,LAT-00466-f67c48,BASE_FINE,1.4,7.0,ACCEPT,ACCEPTED,ACCEPTABLE_CONTEXT,0.00409,0.5303,0.589,0.6116,2026-09-29T23:14:14.247124Z,2026-09-29T23:14:14.247737Z
467,normal,LAT-00467-68f272,BASE_FINE,4.2,7.0,ACCEPT,ACCEPTED,ACCEPTABLE_CONTEXT,0.003849,0.5358,0.5925,0.6145,2026-09-29T23:14:14.247860Z,2026-09-29T23:14:14.248476Z
468,harmful,LAT-00468-4ce9c7,ACID_BULK,18.7,6.2,REJECT,MODEL_A_BLOCK,HARMFUL_CONTEXT,1.0,0.2851,0.3401,0.3615,2026-09-29T23:14:14.248599Z,2026-09-29T23:14:14.248962Z
469,uncertain,LAT-00469-e8ed95,BASE_FINE,3.7,7.0,REJECT,MODEL_A_BLOCK,UNCERTAIN_CONTEXT,1.0,0.2781,0.3325,0.3533,2026-09-29T23:14:14.249082Z,2026-09-29T23:14:14.249436Z
470,recovery,LAT-00470-695dcc,BASE_FINE,2.8,3.5,ACCEPT,ACCEPTED,ACCEPTABLE_CONTEXT,0.006187,0.5937,0.6513,0.674,2026-09-29T23:14:14.249567Z,2026-09-29T23:14:14.250241Z
471,normal,LAT-00471-0f66b1,BASE_FINE,0.6,7.0,ACCEPT,ACCEPTED,ACCEPTABLE_CONTEXT,0.003849,0.568,0.6266,0.6486,2026-09-29T23:14:14.250367Z,2026-09-29T23:14:14.251017Z
472,normal,LAT-00472-032bc9,ACID_FINE,1.0,7.0,ACCEPT,ACCEPTED,ACCEPTABLE_CONTEXT,0.00409,0.573,0.6316,0.6535,2026-09-29T23:14:14.251141Z,2026-09-29T23:14:14.251795Z
473,normal,LAT-00473-242a6a,BASE_FINE,4.7,7.0,ACCEPT,ACCEPTED,ACCEPTABLE_CONTEXT,0.003849,0.5835,0.644,0.6665,2026-09-29T23:14:14.251918Z,2026-09-29T23:14:14.252585Z
474,harmful,LAT-00474-ad0b3e,ACID_BULK,15.1,6.2,REJECT,MODEL_A_BLOCK,HARMFUL_CONTEXT,1.0,0.3222,0.3913,0.42,2026-09-29T23:14:14.252722Z,2026-09-29T23:14:14.253143Z
475,harmful,LAT-00475-d1e157,ACID_BULK,13.0,6.2,REJECT,MODEL_A_BLOCK,HARMFUL_CONTEXT,1.0,0.3244,0.4229,0.4513,2026-09-29T23:14:14.253331Z,2026-09-29T23:14:14.253783Z
476,uncertain,LAT-00476-12df0a,BASE_FINE,5.0,7.0,REJECT,MODEL_A_BLOCK,UNCERTAIN_CONTEXT,1.0,0.3035,0.3645,0.3876,2026-09-29T23:14:14.253925Z,2026-09-29T23:14:14.254313Z
477,recovery,LAT-00477-61be27,BASE_FINE,7.0,3.5,ACCEPT,ACCEPTED,ACCEPTABLE_CONTEXT,0.006187,0.7298,0.81,0.8418,2026-09-29T23:14:14.254444Z,2026-09-29T23:14:14.255286Z
478,harmful,LAT-00478-1199cf,ACID_BULK,11.0,6.2,REJECT,MODEL_A_BLOCK,HARMFUL_CONTEXT,1.0,0.3421,0.4074,0.4328,2026-09-29T23:14:14.255456Z,2026-09-29T23:14:14.255889Z
479,normal,LAT-00479-50544e,BASE_FINE,3.4,7.0,ACCEPT,ACCEPTED,ACCEPTABLE_CONTEXT,0.00409,0.7902,1.7633,1.7901,2026-09-29T23:14:14.256028Z,2026-09-29T23:14:14.257819Z
480,recovery,LAT-00480-d9c55e,BASE_FINE,9.7,3.5,ACCEPT,ACCEPTED,ACCEPTABLE_CONTEXT,0.006187,0.6533,0.719,0.7443,2026-09-29T23:14:14.257953Z,2026-09-29T23:14:14.258698Z
481,normal,LAT-00481-930d9f,ACID_FINE,8.4,7.0,ACCEPT,ACCEPTED,ACCEPTABLE_CONTEXT,0.00409,0.5827,0.6432,0.6677,2026-09-29T23:14:14.258835Z,2026-09-29T23:14:14.259503Z
482,recovery,LAT-00482-8e3180,BASE_FINE,6.1,3.5,ACCEPT,ACCEPTED,ACCEPTABLE_CONTEXT,0.00568,0.6626,0.7339,0.777,2026-09-29T23:14:14.259633Z,2026-09-29T23:14:14.260411Z
483,harmful,LAT-00483-232455,ACID_BULK,14.6,6.2,REJECT,MODEL_A_BLOCK,HARMFUL_CONTEXT,1.0,0.3165,0.3851,0.4133,2026-09-29T23:14:14.260589Z,2026-09-29T23:14:14.261003Z
484,harmful,LAT-00484-0a0c9c,ACID_BULK,16.0,6.2,REJECT,MODEL_A_BLOCK,HARMFUL_CONTEXT,1.0,0.2961,0.3577,0.3823,2026-09-29T23:14:14.261151Z,2026-09-29T23:14:14.261534Z
485,normal,LAT-00485-9f52e3,ACID_FINE,5.6,7.0,ACCEPT,ACCEPTED,ACCEPTABLE_CONTEXT,0.00409,0.589,0.6519,0.678,2026-09-29T23:14:14.261671Z,2026-09-29T23:14:14.262349Z
486,harmful,LAT-00486-c357cc,ACID_BULK,10.2,6.2,REJECT,MODEL_A_BLOCK,HARMFUL_CONTEXT,1.0,0.2961,0.3567,0.3811,2026-09-29T23:14:14.262487Z,2026-09-29T23:14:14.262869Z
487,normal,LAT-00487-be7de9,BASE_FINE,2.8,7.0,ACCEPT,ACCEPTED,ACCEPTABLE_CONTEXT,0.00409,0.5937,0.6552,0.6798,2026-09-29T23:14:14.262999Z,2026-09-29T23:14:14.263680Z
488,recovery,LAT-00488-a2768c,BASE_FINE,4.7,3.5,ACCEPT,ACCEPTED,ACCEPTABLE_CONTEXT,0.00568,0.5999,0.6613,0.6863,2026-09-29T23:14:14.263812Z,2026-09-29T23:14:14.264499Z
489,harmful,LAT-00489-d161a3,ACID_BULK,15.3,6.2,REJECT,MODEL_A_BLOCK,HARMFUL_CONTEXT,1.0,0.292,0.3506,0.374,2026-09-29T23:14:14.264632Z,2026-09-29T23:14:14.265007Z
490,normal,LAT-00490-9fd043,BASE_FINE,1.2,7.0,ACCEPT,ACCEPTED,ACCEPTABLE_CONTEXT,0.00409,0.5865,0.6475,0.6719,2026-09-29T23:14:14.265136Z,2026-09-29T23:14:14.265809Z
491,recovery,LAT-00491-36b29c,BASE_FINE,8.3,3.5,ACCEPT,ACCEPTED,ACCEPTABLE_CONTEXT,0.006187,0.5912,0.6519,0.6758,2026-09-29T23:14:14.265940Z,2026-09-29T23:14:14.266617Z
492,uncertain,LAT-00492-80716a,BASE_FINE,4.1,7.0,REJECT,MODEL_A_BLOCK,UNCERTAIN_CONTEXT,1.0,0.2841,0.3417,0.3643,2026-09-29T23:14:14.266749Z,2026-09-29T23:14:14.267114Z
493,normal,LAT-00493-145690,BASE_FINE,5.7,7.0,ACCEPT,ACCEPTED,ACCEPTABLE_CONTEXT,0.00409,0.5893,0.6492,0.673,2026-09-29T23:14:14.267244Z,2026-09-29T23:14:14.267918Z
494,normal,LAT-00494-36312a,BASE_FINE,6.6,7.0,ACCEPT,ACCEPTED,ACCEPTABLE_CONTEXT,0.00409,0.5552,0.6157,0.6408,2026-09-29T23:14:14.268049Z,2026-09-29T23:14:14.268691Z
495,normal,LAT-00495-2cd218,ACID_FINE,6.8,7.0,ACCEPT,ACCEPTED,ACCEPTABLE_CONTEXT,0.00409,0.5739,0.6405,0.6646,2026-09-29T23:14:14.268826Z,2026-09-29T23:14:14.269492Z
496,normal,LAT-00496-f69e4c,ACID_FINE,4.2,7.0,ACCEPT,ACCEPTED,ACCEPTABLE_CONTEXT,0.00409,0.6486,0.7623,0.8018,2026-09-29T23:14:14.269651Z,2026-09-29T23:14:14.270454Z
497,recovery,LAT-00497-251656,BASE_FINE,4.8,3.5,ACCEPT,ACCEPTED,ACCEPTABLE_CONTEXT,0.00568,0.719,0.7923,0.8192,2026-09-29T23:14:14.270629Z,2026-09-29T23:14:14.271449Z
498,harmful,LAT-00498-b15bba,ACID_BULK,17.8,6.2,REJECT,MODEL_A_BLOCK,HARMFUL_CONTEXT,1.0,0.3815,0.4604,0.4951,2026-09-29T23:14:14.271598Z,2026-09-29T23:14:14.272095Z
499,normal,LAT-00499-b428f1,ACID_FINE,1.2,7.0,ACCEPT,ACCEPTED,ACCEPTABLE_CONTEXT,0.00409,0.6224,0.7762,0.8033,2026-09-29T23:14:14.272268Z,2026-09-29T23:14:14.273072Z
500,harmful,LAT-00500-079227,ACID_BULK,10.7,6.2,REJECT,MODEL_A_BLOCK,HARMFUL_CONTEXT,1.0,0.3106,0.3758,0.4003,2026-09-29T23:14:14.273219Z,2026-09-29T23:14:14.273620Z
501,normal,LAT-00501-4638d2,BASE_FINE,8.7,7.0,ACCEPT,ACCEPTED,ACCEPTABLE_CONTEXT,0.00409,0.5663,0.6318,0.6555,2026-09-29T23:14:14.273759Z,2026-09-29T23:14:14.274415Z
502,harmful,LAT-00502-a1f59b,ACID_BULK,12.9,6.2,REJECT,MODEL_A_BLOCK,HARMFUL_CONTEXT,1.0,0.3042,0.3641,0.3869,2026-09-29T23:14:14.274550Z,2026-09-29T23:14:14.274938Z
503,recovery,LAT-00503-d70828,BASE_FINE,5.2,3.5,ACCEPT,ACCEPTED,ACCEPTABLE_CONTEXT,0.00568,0.6144,0.6793,0.7035,2026-09-29T23:14:14.275070Z,2026-09-29T23:14:14.275775Z
504,normal,LAT-00504-b83a11,ACID_FINE,2.3,7.0,ACCEPT,ACCEPTED,ACCEPTABLE_CONTEXT,0.00409,0.5779,0.637,0.6597,2026-09-29T23:14:14.275902Z,2026-09-29T23:14:14.276562Z
505,recovery,LAT-00505-0cfc84,BASE_FINE,8.4,3.5,ACCEPT,ACCEPTED,ACCEPTABLE_CONTEXT,0.006187,0.5901,0.6495,0.6728,2026-09-29T23:14:14.276691Z,2026-09-29T23:14:14.277364Z
506,normal,LAT-00506-751158,BASE_FINE,9.3,7.0,ACCEPT,ACCEPTED,ACCEPTABLE_CONTEXT,0.00409,0.5766,0.6358,0.6589,2026-09-29T23:14:14.277492Z,2026-09-29T23:14:14.278152Z
507,uncertain,LAT-00507-0a474c,BASE_FINE,1.0,7.0,REJECT,MODEL_A_BLOCK,UNCERTAIN_CONTEXT,1.0,0.2591,0.3163,0.3382,2026-09-29T23:14:14.278279Z,2026-09-29T23:14:14.278618Z
508,normal,LAT-00508-71ca0d,ACID_FINE,9.7,7.0,ACCEPT,ACCEPTED,ACCEPTABLE_CONTEXT,0.003572,0.5707,0.631,0.6537,2026-09-29T23:14:14.278743Z,2026-09-29T23:14:14.279398Z
509,normal,LAT-00509-8bd906,ACID_FINE,3.1,7.0,ACCEPT,ACCEPTED,ACCEPTABLE_CONTEXT,0.00409,0.5288,0.5876,0.6103,2026-09-29T23:14:14.279524Z,2026-09-29T23:14:14.280135Z
510,normal,LAT-00510-db122c,ACID_FINE,3.6,7.0,ACCEPT,ACCEPTED,ACCEPTABLE_CONTEXT,0.003572,0.5269,0.5898,0.6162,2026-09-29T23:14:14.280261Z,2026-09-29T23:14:14.280878Z
511,uncertain,LAT-00511-a25ce0,BASE_FINE,3.4,7.0,REJECT,MODEL_A_BLOCK,UNCERTAIN_CONTEXT,1.0,0.2776,0.3341,0.356,2026-09-29T23:14:14.281003Z,2026-09-29T23:14:14.281360Z
512,normal,LAT-00512-f22c7a,BASE_FINE,8.5,7.0,ACCEPT,ACCEPTED,ACCEPTABLE_CONTEXT,0.00409,0.5328,0.5917,0.615,2026-09-29T23:14:14.281484Z,2026-09-29T23:14:14.282100Z
513,normal,LAT-00513-4090c3,BASE_FINE,6.9,7.0,ACCEPT,ACCEPTED,ACCEPTABLE_CONTEXT,0.00409,0.5456,0.6038,0.6261,2026-09-29T23:14:14.282226Z,2026-09-29T23:14:14.282853Z
514,harmful,LAT-00514-5feed3,ACID_BULK,10.7,6.2,REJECT,MODEL_A_BLOCK,HARMFUL_CONTEXT,1.0,0.2986,0.3552,0.3771,2026-09-29T23:14:14.282984Z,2026-09-29T23:14:14.283361Z
515,harmful,LAT-00515-f4be24,ACID_BULK,19.1,6.2,REJECT,MODEL_A_BLOCK,HARMFUL_CONTEXT,1.0,0.3094,0.3695,0.3913,2026-09-29T23:14:14.283490Z,2026-09-29T23:14:14.283882Z
516,uncertain,LAT-00516-466db7,BASE_FINE,1.1,7.0,REJECT,MODEL_A_BLOCK,UNCERTAIN_CONTEXT,1.0,0.2724,0.328,0.349,2026-09-29T23:14:14.284005Z,2026-09-29T23:14:14.284355Z
517,normal,LAT-00517-b70c4d,BASE_FINE,6.9,7.0,ACCEPT,ACCEPTED,ACCEPTABLE_CONTEXT,0.00409,0.5413,0.6075,0.6299,2026-09-29T23:14:14.284476Z,2026-09-29T23:14:14.285107Z
518,normal,LAT-00518-af83fa,BASE_FINE,9.1,7.0,ACCEPT,ACCEPTED,ACCEPTABLE_CONTEXT,0.00409,0.6377,0.7299,0.808,2026-09-29T23:14:14.285248Z,2026-09-29T23:14:14.286057Z
519,harmful,LAT-00519-028176,ACID_BULK,11.4,6.2,REJECT,MODEL_A_BLOCK,HARMFUL_CONTEXT,1.0,0.3356,0.4648,0.4942,2026-09-29T23:14:14.286253Z,2026-09-29T23:14:14.286748Z
520,normal,LAT-00520-4f8c0c,ACID_FINE,4.9,7.0,ACCEPT,ACCEPTED,ACCEPTABLE_CONTEXT,0.00409,0.7852,0.8594,0.8892,2026-09-29T23:14:14.286896Z,2026-09-29T23:14:14.287787Z
521,normal,LAT-00521-126612,BASE_FINE,7.9,7.0,ACCEPT,ACCEPTED,ACCEPTABLE_CONTEXT,0.00409,0.6337,0.7,0.7251,2026-09-29T23:14:14.287948Z,2026-09-29T23:14:14.288673Z
522,harmful,LAT-00522-fa055e,ACID_BULK,13.6,6.2,REJECT,MODEL_A_BLOCK,HARMFUL_CONTEXT,1.0,0.3039,0.3635,0.3877,2026-09-29T23:14:14.288813Z,2026-09-29T23:14:14.289202Z
523,uncertain,LAT-00523-aba30d,BASE_FINE,4.6,7.0,REJECT,MODEL_A_BLOCK,UNCERTAIN_CONTEXT,1.0,0.2668,0.3258,0.3494,2026-09-29T23:14:14.289332Z,2026-09-29T23:14:14.289682Z
524,harmful,LAT-00524-3b3604,ACID_BULK,17.5,6.2,REJECT,MODEL_A_BLOCK,HARMFUL_CONTEXT,1.0,0.2898,0.3486,0.3709,2026-09-29T23:14:14.289813Z,2026-09-29T23:14:14.290185Z
525,normal,LAT-00525-5f36aa,ACID_FINE,5.4,7.0,ACCEPT,ACCEPTED,ACCEPTABLE_CONTEXT,0.00409,0.5714,0.6311,0.6544,2026-09-29T23:14:14.290317Z,2026-09-29T23:14:14.290973Z
526,normal,LAT-00526-eaefe1,ACID_FINE,8.0,7.0,ACCEPT,ACCEPTED,ACCEPTABLE_CONTEXT,0.003572,0.5468,0.6047,0.6274,2026-09-29T23:14:14.291102Z,2026-09-29T23:14:14.291730Z
527,uncertain,LAT-00527-9a8120,BASE_FINE,4.6,7.0,REJECT,MODEL_A_BLOCK,UNCERTAIN_CONTEXT,1.0,0.2641,0.321,0.3431,2026-09-29T23:14:14.291858Z,2026-09-29T23:14:14.292202Z
528,uncertain,LAT-00528-a6bb7d,BASE_FINE,3.4,7.0,REJECT,MODEL_A_BLOCK,UNCERTAIN_CONTEXT,1.0,0.2549,0.3164,0.3384,2026-09-29T23:14:14.292325Z,2026-09-29T23:14:14.292664Z
529,uncertain,LAT-00529-32170d,BASE_FINE,4.9,7.0,REJECT,MODEL_A_BLOCK,UNCERTAIN_CONTEXT,1.0,0.2573,0.3132,0.3349,2026-09-29T23:14:14.292785Z,2026-09-29T23:14:14.293121Z
530,harmful,LAT-00530-d8f5cb,ACID_BULK,15.1,6.2,REJECT,MODEL_A_BLOCK,HARMFUL_CONTEXT,1.0,0.2802,0.3362,0.3575,2026-09-29T23:14:14.293244Z,2026-09-29T23:14:14.293602Z
531,uncertain,LAT-00531-8299ea,BASE_FINE,4.1,7.0,REJECT,MODEL_A_BLOCK,UNCERTAIN_CONTEXT,1.0,0.2637,0.3477,0.3822,2026-09-29T23:14:14.293725Z,2026-09-29T23:14:14.294108Z
532,recovery,LAT-00532-a8e1c0,BASE_FINE,9.2,3.5,ACCEPT,ACCEPTED,ACCEPTABLE_CONTEXT,0.00568,0.6293,0.6999,0.7293,2026-09-29T23:14:14.294277Z,2026-09-29T23:14:14.295008Z
533,normal,LAT-00533-cc5b7a,BASE_FINE,0.9,7.0,ACCEPT,ACCEPTED,ACCEPTABLE_CONTEXT,0.003754,0.5594,0.6233,0.6501,2026-09-29T23:14:14.295157Z,2026-09-29T23:14:14.295808Z
534,harmful,LAT-00534-3670d8,ACID_BULK,19.9,6.2,REJECT,MODEL_A_BLOCK,HARMFUL_CONTEXT,1.0,0.2922,0.3531,0.378,2026-09-29T23:14:14.295948Z,2026-09-29T23:14:14.296326Z
535,normal,LAT-00535-d6511c,BASE_FINE,6.1,7.0,ACCEPT,ACCEPTED,ACCEPTABLE_CONTEXT,0.00409,0.537,0.5973,0.6223,2026-09-29T23:14:14.296458Z,2026-09-29T23:14:14.297081Z
536,harmful,LAT-00536-2978df,ACID_BULK,10.1,6.2,REJECT,MODEL_A_BLOCK,HARMFUL_CONTEXT,1.0,0.2876,0.3451,0.3685,2026-09-29T23:14:14.297212Z,2026-09-29T23:14:14.297582Z
537,harmful,LAT-00537-930579,ACID_BULK,15.2,6.2,REJECT,MODEL_A_BLOCK,HARMFUL_CONTEXT,1.0,0.2821,0.339,0.3615,2026-09-29T23:14:14.297710Z,2026-09-29T23:14:14.298072Z
538,normal,LAT-00538-46a37b,BASE_FINE,5.3,7.0,ACCEPT,ACCEPTED,ACCEPTABLE_CONTEXT,0.003849,0.5398,0.5981,0.6219,2026-09-29T23:14:14.298197Z,2026-09-29T23:14:14.298820Z
539,recovery,LAT-00539-2dca9f,BASE_FINE,8.0,3.5,ACCEPT,ACCEPTED,ACCEPTABLE_CONTEXT,0.006187,0.609,0.7318,0.7561,2026-09-29T23:14:14.298956Z,2026-09-29T23:14:14.299713Z
540,uncertain,LAT-00540-11345c,BASE_FINE,3.8,7.0,REJECT,MODEL_A_BLOCK,UNCERTAIN_CONTEXT,1.0,0.254,0.3106,0.3428,2026-09-29T23:14:14.299840Z,2026-09-29T23:14:14.300184Z
541,normal,LAT-00541-2f725b,ACID_FINE,3.5,7.0,ACCEPT,ACCEPTED,ACCEPTABLE_CONTEXT,0.00409,0.5498,0.6108,0.6342,2026-09-29T23:14:14.300309Z,2026-09-29T23:14:14.300944Z
542,recovery,LAT-00542-742b0f,BASE_FINE,3.6,3.5,ACCEPT,ACCEPTED,ACCEPTABLE_CONTEXT,0.006187,0.6025,0.6598,0.682,2026-09-29T23:14:14.301070Z,2026-09-29T23:14:14.301753Z
543,harmful,LAT-00543-7dc287,ACID_BULK,11.9,6.2,REJECT,MODEL_A_BLOCK,HARMFUL_CONTEXT,1.0,0.436,0.5036,0.5315,2026-09-29T23:14:14.301894Z,2026-09-29T23:14:14.302427Z
544,harmful,LAT-00544-f37f84,ACID_BULK,16.8,6.2,REJECT,MODEL_A_BLOCK,HARMFUL_CONTEXT,1.0,0.3464,0.4184,0.4498,2026-09-29T23:14:14.302583Z,2026-09-29T23:14:14.303033Z
545,recovery,LAT-00545-6b8169,BASE_FINE,6.9,3.5,ACCEPT,ACCEPTED,ACCEPTABLE_CONTEXT,0.006187,0.7114,0.7851,0.8117,2026-09-29T23:14:14.303187Z,2026-09-29T23:14:14.304000Z
546,normal,LAT-00546-ac2a10,BASE_FINE,6.5,7.0,ACCEPT,ACCEPTED,ACCEPTABLE_CONTEXT,0.003849,0.6134,0.6802,0.7052,2026-09-29T23:14:14.304177Z,2026-09-29T23:14:14.304883Z
547,recovery,LAT-00547-6e548e,BASE_FINE,7.1,3.5,ACCEPT,ACCEPTED,ACCEPTABLE_CONTEXT,0.006187,0.6121,0.6759,0.7007,2026-09-29T23:14:14.305027Z,2026-09-29T23:14:14.305728Z
548,normal,LAT-00548-768195,BASE_FINE,3.2,7.0,ACCEPT,ACCEPTED,ACCEPTABLE_CONTEXT,0.00409,0.6182,0.6884,0.7154,2026-09-29T23:14:14.305865Z,2026-09-29T23:14:14.306581Z
549,uncertain,LAT-00549-427602,BASE_FINE,2.2,7.0,REJECT,MODEL_A_BLOCK,UNCERTAIN_CONTEXT,1.0,0.3,0.3607,0.3837,2026-09-29T23:14:14.306722Z,2026-09-29T23:14:14.307107Z
550,harmful,LAT-00550-d58a36,ACID_BULK,13.5,6.2,REJECT,MODEL_A_BLOCK,HARMFUL_CONTEXT,1.0,0.2925,0.3526,0.3748,2026-09-29T23:14:14.307248Z,2026-09-29T23:14:14.307623Z
551,normal,LAT-00551-a9b6e1,BASE_FINE,7.8,7.0,ACCEPT,ACCEPTED,ACCEPTABLE_CONTEXT,0.00409,0.58,0.6402,0.6645,2026-09-29T23:14:14.307750Z,2026-09-29T23:14:14.308416Z
552,harmful,LAT-00552-6cc781,ACID_BULK,16.9,6.2,REJECT,MODEL_A_BLOCK,HARMFUL_CONTEXT,1.0,0.2938,0.353,0.3762,2026-09-29T23:14:14.308549Z,2026-09-29T23:14:14.308926Z
553,harmful,LAT-00553-28e73c,ACID_BULK,11.5,6.2,REJECT,MODEL_A_BLOCK,HARMFUL_CONTEXT,1.0,0.2815,0.34,0.3622,2026-09-29T23:14:14.309056Z,2026-09-29T23:14:14.309419Z
554,normal,LAT-00554-53ff3d,ACID_FINE,2.8,7.0,ACCEPT,ACCEPTED,ACCEPTABLE_CONTEXT,0.00409,0.5511,0.6095,0.633,2026-09-29T23:14:14.309543Z,2026-09-29T23:14:14.310177Z
555,normal,LAT-00555-ab585c,BASE_FINE,6.6,7.0,ACCEPT,ACCEPTED,ACCEPTABLE_CONTEXT,0.00409,0.5412,0.5989,0.6213,2026-09-29T23:14:14.310304Z,2026-09-29T23:14:14.310926Z
556,uncertain,LAT-00556-3f1bc5,BASE_FINE,2.4,7.0,REJECT,MODEL_A_BLOCK,UNCERTAIN_CONTEXT,1.0,0.2556,0.3122,0.3345,2026-09-29T23:14:14.311051Z,2026-09-29T23:14:14.311386Z
557,normal,LAT-00557-b52776,ACID_FINE,7.7,7.0,ACCEPT,ACCEPTED,ACCEPTABLE_CONTEXT,0.00409,0.5554,0.613,0.6359,2026-09-29T23:14:14.311510Z,2026-09-29T23:14:14.312147Z
558,recovery,LAT-00558-7e15bf,BASE_FINE,4.3,3.5,ACCEPT,ACCEPTED,ACCEPTABLE_CONTEXT,0.006187,0.5841,0.6417,0.664,2026-09-29T23:14:14.312271Z,2026-09-29T23:14:14.312935Z
559,uncertain,LAT-00559-cd1047,BASE_FINE,3.8,7.0,REJECT,MODEL_A_BLOCK,UNCERTAIN_CONTEXT,1.0,0.2839,0.614,0.6392,2026-09-29T23:14:14.313060Z,2026-09-29T23:14:14.313700Z
560,uncertain,LAT-00560-36d21e,BASE_FINE,4.3,7.0,REJECT,MODEL_A_BLOCK,UNCERTAIN_CONTEXT,1.0,0.2862,0.3432,0.3642,2026-09-29T23:14:14.313828Z,2026-09-29T23:14:14.314193Z
561,normal,LAT-00561-546e51,BASE_FINE,6.6,7.0,ACCEPT,ACCEPTED,ACCEPTABLE_CONTEXT,0.00409,0.5486,0.6059,0.6288,2026-09-29T23:14:14.314316Z,2026-09-29T23:14:14.314946Z
562,harmful,LAT-00562-f107f1,ACID_BULK,11.4,6.2,REJECT,MODEL_A_BLOCK,HARMFUL_CONTEXT,1.0,0.285,0.3394,0.3607,2026-09-29T23:14:14.315071Z,2026-09-29T23:14:14.315432Z
563,recovery,LAT-00563-25009c,BASE_FINE,7.5,3.5,ACCEPT,ACCEPTED,ACCEPTABLE_CONTEXT,0.00568,0.5904,0.6479,0.6701,2026-09-29T23:14:14.315554Z,2026-09-29T23:14:14.316225Z
564,harmful,LAT-00564-de7757,ACID_BULK,14.5,6.2,REJECT,MODEL_A_BLOCK,HARMFUL_CONTEXT,1.0,0.2931,0.3481,0.3684,2026-09-29T23:14:14.316353Z,2026-09-29T23:14:14.316722Z
565,harmful,LAT-00565-1272af,ACID_BULK,15.4,6.2,REJECT,MODEL_A_BLOCK,HARMFUL_CONTEXT,1.0,0.2741,0.3255,0.3448,2026-09-29T23:14:14.316842Z,2026-09-29T23:14:14.317188Z
566,harmful,LAT-00566-ca2c67,ACID_BULK,17.0,6.2,REJECT,MODEL_A_BLOCK,HARMFUL_CONTEXT,1.0,0.266,0.3169,0.3353,2026-09-29T23:14:14.317307Z,2026-09-29T23:14:14.317643Z
567,normal,LAT-00567-bb97f2,ACID_FINE,5.6,7.0,ACCEPT,ACCEPTED,ACCEPTABLE_CONTEXT,0.003572,0.5474,0.6054,0.63,2026-09-29T23:14:14.317758Z,2026-09-29T23:14:14.318388Z
568,normal,LAT-00568-997ba6,BASE_FINE,1.9,7.0,ACCEPT,ACCEPTED,ACCEPTABLE_CONTEXT,0.00409,0.5608,0.6281,0.6509,2026-09-29T23:14:14.318523Z,2026-09-29T23:14:14.319175Z
569,normal,LAT-00569-c26706,BASE_FINE,6.1,7.0,ACCEPT,ACCEPTED,ACCEPTABLE_CONTEXT,0.00409,0.7295,0.8234,0.8679,2026-09-29T23:14:14.319304Z,2026-09-29T23:14:14.320173Z
570,harmful,LAT-00570-1d76fb,ACID_BULK,10.5,6.2,REJECT,MODEL_A_BLOCK,HARMFUL_CONTEXT,1.0,0.3501,0.4295,0.4563,2026-09-29T23:14:14.320437Z,2026-09-29T23:14:14.320894Z
571,uncertain,LAT-00571-81f335,BASE_FINE,4.5,7.0,REJECT,MODEL_A_BLOCK,UNCERTAIN_CONTEXT,1.0,0.3427,0.4046,0.428,2026-09-29T23:14:14.321039Z,2026-09-29T23:14:14.321467Z
572,normal,LAT-00572-dfa9af,ACID_FINE,1.2,7.0,ACCEPT,ACCEPTED,ACCEPTABLE_CONTEXT,0.00409,0.7438,0.8318,0.866,2026-09-29T23:14:14.321677Z,2026-09-29T23:14:14.322544Z
573,normal,LAT-00573-d88f78,ACID_FINE,5.0,7.0,ACCEPT,ACCEPTED,ACCEPTABLE_CONTEXT,0.00409,0.628,0.6992,0.7282,2026-09-29T23:14:14.322718Z,2026-09-29T23:14:14.323447Z
574,recovery,LAT-00574-162369,BASE_FINE,6.0,3.5,ACCEPT,ACCEPTED,ACCEPTABLE_CONTEXT,0.00568,0.671,0.7405,0.7681,2026-09-29T23:14:14.323606Z,2026-09-29T23:14:14.324375Z
575,recovery,LAT-00575-25001f,BASE_FINE,6.8,3.5,ACCEPT,ACCEPTED,ACCEPTABLE_CONTEXT,0.006187,0.6125,0.6795,0.7055,2026-09-29T23:14:14.324519Z,2026-09-29T23:14:14.325226Z
576,recovery,LAT-00576-24260a,BASE_FINE,2.5,3.5,ACCEPT,ACCEPTED,ACCEPTABLE_CONTEXT,0.006187,0.6057,0.6707,0.6961,2026-09-29T23:14:14.325367Z,2026-09-29T23:14:14.326064Z
577,uncertain,LAT-00577-1e299a,BASE_FINE,4.4,7.0,REJECT,MODEL_A_BLOCK,UNCERTAIN_CONTEXT,1.0,0.2713,0.3315,0.3558,2026-09-29T23:14:14.326203Z,2026-09-29T23:14:14.326560Z
578,harmful,LAT-00578-e9d76e,ACID_BULK,14.6,6.2,REJECT,MODEL_A_BLOCK,HARMFUL_CONTEXT,1.0,0.294,0.3528,0.3834,2026-09-29T23:14:14.326708Z,2026-09-29T23:14:14.327093Z
579,recovery,LAT-00579-fbdccb,BASE_FINE,9.9,3.5,ACCEPT,ACCEPTED,ACCEPTABLE_CONTEXT,0.006187,0.5968,0.7295,0.7549,2026-09-29T23:14:14.327225Z,2026-09-29T23:14:14.327981Z
580,normal,LAT-00580-090384,BASE_FINE,9.5,7.0,ACCEPT,ACCEPTED,ACCEPTABLE_CONTEXT,0.00409,0.5469,0.6263,0.6508,2026-09-29T23:14:14.328115Z,2026-09-29T23:14:14.328766Z
581,harmful,LAT-00581-42c2b6,ACID_BULK,15.9,6.2,REJECT,MODEL_A_BLOCK,HARMFUL_CONTEXT,1.0,0.29,0.3482,0.3718,2026-09-29T23:14:14.328897Z,2026-09-29T23:14:14.329270Z
582,harmful,LAT-00582-b454d2,ACID_BULK,13.1,6.2,REJECT,MODEL_A_BLOCK,HARMFUL_CONTEXT,1.0,0.2855,0.3422,0.365,2026-09-29T23:14:14.329400Z,2026-09-29T23:14:14.329766Z
583,normal,LAT-00583-02c38a,ACID_FINE,4.7,7.0,ACCEPT,ACCEPTED,ACCEPTABLE_CONTEXT,0.00409,0.5689,0.627,0.6503,2026-09-29T23:14:14.329894Z,2026-09-29T23:14:14.330545Z
584,harmful,LAT-00584-ffd209,ACID_BULK,12.6,6.2,REJECT,MODEL_A_BLOCK,HARMFUL_CONTEXT,1.0,0.286,0.3425,0.3648,2026-09-29T23:14:14.330673Z,2026-09-29T23:14:14.331038Z
585,uncertain,LAT-00585-43996a,BASE_FINE,1.3,7.0,REJECT,MODEL_A_BLOCK,UNCERTAIN_CONTEXT,1.0,0.2749,0.3328,0.355,2026-09-29T23:14:14.331164Z,2026-09-29T23:14:14.331520Z
586,uncertain,LAT-00586-74cd5b,BASE_FINE,3.9,7.0,REJECT,MODEL_A_BLOCK,UNCERTAIN_CONTEXT,1.0,0.2825,0.3385,0.3642,2026-09-29T23:14:14.331643Z,2026-09-29T23:14:14.332008Z
587,normal,LAT-00587-61d587,ACID_FINE,4.4,7.0,ACCEPT,ACCEPTED,ACCEPTABLE_CONTEXT,0.00409,0.5606,0.6205,0.6442,2026-09-29T23:14:14.332133Z,2026-09-29T23:14:14.332778Z
588,normal,LAT-00588-eba6ff,BASE_FINE,8.4,7.0,ACCEPT,ACCEPTED,ACCEPTABLE_CONTEXT,0.003849,0.5708,0.6317,0.661,2026-09-29T23:14:14.332912Z,2026-09-29T23:14:14.333574Z
589,normal,LAT-00589-8d0307,ACID_FINE,7.4,7.0,ACCEPT,ACCEPTED,ACCEPTABLE_CONTEXT,0.00409,0.5728,0.6319,0.6556,2026-09-29T23:14:14.333703Z,2026-09-29T23:14:14.334359Z
590,harmful,LAT-00590-10bb00,ACID_BULK,15.6,6.2,REJECT,MODEL_A_BLOCK,HARMFUL_CONTEXT,1.0,0.2914,0.3493,0.3719,2026-09-29T23:14:14.334490Z,2026-09-29T23:14:14.334863Z
591,harmful,LAT-00591-3caf7c,ACID_BULK,13.4,6.2,REJECT,MODEL_A_BLOCK,HARMFUL_CONTEXT,1.0,0.2957,0.3528,0.3748,2026-09-29T23:14:14.334987Z,2026-09-29T23:14:14.335362Z
592,uncertain,LAT-00592-e6b556,BASE_FINE,2.7,7.0,REJECT,MODEL_A_BLOCK,UNCERTAIN_CONTEXT,1.0,0.2495,0.305,0.3266,2026-09-29T23:14:14.335486Z,2026-09-29T23:14:14.335813Z
593,harmful,LAT-00593-4611f7,ACID_BULK,11.2,6.2,REJECT,MODEL_A_BLOCK,HARMFUL_CONTEXT,1.0,0.3269,0.398,0.4311,2026-09-29T23:14:14.335964Z,2026-09-29T23:14:14.336396Z
594,normal,LAT-00594-a8196f,ACID_FINE,2.9,7.0,ACCEPT,ACCEPTED,ACCEPTABLE_CONTEXT,0.003572,0.7953,0.8768,0.9065,2026-09-29T23:14:14.336585Z,2026-09-29T23:14:14.337493Z
595,harmful,LAT-00595-7a8a90,ACID_BULK,12.9,6.2,REJECT,MODEL_A_BLOCK,HARMFUL_CONTEXT,1.0,0.3149,0.3778,0.4008,2026-09-29T23:14:14.337654Z,2026-09-29T23:14:14.338056Z
596,recovery,LAT-00596-df8870,BASE_FINE,6.2,3.5,ACCEPT,ACCEPTED,ACCEPTABLE_CONTEXT,0.006187,0.8457,0.9275,0.9643,2026-09-29T23:14:14.338188Z,2026-09-29T23:14:14.339153Z
597,uncertain,LAT-00597-3ee37c,BASE_FINE,2.7,7.0,REJECT,MODEL_A_BLOCK,UNCERTAIN_CONTEXT,1.0,0.3546,0.4244,0.4531,2026-09-29T23:14:14.339333Z,2026-09-29T23:14:14.339787Z
598,harmful,LAT-00598-56bd0f,ACID_BULK,12.8,6.2,REJECT,MODEL_A_BLOCK,HARMFUL_CONTEXT,1.0,0.3191,0.3858,0.4135,2026-09-29T23:14:14.339950Z,2026-09-29T23:14:14.340364Z
599,harmful,LAT-00599-482a5d,ACID_BULK,15.1,6.2,REJECT,MODEL_A_BLOCK,HARMFUL_CONTEXT,1.0,0.3078,0.4285,0.4531,2026-09-29T23:14:14.340505Z,2026-09-29T23:14:14.340959Z
600,uncertain,LAT-00600-6fe4e4,BASE_FINE,1.7,7.0,REJECT,MODEL_A_BLOCK,UNCERTAIN_CONTEXT,1.0,0.2625,0.3216,0.3439,2026-09-29T23:14:14.341093Z,2026-09-29T23:14:14.341438Z
601,uncertain,LAT-00601-f8cb83,BASE_FINE,1.9,7.0,REJECT,MODEL_A_BLOCK,UNCERTAIN_CONTEXT,1.0,0.2966,0.353,0.3749,2026-09-29T23:14:14.341565Z,2026-09-29T23:14:14.341941Z
602,recovery,LAT-00602-9ae765,BASE_FINE,6.5,3.5,ACCEPT,ACCEPTED,ACCEPTABLE_CONTEXT,0.006187,0.6126,0.6714,0.6953,2026-09-29T23:14:14.342065Z,2026-09-29T23:14:14.342761Z
603,recovery,LAT-00603-6e19f6,BASE_FINE,8.2,3.5,ACCEPT,ACCEPTED,ACCEPTABLE_CONTEXT,0.006187,0.5949,0.6612,0.6852,2026-09-29T23:14:14.342889Z,2026-09-29T23:14:14.343575Z
604,recovery,LAT-00604-9ee65f,BASE_FINE,2.4,3.5,ACCEPT,ACCEPTED,ACCEPTABLE_CONTEXT,0.00568,0.6275,0.6914,0.719,2026-09-29T23:14:14.343702Z,2026-09-29T23:14:14.344422Z
605,harmful,LAT-00605-f05649,ACID_BULK,18.9,6.2,REJECT,MODEL_A_BLOCK,HARMFUL_CONTEXT,1.0,0.295,0.3552,0.3812,2026-09-29T23:14:14.344564Z,2026-09-29T23:14:14.344946Z
606,uncertain,LAT-00606-a17879,BASE_FINE,2.5,7.0,REJECT,MODEL_A_BLOCK,UNCERTAIN_CONTEXT,1.0,0.2593,0.3188,0.3432,2026-09-29T23:14:14.345079Z,2026-09-29T23:14:14.345423Z
607,recovery,LAT-00607-afa2df,BASE_FINE,3.6,3.5,ACCEPT,ACCEPTED,ACCEPTABLE_CONTEXT,0.006187,0.6115,0.6722,0.6976,2026-09-29T23:14:14.345552Z,2026-09-29T23:14:14.346250Z
608,normal,LAT-00608-e61573,ACID_FINE,4.6,7.0,ACCEPT,ACCEPTED,ACCEPTABLE_CONTEXT,0.00409,0.5885,0.6499,0.6746,2026-09-29T23:14:14.346385Z,2026-09-29T23:14:14.347060Z
609,normal,LAT-00609-dcaf19,ACID_FINE,5.3,7.0,ACCEPT,ACCEPTED,ACCEPTABLE_CONTEXT,0.00409,0.5499,0.6103,0.6348,2026-09-29T23:14:14.347191Z,2026-09-29T23:14:14.347827Z
610,harmful,LAT-00610-9c7a2b,ACID_BULK,15.1,6.2,REJECT,MODEL_A_BLOCK,HARMFUL_CONTEXT,1.0,0.2889,0.347,0.3705,2026-09-29T23:14:14.347957Z,2026-09-29T23:14:14.348329Z
611,harmful,LAT-00611-59d31e,ACID_BULK,16.0,6.2,REJECT,MODEL_A_BLOCK,HARMFUL_CONTEXT,1.0,0.2837,0.34,0.3624,2026-09-29T23:14:14.348457Z,2026-09-29T23:14:14.348820Z
612,harmful,LAT-00612-1605f9,ACID_BULK,12.9,6.2,REJECT,MODEL_A_BLOCK,HARMFUL_CONTEXT,1.0,0.2939,0.3498,0.372,2026-09-29T23:14:14.348944Z,2026-09-29T23:14:14.349317Z
613,normal,LAT-00613-b006c4,ACID_FINE,5.4,7.0,ACCEPT,ACCEPTED,ACCEPTABLE_CONTEXT,0.003572,0.5463,0.6145,0.6391,2026-09-29T23:14:14.349440Z,2026-09-29T23:14:14.350080Z
614,normal,LAT-00614-b895f6,ACID_FINE,9.5,7.0,ACCEPT,ACCEPTED,ACCEPTABLE_CONTEXT,0.00409,0.5685,0.6302,0.6543,2026-09-29T23:14:14.350210Z,2026-09-29T23:14:14.350865Z
615,normal,LAT-00615-bd7aed,BASE_FINE,1.3,7.0,ACCEPT,ACCEPTED,ACCEPTABLE_CONTEXT,0.00409,0.5512,0.6098,0.6337,2026-09-29T23:14:14.350996Z,2026-09-29T23:14:14.351630Z
616,normal,LAT-00616-55232c,ACID_FINE,8.8,7.0,ACCEPT,ACCEPTED,ACCEPTABLE_CONTEXT,0.00409,0.5502,0.6175,0.6419,2026-09-29T23:14:14.351771Z,2026-09-29T23:14:14.352414Z
617,normal,LAT-00617-780999,ACID_FINE,8.7,7.0,ACCEPT,ACCEPTED,ACCEPTABLE_CONTEXT,0.003572,0.5723,0.6447,0.693,2026-09-29T23:14:14.352549Z,2026-09-29T23:14:14.353243Z
618,harmful,LAT-00618-cb55cc,ACID_BULK,12.7,6.2,REJECT,MODEL_A_BLOCK,HARMFUL_CONTEXT,1.0,0.3928,0.4707,0.5035,2026-09-29T23:14:14.353399Z,2026-09-29T23:14:14.353903Z
619,normal,LAT-00619-c246f1,ACID_FINE,6.8,7.0,ACCEPT,ACCEPTED,ACCEPTABLE_CONTEXT,0.00409,0.6838,0.8456,0.8808,2026-09-29T23:14:14.354067Z,2026-09-29T23:14:14.354949Z
620,uncertain,LAT-00620-a5b03b,BASE_FINE,4.5,7.0,REJECT,MODEL_A_BLOCK,UNCERTAIN_CONTEXT,1.0,0.3062,0.3761,0.402,2026-09-29T23:14:14.355123Z,2026-09-29T23:14:14.355525Z
621,normal,LAT-00621-f5c625,BASE_FINE,1.1,7.0,ACCEPT,ACCEPTED,ACCEPTABLE_CONTEXT,0.00409,0.6328,0.7031,0.7285,2026-09-29T23:14:14.355666Z,2026-09-29T23:14:14.356395Z
622,normal,LAT-00622-99e13a,ACID_FINE,2.1,7.0,ACCEPT,ACCEPTED,ACCEPTABLE_CONTEXT,0.00409,0.5705,0.6331,0.6575,2026-09-29T23:14:14.356537Z,2026-09-29T23:14:14.357195Z
623,recovery,LAT-00623-a57594,BASE_FINE,9.6,3.5,ACCEPT,ACCEPTED,ACCEPTABLE_CONTEXT,0.006187,0.6107,0.6717,0.696,2026-09-29T23:14:14.357331Z,2026-09-29T23:14:14.358027Z
624,normal,LAT-00624-4db1b2,ACID_FINE,2.3,7.0,ACCEPT,ACCEPTED,ACCEPTABLE_CONTEXT,0.003572,0.5529,0.6124,0.636,2026-09-29T23:14:14.358159Z,2026-09-29T23:14:14.358795Z
625,harmful,LAT-00625-c6c670,ACID_BULK,14.6,6.2,REJECT,MODEL_A_BLOCK,HARMFUL_CONTEXT,1.0,0.2913,0.349,0.3729,2026-09-29T23:14:14.358929Z,2026-09-29T23:14:14.359303Z
626,normal,LAT-00626-33feeb,ACID_FINE,6.1,7.0,ACCEPT,ACCEPTED,ACCEPTABLE_CONTEXT,0.00409,0.5607,0.6231,0.6474,2026-09-29T23:14:14.359432Z,2026-09-29T23:14:14.360080Z
627,harmful,LAT-00627-e684ff,ACID_BULK,15.7,6.2,REJECT,MODEL_A_BLOCK,HARMFUL_CONTEXT,1.0,0.3033,0.3614,0.3845,2026-09-29T23:14:14.360217Z,2026-09-29T23:14:14.360602Z
628,harmful,LAT-00628-35c759,ACID_BULK,10.4,6.2,REJECT,MODEL_A_BLOCK,HARMFUL_CONTEXT,1.0,0.2832,0.3401,0.3618,2026-09-29T23:14:14.360735Z,2026-09-29T23:14:14.361097Z
629,uncertain,LAT-00629-1f08c3,BASE_FINE,2.1,7.0,REJECT,MODEL_A_BLOCK,UNCERTAIN_CONTEXT,1.0,0.2563,0.3123,0.3335,2026-09-29T23:14:14.361220Z,2026-09-29T23:14:14.361554Z
630,uncertain,LAT-00630-c25497,BASE_FINE,1.6,7.0,REJECT,MODEL_A_BLOCK,UNCERTAIN_CONTEXT,1.0,0.2803,0.3349,0.3556,2026-09-29T23:14:14.361676Z,2026-09-29T23:14:14.362033Z
631,normal,LAT-00631-b38c6b,BASE_FINE,3.6,7.0,ACCEPT,ACCEPTED,ACCEPTABLE_CONTEXT,0.00409,0.5723,0.6293,0.6526,2026-09-29T23:14:14.362154Z,2026-09-29T23:14:14.362808Z
632,normal,LAT-00632-5ae8fb,ACID_FINE,8.7,7.0,ACCEPT,ACCEPTED,ACCEPTABLE_CONTEXT,0.00409,0.5487,0.6073,0.6309,2026-09-29T23:14:14.362935Z,2026-09-29T23:14:14.363566Z
633,normal,LAT-00633-f5614c,BASE_FINE,0.7,7.0,ACCEPT,ACCEPTED,ACCEPTABLE_CONTEXT,0.00409,0.5373,0.5958,0.6187,2026-09-29T23:14:14.363695Z,2026-09-29T23:14:14.364314Z
634,uncertain,LAT-00634-4bc7e2,BASE_FINE,1.2,7.0,REJECT,MODEL_A_BLOCK,UNCERTAIN_CONTEXT,1.0,0.285,0.3409,0.363,2026-09-29T23:14:14.364440Z,2026-09-29T23:14:14.364804Z
635,harmful,LAT-00635-0c8330,ACID_BULK,11.4,6.2,REJECT,MODEL_A_BLOCK,HARMFUL_CONTEXT,1.0,0.2819,0.3378,0.3594,2026-09-29T23:14:14.364927Z,2026-09-29T23:14:14.365287Z
636,normal,LAT-00636-1858c0,BASE_FINE,2.0,7.0,ACCEPT,ACCEPTED,ACCEPTABLE_CONTEXT,0.00409,0.5397,0.5965,0.6182,2026-09-29T23:14:14.365408Z,2026-09-29T23:14:14.366027Z
637,harmful,LAT-00637-cd8b09,ACID_BULK,18.9,6.2,REJECT,MODEL_A_BLOCK,HARMFUL_CONTEXT,1.0,0.2892,0.3437,0.3741,2026-09-29T23:14:14.366151Z,2026-09-29T23:14:14.366526Z
638,normal,LAT-00638-c81c98,ACID_FINE,2.0,7.0,ACCEPT,ACCEPTED,ACCEPTABLE_CONTEXT,0.003663,0.5749,0.6315,0.6531,2026-09-29T23:14:14.366651Z,2026-09-29T23:14:14.367305Z
639,recovery,LAT-00639-1c25f7,BASE_FINE,6.7,3.5,ACCEPT,ACCEPTED,ACCEPTABLE_CONTEXT,0.006187,0.587,0.7013,0.7243,2026-09-29T23:14:14.367444Z,2026-09-29T23:14:14.368169Z
640,uncertain,LAT-00640-37299f,BASE_FINE,3.1,7.0,REJECT,MODEL_A_BLOCK,UNCERTAIN_CONTEXT,1.0,0.2958,0.3515,0.3726,2026-09-29T23:14:14.368297Z,2026-09-29T23:14:14.368670Z
641,normal,LAT-00641-f4ce4a,BASE_FINE,6.5,7.0,ACCEPT,ACCEPTED,ACCEPTABLE_CONTEXT,0.00409,0.5618,0.6187,0.6416,2026-09-29T23:14:14.368793Z,2026-09-29T23:14:14.369435Z
642,uncertain,LAT-00642-ec93c2,BASE_FINE,1.5,7.0,REJECT,MODEL_A_BLOCK,UNCERTAIN_CONTEXT,1.0,0.3771,0.5058,0.5421,2026-09-29T23:14:14.369560Z,2026-09-29T23:14:14.370103Z
643,uncertain,LAT-00643-ac3ab8,BASE_FINE,3.7,7.0,REJECT,MODEL_A_BLOCK,UNCERTAIN_CONTEXT,1.0,0.4173,0.4978,0.5278,2026-09-29T23:14:14.370314Z,2026-09-29T23:14:14.370842Z
644,normal,LAT-00644-56d2c2,BASE_FINE,6.0,7.0,ACCEPT,ACCEPTED,ACCEPTABLE_CONTEXT,0.00409,0.7083,0.7861,0.8183,2026-09-29T23:14:14.371001Z,2026-09-29T23:14:14.371820Z
645,normal,LAT-00645-24e4ad,ACID_FINE,10.0,7.0,ACCEPT,ACCEPTED,ACCEPTABLE_CONTEXT,0.003572,0.6722,0.7543,0.7877,2026-09-29T23:14:14.371987Z,2026-09-29T23:14:14.372776Z
646,normal,LAT-00646-f2c2d4,ACID_FINE,7.5,7.0,ACCEPT,ACCEPTED,ACCEPTABLE_CONTEXT,0.00409,0.6595,0.7385,0.766,2026-09-29T23:14:14.372946Z,2026-09-29T23:14:14.373713Z
647,uncertain,LAT-00647-6fd8b8,BASE_FINE,3.6,7.0,REJECT,MODEL_A_BLOCK,UNCERTAIN_CONTEXT,1.0,0.278,0.3397,0.3643,2026-09-29T23:14:14.373858Z,2026-09-29T23:14:14.374224Z
648,normal,LAT-00648-8fca37,BASE_FINE,5.8,7.0,ACCEPT,ACCEPTED,ACCEPTABLE_CONTEXT,0.00409,0.6139,0.6798,0.7078,2026-09-29T23:14:14.374360Z,2026-09-29T23:14:14.375068Z
649,harmful,LAT-00649-a6df1e,ACID_BULK,18.9,6.2,REJECT,MODEL_A_BLOCK,HARMFUL_CONTEXT,1.0,0.3203,0.3826,0.4083,2026-09-29T23:14:14.375215Z,2026-09-29T23:14:14.375624Z
650,normal,LAT-00650-b50a99,BASE_FINE,5.4,7.0,ACCEPT,ACCEPTED,ACCEPTABLE_CONTEXT,0.00409,0.586,0.652,0.6777,2026-09-29T23:14:14.375763Z,2026-09-29T23:14:14.376441Z
651,harmful,LAT-00651-996b68,ACID_BULK,11.1,6.2,REJECT,MODEL_A_BLOCK,HARMFUL_CONTEXT,1.0,0.2948,0.3537,0.3855,2026-09-29T23:14:14.376577Z,2026-09-29T23:14:14.376963Z
652,uncertain,LAT-00652-dc343c,BASE_FINE,3.9,7.0,REJECT,MODEL_A_BLOCK,UNCERTAIN_CONTEXT,1.0,0.2793,0.3362,0.3589,2026-09-29T23:14:14.377107Z,2026-09-29T23:14:14.377467Z
653,normal,LAT-00653-90b123,ACID_FINE,2.4,7.0,ACCEPT,ACCEPTED,ACCEPTABLE_CONTEXT,0.00409,0.5364,0.5942,0.6181,2026-09-29T23:14:14.377592Z,2026-09-29T23:14:14.378211Z
654,recovery,LAT-00654-c73b60,BASE_FINE,10.0,3.5,ACCEPT,ACCEPTED,ACCEPTABLE_CONTEXT,0.006187,0.5841,0.6422,0.6656,2026-09-29T23:14:14.378337Z,2026-09-29T23:14:14.379003Z
655,normal,LAT-00655-f83976,ACID_FINE,4.4,7.0,ACCEPT,ACCEPTED,ACCEPTABLE_CONTEXT,0.00409,0.5343,0.591,0.6138,2026-09-29T23:14:14.379129Z,2026-09-29T23:14:14.379743Z
656,harmful,LAT-00656-d77fac,ACID_BULK,10.1,6.2,REJECT,MODEL_A_BLOCK,HARMFUL_CONTEXT,1.0,0.2879,0.3443,0.3667,2026-09-29T23:14:14.379869Z,2026-09-29T23:14:14.380236Z
657,harmful,LAT-00657-5f84c8,ACID_BULK,16.0,6.2,REJECT,MODEL_A_BLOCK,HARMFUL_CONTEXT,1.0,0.2833,0.3394,0.3643,2026-09-29T23:14:14.380368Z,2026-09-29T23:14:14.380733Z
658,recovery,LAT-00658-96a07d,BASE_FINE,7.5,3.5,ACCEPT,ACCEPTED,ACCEPTABLE_CONTEXT,0.006187,0.588,0.6474,0.6713,2026-09-29T23:14:14.380855Z,2026-09-29T23:14:14.381527Z
659,harmful,LAT-00659-9547d0,ACID_BULK,18.4,6.2,REJECT,MODEL_A_BLOCK,HARMFUL_CONTEXT,1.0,0.286,0.3994,0.422,2026-09-29T23:14:14.381656Z,2026-09-29T23:14:14.382078Z
660,normal,LAT-00660-002a4d,BASE_FINE,2.0,7.0,ACCEPT,ACCEPTED,ACCEPTABLE_CONTEXT,0.00409,0.5734,0.6313,0.6544,2026-09-29T23:14:14.382215Z,2026-09-29T23:14:14.382870Z
661,recovery,LAT-00661-5bebbc,BASE_FINE,8.8,3.5,ACCEPT,ACCEPTED,ACCEPTABLE_CONTEXT,0.00568,0.5973,0.656,0.6793,2026-09-29T23:14:14.383006Z,2026-09-29T23:14:14.383686Z
662,normal,LAT-00662-dcbfe1,BASE_FINE,1.5,7.0,ACCEPT,ACCEPTED,ACCEPTABLE_CONTEXT,0.00409,0.5588,0.617,0.6465,2026-09-29T23:14:14.383815Z,2026-09-29T23:14:14.384462Z
663,normal,LAT-00663-4e3cf1,ACID_FINE,0.6,7.0,ACCEPT,ACCEPTED,ACCEPTABLE_CONTEXT,0.003663,0.5659,0.6308,0.6551,2026-09-29T23:14:14.384587Z,2026-09-29T23:14:14.385243Z
664,normal,LAT-00664-4bf5a8,ACID_FINE,2.8,7.0,ACCEPT,ACCEPTED,ACCEPTABLE_CONTEXT,0.00409,0.7586,0.8378,0.8695,2026-09-29T23:14:14.385373Z,2026-09-29T23:14:14.386243Z
665,normal,LAT-00665-d72cc2,ACID_FINE,6.2,7.0,ACCEPT,ACCEPTED,ACCEPTABLE_CONTEXT,0.00409,0.5822,0.6638,0.6969,2026-09-29T23:14:14.386407Z,2026-09-29T23:14:14.387105Z
666,recovery,LAT-00666-7b0ba4,BASE_FINE,7.1,3.5,ACCEPT,ACCEPTED,ACCEPTABLE_CONTEXT,0.006187,0.7178,0.7992,0.8294,2026-09-29T23:14:14.387311Z,2026-09-29T23:14:14.388141Z
667,harmful,LAT-00667-c55e03,ACID_BULK,19.0,6.2,REJECT,MODEL_A_BLOCK,HARMFUL_CONTEXT,1.0,0.3404,0.4041,0.43,2026-09-29T23:14:14.388298Z,2026-09-29T23:14:14.388729Z
668,uncertain,LAT-00668-3e58f1,BASE_FINE,2.8,7.0,REJECT,MODEL_A_BLOCK,UNCERTAIN_CONTEXT,1.0,0.2878,0.3492,0.3737,2026-09-29T23:14:14.388871Z,2026-09-29T23:14:14.389245Z
669,recovery,LAT-00669-946299,BASE_FINE,4.8,3.5,ACCEPT,ACCEPTED,ACCEPTABLE_CONTEXT,0.00568,0.6248,0.6867,0.7123,2026-09-29T23:14:14.389376Z,2026-09-29T23:14:14.390089Z
670,uncertain,LAT-00670-435acd,BASE_FINE,1.9,7.0,REJECT,MODEL_A_BLOCK,UNCERTAIN_CONTEXT,1.0,0.2786,0.3408,0.3642,2026-09-29T23:14:14.390223Z,2026-09-29T23:14:14.390588Z
671,harmful,LAT-00671-d3b224,ACID_BULK,10.2,6.2,REJECT,MODEL_A_BLOCK,HARMFUL_CONTEXT,1.0,0.29,0.348,0.371,2026-09-29T23:14:14.390717Z,2026-09-29T23:14:14.391089Z
672,normal,LAT-00672-a71f5c,BASE_FINE,2.3,7.0,ACCEPT,ACCEPTED,ACCEPTABLE_CONTEXT,0.00409,0.6494,0.7135,0.7383,2026-09-29T23:14:14.391215Z,2026-09-29T23:14:14.391954Z
673,uncertain,LAT-00673-bd8c90,BASE_FINE,4.2,7.0,REJECT,MODEL_A_BLOCK,UNCERTAIN_CONTEXT,1.0,0.258,0.3164,0.3403,2026-09-29T23:14:14.392092Z,2026-09-29T23:14:14.392433Z
674,harmful,LAT-00674-c1b1b1,ACID_BULK,19.4,6.2,REJECT,MODEL_A_BLOCK,HARMFUL_CONTEXT,1.0,0.291,0.3497,0.3716,2026-09-29T23:14:14.392571Z,2026-09-29T23:14:14.392944Z
675,recovery,LAT-00675-1f561d,BASE_FINE,6.2,3.5,ACCEPT,ACCEPTED,ACCEPTABLE_CONTEXT,0.006187,0.6042,0.6653,0.6886,2026-09-29T23:14:14.393068Z,2026-09-29T23:14:14.393757Z
676,normal,LAT-00676-a3bd0b,BASE_FINE,4.9,7.0,ACCEPT,ACCEPTED,ACCEPTABLE_CONTEXT,0.00409,0.5585,0.6179,0.6411,2026-09-29T23:14:14.393887Z,2026-09-29T23:14:14.394529Z
677,normal,LAT-00677-b7b9d3,ACID_FINE,2.4,7.0,ACCEPT,ACCEPTED,ACCEPTABLE_CONTEXT,0.00409,0.5494,0.6067,0.6297,2026-09-29T23:14:14.394657Z,2026-09-29T23:14:14.395288Z
678,harmful,LAT-00678-5a9cc9,ACID_BULK,12.5,6.2,REJECT,MODEL_A_BLOCK,HARMFUL_CONTEXT,1.0,0.2871,0.3433,0.3654,2026-09-29T23:14:14.395414Z,2026-09-29T23:14:14.395781Z
679,recovery,LAT-00679-57b549,BASE_FINE,7.9,3.5,ACCEPT,ACCEPTED,ACCEPTABLE_CONTEXT,0.00568,0.5901,0.7058,0.7294,2026-09-29T23:14:14.395904Z,2026-09-29T23:14:14.396634Z
680,normal,LAT-00680-e8d26a,ACID_FINE,4.2,7.0,ACCEPT,ACCEPTED,ACCEPTABLE_CONTEXT,0.00409,0.5472,0.6055,0.6279,2026-09-29T23:14:14.396761Z,2026-09-29T23:14:14.397389Z
681,recovery,LAT-00681-8937c0,BASE_FINE,6.1,3.5,ACCEPT,ACCEPTED,ACCEPTABLE_CONTEXT,0.006187,0.5797,0.6407,0.6635,2026-09-29T23:14:14.397515Z,2026-09-29T23:14:14.398179Z
682,harmful,LAT-00682-029759,ACID_BULK,16.2,6.2,REJECT,MODEL_A_BLOCK,HARMFUL_CONTEXT,1.0,0.2864,0.3422,0.3635,2026-09-29T23:14:14.398305Z,2026-09-29T23:14:14.398669Z
683,harmful,LAT-00683-4e1d78,ACID_BULK,10.9,6.2,REJECT,MODEL_A_BLOCK,HARMFUL_CONTEXT,1.0,0.2825,0.3388,0.3604,2026-09-29T23:14:14.398791Z,2026-09-29T23:14:14.399152Z
684,uncertain,LAT-00684-888f90,BASE_FINE,1.1,7.0,REJECT,MODEL_A_BLOCK,UNCERTAIN_CONTEXT,1.0,0.2506,0.3054,0.3263,2026-09-29T23:14:14.399275Z,2026-09-29T23:14:14.399602Z
685,uncertain,LAT-00685-a2beea,BASE_FINE,1.1,7.0,REJECT,MODEL_A_BLOCK,UNCERTAIN_CONTEXT,1.0,0.2967,0.3507,0.3715,2026-09-29T23:14:14.399723Z,2026-09-29T23:14:14.400095Z
686,recovery,LAT-00686-4ed988,BASE_FINE,6.6,3.5,ACCEPT,ACCEPTED,ACCEPTABLE_CONTEXT,0.006187,0.6157,0.6833,0.7055,2026-09-29T23:14:14.400218Z,2026-09-29T23:14:14.400924Z
687,recovery,LAT-00687-f73527,BASE_FINE,2.7,3.5,ACCEPT,ACCEPTED,ACCEPTABLE_CONTEXT,0.006187,0.5824,0.6392,0.6615,2026-09-29T23:14:14.401048Z,2026-09-29T23:14:14.401710Z
688,normal,LAT-00688-a99339,ACID_FINE,1.6,7.0,ACCEPT,ACCEPTED,ACCEPTABLE_CONTEXT,0.00409,0.5645,0.6245,0.647,2026-09-29T23:14:14.401835Z,2026-09-29T23:14:14.402483Z
689,harmful,LAT-00689-efa1f8,ACID_BULK,14.8,6.2,REJECT,MODEL_A_BLOCK,HARMFUL_CONTEXT,1.0,0.3345,0.3991,0.428,2026-09-29T23:14:14.402608Z,2026-09-29T23:14:14.403037Z
690,harmful,LAT-00690-3aa116,ACID_BULK,12.2,6.2,REJECT,MODEL_A_BLOCK,HARMFUL_CONTEXT,1.0,0.3684,0.5289,0.5653,2026-09-29T23:14:14.403198Z,2026-09-29T23:14:14.403764Z
691,harmful,LAT-00691-e38d64,ACID_BULK,13.0,6.2,REJECT,MODEL_A_BLOCK,HARMFUL_CONTEXT,1.0,0.2985,0.3635,0.389,2026-09-29T23:14:14.403930Z,2026-09-29T23:14:14.404320Z
692,harmful,LAT-00692-9a6eb2,ACID_BULK,18.8,6.2,REJECT,MODEL_A_BLOCK,HARMFUL_CONTEXT,1.0,0.3315,0.3977,0.4229,2026-09-29T23:14:14.404460Z,2026-09-29T23:14:14.404883Z
693,uncertain,LAT-00693-3987e8,BASE_FINE,4.0,7.0,REJECT,MODEL_A_BLOCK,UNCERTAIN_CONTEXT,1.0,0.3391,0.405,0.431,2026-09-29T23:14:14.405023Z,2026-09-29T23:14:14.405454Z
694,harmful,LAT-00694-5c33db,ACID_BULK,12.7,6.2,REJECT,MODEL_A_BLOCK,HARMFUL_CONTEXT,1.0,0.2919,0.352,0.3752,2026-09-29T23:14:14.405596Z,2026-09-29T23:14:14.405972Z
695,normal,LAT-00695-a30ee4,BASE_FINE,7.0,7.0,ACCEPT,ACCEPTED,ACCEPTABLE_CONTEXT,0.00409,0.7279,0.7903,0.8164,2026-09-29T23:14:14.406102Z,2026-09-29T23:14:14.406919Z
696,harmful,LAT-00696-f0963c,ACID_BULK,10.3,6.2,REJECT,MODEL_A_BLOCK,HARMFUL_CONTEXT,1.0,0.3008,0.3616,0.3862,2026-09-29T23:14:14.407059Z,2026-09-29T23:14:14.407446Z
697,uncertain,LAT-00697-5d50d4,BASE_FINE,3.3,7.0,REJECT,MODEL_A_BLOCK,UNCERTAIN_CONTEXT,1.0,0.268,0.3266,0.3493,2026-09-29T23:14:14.407579Z,2026-09-29T23:14:14.407929Z
698,harmful,LAT-00698-e7c69c,ACID_BULK,16.6,6.2,REJECT,MODEL_A_BLOCK,HARMFUL_CONTEXT,1.0,0.2941,0.3552,0.3779,2026-09-29T23:14:14.408064Z,2026-09-29T23:14:14.408443Z
699,normal,LAT-00699-6770f2,ACID_FINE,3.4,7.0,ACCEPT,ACCEPTED,ACCEPTABLE_CONTEXT,0.00409,0.5656,0.6815,0.7052,2026-09-29T23:14:14.408566Z,2026-09-29T23:14:14.409272Z
700,normal,LAT-00700-b6a037,BASE_FINE,0.6,7.0,ACCEPT,ACCEPTED,ACCEPTABLE_CONTEXT,0.00409,0.5539,0.6175,0.6409,2026-09-29T23:14:14.409401Z,2026-09-29T23:14:14.410043Z
701,harmful,LAT-00701-82bf2f,ACID_BULK,19.9,6.2,REJECT,MODEL_A_BLOCK,HARMFUL_CONTEXT,1.0,0.3067,0.3638,0.3865,2026-09-29T23:14:14.410170Z,2026-09-29T23:14:14.410557Z
702,uncertain,LAT-00702-d20554,BASE_FINE,4.3,7.0,REJECT,MODEL_A_BLOCK,UNCERTAIN_CONTEXT,1.0,0.2852,0.3418,0.3638,2026-09-29T23:14:14.410681Z,2026-09-29T23:14:14.411046Z
703,normal,LAT-00703-e47c01,ACID_FINE,7.9,7.0,ACCEPT,ACCEPTED,ACCEPTABLE_CONTEXT,0.008733,0.5448,0.6021,0.6255,2026-09-29T23:14:14.411169Z,2026-09-29T23:14:14.411795Z
704,harmful,LAT-00704-9bac05,ACID_BULK,18.0,6.2,REJECT,MODEL_A_BLOCK,HARMFUL_CONTEXT,1.0,0.2865,0.3424,0.3637,2026-09-29T23:14:14.411920Z,2026-09-29T23:14:14.412284Z
705,normal,LAT-00705-901979,ACID_FINE,4.5,7.0,ACCEPT,ACCEPTED,ACCEPTABLE_CONTEXT,0.00409,0.5753,0.6328,0.6555,2026-09-29T23:14:14.412406Z,2026-09-29T23:14:14.413063Z
706,normal,LAT-00706-141845,BASE_FINE,9.3,7.0,ACCEPT,ACCEPTED,ACCEPTABLE_CONTEXT,0.00409,0.5703,0.628,0.6502,2026-09-29T23:14:14.413187Z,2026-09-29T23:14:14.413838Z
707,harmful,LAT-00707-952bca,ACID_BULK,16.4,6.2,REJECT,MODEL_A_BLOCK,HARMFUL_CONTEXT,1.0,0.2835,0.339,0.3605,2026-09-29T23:14:14.413962Z,2026-09-29T23:14:14.414323Z
708,uncertain,LAT-00708-d91bbd,BASE_FINE,4.9,7.0,REJECT,MODEL_A_BLOCK,UNCERTAIN_CONTEXT,1.0,0.2526,0.3078,0.3288,2026-09-29T23:14:14.414445Z,2026-09-29T23:14:14.414774Z
709,normal,LAT-00709-d42479,BASE_FINE,9.1,7.0,ACCEPT,ACCEPTED,ACCEPTABLE_CONTEXT,0.00409,0.5296,0.5865,0.608,2026-09-29T23:14:14.414895Z,2026-09-29T23:14:14.415504Z
710,normal,LAT-00710-54acc4,BASE_FINE,9.4,7.0,ACCEPT,ACCEPTED,ACCEPTABLE_CONTEXT,0.003849,0.5653,0.6223,0.6442,2026-09-29T23:14:14.415632Z,2026-09-29T23:14:14.416277Z
711,normal,LAT-00711-732f16,BASE_FINE,6.6,7.0,ACCEPT,ACCEPTED,ACCEPTABLE_CONTEXT,0.00409,0.5593,0.6153,0.6376,2026-09-29T23:14:14.416400Z,2026-09-29T23:14:14.417038Z
712,normal,LAT-00712-4ae21c,BASE_FINE,5.9,7.0,ACCEPT,ACCEPTED,ACCEPTABLE_CONTEXT,0.00409,0.5395,0.5989,0.6213,2026-09-29T23:14:14.417162Z,2026-09-29T23:14:14.417784Z
713,harmful,LAT-00713-81129a,ACID_BULK,12.9,6.2,REJECT,MODEL_A_BLOCK,HARMFUL_CONTEXT,1.0,0.2849,0.3393,0.3605,2026-09-29T23:14:14.417909Z,2026-09-29T23:14:14.418270Z
714,normal,LAT-00714-b36e5e,BASE_FINE,8.6,7.0,ACCEPT,ACCEPTED,ACCEPTABLE_CONTEXT,0.00409,0.5778,0.6474,0.6698,2026-09-29T23:14:14.418396Z,2026-09-29T23:14:14.419066Z
715,harmful,LAT-00715-ae9277,ACID_BULK,10.5,6.2,REJECT,MODEL_A_BLOCK,HARMFUL_CONTEXT,1.0,0.3,0.3934,0.4298,2026-09-29T23:14:14.419195Z,2026-09-29T23:14:14.419626Z
716,normal,LAT-00716-5844bb,ACID_FINE,2.2,7.0,ACCEPT,ACCEPTED,ACCEPTABLE_CONTEXT,0.003572,0.8177,0.9138,0.9539,2026-09-29T23:14:14.419811Z,2026-09-29T23:14:14.420766Z
717,normal,LAT-00717-6d3ac7,BASE_FINE,2.8,7.0,ACCEPT,ACCEPTED,ACCEPTABLE_CONTEXT,0.00409,0.6412,0.7295,0.7943,2026-09-29T23:14:14.420966Z,2026-09-29T23:14:14.421761Z
718,normal,LAT-00718-823759,BASE_FINE,7.9,7.0,ACCEPT,ACCEPTED,ACCEPTABLE_CONTEXT,0.00409,0.6546,0.727,0.755,2026-09-29T23:14:14.421935Z,2026-09-29T23:14:14.422690Z
719,normal,LAT-00719-75c591,ACID_FINE,4.7,7.0,ACCEPT,ACCEPTED,ACCEPTABLE_CONTEXT,0.003572,0.6188,0.7452,0.7713,2026-09-29T23:14:14.422854Z,2026-09-29T23:14:14.423626Z
720,normal,LAT-00720-288aa5,BASE_FINE,7.0,7.0,ACCEPT,ACCEPTED,ACCEPTABLE_CONTEXT,0.00409,0.5733,0.6379,0.663,2026-09-29T23:14:14.423769Z,2026-09-29T23:14:14.424433Z
721,recovery,LAT-00721-79e946,BASE_FINE,5.2,3.5,ACCEPT,ACCEPTED,ACCEPTABLE_CONTEXT,0.00568,0.6208,0.6832,0.7077,2026-09-29T23:14:14.424571Z,2026-09-29T23:14:14.425279Z
722,normal,LAT-00722-49836d,ACID_FINE,1.8,7.0,ACCEPT,ACCEPTED,ACCEPTABLE_CONTEXT,0.003572,0.5788,0.6487,0.6724,2026-09-29T23:14:14.425417Z,2026-09-29T23:14:14.426090Z
723,uncertain,LAT-00723-82e676,BASE_FINE,2.8,7.0,REJECT,MODEL_A_BLOCK,UNCERTAIN_CONTEXT,1.0,0.2949,0.3531,0.3763,2026-09-29T23:14:14.426222Z,2026-09-29T23:14:14.426599Z
724,normal,LAT-00724-6561f3,BASE_FINE,8.8,7.0,ACCEPT,ACCEPTED,ACCEPTABLE_CONTEXT,0.003849,0.5679,0.6278,0.6519,2026-09-29T23:14:14.426744Z,2026-09-29T23:14:14.427397Z
725,harmful,LAT-00725-bcea8d,ACID_BULK,14.4,6.2,REJECT,MODEL_A_BLOCK,HARMFUL_CONTEXT,1.0,0.2931,0.3505,0.3732,2026-09-29T23:14:14.427528Z,2026-09-29T23:14:14.427902Z
726,normal,LAT-00726-4e1386,BASE_FINE,9.1,7.0,ACCEPT,ACCEPTED,ACCEPTABLE_CONTEXT,0.00409,0.5619,0.6216,0.6445,2026-09-29T23:14:14.428030Z,2026-09-29T23:14:14.428675Z
727,normal,LAT-00727-2f99db,BASE_FINE,0.7,7.0,ACCEPT,ACCEPTED,ACCEPTABLE_CONTEXT,0.00409,0.5648,0.6241,0.6472,2026-09-29T23:14:14.428804Z,2026-09-29T23:14:14.429452Z
728,normal,LAT-00728-b945aa,BASE_FINE,9.0,7.0,ACCEPT,ACCEPTED,ACCEPTABLE_CONTEXT,0.00409,0.5683,0.6272,0.6497,2026-09-29T23:14:14.429581Z,2026-09-29T23:14:14.430232Z
729,harmful,LAT-00729-b46300,ACID_BULK,17.1,6.2,REJECT,MODEL_A_BLOCK,HARMFUL_CONTEXT,1.0,0.2883,0.3464,0.3688,2026-09-29T23:14:14.430361Z,2026-09-29T23:14:14.430731Z
730,normal,LAT-00730-2ed088,BASE_FINE,6.4,7.0,ACCEPT,ACCEPTED,ACCEPTABLE_CONTEXT,0.003849,0.5584,0.6169,0.6394,2026-09-29T23:14:14.430857Z,2026-09-29T23:14:14.431497Z
731,recovery,LAT-00731-c1ab2a,BASE_FINE,9.2,3.5,ACCEPT,ACCEPTED,ACCEPTABLE_CONTEXT,0.006187,0.5755,0.633,0.6554,2026-09-29T23:14:14.431624Z,2026-09-29T23:14:14.432280Z
732,uncertain,LAT-00732-a53401,BASE_FINE,4.3,7.0,REJECT,MODEL_A_BLOCK,UNCERTAIN_CONTEXT,1.0,0.2775,0.334,0.3556,2026-09-29T23:14:14.432406Z,2026-09-29T23:14:14.432762Z
733,harmful,LAT-00733-067e15,ACID_BULK,12.9,6.2,REJECT,MODEL_A_BLOCK,HARMFUL_CONTEXT,1.0,0.2823,0.3387,0.3602,2026-09-29T23:14:14.432888Z,2026-09-29T23:14:14.433248Z
734,normal,LAT-00734-2d2360,ACID_FINE,5.2,7.0,ACCEPT,ACCEPTED,ACCEPTABLE_CONTEXT,0.00409,0.5422,0.5995,0.6213,2026-09-29T23:14:14.433373Z,2026-09-29T23:14:14.433995Z
735,uncertain,LAT-00735-69ced5,BASE_FINE,2.0,7.0,REJECT,MODEL_A_BLOCK,UNCERTAIN_CONTEXT,1.0,0.277,0.3306,0.3513,2026-09-29T23:14:14.434119Z,2026-09-29T23:14:14.434471Z
736,harmful,LAT-00736-e31b54,ACID_BULK,12.3,6.2,REJECT,MODEL_A_BLOCK,HARMFUL_CONTEXT,1.0,0.2828,0.3378,0.3592,2026-09-29T23:14:14.434596Z,2026-09-29T23:14:14.434955Z
737,harmful,LAT-00737-4029ff,ACID_BULK,17.9,6.2,REJECT,MODEL_A_BLOCK,HARMFUL_CONTEXT,1.0,0.2842,0.339,0.3597,2026-09-29T23:14:14.435088Z,2026-09-29T23:14:14.435448Z
738,harmful,LAT-00738-6be420,ACID_BULK,19.2,6.2,REJECT,MODEL_A_BLOCK,HARMFUL_CONTEXT,1.0,0.2836,0.3522,0.3732,2026-09-29T23:14:14.435579Z,2026-09-29T23:14:14.435953Z
739,harmful,LAT-00739-64b199,ACID_BULK,19.5,6.2,REJECT,MODEL_A_BLOCK,HARMFUL_CONTEXT,1.0,0.347,0.5152,0.548,2026-09-29T23:14:14.436082Z,2026-09-29T23:14:14.436631Z
740,normal,LAT-00740-912abe,BASE_FINE,2.3,7.0,ACCEPT,ACCEPTED,ACCEPTABLE_CONTEXT,0.00409,0.7581,0.8365,0.8669,2026-09-29T23:14:14.436803Z,2026-09-29T23:14:14.437671Z
741,normal,LAT-00741-a4aad7,BASE_FINE,2.6,7.0,ACCEPT,ACCEPTED,ACCEPTABLE_CONTEXT,0.00409,0.6646,0.7402,0.7689,2026-09-29T23:14:14.437830Z,2026-09-29T23:14:14.438600Z
742,uncertain,LAT-00742-11bb18,BASE_FINE,1.6,7.0,REJECT,MODEL_A_BLOCK,UNCERTAIN_CONTEXT,1.0,0.2982,0.3612,0.3863,2026-09-29T23:14:14.438759Z,2026-09-29T23:14:14.439146Z
743,normal,LAT-00743-e3826f,BASE_FINE,3.4,7.0,ACCEPT,ACCEPTED,ACCEPTABLE_CONTEXT,0.00409,0.5999,0.6645,0.6893,2026-09-29T23:14:14.439282Z,2026-09-29T23:14:14.439972Z
744,harmful,LAT-00744-c58e52,ACID_BULK,11.2,6.2,REJECT,MODEL_A_BLOCK,HARMFUL_CONTEXT,1.0,0.3146,0.3765,0.4118,2026-09-29T23:14:14.440110Z,2026-09-29T23:14:14.440523Z
745,normal,LAT-00745-a57658,ACID_FINE,2.0,7.0,ACCEPT,ACCEPTED,ACCEPTABLE_CONTEXT,0.003572,0.5738,0.6343,0.6577,2026-09-29T23:14:14.440653Z,2026-09-29T23:14:14.441311Z
746,recovery,LAT-00746-94832d,BASE_FINE,9.1,3.5,ACCEPT,ACCEPTED,ACCEPTABLE_CONTEXT,0.006187,0.6028,0.6637,0.6875,2026-09-29T23:14:14.441443Z,2026-09-29T23:14:14.442131Z
747,uncertain,LAT-00747-406c1d,BASE_FINE,3.3,7.0,REJECT,MODEL_A_BLOCK,UNCERTAIN_CONTEXT,1.0,0.2955,0.3524,0.3749,2026-09-29T23:14:14.442260Z,2026-09-29T23:14:14.442635Z
748,normal,LAT-00748-0c8256,BASE_FINE,3.8,7.0,ACCEPT,ACCEPTED,ACCEPTABLE_CONTEXT,0.003849,0.6353,0.6979,0.7224,2026-09-29T23:14:14.442762Z,2026-09-29T23:14:14.443486Z
749,harmful,LAT-00749-6b14d8,ACID_BULK,17.9,6.2,REJECT,MODEL_A_BLOCK,HARMFUL_CONTEXT,1.0,0.3107,0.3677,0.3907,2026-09-29T23:14:14.443617Z,2026-09-29T23:14:14.444008Z
750,harmful,LAT-00750-f53775,ACID_BULK,14.9,6.2,REJECT,MODEL_A_BLOCK,HARMFUL_CONTEXT,1.0,0.2864,0.3442,0.3665,2026-09-29T23:14:14.444138Z,2026-09-29T23:14:14.444505Z
751,normal,LAT-00751-7cf4d7,BASE_FINE,8.1,7.0,ACCEPT,ACCEPTED,ACCEPTABLE_CONTEXT,0.00409,0.5763,0.635,0.6584,2026-09-29T23:14:14.444629Z,2026-09-29T23:14:14.445288Z
752,normal,LAT-00752-4963e9,ACID_FINE,2.7,7.0,ACCEPT,ACCEPTED,ACCEPTABLE_CONTEXT,0.00409,0.5546,0.6125,0.6366,2026-09-29T23:14:14.445416Z,2026-09-29T23:14:14.446053Z
753,normal,LAT-00753-b1cb83,BASE_FINE,3.7,7.0,ACCEPT,ACCEPTED,ACCEPTABLE_CONTEXT,0.00409,0.5509,0.6095,0.6325,2026-09-29T23:14:14.446180Z,2026-09-29T23:14:14.446813Z
754,harmful,LAT-00754-719006,ACID_BULK,18.1,6.2,REJECT,MODEL_A_BLOCK,HARMFUL_CONTEXT,1.0,0.2896,0.3466,0.3693,2026-09-29T23:14:14.446939Z,2026-09-29T23:14:14.447309Z
755,normal,LAT-00755-54b2f1,BASE_FINE,9.0,7.0,ACCEPT,ACCEPTED,ACCEPTABLE_CONTEXT,0.00409,0.572,0.6308,0.6534,2026-09-29T23:14:14.447434Z,2026-09-29T23:14:14.448088Z
756,normal,LAT-00756-a23990,ACID_FINE,0.9,7.0,ACCEPT,ACCEPTED,ACCEPTABLE_CONTEXT,0.00409,0.5395,0.5986,0.6215,2026-09-29T23:14:14.448213Z,2026-09-29T23:14:14.448835Z
757,normal,LAT-00757-1169c7,BASE_FINE,5.4,7.0,ACCEPT,ACCEPTED,ACCEPTABLE_CONTEXT,0.003849,0.5754,0.6358,0.659,2026-09-29T23:14:14.448970Z,2026-09-29T23:14:14.449630Z
758,harmful,LAT-00758-84d10e,ACID_BULK,11.4,6.2,REJECT,MODEL_A_BLOCK,HARMFUL_CONTEXT,1.0,0.2934,0.3496,0.3724,2026-09-29T23:14:14.449757Z,2026-09-29T23:14:14.450130Z
759,normal,LAT-00759-08c4f5,ACID_FINE,9.4,7.0,ACCEPT,ACCEPTED,ACCEPTABLE_CONTEXT,0.00409,0.5354,0.6454,0.6686,2026-09-29T23:14:14.450252Z,2026-09-29T23:14:14.450922Z
760,harmful,LAT-00760-39f438,ACID_BULK,13.8,6.2,REJECT,MODEL_A_BLOCK,HARMFUL_CONTEXT,1.0,0.2943,0.35,0.3715,2026-09-29T23:14:14.451047Z,2026-09-29T23:14:14.451419Z
761,normal,LAT-00761-519a49,ACID_FINE,5.4,7.0,ACCEPT,ACCEPTED,ACCEPTABLE_CONTEXT,0.003572,0.6176,0.6774,0.7017,2026-09-29T23:14:14.451554Z,2026-09-29T23:14:14.452256Z
762,normal,LAT-00762-9806fe,BASE_FINE,9.8,7.0,ACCEPT,ACCEPTED,ACCEPTABLE_CONTEXT,0.00409,0.5819,0.657,0.69,2026-09-29T23:14:14.452385Z,2026-09-29T23:14:14.453076Z
763,harmful,LAT-00763-40812e,ACID_BULK,15.9,6.2,REJECT,MODEL_A_BLOCK,HARMFUL_CONTEXT,1.0,0.4138,0.4962,0.526,2026-09-29T23:14:14.453303Z,2026-09-29T23:14:14.453831Z
764,harmful,LAT-00764-d63cfe,ACID_BULK,18.0,6.2,REJECT,MODEL_A_BLOCK,HARMFUL_CONTEXT,1.0,0.3256,0.3894,0.4206,2026-09-29T23:14:14.453995Z,2026-09-29T23:14:14.454417Z
765,harmful,LAT-00765-e1b45c,ACID_BULK,11.3,6.2,REJECT,MODEL_A_BLOCK,HARMFUL_CONTEXT,1.0,0.2978,0.4022,0.4337,2026-09-29T23:14:14.454553Z,2026-09-29T23:14:14.454988Z
766,uncertain,LAT-00766-95970c,BASE_FINE,4.8,7.0,REJECT,MODEL_A_BLOCK,UNCERTAIN_CONTEXT,1.0,0.2982,0.365,0.3918,2026-09-29T23:14:14.455144Z,2026-09-29T23:14:14.455537Z
767,normal,LAT-00767-3cb7b5,ACID_FINE,5.1,7.0,ACCEPT,ACCEPTED,ACCEPTABLE_CONTEXT,0.00409,0.7457,0.8128,0.8405,2026-09-29T23:14:14.455680Z,2026-09-29T23:14:14.456521Z
768,recovery,LAT-00768-5bf172,BASE_FINE,8.1,3.5,ACCEPT,ACCEPTED,ACCEPTABLE_CONTEXT,0.006187,0.6365,0.7002,0.7258,2026-09-29T23:14:14.456670Z,2026-09-29T23:14:14.457396Z
769,normal,LAT-00769-e21357,BASE_FINE,5.3,7.0,ACCEPT,ACCEPTED,ACCEPTABLE_CONTEXT,0.00409,0.5627,0.6259,0.6515,2026-09-29T23:14:14.457534Z,2026-09-29T23:14:14.458187Z
770,normal,LAT-00770-97b23d,BASE_FINE,7.5,7.0,ACCEPT,ACCEPTED,ACCEPTABLE_CONTEXT,0.00409,0.569,0.631,0.6552,2026-09-29T23:14:14.458339Z,2026-09-29T23:14:14.458995Z
771,harmful,LAT-00771-fb8677,ACID_BULK,14.7,6.2,REJECT,MODEL_A_BLOCK,HARMFUL_CONTEXT,1.0,0.293,0.3513,0.3747,2026-09-29T23:14:14.459130Z,2026-09-29T23:14:14.459506Z
772,normal,LAT-00772-d122d9,BASE_FINE,1.6,7.0,ACCEPT,ACCEPTED,ACCEPTABLE_CONTEXT,0.00409,0.5635,0.6238,0.6475,2026-09-29T23:14:14.459638Z,2026-09-29T23:14:14.460286Z
773,normal,LAT-00773-1cf12e,BASE_FINE,9.0,7.0,ACCEPT,ACCEPTED,ACCEPTABLE_CONTEXT,0.00409,0.5829,0.642,0.6665,2026-09-29T23:14:14.460423Z,2026-09-29T23:14:14.461090Z
774,harmful,LAT-00774-4cc54c,ACID_BULK,10.8,6.2,REJECT,MODEL_A_BLOCK,HARMFUL_CONTEXT,1.0,0.2909,0.3488,0.3723,2026-09-29T23:14:14.461221Z,2026-09-29T23:14:14.461594Z
775,recovery,LAT-00775-dfb6b5,BASE_FINE,6.7,3.5,ACCEPT,ACCEPTED,ACCEPTABLE_CONTEXT,0.00568,0.5891,0.649,0.6726,2026-09-29T23:14:14.461723Z,2026-09-29T23:14:14.462397Z
776,normal,LAT-00776-86d086,ACID_FINE,4.7,7.0,ACCEPT,ACCEPTED,ACCEPTABLE_CONTEXT,0.008733,0.55,0.6086,0.6325,2026-09-29T23:14:14.462527Z,2026-09-29T23:14:14.463160Z
777,harmful,LAT-00777-10a084,ACID_BULK,18.5,6.2,REJECT,MODEL_A_BLOCK,HARMFUL_CONTEXT,1.0,0.2895,0.3477,0.3705,2026-09-29T23:14:14.463289Z,2026-09-29T23:14:14.463661Z
778,normal,LAT-00778-5162f4,BASE_FINE,3.4,7.0,ACCEPT,ACCEPTED,ACCEPTABLE_CONTEXT,0.003849,0.5425,0.6021,0.6256,2026-09-29T23:14:14.463795Z,2026-09-29T23:14:14.464421Z
779,uncertain,LAT-00779-2d29ad,BASE_FINE,4.4,7.0,REJECT,MODEL_A_BLOCK,UNCERTAIN_CONTEXT,1.0,0.2787,0.3902,0.4132,2026-09-29T23:14:14.464550Z,2026-09-29T23:14:14.464964Z
780,uncertain,LAT-00780-362742,BASE_FINE,1.2,7.0,REJECT,MODEL_A_BLOCK,UNCERTAIN_CONTEXT,1.0,0.2467,0.3043,0.3265,2026-09-29T23:14:14.465091Z,2026-09-29T23:14:14.465419Z
781,recovery,LAT-00781-b6da21,BASE_FINE,2.6,3.5,ACCEPT,ACCEPTED,ACCEPTABLE_CONTEXT,0.006187,0.5952,0.6534,0.6764,2026-09-29T23:14:14.465544Z,2026-09-29T23:14:14.466221Z
782,normal,LAT-00782-185c88,ACID_FINE,9.9,7.0,ACCEPT,ACCEPTED,ACCEPTABLE_CONTEXT,0.003572,0.5537,0.6149,0.6379,2026-09-29T23:14:14.466348Z,2026-09-29T23:14:14.466987Z
783,recovery,LAT-00783-78cccb,BASE_FINE,5.3,3.5,ACCEPT,ACCEPTED,ACCEPTABLE_CONTEXT,0.006187,0.5845,0.646,0.6695,2026-09-29T23:14:14.467127Z,2026-09-29T23:14:14.467797Z
784,harmful,LAT-00784-959783,ACID_BULK,13.4,6.2,REJECT,MODEL_A_BLOCK,HARMFUL_CONTEXT,1.0,0.2941,0.3535,0.3763,2026-09-29T23:14:14.467927Z,2026-09-29T23:14:14.468304Z
785,harmful,LAT-00785-37031e,ACID_BULK,15.2,6.2,REJECT,MODEL_A_BLOCK,HARMFUL_CONTEXT,1.0,0.2977,0.3571,0.3793,2026-09-29T23:14:14.468432Z,2026-09-29T23:14:14.468812Z
786,uncertain,LAT-00786-beca2b,BASE_FINE,4.0,7.0,REJECT,MODEL_A_BLOCK,UNCERTAIN_CONTEXT,1.0,0.2916,0.3469,0.3683,2026-09-29T23:14:14.468942Z,2026-09-29T23:14:14.469311Z
787,harmful,LAT-00787-6fc7c8,ACID_BULK,16.2,6.2,REJECT,MODEL_A_BLOCK,HARMFUL_CONTEXT,1.0,0.3684,0.4968,0.5367,2026-09-29T23:14:14.469449Z,2026-09-29T23:14:14.469987Z
788,normal,LAT-00788-5aacad,BASE_FINE,8.2,7.0,ACCEPT,ACCEPTED,ACCEPTABLE_CONTEXT,0.003849,0.7493,0.838,0.8752,2026-09-29T23:14:14.470187Z,2026-09-29T23:14:14.471064Z
789,harmful,LAT-00789-5d5421,ACID_BULK,11.5,6.2,REJECT,MODEL_A_BLOCK,HARMFUL_CONTEXT,1.0,0.3948,0.4729,0.5033,2026-09-29T23:14:14.471249Z,2026-09-29T23:14:14.471753Z
790,normal,LAT-00790-f798a4,ACID_FINE,1.3,7.0,ACCEPT,ACCEPTED,ACCEPTABLE_CONTEXT,0.00409,0.7212,0.7913,0.8199,2026-09-29T23:14:14.471916Z,2026-09-29T23:14:14.472737Z
791,normal,LAT-00791-f85aaa,BASE_FINE,8.5,7.0,ACCEPT,ACCEPTED,ACCEPTABLE_CONTEXT,0.00409,0.6326,0.7004,0.7272,2026-09-29T23:14:14.472902Z,2026-09-29T23:14:14.473630Z
792,normal,LAT-00792-cebf2e,ACID_FINE,2.5,7.0,ACCEPT,ACCEPTED,ACCEPTABLE_CONTEXT,0.003572,0.5895,0.6575,0.6833,2026-09-29T23:14:14.473779Z,2026-09-29T23:14:14.474464Z
793,recovery,LAT-00793-b75392,BASE_FINE,9.6,3.5,ACCEPT,ACCEPTED,ACCEPTABLE_CONTEXT,0.006187,0.6343,0.7,0.7252,2026-09-29T23:14:14.474603Z,2026-09-29T23:14:14.475329Z
794,normal,LAT-00794-d275dd,BASE_FINE,4.4,7.0,ACCEPT,ACCEPTED,ACCEPTABLE_CONTEXT,0.003849,0.5585,0.6193,0.6437,2026-09-29T23:14:14.475465Z,2026-09-29T23:14:14.476110Z
795,recovery,LAT-00795-9280e7,BASE_FINE,6.7,3.5,ACCEPT,ACCEPTED,ACCEPTABLE_CONTEXT,0.006187,0.5907,0.6515,0.6762,2026-09-29T23:14:14.476241Z,2026-09-29T23:14:14.476918Z
796,normal,LAT-00796-ff76c6,ACID_FINE,1.7,7.0,ACCEPT,ACCEPTED,ACCEPTABLE_CONTEXT,0.003663,0.5713,0.6434,0.668,2026-09-29T23:14:14.477051Z,2026-09-29T23:14:14.477719Z
797,recovery,LAT-00797-9143da,BASE_FINE,9.3,3.5,ACCEPT,ACCEPTED,ACCEPTABLE_CONTEXT,0.00568,0.5897,0.649,0.6732,2026-09-29T23:14:14.477850Z,2026-09-29T23:14:14.478524Z
798,normal,LAT-00798-978abf,BASE_FINE,8.6,7.0,ACCEPT,ACCEPTED,ACCEPTABLE_CONTEXT,0.00409,0.5417,0.6,0.6239,2026-09-29T23:14:14.478653Z,2026-09-29T23:14:14.479278Z
799,harmful,LAT-00799-94868a,ACID_BULK,12.6,6.2,REJECT,MODEL_A_BLOCK,HARMFUL_CONTEXT,1.0,0.29,0.4076,0.4317,2026-09-29T23:14:14.479407Z,2026-09-29T23:14:14.479839Z
800,harmful,LAT-00800-109bfc,ACID_BULK,13.3,6.2,REJECT,MODEL_A_BLOCK,HARMFUL_CONTEXT,1.0,0.285,0.3418,0.3644,2026-09-29T23:14:14.479968Z,2026-09-29T23:14:14.480333Z
801,harmful,LAT-00801-5df281,ACID_BULK,11.2,6.2,REJECT,MODEL_A_BLOCK,HARMFUL_CONTEXT,1.0,0.2826,0.3435,0.3658,2026-09-29T23:14:14.480461Z,2026-09-29T23:14:14.480827Z
802,uncertain,LAT-00802-79eeb6,BASE_FINE,2.8,7.0,REJECT,MODEL_A_BLOCK,UNCERTAIN_CONTEXT,1.0,0.2836,0.3399,0.3612,2026-09-29T23:14:14.480952Z,2026-09-29T23:14:14.481314Z
803,harmful,LAT-00803-a128a4,ACID_BULK,18.3,6.2,REJECT,MODEL_A_BLOCK,HARMFUL_CONTEXT,1.0,0.2807,0.3355,0.3568,2026-09-29T23:14:14.481435Z,2026-09-29T23:14:14.481793Z
804,harmful,LAT-00804-131491,ACID_BULK,12.8,6.2,REJECT,MODEL_A_BLOCK,HARMFUL_CONTEXT,1.0,0.2768,0.3309,0.3516,2026-09-29T23:14:14.481913Z,2026-09-29T23:14:14.482266Z
805,normal,LAT-00805-035236,ACID_FINE,5.0,7.0,ACCEPT,ACCEPTED,ACCEPTABLE_CONTEXT,0.003572,0.5918,0.6485,0.6713,2026-09-29T23:14:14.482387Z,2026-09-29T23:14:14.483059Z
806,harmful,LAT-00806-faadc9,ACID_BULK,19.7,6.2,REJECT,MODEL_A_BLOCK,HARMFUL_CONTEXT,1.0,0.3043,0.3635,0.3858,2026-09-29T23:14:14.483186Z,2026-09-29T23:14:14.483573Z
807,normal,LAT-00807-40ef6a,ACID_FINE,2.8,7.0,ACCEPT,ACCEPTED,ACCEPTABLE_CONTEXT,0.00409,0.5405,0.5968,0.6195,2026-09-29T23:14:14.483699Z,2026-09-29T23:14:14.484319Z
808,normal,LAT-00808-181f6c,BASE_FINE,10.0,7.0,ACCEPT,ACCEPTED,ACCEPTABLE_CONTEXT,0.00409,0.552,0.618,0.6408,2026-09-29T23:14:14.484445Z,2026-09-29T23:14:14.485087Z
809,uncertain,LAT-00809-461983,BASE_FINE,4.9,7.0,REJECT,MODEL_A_BLOCK,UNCERTAIN_CONTEXT,1.0,0.259,0.317,0.346,2026-09-29T23:14:14.485213Z,2026-09-29T23:14:14.485560Z
810,normal,LAT-00810-476e9c,ACID_FINE,1.6,7.0,ACCEPT,ACCEPTED,ACCEPTABLE_CONTEXT,0.00409,0.5712,0.6425,0.6753,2026-09-29T23:14:14.485684Z,2026-09-29T23:14:14.486360Z
811,normal,LAT-00811-0eea14,BASE_FINE,1.0,7.0,ACCEPT,ACCEPTED,ACCEPTABLE_CONTEXT,0.00409,0.7605,0.8479,0.8811,2026-09-29T23:14:14.486562Z,2026-09-29T23:14:14.487444Z
812,normal,LAT-00812-bb26c5,ACID_FINE,2.1,7.0,ACCEPT,ACCEPTED,ACCEPTABLE_CONTEXT,0.00409,0.804,0.8868,0.9349,2026-09-29T23:14:14.487620Z,2026-09-29T23:14:14.488555Z
813,normal,LAT-00813-353155,ACID_FINE,3.0,7.0,ACCEPT,ACCEPTED,ACCEPTABLE_CONTEXT,0.00409,0.7038,0.7865,0.8238,2026-09-29T23:14:14.488732Z,2026-09-29T23:14:14.489556Z
814,uncertain,LAT-00814-7e153b,BASE_FINE,2.5,7.0,REJECT,MODEL_A_BLOCK,UNCERTAIN_CONTEXT,1.0,0.3117,0.3767,0.4115,2026-09-29T23:14:14.489719Z,2026-09-29T23:14:14.490131Z
815,recovery,LAT-00815-8ab17f,BASE_FINE,6.2,3.5,ACCEPT,ACCEPTED,ACCEPTABLE_CONTEXT,0.006187,0.6485,0.7121,0.738,2026-09-29T23:14:14.490274Z,2026-09-29T23:14:14.491012Z
816,normal,LAT-00816-3c2e0e,ACID_FINE,0.6,7.0,ACCEPT,ACCEPTED,ACCEPTABLE_CONTEXT,0.00409,0.5728,0.6388,0.6633,2026-09-29T23:14:14.491150Z,2026-09-29T23:14:14.491814Z
817,normal,LAT-00817-f34e25,ACID_FINE,1.5,7.0,ACCEPT,ACCEPTED,ACCEPTABLE_CONTEXT,0.003572,0.5667,0.627,0.6507,2026-09-29T23:14:14.491948Z,2026-09-29T23:14:14.492600Z
818,uncertain,LAT-00818-106f9b,BASE_FINE,2.4,7.0,REJECT,MODEL_A_BLOCK,UNCERTAIN_CONTEXT,1.0,0.2823,0.3431,0.3663,2026-09-29T23:14:14.492736Z,2026-09-29T23:14:14.493103Z
819,normal,LAT-00819-d50ed7,ACID_FINE,2.1,7.0,ACCEPT,ACCEPTED,ACCEPTABLE_CONTEXT,0.003572,0.5595,0.6736,0.6979,2026-09-29T23:14:14.493230Z,2026-09-29T23:14:14.493928Z
820,harmful,LAT-00820-d2e309,ACID_BULK,15.8,6.2,REJECT,MODEL_A_BLOCK,HARMFUL_CONTEXT,1.0,0.2895,0.347,0.37,2026-09-29T23:14:14.494057Z,2026-09-29T23:14:14.494428Z
821,uncertain,LAT-00821-e1808f,BASE_FINE,3.7,7.0,REJECT,MODEL_A_BLOCK,UNCERTAIN_CONTEXT,1.0,0.2567,0.3131,0.3392,2026-09-29T23:14:14.494554Z,2026-09-29T23:14:14.494894Z
822,harmful,LAT-00822-c75b6d,ACID_BULK,19.6,6.2,REJECT,MODEL_A_BLOCK,HARMFUL_CONTEXT,1.0,0.2828,0.3405,0.3622,2026-09-29T23:14:14.495017Z,2026-09-29T23:14:14.495380Z
823,normal,LAT-00823-f7eba8,BASE_FINE,3.2,7.0,ACCEPT,ACCEPTED,ACCEPTABLE_CONTEXT,0.00409,0.5507,0.6083,0.6311,2026-09-29T23:14:14.495501Z,2026-09-29T23:14:14.496132Z
824,harmful,LAT-00824-e386e6,ACID_BULK,11.9,6.2,REJECT,MODEL_A_BLOCK,HARMFUL_CONTEXT,1.0,0.2862,0.3423,0.364,2026-09-29T23:14:14.496258Z,2026-09-29T23:14:14.496622Z
825,uncertain,LAT-00825-cfb4d1,BASE_FINE,3.4,7.0,REJECT,MODEL_A_BLOCK,UNCERTAIN_CONTEXT,1.0,0.2474,0.304,0.3265,2026-09-29T23:14:14.496827Z,2026-09-29T23:14:14.497154Z
826,harmful,LAT-00826-19dc21,ACID_BULK,12.4,6.2,REJECT,MODEL_A_BLOCK,HARMFUL_CONTEXT,1.0,0.281,0.3364,0.3582,2026-09-29T23:14:14.497278Z,2026-09-29T23:14:14.497637Z
827,harmful,LAT-00827-a83e2c,ACID_BULK,13.9,6.2,REJECT,MODEL_A_BLOCK,HARMFUL_CONTEXT,1.0,0.2783,0.3323,0.3535,2026-09-29T23:14:14.497758Z,2026-09-29T23:14:14.498112Z
828,normal,LAT-00828-d8d551,BASE_FINE,8.6,7.0,ACCEPT,ACCEPTED,ACCEPTABLE_CONTEXT,0.00409,0.5738,0.6619,0.6853,2026-09-29T23:14:14.498233Z,2026-09-29T23:14:14.498919Z
829,harmful,LAT-00829-5bd122,ACID_BULK,10.5,6.2,REJECT,MODEL_A_BLOCK,HARMFUL_CONTEXT,1.0,0.288,0.3431,0.3653,2026-09-29T23:14:14.499046Z,2026-09-29T23:14:14.499412Z
830,uncertain,LAT-00830-b9de40,BASE_FINE,4.5,7.0,REJECT,MODEL_A_BLOCK,UNCERTAIN_CONTEXT,1.0,0.2634,0.3179,0.339,2026-09-29T23:14:14.499538Z,2026-09-29T23:14:14.499877Z
831,harmful,LAT-00831-4f06af,ACID_BULK,15.3,6.2,REJECT,MODEL_A_BLOCK,HARMFUL_CONTEXT,1.0,0.3536,0.4151,0.4426,2026-09-29T23:14:14.500001Z,2026-09-29T23:14:14.500444Z
832,normal,LAT-00832-d16baa,ACID_FINE,9.5,7.0,ACCEPT,ACCEPTED,ACCEPTABLE_CONTEXT,0.003572,0.5915,0.6543,0.6811,2026-09-29T23:14:14.500604Z,2026-09-29T23:14:14.501286Z
833,normal,LAT-00833-a37127,ACID_FINE,4.9,7.0,ACCEPT,ACCEPTED,ACCEPTABLE_CONTEXT,0.00409,0.5721,0.6424,0.6675,2026-09-29T23:14:14.501425Z,2026-09-29T23:14:14.502094Z
834,normal,LAT-00834-12315f,BASE_FINE,3.5,7.0,ACCEPT,ACCEPTED,ACCEPTABLE_CONTEXT,0.00409,0.6065,0.679,0.7053,2026-09-29T23:14:14.502245Z,2026-09-29T23:14:14.502951Z
835,harmful,LAT-00835-0d454c,ACID_BULK,15.9,6.2,REJECT,MODEL_A_BLOCK,HARMFUL_CONTEXT,1.0,0.3483,0.4203,0.4523,2026-09-29T23:14:14.503087Z,2026-09-29T23:14:14.503540Z
836,normal,LAT-00836-729c2d,BASE_FINE,2.5,7.0,ACCEPT,ACCEPTED,ACCEPTABLE_CONTEXT,0.00409,0.6388,0.7094,0.7354,2026-09-29T23:14:14.503709Z,2026-09-29T23:14:14.504445Z
837,harmful,LAT-00837-eb2489,ACID_BULK,19.5,6.2,REJECT,MODEL_A_BLOCK,HARMFUL_CONTEXT,1.0,0.3372,0.4039,0.4285,2026-09-29T23:14:14.504585Z,2026-09-29T23:14:14.505015Z
838,uncertain,LAT-00838-8de8db,BASE_FINE,2.6,7.0,REJECT,MODEL_A_BLOCK,UNCERTAIN_CONTEXT,1.0,0.3107,0.3694,0.392,2026-09-29T23:14:14.505151Z,2026-09-29T23:14:14.505543Z
839,normal,LAT-00839-523aea,ACID_FINE,6.1,7.0,ACCEPT,ACCEPTED,ACCEPTABLE_CONTEXT,0.00409,0.6589,0.7756,0.8005,2026-09-29T23:14:14.505671Z,2026-09-29T23:14:14.506473Z
840,normal,LAT-00840-e7b789,ACID_FINE,5.4,7.0,ACCEPT,ACCEPTED,ACCEPTABLE_CONTEXT,0.003572,0.5727,0.6331,0.656,2026-09-29T23:14:14.506607Z,2026-09-29T23:14:14.507264Z
841,normal,LAT-00841-cb005c,BASE_FINE,2.9,7.0,ACCEPT,ACCEPTED,ACCEPTABLE_CONTEXT,0.003849,0.5876,0.6498,0.673,2026-09-29T23:14:14.507396Z,2026-09-29T23:14:14.508070Z
842,normal,LAT-00842-989cf9,ACID_FINE,3.3,7.0,ACCEPT,ACCEPTED,ACCEPTABLE_CONTEXT,0.00409,0.5444,0.6052,0.6285,2026-09-29T23:14:14.508196Z,2026-09-29T23:14:14.508826Z
843,harmful,LAT-00843-eb0ba0,ACID_BULK,18.3,6.2,REJECT,MODEL_A_BLOCK,HARMFUL_CONTEXT,1.0,0.2903,0.3477,0.3698,2026-09-29T23:14:14.508953Z,2026-09-29T23:14:14.509324Z
844,uncertain,LAT-00844-9c2c18,BASE_FINE,4.7,7.0,REJECT,MODEL_A_BLOCK,UNCERTAIN_CONTEXT,1.0,0.2613,0.3192,0.341,2026-09-29T23:14:14.509449Z,2026-09-29T23:14:14.509791Z
845,normal,LAT-00845-f52abf,ACID_FINE,5.3,7.0,ACCEPT,ACCEPTED,ACCEPTABLE_CONTEXT,0.00409,0.5708,0.6282,0.6512,2026-09-29T23:14:14.509917Z,2026-09-29T23:14:14.510569Z
846,normal,LAT-00846-742981,ACID_FINE,4.0,7.0,ACCEPT,ACCEPTED,ACCEPTABLE_CONTEXT,0.00409,0.5468,0.6041,0.6265,2026-09-29T23:14:14.510695Z,2026-09-29T23:14:14.511322Z
847,harmful,LAT-00847-22e764,ACID_BULK,16.0,6.2,REJECT,MODEL_A_BLOCK,HARMFUL_CONTEXT,1.0,0.289,0.3446,0.3656,2026-09-29T23:14:14.511447Z,2026-09-29T23:14:14.511813Z
848,harmful,LAT-00848-db9a47,ACID_BULK,10.0,6.2,REJECT,MODEL_A_BLOCK,HARMFUL_CONTEXT,1.0,0.282,0.3371,0.3576,2026-09-29T23:14:14.511935Z,2026-09-29T23:14:14.512294Z
849,normal,LAT-00849-817b79,BASE_FINE,1.3,7.0,ACCEPT,ACCEPTED,ACCEPTABLE_CONTEXT,0.00409,0.5659,0.623,0.6449,2026-09-29T23:14:14.512416Z,2026-09-29T23:14:14.513062Z
850,harmful,LAT-00850-22aa55,ACID_BULK,14.0,6.2,REJECT,MODEL_A_BLOCK,HARMFUL_CONTEXT,1.0,0.2863,0.343,0.3641,2026-09-29T23:14:14.513188Z,2026-09-29T23:14:14.513553Z
851,recovery,LAT-00851-be1339,BASE_FINE,3.4,3.5,ACCEPT,ACCEPTED,ACCEPTABLE_CONTEXT,0.006187,0.5896,0.647,0.6697,2026-09-29T23:14:14.513675Z,2026-09-29T23:14:14.514345Z
852,normal,LAT-00852-47a114,BASE_FINE,2.0,7.0,ACCEPT,ACCEPTED,ACCEPTABLE_CONTEXT,0.00409,0.5382,0.5951,0.6168,2026-09-29T23:14:14.514471Z,2026-09-29T23:14:14.515089Z
853,normal,LAT-00853-8654e9,BASE_FINE,5.9,7.0,ACCEPT,ACCEPTED,ACCEPTABLE_CONTEXT,0.00409,0.536,0.5927,0.6142,2026-09-29T23:14:14.515214Z,2026-09-29T23:14:14.515828Z
854,normal,LAT-00854-b9e4d3,BASE_FINE,6.6,7.0,ACCEPT,ACCEPTED,ACCEPTABLE_CONTEXT,0.00409,0.5519,0.6086,0.6304,2026-09-29T23:14:14.515967Z,2026-09-29T23:14:14.516599Z
855,normal,LAT-00855-e6a35e,ACID_FINE,6.1,7.0,ACCEPT,ACCEPTED,ACCEPTABLE_CONTEXT,0.00409,0.55,0.6086,0.63,2026-09-29T23:14:14.516723Z,2026-09-29T23:14:14.517354Z
856,harmful,LAT-00856-29e9a6,ACID_BULK,10.1,6.2,REJECT,MODEL_A_BLOCK,HARMFUL_CONTEXT,1.0,0.2862,0.3409,0.3624,2026-09-29T23:14:14.517479Z,2026-09-29T23:14:14.517843Z
857,normal,LAT-00857-d2ecc9,BASE_FINE,1.2,7.0,ACCEPT,ACCEPTED,ACCEPTABLE_CONTEXT,0.00409,0.584,0.6404,0.662,2026-09-29T23:14:14.517967Z,2026-09-29T23:14:14.518629Z
858,normal,LAT-00858-88344b,BASE_FINE,3.1,7.0,ACCEPT,ACCEPTED,ACCEPTABLE_CONTEXT,0.00409,0.544,0.6062,0.6283,2026-09-29T23:14:14.518761Z,2026-09-29T23:14:14.519390Z
859,uncertain,LAT-00859-5b35b8,BASE_FINE,2.7,7.0,REJECT,MODEL_A_BLOCK,UNCERTAIN_CONTEXT,1.0,0.3176,0.4351,0.4678,2026-09-29T23:14:14.519515Z,2026-09-29T23:14:14.519983Z
860,normal,LAT-00860-c2ac56,ACID_FINE,5.6,7.0,ACCEPT,ACCEPTED,ACCEPTABLE_CONTEXT,0.00409,0.7223,0.8013,0.8295,2026-09-29T23:14:14.520169Z,2026-09-29T23:14:14.521000Z
861,normal,LAT-00861-f2e09e,BASE_FINE,5.5,7.0,ACCEPT,ACCEPTED,ACCEPTABLE_CONTEXT,0.003849,0.7505,0.8362,0.8765,2026-09-29T23:14:14.521147Z,2026-09-29T23:14:14.522024Z
862,normal,LAT-00862-5b67c2,BASE_FINE,6.3,7.0,ACCEPT,ACCEPTED,ACCEPTABLE_CONTEXT,0.00409,0.6854,0.7635,0.7948,2026-09-29T23:14:14.522216Z,2026-09-29T23:14:14.523012Z
863,harmful,LAT-00863-fdfd06,ACID_BULK,17.8,6.2,REJECT,MODEL_A_BLOCK,HARMFUL_CONTEXT,1.0,0.3399,0.4058,0.4333,2026-09-29T23:14:14.523172Z,2026-09-29T23:14:14.523607Z
864,uncertain,LAT-00864-b4b62a,BASE_FINE,1.8,7.0,REJECT,MODEL_A_BLOCK,UNCERTAIN_CONTEXT,1.0,0.329,0.4045,0.4378,2026-09-29T23:14:14.523764Z,2026-09-29T23:14:14.524202Z
865,uncertain,LAT-00865-f517b3,BASE_FINE,1.5,7.0,REJECT,MODEL_A_BLOCK,UNCERTAIN_CONTEXT,1.0,0.3083,0.3758,0.4032,2026-09-29T23:14:14.524372Z,2026-09-29T23:14:14.524776Z
866,uncertain,LAT-00866-0dcd26,BASE_FINE,2.7,7.0,REJECT,MODEL_A_BLOCK,UNCERTAIN_CONTEXT,1.0,0.2917,0.3542,0.3792,2026-09-29T23:14:14.524921Z,2026-09-29T23:14:14.525301Z
867,recovery,LAT-00867-1a0128,BASE_FINE,7.5,3.5,ACCEPT,ACCEPTED,ACCEPTABLE_CONTEXT,0.00568,0.656,0.72,0.7468,2026-09-29T23:14:14.525435Z,2026-09-29T23:14:14.526183Z
868,recovery,LAT-00868-987d73,BASE_FINE,8.5,3.5,ACCEPT,ACCEPTED,ACCEPTABLE_CONTEXT,0.006187,0.6099,0.6742,0.6995,2026-09-29T23:14:14.526327Z,2026-09-29T23:14:14.527028Z
869,normal,LAT-00869-756fe2,ACID_FINE,8.4,7.0,ACCEPT,ACCEPTED,ACCEPTABLE_CONTEXT,0.003572,0.5811,0.6409,0.6652,2026-09-29T23:14:14.527182Z,2026-09-29T23:14:14.527848Z
870,normal,LAT-00870-9165cd,ACID_FINE,2.1,7.0,ACCEPT,ACCEPTED,ACCEPTABLE_CONTEXT,0.00409,0.5628,0.6217,0.6463,2026-09-29T23:14:14.527980Z,2026-09-29T23:14:14.528628Z
871,harmful,LAT-00871-8d7b00,ACID_BULK,17.9,6.2,REJECT,MODEL_A_BLOCK,HARMFUL_CONTEXT,1.0,0.289,0.3469,0.3705,2026-09-29T23:14:14.528758Z,2026-09-29T23:14:14.529129Z
872,harmful,LAT-00872-02bb48,ACID_BULK,10.5,6.2,REJECT,MODEL_A_BLOCK,HARMFUL_CONTEXT,1.0,0.285,0.3417,0.3641,2026-09-29T23:14:14.529258Z,2026-09-29T23:14:14.529622Z
873,harmful,LAT-00873-1ed2ef,ACID_BULK,15.5,6.2,REJECT,MODEL_A_BLOCK,HARMFUL_CONTEXT,1.0,0.2825,0.3385,0.3605,2026-09-29T23:14:14.529748Z,2026-09-29T23:14:14.530110Z
874,harmful,LAT-00874-195aec,ACID_BULK,13.4,6.2,REJECT,MODEL_A_BLOCK,HARMFUL_CONTEXT,1.0,0.2806,0.3359,0.3574,2026-09-29T23:14:14.530233Z,2026-09-29T23:14:14.530591Z
875,harmful,LAT-00875-004423,ACID_BULK,10.7,6.2,REJECT,MODEL_A_BLOCK,HARMFUL_CONTEXT,1.0,0.2797,0.3343,0.3554,2026-09-29T23:14:14.530713Z,2026-09-29T23:14:14.531069Z
876,normal,LAT-00876-087bfc,ACID_FINE,6.9,7.0,ACCEPT,ACCEPTED,ACCEPTABLE_CONTEXT,0.00409,0.557,0.631,0.6548,2026-09-29T23:14:14.531190Z,2026-09-29T23:14:14.531846Z
877,harmful,LAT-00877-ac7a3e,ACID_BULK,13.1,6.2,REJECT,MODEL_A_BLOCK,HARMFUL_CONTEXT,1.0,0.2893,0.3463,0.3721,2026-09-29T23:14:14.531974Z,2026-09-29T23:14:14.532347Z
878,harmful,LAT-00878-3b1f51,ACID_BULK,15.1,6.2,REJECT,MODEL_A_BLOCK,HARMFUL_CONTEXT,1.0,0.2994,0.3547,0.3754,2026-09-29T23:14:14.532471Z,2026-09-29T23:14:14.532847Z
879,harmful,LAT-00879-6cbf35,ACID_BULK,11.3,6.2,REJECT,MODEL_A_BLOCK,HARMFUL_CONTEXT,1.0,0.3001,0.412,0.433,2026-09-29T23:14:14.532967Z,2026-09-29T23:14:14.533401Z
880,normal,LAT-00880-93b5d3,ACID_FINE,1.3,7.0,ACCEPT,ACCEPTED,ACCEPTABLE_CONTEXT,0.003663,0.6053,0.664,0.687,2026-09-29T23:14:14.533522Z,2026-09-29T23:14:14.534210Z
881,normal,LAT-00881-2f77cc,ACID_FINE,5.3,7.0,ACCEPT,ACCEPTED,ACCEPTABLE_CONTEXT,0.00409,0.5678,0.6249,0.6472,2026-09-29T23:14:14.534335Z,2026-09-29T23:14:14.534983Z
882,normal,LAT-00882-9cf2b0,ACID_FINE,9.1,7.0,ACCEPT,ACCEPTED,ACCEPTABLE_CONTEXT,0.003572,0.6008,0.6583,0.6808,2026-09-29T23:14:14.535121Z,2026-09-29T23:14:14.535803Z
883,normal,LAT-00883-00bdd5,ACID_FINE,3.4,7.0,ACCEPT,ACCEPTED,ACCEPTABLE_CONTEXT,0.00409,0.6711,0.7452,0.7705,2026-09-29T23:14:14.535955Z,2026-09-29T23:14:14.536726Z
884,uncertain,LAT-00884-5252ba,BASE_FINE,1.2,7.0,REJECT,MODEL_A_BLOCK,UNCERTAIN_CONTEXT,1.0,0.3902,0.4634,0.4913,2026-09-29T23:14:14.536880Z,2026-09-29T23:14:14.537372Z
885,uncertain,LAT-00885-46c970,BASE_FINE,1.8,7.0,REJECT,MODEL_A_BLOCK,UNCERTAIN_CONTEXT,1.0,0.281,0.3463,0.3715,2026-09-29T23:14:14.537528Z,2026-09-29T23:14:14.537900Z
886,normal,LAT-00886-619b66,BASE_FINE,4.6,7.0,ACCEPT,ACCEPTED,ACCEPTABLE_CONTEXT,0.00409,0.6646,0.7371,0.7642,2026-09-29T23:14:14.538039Z,2026-09-29T23:14:14.538804Z
887,harmful,LAT-00887-190fc6,ACID_BULK,17.5,6.2,REJECT,MODEL_A_BLOCK,HARMFUL_CONTEXT,1.0,0.3633,0.4382,0.4729,2026-09-29T23:14:14.538949Z,2026-09-29T23:14:14.539423Z
888,normal,LAT-00888-88a22c,BASE_FINE,6.3,7.0,ACCEPT,ACCEPTED,ACCEPTABLE_CONTEXT,0.00409,0.639,0.7255,0.7548,2026-09-29T23:14:14.539599Z,2026-09-29T23:14:14.540354Z
889,uncertain,LAT-00889-37afa6,BASE_FINE,4.4,7.0,REJECT,MODEL_A_BLOCK,UNCERTAIN_CONTEXT,1.0,0.282,0.3486,0.3751,2026-09-29T23:14:14.540513Z,2026-09-29T23:14:14.540889Z
890,harmful,LAT-00890-8c08af,ACID_BULK,15.7,6.2,REJECT,MODEL_A_BLOCK,HARMFUL_CONTEXT,1.0,0.3072,0.3691,0.402,2026-09-29T23:14:14.541029Z,2026-09-29T23:14:14.541432Z
891,harmful,LAT-00891-4bfc7f,ACID_BULK,10.7,6.2,REJECT,MODEL_A_BLOCK,HARMFUL_CONTEXT,1.0,0.2878,0.346,0.3683,2026-09-29T23:14:14.541565Z,2026-09-29T23:14:14.541934Z
892,normal,LAT-00892-b367e2,ACID_FINE,1.8,7.0,ACCEPT,ACCEPTED,ACCEPTABLE_CONTEXT,0.00409,0.549,0.6093,0.6335,2026-09-29T23:14:14.542061Z,2026-09-29T23:14:14.542696Z
893,uncertain,LAT-00893-447e17,BASE_FINE,2.4,7.0,REJECT,MODEL_A_BLOCK,UNCERTAIN_CONTEXT,1.0,0.2648,0.3226,0.3449,2026-09-29T23:14:14.542829Z,2026-09-29T23:14:14.543174Z
894,harmful,LAT-00894-f44305,ACID_BULK,19.4,6.2,REJECT,MODEL_A_BLOCK,HARMFUL_CONTEXT,1.0,0.288,0.3474,0.3696,2026-09-29T23:14:14.543299Z,2026-09-29T23:14:14.543670Z
895,harmful,LAT-00895-cc4ada,ACID_BULK,16.1,6.2,REJECT,MODEL_A_BLOCK,HARMFUL_CONTEXT,1.0,0.281,0.3363,0.3577,2026-09-29T23:14:14.543806Z,2026-09-29T23:14:14.544164Z
896,normal,LAT-00896-82c83e,BASE_FINE,2.4,7.0,ACCEPT,ACCEPTED,ACCEPTABLE_CONTEXT,0.003849,0.549,0.6061,0.6286,2026-09-29T23:14:14.544285Z,2026-09-29T23:14:14.544915Z
897,normal,LAT-00897-3e9a9f,BASE_FINE,7.7,7.0,ACCEPT,ACCEPTED,ACCEPTABLE_CONTEXT,0.00409,0.5815,0.64,0.6631,2026-09-29T23:14:14.545041Z,2026-09-29T23:14:14.545705Z
898,normal,LAT-00898-2b93c1,ACID_FINE,9.8,7.0,ACCEPT,ACCEPTED,ACCEPTABLE_CONTEXT,0.003572,0.5657,0.6235,0.6459,2026-09-29T23:14:14.545837Z,2026-09-29T23:14:14.546484Z
899,harmful,LAT-00899-114171,ACID_BULK,16.8,6.2,REJECT,MODEL_A_BLOCK,HARMFUL_CONTEXT,1.0,0.2871,0.3957,0.4179,2026-09-29T23:14:14.546608Z,2026-09-29T23:14:14.547027Z
900,harmful,LAT-00900-f9048f,ACID_BULK,15.6,6.2,REJECT,MODEL_A_BLOCK,HARMFUL_CONTEXT,1.0,0.2798,0.3351,0.3562,2026-09-29T23:14:14.547150Z,2026-09-29T23:14:14.547507Z
901,harmful,LAT-00901-6a1f8c,ACID_BULK,16.5,6.2,REJECT,MODEL_A_BLOCK,HARMFUL_CONTEXT,1.0,0.2805,0.3363,0.358,2026-09-29T23:14:14.547712Z,2026-09-29T23:14:14.548071Z
902,normal,LAT-00902-006b72,BASE_FINE,2.2,7.0,ACCEPT,ACCEPTED,ACCEPTABLE_CONTEXT,0.00409,0.5687,0.6249,0.6473,2026-09-29T23:14:14.548193Z,2026-09-29T23:14:14.548841Z
903,uncertain,LAT-00903-23dad9,BASE_FINE,1.5,7.0,REJECT,MODEL_A_BLOCK,UNCERTAIN_CONTEXT,1.0,0.2985,0.3528,0.3738,2026-09-29T23:14:14.548967Z,2026-09-29T23:14:14.549342Z
904,normal,LAT-00904-d2c60e,ACID_FINE,9.9,7.0,ACCEPT,ACCEPTED,ACCEPTABLE_CONTEXT,0.00409,0.583,0.6395,0.6628,2026-09-29T23:14:14.549465Z,2026-09-29T23:14:14.550129Z
905,uncertain,LAT-00905-d199ba,BASE_FINE,1.3,7.0,REJECT,MODEL_A_BLOCK,UNCERTAIN_CONTEXT,1.0,0.276,0.3302,0.3511,2026-09-29T23:14:14.550254Z,2026-09-29T23:14:14.550606Z
906,normal,LAT-00906-cf94a6,BASE_FINE,8.1,7.0,ACCEPT,ACCEPTED,ACCEPTABLE_CONTEXT,0.00409,0.5351,0.5936,0.6162,2026-09-29T23:14:14.550731Z,2026-09-29T23:14:14.551348Z
907,uncertain,LAT-00907-af41df,BASE_FINE,1.8,7.0,REJECT,MODEL_A_BLOCK,UNCERTAIN_CONTEXT,1.0,0.2687,0.3332,0.3544,2026-09-29T23:14:14.551472Z,2026-09-29T23:14:14.551827Z
908,normal,LAT-00908-58e726,ACID_FINE,1.2,7.0,ACCEPT,ACCEPTED,ACCEPTABLE_CONTEXT,0.003572,0.5343,0.5919,0.6139,2026-09-29T23:14:14.551952Z,2026-09-29T23:14:14.552566Z
909,normal,LAT-00909-ab1515,ACID_FINE,8.0,7.0,ACCEPT,ACCEPTED,ACCEPTABLE_CONTEXT,0.00409,0.6226,0.6856,0.7101,2026-09-29T23:14:14.552700Z,2026-09-29T23:14:14.553411Z
910,normal,LAT-00910-4113cd,ACID_FINE,8.7,7.0,ACCEPT,ACCEPTED,ACCEPTABLE_CONTEXT,0.00409,0.66,0.7263,0.7498,2026-09-29T23:14:14.553560Z,2026-09-29T23:14:14.554311Z
911,normal,LAT-00911-6b1d02,BASE_FINE,6.6,7.0,ACCEPT,ACCEPTED,ACCEPTABLE_CONTEXT,0.00409,0.6043,0.6663,0.6894,2026-09-29T23:14:14.554443Z,2026-09-29T23:14:14.555133Z
912,recovery,LAT-00912-522f18,BASE_FINE,4.8,3.5,ACCEPT,ACCEPTED,ACCEPTABLE_CONTEXT,0.006187,0.6008,0.6623,0.6841,2026-09-29T23:14:14.555267Z,2026-09-29T23:14:14.555952Z
913,normal,LAT-00913-d1f926,BASE_FINE,7.9,7.0,ACCEPT,ACCEPTED,ACCEPTABLE_CONTEXT,0.003849,0.697,0.7686,0.7976,2026-09-29T23:14:14.556078Z,2026-09-29T23:14:14.556876Z
914,uncertain,LAT-00914-685d15,BASE_FINE,2.4,7.0,REJECT,MODEL_A_BLOCK,UNCERTAIN_CONTEXT,1.0,0.2989,0.3636,0.3859,2026-09-29T23:14:14.557027Z,2026-09-29T23:14:14.557414Z
915,recovery,LAT-00915-0d7d3e,BASE_FINE,2.1,3.5,ACCEPT,ACCEPTED,ACCEPTABLE_CONTEXT,0.006187,0.594,0.6514,0.674,2026-09-29T23:14:14.557538Z,2026-09-29T23:14:14.558213Z
916,harmful,LAT-00916-fcf484,ACID_BULK,12.8,6.2,REJECT,MODEL_A_BLOCK,HARMFUL_CONTEXT,1.0,0.2935,0.3516,0.3733,2026-09-29T23:14:14.558339Z,2026-09-29T23:14:14.558713Z
917,normal,LAT-00917-0e48ac,ACID_FINE,5.9,7.0,ACCEPT,ACCEPTED,ACCEPTABLE_CONTEXT,0.00409,0.569,0.6333,0.655,2026-09-29T23:14:14.558837Z,2026-09-29T23:14:14.559493Z
918,recovery,LAT-00918-d5012c,BASE_FINE,8.5,3.5,ACCEPT,ACCEPTED,ACCEPTABLE_CONTEXT,0.006187,0.5906,0.6503,0.6723,2026-09-29T23:14:14.559615Z,2026-09-29T23:14:14.560288Z
919,harmful,LAT-00919-6b1bcd,ACID_BULK,10.0,6.2,REJECT,MODEL_A_BLOCK,HARMFUL_CONTEXT,1.0,0.2868,0.392,0.4136,2026-09-29T23:14:14.560413Z,2026-09-29T23:14:14.560827Z
920,uncertain,LAT-00920-864064,BASE_FINE,4.5,7.0,REJECT,MODEL_A_BLOCK,UNCERTAIN_CONTEXT,1.0,0.2733,0.3287,0.3497,2026-09-29T23:14:14.560949Z,2026-09-29T23:14:14.561300Z
921,normal,LAT-00921-d12bcb,ACID_FINE,3.1,7.0,ACCEPT,ACCEPTED,ACCEPTABLE_CONTEXT,0.00409,0.573,0.6311,0.6537,2026-09-29T23:14:14.561420Z,2026-09-29T23:14:14.562074Z
922,uncertain,LAT-00922-9b7b09,BASE_FINE,3.1,7.0,REJECT,MODEL_A_BLOCK,UNCERTAIN_CONTEXT,1.0,0.2567,0.3108,0.3315,2026-09-29T23:14:14.562196Z,2026-09-29T23:14:14.562528Z
923,harmful,LAT-00923-b020d4,ACID_BULK,11.4,6.2,REJECT,MODEL_A_BLOCK,HARMFUL_CONTEXT,1.0,0.2815,0.3375,0.3585,2026-09-29T23:14:14.562649Z,2026-09-29T23:14:14.563008Z
924,uncertain,LAT-00924-99861c,BASE_FINE,4.5,7.0,REJECT,MODEL_A_BLOCK,UNCERTAIN_CONTEXT,1.0,0.2525,0.3064,0.3271,2026-09-29T23:14:14.563129Z,2026-09-29T23:14:14.563457Z
925,harmful,LAT-00925-98ffa9,ACID_BULK,14.6,6.2,REJECT,MODEL_A_BLOCK,HARMFUL_CONTEXT,1.0,0.2769,0.3313,0.352,2026-09-29T23:14:14.563579Z,2026-09-29T23:14:14.563932Z
926,harmful,LAT-00926-a7c88e,ACID_BULK,12.3,6.2,REJECT,MODEL_A_BLOCK,HARMFUL_CONTEXT,1.0,0.2773,0.3325,0.3533,2026-09-29T23:14:14.564050Z,2026-09-29T23:14:14.564404Z
927,normal,LAT-00927-3b47d3,ACID_FINE,9.5,7.0,ACCEPT,ACCEPTED,ACCEPTABLE_CONTEXT,0.00409,0.5654,0.6243,0.646,2026-09-29T23:14:14.564522Z,2026-09-29T23:14:14.565169Z
928,harmful,LAT-00928-c5028f,ACID_BULK,12.4,6.2,REJECT,MODEL_A_BLOCK,HARMFUL_CONTEXT,1.0,0.2832,0.3391,0.3598,2026-09-29T23:14:14.565290Z,2026-09-29T23:14:14.565651Z
929,normal,LAT-00929-a9c431,BASE_FINE,9.7,7.0,ACCEPT,ACCEPTED,ACCEPTABLE_CONTEXT,0.003849,0.5344,0.5916,0.6132,2026-09-29T23:14:14.565771Z,2026-09-29T23:14:14.566385Z
930,normal,LAT-00930-62fccb,ACID_FINE,3.3,7.0,ACCEPT,ACCEPTED,ACCEPTABLE_CONTEXT,0.00409,0.5837,0.6436,0.6655,2026-09-29T23:14:14.566510Z,2026-09-29T23:14:14.567176Z
931,normal,LAT-00931-3e7b10,ACID_FINE,9.8,7.0,ACCEPT,ACCEPTED,ACCEPTABLE_CONTEXT,0.00409,0.567,0.6275,0.65,2026-09-29T23:14:14.567313Z,2026-09-29T23:14:14.567964Z
932,uncertain,LAT-00932-8c0765,BASE_FINE,4.9,7.0,REJECT,MODEL_A_BLOCK,UNCERTAIN_CONTEXT,1.0,0.2463,0.3019,0.3233,2026-09-29T23:14:14.568088Z,2026-09-29T23:14:14.568412Z
933,uncertain,LAT-00933-769533,BASE_FINE,1.0,7.0,REJECT,MODEL_A_BLOCK,UNCERTAIN_CONTEXT,1.0,0.2716,0.3416,0.3628,2026-09-29T23:14:14.568535Z,2026-09-29T23:14:14.568898Z
934,normal,LAT-00934-7107ce,ACID_FINE,7.5,7.0,ACCEPT,ACCEPTED,ACCEPTABLE_CONTEXT,0.00409,0.559,0.6333,0.6592,2026-09-29T23:14:14.569020Z,2026-09-29T23:14:14.569680Z
935,normal,LAT-00935-4127e6,BASE_FINE,3.7,7.0,ACCEPT,ACCEPTED,ACCEPTABLE_CONTEXT,0.00409,0.8031,0.8819,0.9135,2026-09-29T23:14:14.569819Z,2026-09-29T23:14:14.570733Z
936,harmful,LAT-00936-16f2b4,ACID_BULK,19.1,6.2,REJECT,MODEL_A_BLOCK,HARMFUL_CONTEXT,1.0,0.3345,0.4022,0.4274,2026-09-29T23:14:14.570900Z,2026-09-29T23:14:14.571328Z
937,harmful,LAT-00937-198403,ACID_BULK,19.1,6.2,REJECT,MODEL_A_BLOCK,HARMFUL_CONTEXT,1.0,0.3665,0.4422,0.4761,2026-09-29T23:14:14.571469Z,2026-09-29T23:14:14.571946Z
938,normal,LAT-00938-bdfb2b,ACID_FINE,5.4,7.0,ACCEPT,ACCEPTED,ACCEPTABLE_CONTEXT,0.00409,0.6941,0.7701,0.7978,2026-09-29T23:14:14.572128Z,2026-09-29T23:14:14.572926Z
939,recovery,LAT-00939-1f9a9e,BASE_FINE,2.2,3.5,ACCEPT,ACCEPTED,ACCEPTABLE_CONTEXT,0.006187,0.6692,0.7936,0.819,2026-09-29T23:14:14.573079Z,2026-09-29T23:14:14.573899Z
940,normal,LAT-00940-806a22,BASE_FINE,3.8,7.0,ACCEPT,ACCEPTED,ACCEPTABLE_CONTEXT,0.00409,0.5754,0.6385,0.6636,2026-09-29T23:14:14.574036Z,2026-09-29T23:14:14.574700Z
941,normal,LAT-00941-c6ee84,BASE_FINE,4.0,7.0,ACCEPT,ACCEPTED,ACCEPTABLE_CONTEXT,0.00409,0.5723,0.6459,0.6709,2026-09-29T23:14:14.574836Z,2026-09-29T23:14:14.575508Z
942,normal,LAT-00942-f70996,ACID_FINE,1.7,7.0,ACCEPT,ACCEPTED,ACCEPTABLE_CONTEXT,0.00409,0.574,0.6368,0.6614,2026-09-29T23:14:14.575642Z,2026-09-29T23:14:14.576304Z
943,uncertain,LAT-00943-7360ae,BASE_FINE,4.4,7.0,REJECT,MODEL_A_BLOCK,UNCERTAIN_CONTEXT,1.0,0.2704,0.3296,0.3531,2026-09-29T23:14:14.576439Z,2026-09-29T23:14:14.576793Z
944,uncertain,LAT-00944-9403ca,BASE_FINE,3.3,7.0,REJECT,MODEL_A_BLOCK,UNCERTAIN_CONTEXT,1.0,0.2805,0.3385,0.3617,2026-09-29T23:14:14.576922Z,2026-09-29T23:14:14.577285Z
945,normal,LAT-00945-0e157c,ACID_FINE,7.6,7.0,ACCEPT,ACCEPTED,ACCEPTABLE_CONTEXT,0.00409,0.5775,0.6363,0.6595,2026-09-29T23:14:14.577413Z,2026-09-29T23:14:14.578073Z
946,uncertain,LAT-00946-a99185,BASE_FINE,1.8,7.0,REJECT,MODEL_A_BLOCK,UNCERTAIN_CONTEXT,1.0,0.276,0.3324,0.3546,2026-09-29T23:14:14.578201Z,2026-09-29T23:14:14.578557Z
947,uncertain,LAT-00947-a5237d,BASE_FINE,4.8,7.0,REJECT,MODEL_A_BLOCK,UNCERTAIN_CONTEXT,1.0,0.2808,0.3367,0.3584,2026-09-29T23:14:14.578682Z,2026-09-29T23:14:14.579041Z
948,normal,LAT-00948-52044b,ACID_FINE,4.7,7.0,ACCEPT,ACCEPTED,ACCEPTABLE_CONTEXT,0.003572,0.5457,0.6041,0.628,2026-09-29T23:14:14.579164Z,2026-09-29T23:14:14.579793Z
949,uncertain,LAT-00949-e4e55d,BASE_FINE,1.2,7.0,REJECT,MODEL_A_BLOCK,UNCERTAIN_CONTEXT,1.0,0.2866,0.3423,0.3643,2026-09-29T23:14:14.579919Z,2026-09-29T23:14:14.580284Z
950,normal,LAT-00950-5ebb62,ACID_FINE,5.5,7.0,ACCEPT,ACCEPTED,ACCEPTABLE_CONTEXT,0.00409,0.5726,0.6323,0.6556,2026-09-29T23:14:14.580408Z,2026-09-29T23:14:14.581064Z
951,normal,LAT-00951-694e33,ACID_FINE,9.8,7.0,ACCEPT,ACCEPTED,ACCEPTABLE_CONTEXT,0.003572,0.5403,0.5986,0.6218,2026-09-29T23:14:14.581193Z,2026-09-29T23:14:14.581816Z
952,uncertain,LAT-00952-e7c46e,BASE_FINE,3.6,7.0,REJECT,MODEL_A_BLOCK,UNCERTAIN_CONTEXT,1.0,0.2501,0.3066,0.3282,2026-09-29T23:14:14.581943Z,2026-09-29T23:14:14.582272Z
953,normal,LAT-00953-ed60a2,ACID_FINE,3.0,7.0,ACCEPT,ACCEPTED,ACCEPTABLE_CONTEXT,0.00409,0.5564,0.6135,0.6365,2026-09-29T23:14:14.582396Z,2026-09-29T23:14:14.583033Z
954,normal,LAT-00954-12e24f,ACID_FINE,5.2,7.0,ACCEPT,ACCEPTED,ACCEPTABLE_CONTEXT,0.00409,0.5432,0.6007,0.6236,2026-09-29T23:14:14.583176Z,2026-09-29T23:14:14.583800Z
955,uncertain,LAT-00955-d20ac3,BASE_FINE,4.7,7.0,REJECT,MODEL_A_BLOCK,UNCERTAIN_CONTEXT,1.0,0.257,0.3114,0.3335,2026-09-29T23:14:14.583925Z,2026-09-29T23:14:14.584260Z
956,normal,LAT-00956-58a7e0,ACID_FINE,9.4,7.0,ACCEPT,ACCEPTED,ACCEPTABLE_CONTEXT,0.00409,0.5592,0.6168,0.6393,2026-09-29T23:14:14.584383Z,2026-09-29T23:14:14.585023Z
957,uncertain,LAT-00957-ef3fb8,BASE_FINE,4.5,7.0,REJECT,MODEL_A_BLOCK,UNCERTAIN_CONTEXT,1.0,0.2761,0.3319,0.3532,2026-09-29T23:14:14.585146Z,2026-09-29T23:14:14.585500Z
958,normal,LAT-00958-8c55fe,ACID_FINE,0.7,7.0,ACCEPT,ACCEPTED,ACCEPTABLE_CONTEXT,0.00409,0.571,0.6388,0.6611,2026-09-29T23:14:14.585622Z,2026-09-29T23:14:14.586284Z
959,normal,LAT-00959-3cf2fc,BASE_FINE,5.3,7.0,ACCEPT,ACCEPTED,ACCEPTABLE_CONTEXT,0.00409,0.6695,0.7371,0.7625,2026-09-29T23:14:14.586409Z,2026-09-29T23:14:14.587172Z
960,normal,LAT-00960-8cd5f0,BASE_FINE,2.3,7.0,ACCEPT,ACCEPTED,ACCEPTABLE_CONTEXT,0.00409,0.5484,0.6644,0.6875,2026-09-29T23:14:14.587313Z,2026-09-29T23:14:14.588002Z
961,uncertain,LAT-00961-8bd1ae,BASE_FINE,2.8,7.0,REJECT,MODEL_A_BLOCK,UNCERTAIN_CONTEXT,1.0,0.3014,0.3657,0.3886,2026-09-29T23:14:14.588178Z,2026-09-29T23:14:14.588568Z
962,uncertain,LAT-00962-93f8e1,BASE_FINE,4.9,7.0,REJECT,MODEL_A_BLOCK,UNCERTAIN_CONTEXT,1.0,0.2974,0.3538,0.3755,2026-09-29T23:14:14.588696Z,2026-09-29T23:14:14.589073Z
963,normal,LAT-00963-1349a4,BASE_FINE,9.7,7.0,ACCEPT,ACCEPTED,ACCEPTABLE_CONTEXT,0.003849,0.5977,0.6553,0.6778,2026-09-29T23:14:14.589197Z,2026-09-29T23:14:14.589876Z
964,normal,LAT-00964-fb88ab,BASE_FINE,6.3,7.0,ACCEPT,ACCEPTED,ACCEPTABLE_CONTEXT,0.008733,0.5467,0.6038,0.626,2026-09-29T23:14:14.590000Z,2026-09-29T23:14:14.590627Z
965,harmful,LAT-00965-ca9c3c,ACID_BULK,12.2,6.2,REJECT,MODEL_A_BLOCK,HARMFUL_CONTEXT,1.0,0.2963,0.3536,0.3754,2026-09-29T23:14:14.590750Z,2026-09-29T23:14:14.591126Z
966,normal,LAT-00966-5bf3c0,ACID_FINE,3.7,7.0,ACCEPT,ACCEPTED,ACCEPTABLE_CONTEXT,0.003572,0.5422,0.5999,0.627,2026-09-29T23:14:14.591248Z,2026-09-29T23:14:14.591876Z
967,uncertain,LAT-00967-622e6a,BASE_FINE,2.1,7.0,REJECT,MODEL_A_BLOCK,UNCERTAIN_CONTEXT,1.0,0.2585,0.3121,0.334,2026-09-29T23:14:14.591999Z,2026-09-29T23:14:14.592334Z
968,normal,LAT-00968-4ab11e,ACID_FINE,2.3,7.0,ACCEPT,ACCEPTED,ACCEPTABLE_CONTEXT,0.00409,0.5663,0.6231,0.6456,2026-09-29T23:14:14.592456Z,2026-09-29T23:14:14.593102Z
969,normal,LAT-00969-dfcda1,BASE_FINE,3.6,7.0,ACCEPT,ACCEPTED,ACCEPTABLE_CONTEXT,0.00409,0.5304,0.5873,0.6094,2026-09-29T23:14:14.593225Z,2026-09-29T23:14:14.593835Z
970,uncertain,LAT-00970-c89fe6,BASE_FINE,3.6,7.0,REJECT,MODEL_A_BLOCK,UNCERTAIN_CONTEXT,1.0,0.2777,0.333,0.3546,2026-09-29T23:14:14.593958Z,2026-09-29T23:14:14.594313Z
971,normal,LAT-00971-e3a37c,ACID_FINE,1.0,7.0,ACCEPT,ACCEPTED,ACCEPTABLE_CONTEXT,0.00409,0.5579,0.6148,0.6366,2026-09-29T23:14:14.594436Z,2026-09-29T23:14:14.595073Z
972,harmful,LAT-00972-019ed5,ACID_BULK,10.9,6.2,REJECT,MODEL_A_BLOCK,HARMFUL_CONTEXT,1.0,0.2843,0.3398,0.3618,2026-09-29T23:14:14.595197Z,2026-09-29T23:14:14.595559Z
973,harmful,LAT-00973-b348c7,ACID_BULK,15.1,6.2,REJECT,MODEL_A_BLOCK,HARMFUL_CONTEXT,1.0,0.2783,0.3327,0.3597,2026-09-29T23:14:14.595681Z,2026-09-29T23:14:14.596042Z
974,recovery,LAT-00974-a86b4e,BASE_FINE,4.6,3.5,ACCEPT,ACCEPTED,ACCEPTABLE_CONTEXT,0.00568,0.586,0.6435,0.6657,2026-09-29T23:14:14.596170Z,2026-09-29T23:14:14.596837Z
975,harmful,LAT-00975-f18445,ACID_BULK,10.2,6.2,REJECT,MODEL_A_BLOCK,HARMFUL_CONTEXT,1.0,0.329,0.4122,0.4506,2026-09-29T23:14:14.596962Z,2026-09-29T23:14:14.597413Z
976,uncertain,LAT-00976-ac421d,BASE_FINE,2.0,7.0,REJECT,MODEL_A_BLOCK,UNCERTAIN_CONTEXT,1.0,0.3211,0.3867,0.4098,2026-09-29T23:14:14.597598Z,2026-09-29T23:14:14.598008Z
977,harmful,LAT-00977-4f1393,ACID_BULK,12.2,6.2,REJECT,MODEL_A_BLOCK,HARMFUL_CONTEXT,1.0,0.293,0.3519,0.3747,2026-09-29T23:14:14.598245Z,2026-09-29T23:14:14.598620Z
978,normal,LAT-00978-7dbdd4,BASE_FINE,8.5,7.0,ACCEPT,ACCEPTED,ACCEPTABLE_CONTEXT,0.00409,0.6414,0.7012,0.7253,2026-09-29T23:14:14.598748Z,2026-09-29T23:14:14.599474Z
979,harmful,LAT-00979-4f92d3,ACID_BULK,10.7,6.2,REJECT,MODEL_A_BLOCK,HARMFUL_CONTEXT,1.0,0.2878,0.3442,0.3662,2026-09-29T23:14:14.599605Z,2026-09-29T23:14:14.599972Z
980,harmful,LAT-00980-d9b020,ACID_BULK,10.3,6.2,REJECT,MODEL_A_BLOCK,HARMFUL_CONTEXT,1.0,0.3093,0.4178,0.4385,2026-09-29T23:14:14.600094Z,2026-09-29T23:14:14.600534Z
981,normal,LAT-00981-6d7352,ACID_FINE,5.0,7.0,ACCEPT,ACCEPTED,ACCEPTABLE_CONTEXT,0.00409,0.6782,0.7339,0.7555,2026-09-29T23:14:14.600657Z,2026-09-29T23:14:14.601414Z
982,normal,LAT-00982-3ee015,ACID_FINE,6.9,7.0,ACCEPT,ACCEPTED,ACCEPTABLE_CONTEXT,0.00409,0.8479,0.9586,0.9988,2026-09-29T23:14:14.601537Z,2026-09-29T23:14:14.602537Z
983,harmful,LAT-00983-acad38,ACID_BULK,17.7,6.2,REJECT,MODEL_A_BLOCK,HARMFUL_CONTEXT,1.0,0.4814,0.5665,0.5967,2026-09-29T23:14:14.602770Z,2026-09-29T23:14:14.603368Z
984,recovery,LAT-00984-ba6ed9,BASE_FINE,3.3,3.5,ACCEPT,ACCEPTED,ACCEPTABLE_CONTEXT,0.00568,0.8506,0.9535,1.0207,2026-09-29T23:14:14.603531Z,2026-09-29T23:14:14.604553Z
985,recovery,LAT-00985-96a34f,BASE_FINE,4.5,3.5,ACCEPT,ACCEPTED,ACCEPTABLE_CONTEXT,0.00568,0.7382,0.8205,0.8487,2026-09-29T23:14:14.604720Z,2026-09-29T23:14:14.605569Z
986,harmful,LAT-00986-d2f040,ACID_BULK,15.9,6.2,REJECT,MODEL_A_BLOCK,HARMFUL_CONTEXT,1.0,0.3263,0.3903,0.4145,2026-09-29T23:14:14.605726Z,2026-09-29T23:14:14.606141Z
987,normal,LAT-00987-9052eb,BASE_FINE,3.3,7.0,ACCEPT,ACCEPTED,ACCEPTABLE_CONTEXT,0.00409,0.6122,0.6721,0.6969,2026-09-29T23:14:14.606278Z,2026-09-29T23:14:14.606976Z
988,uncertain,LAT-00988-76c58c,BASE_FINE,3.8,7.0,REJECT,MODEL_A_BLOCK,UNCERTAIN_CONTEXT,1.0,0.3021,0.3631,0.3862,2026-09-29T23:14:14.607105Z,2026-09-29T23:14:14.607492Z
989,normal,LAT-00989-a87062,ACID_FINE,2.7,7.0,ACCEPT,ACCEPTED,ACCEPTABLE_CONTEXT,0.00409,0.5934,0.6561,0.6815,2026-09-29T23:14:14.607616Z,2026-09-29T23:14:14.608298Z
990,uncertain,LAT-00990-7f540c,BASE_FINE,5.0,7.0,REJECT,MODEL_A_BLOCK,UNCERTAIN_CONTEXT,1.0,0.2764,0.3361,0.3631,2026-09-29T23:14:14.608429Z,2026-09-29T23:14:14.608793Z
991,uncertain,LAT-00991-b51ff6,BASE_FINE,2.4,7.0,REJECT,MODEL_A_BLOCK,UNCERTAIN_CONTEXT,1.0,0.2663,0.3219,0.3441,2026-09-29T23:14:14.608922Z,2026-09-29T23:14:14.609266Z
992,harmful,LAT-00992-13f4fb,ACID_BULK,16.8,6.2,REJECT,MODEL_A_BLOCK,HARMFUL_CONTEXT,1.0,0.2879,0.3446,0.3664,2026-09-29T23:14:14.609390Z,2026-09-29T23:14:14.609757Z
993,normal,LAT-00993-d77da2,BASE_FINE,1.7,7.0,ACCEPT,ACCEPTED,ACCEPTABLE_CONTEXT,0.00409,0.5799,0.6376,0.6602,2026-09-29T23:14:14.609878Z,2026-09-29T23:14:14.610539Z
994,harmful,LAT-00994-5fabb2,ACID_BULK,10.5,6.2,REJECT,MODEL_A_BLOCK,HARMFUL_CONTEXT,1.0,0.2861,0.3421,0.3637,2026-09-29T23:14:14.610670Z,2026-09-29T23:14:14.611034Z
995,uncertain,LAT-00995-7c0047,BASE_FINE,1.9,7.0,REJECT,MODEL_A_BLOCK,UNCERTAIN_CONTEXT,1.0,0.2435,0.2982,0.3195,2026-09-29T23:14:14.611156Z,2026-09-29T23:14:14.611476Z
996,normal,LAT-00996-a5834c,BASE_FINE,4.6,7.0,ACCEPT,ACCEPTED,ACCEPTABLE_CONTEXT,0.003849,0.536,0.5927,0.6152,2026-09-29T23:14:14.611596Z,2026-09-29T23:14:14.612211Z
997,normal,LAT-00997-8d7381,BASE_FINE,5.0,7.0,ACCEPT,ACCEPTED,ACCEPTABLE_CONTEXT,0.00409,0.5697,0.6265,0.648,2026-09-29T23:14:14.612335Z,2026-09-29T23:14:14.612984Z
998,recovery,LAT-00998-372e35,BASE_FINE,3.7,3.5,ACCEPT,ACCEPTED,ACCEPTABLE_CONTEXT,0.00568,0.5867,0.6443,0.6661,2026-09-29T23:14:14.613107Z,2026-09-29T23:14:14.613774Z
999,recovery,LAT-00999-5f2c91,BASE_FINE,9.4,3.5,ACCEPT,ACCEPTED,ACCEPTABLE_CONTEXT,0.006187,0.5891,0.647,0.67,2026-09-29T23:14:14.613896Z,2026-09-29T23:14:14.614567Z
1000,normal,LAT-01000-ec42bb,ACID_FINE,2.5,7.0,ACCEPT,ACCEPTED,ACCEPTABLE_CONTEXT,0.003572,0.5435,0.8529,0.881,2026-09-29T23:14:14.614691Z,2026-09-29T23:14:14.615572Z
