time_utc,command_id,channel_id,dose_ml,label,score,reason,latency_ms,model_version,ph_mean_5s,ph_slope_5s,ph_curvature_5s,ph_std_5s,sample_age_s,candidate_direction,candidate_mmol,predicted_post_ph,predicted_safety_margin,cumulative_signed_mmol,cumulative_abs_mmol,request_delivery_residual,measured_predicted_residual,mixer_speed_ratio,level_margin_l,heartbeat_age_s
2026-09-29T23:04:56.099Z,LAT-00001-a03a4d,ACID_FINE,8.9,ACCEPTABLE_CONTEXT,0.003572,OK,0.7911,A-1.0-ppr,7.002,0.003,-0.01,0.014697,0.300289,1.0,0.0445,6.977528,1.477528,0,0,0.0,0.0,1.0,0.5,0.300289
2026-09-29T23:04:56.100Z,LAT-00002-567b63,BASE_FINE,1.6,UNCERTAIN_CONTEXT,1.0,STALE_SAMPLE,0.3346,A-1.0-ppr,7.002,0.0,0.002857,0.007483,4.000163,-1.0,0.008,7.006747,1.506747,0,0,0.0,0.0,1.0,0.5,4.000163
2026-09-29T23:04:56.101Z,LAT-00003-eee3cb,ACID_BULK,16.4,HARMFUL_CONTEXT,1.0,"PREDICTED_UNSAFE:a,b,d",0.3262,A-1.0-ppr,6.192,-0.001,-0.01,0.016,0.300135,1.0,8.2,2.912347,-2.587653,0,0,0.0,0.0,1.0,0.5,0.300135
2026-09-29T23:04:56.101Z,LAT-00004-04c9eb,ACID_FINE,7.1,ACCEPTABLE_CONTEXT,0.00409,OK,0.6131,A-1.0-ppr,6.994,-0.002,-0.002857,0.008,0.300124,1.0,0.0355,6.974604,1.474604,0,0,0.0,0.0,1.0,0.5,0.300124
2026-09-29T23:04:56.102Z,LAT-00005-1829d2,BASE_FINE,4.3,ACCEPTABLE_CONTEXT,0.00409,OK,0.6118,A-1.0-ppr,7.006,-0.001,0.004286,0.004899,0.300123,-1.0,0.0215,7.019262,1.519262,0,0,0.0,0.0,1.0,0.5,0.300123
2026-09-29T23:04:56.103Z,LAT-00006-16f791,ACID_FINE,1.2,ACCEPTABLE_CONTEXT,0.00409,OK,0.5667,A-1.0-ppr,7.0,-0.002,0.005714,0.006325,0.300116,1.0,0.006,6.99669,1.49669,0,0,0.0,0.0,1.0,0.5,0.300116
2026-09-29T23:04:56.104Z,LAT-00007-c8f8dd,ACID_BULK,17.6,HARMFUL_CONTEXT,1.0,"PREDICTED_UNSAFE:a,b,d",0.2981,A-1.0-ppr,6.202,-0.004,-0.008571,0.011662,0.300112,1.0,8.8,2.873858,-2.626142,0,0,0.0,0.0,1.0,0.5,0.300112
2026-09-29T23:04:56.104Z,LAT-00008-27f183,BASE_FINE,4.3,UNCERTAIN_CONTEXT,1.0,STALE_SAMPLE,0.2668,A-1.0-ppr,7.0,-0.004,-0.008571,0.010954,4.00011,-1.0,0.0215,7.013003,1.513003,0,0,0.0,0.0,1.0,0.5,4.00011
2026-09-29T23:04:56.105Z,LAT-00009-fe8c63,ACID_FINE,7.6,ACCEPTABLE_CONTEXT,0.00409,OK,0.5817,A-1.0-ppr,7.002,0.001,-0.001429,0.004,0.300106,1.0,0.038,6.981063,1.481063,0,0,0.0,0.0,1.0,0.5,0.300106
2026-09-29T23:04:56.105Z,LAT-00010-f32395,ACID_BULK,16.8,HARMFUL_CONTEXT,1.0,"PREDICTED_UNSAFE:a,b,d",0.2909,A-1.0-ppr,6.196,0.0,0.005714,0.008,0.30012,1.0,8.4,2.899262,-2.600738,0,0,0.0,0.0,1.0,0.5,0.30012
2026-09-29T23:04:56.106Z,LAT-00011-ed8a5c,ACID_FINE,9.4,ACCEPTABLE_CONTEXT,0.003572,OK,0.569,A-1.0-ppr,7.0,0.005,0.001429,0.008944,0.300107,1.0,0.047,6.974283,1.474283,0,0,0.0,0.0,1.0,0.5,0.300107
2026-09-29T23:04:56.107Z,LAT-00012-0285e6,ACID_FINE,4.9,ACCEPTABLE_CONTEXT,0.003572,OK,0.5488,A-1.0-ppr,6.998,0.004,0.011429,0.011662,0.300117,1.0,0.0245,6.984498,1.484498,0,0,0.0,0.0,1.0,0.5,0.300117
2026-09-29T23:04:56.108Z,LAT-00013-ffe290,BASE_FINE,0.5,ACCEPTABLE_CONTEXT,0.003754,OK,0.5485,A-1.0-ppr,6.996,0.003,-0.001429,0.004899,0.300107,-1.0,0.0025,6.997484,1.497484,0,0,0.0,0.0,1.0,0.5,0.300107
2026-09-29T23:04:56.108Z,LAT-00014-405b90,ACID_BULK,17.7,HARMFUL_CONTEXT,1.0,"PREDICTED_UNSAFE:a,b,d",0.291,A-1.0-ppr,6.202,-0.004,-0.002857,0.013266,0.300109,1.0,8.85,2.870649,-2.629351,0,0,0.0,0.0,1.0,0.5,0.300109
2026-09-29T23:04:56.109Z,LAT-00015-d25c71,BASE_FINE,4.9,UNCERTAIN_CONTEXT,1.0,STALE_SAMPLE,0.2764,A-1.0-ppr,7.002,-0.001,0.001429,0.007483,4.000104,-1.0,0.0245,7.016946,1.516946,0,0,0.0,0.0,1.0,0.5,4.000104
2026-09-29T23:04:56.109Z,LAT-00016-751ece,ACID_BULK,12.3,HARMFUL_CONTEXT,1.0,"PREDICTED_UNSAFE:a,b,d",0.2823,A-1.0-ppr,6.198,-0.001,0.001429,0.004,0.300103,1.0,6.15,3.089768,-2.410232,0,0,0.0,0.0,1.0,0.5,0.300103
2026-09-29T23:04:56.110Z,LAT-00017-ae5e0a,ACID_FINE,8.8,ACCEPTABLE_CONTEXT,0.00409,OK,0.5438,A-1.0-ppr,7.0,-0.002,-0.005714,0.014142,0.300104,1.0,0.044,6.975871,1.475871,0,0,0.0,0.0,1.0,0.5,0.300104
2026-09-29T23:04:56.111Z,LAT-00018-a6f6f6,ACID_FINE,5.0,ACCEPTABLE_CONTEXT,0.003572,OK,0.5791,A-1.0-ppr,7.008,0.008,0.002857,0.014697,0.300105,1.0,0.025,6.994172,1.494172,0,0,0.0,0.0,1.0,0.5,0.300105
2026-09-29T23:04:56.111Z,LAT-00019-cadc1d,BASE_FINE,5.5,ACCEPTABLE_CONTEXT,0.00409,OK,0.5754,A-1.0-ppr,7.004,-0.001,-0.004286,0.004899,0.300106,-1.0,0.0275,7.020886,1.520886,0,0,0.0,0.0,1.0,0.5,0.300106
2026-09-29T23:04:56.112Z,LAT-00020-f08fd2,ACID_BULK,18.3,HARMFUL_CONTEXT,1.0,"PREDICTED_UNSAFE:a,b,d",0.2876,A-1.0-ppr,6.194,0.003,-0.001429,0.010198,0.300106,1.0,9.15,2.850492,-2.649508,0,0,0.0,0.0,1.0,0.5,0.300106
2026-09-29T23:04:56.113Z,LAT-00021-0f5504,ACID_BULK,18.2,HARMFUL_CONTEXT,1.0,"PREDICTED_UNSAFE:a,b,d",0.2827,A-1.0-ppr,6.202,-0.003,-0.01,0.014697,0.300104,1.0,9.1,2.854953,-2.645047,0,0,0.0,0.0,1.0,0.5,0.300104
2026-09-29T23:04:56.113Z,LAT-00022-03c8d9,ACID_BULK,12.4,HARMFUL_CONTEXT,1.0,"PREDICTED_UNSAFE:a,b,d",0.2804,A-1.0-ppr,6.2,-0.003,0.01,0.010954,0.300109,1.0,6.2,3.085089,-2.414911,0,0,0.0,0.0,1.0,0.5,0.300109
2026-09-29T23:04:56.114Z,LAT-00023-2e9741,BASE_FINE,3.7,ACCEPTABLE_CONTEXT,0.00568,OK,0.5952,A-1.0-ppr,3.5,0.003,-0.001429,0.010954,0.300101,-1.0,0.0185,3.506432,-1.993568,0,0,0.0,0.0,1.0,0.5,0.300101
2026-09-29T23:04:56.114Z,LAT-00024-09f6fa,ACID_BULK,15.1,HARMFUL_CONTEXT,1.0,"PREDICTED_UNSAFE:a,b,d",0.2856,A-1.0-ppr,6.204,-0.001,0.001429,0.004899,0.300105,1.0,7.55,2.963406,-2.536594,0,0,0.0,0.0,1.0,0.5,0.300105
2026-09-29T23:04:56.115Z,LAT-00025-cd855e,BASE_FINE,4.5,UNCERTAIN_CONTEXT,1.0,STALE_SAMPLE,0.2555,A-1.0-ppr,7.0,-0.003,0.001429,0.008944,4.000102,-1.0,0.0225,7.013622,1.513622,0,0,0.0,0.0,1.0,0.5,4.000102
2026-09-29T23:04:56.115Z,LAT-00026-3b67d3,ACID_BULK,11.2,HARMFUL_CONTEXT,1.0,"PREDICTED_UNSAFE:a,b,d",0.2837,A-1.0-ppr,6.2,0.0,0.0,0.0,0.300112,1.0,5.6,3.153119,-2.346881,0,0,0.0,0.0,1.0,0.5,0.300112
2026-09-29T23:04:56.116Z,LAT-00027-935cdc,BASE_FINE,1.0,UNCERTAIN_CONTEXT,1.0,STALE_SAMPLE,0.2522,A-1.0-ppr,6.996,-0.002,-0.005714,0.008,4.000102,-1.0,0.005,6.998969,1.498969,0,0,0.0,0.0,1.0,0.5,4.000102
2026-09-29T23:04:56.116Z,LAT-00028-c7ea5d,ACID_FINE,6.2,ACCEPTABLE_CONTEXT,0.00409,OK,0.5879,A-1.0-ppr,7.006,0.0,-0.002857,0.010198,0.3001,1.0,0.031,6.988907,1.488907,0,0,0.0,0.0,1.0,0.5,0.3001
2026-09-29T23:04:56.117Z,LAT-00029-1b6ca5,ACID_FINE,2.3,ACCEPTABLE_CONTEXT,0.00409,OK,0.5728,A-1.0-ppr,7.004,0.0,-0.014286,0.012,0.300108,1.0,0.0115,6.997655,1.497655,0,0,0.0,0.0,1.0,0.5,0.300108
2026-09-29T23:04:56.118Z,LAT-00030-6f8517,ACID_FINE,9.8,ACCEPTABLE_CONTEXT,0.00409,OK,0.5377,A-1.0-ppr,6.992,-0.001,0.001429,0.007483,0.300103,1.0,0.049,6.965545,1.465545,0,0,0.0,0.0,1.0,0.5,0.300103
2026-09-29T23:04:56.118Z,LAT-00031-d018e5,ACID_BULK,17.7,HARMFUL_CONTEXT,1.0,"PREDICTED_UNSAFE:a,b,d",0.2851,A-1.0-ppr,6.198,0.005,-0.007143,0.009798,0.300102,1.0,8.85,2.869926,-2.630074,0,0,0.0,0.0,1.0,0.5,0.300102
2026-09-29T23:04:56.119Z,LAT-00032-355be8,BASE_FINE,6.6,ACCEPTABLE_CONTEXT,0.00409,OK,0.5758,A-1.0-ppr,7.002,0.001,0.004286,0.014697,0.300101,-1.0,0.033,7.0222,1.5222,0,0,0.0,0.0,1.0,0.5,0.300101
2026-09-29T23:04:56.120Z,LAT-00033-6bd7bb,ACID_FINE,4.1,ACCEPTABLE_CONTEXT,0.00409,OK,0.5949,A-1.0-ppr,7.004,0.002,-0.002857,0.010198,0.300107,1.0,0.0205,6.992693,1.492693,0,0,0.0,0.0,1.0,0.5,0.300107
2026-09-29T23:04:56.121Z,LAT-00034-58a11a,ACID_FINE,8.4,ACCEPTABLE_CONTEXT,0.00409,OK,0.5787,A-1.0-ppr,6.996,-0.003,-0.001429,0.004899,0.300112,1.0,0.042,6.973086,1.473086,0,0,0.0,0.0,1.0,0.5,0.300112
2026-09-29T23:04:56.122Z,LAT-00035-2893d7,ACID_FINE,0.9,ACCEPTABLE_CONTEXT,0.00409,OK,0.5391,A-1.0-ppr,6.996,-0.003,-0.001429,0.004899,0.300105,1.0,0.0045,6.993518,1.493518,0,0,0.0,0.0,1.0,0.5,0.300105
2026-09-29T23:04:56.122Z,LAT-00036-0c8c79,BASE_FINE,9.8,ACCEPTABLE_CONTEXT,0.006187,OK,0.5818,A-1.0-ppr,3.508,0.001,0.001429,0.011662,0.300101,-1.0,0.049,3.52553,-1.97447,0,0,0.0,0.0,1.0,0.5,0.300101
2026-09-29T23:04:56.123Z,LAT-00037-27cc2b,BASE_FINE,8.8,ACCEPTABLE_CONTEXT,0.003849,OK,0.5329,A-1.0-ppr,6.994,0.004,-0.002857,0.008,0.300101,-1.0,0.044,7.020659,1.520659,0,0,0.0,0.0,1.0,0.5,0.300101
2026-09-29T23:04:56.124Z,LAT-00038-538894,ACID_FINE,1.1,ACCEPTABLE_CONTEXT,0.00409,OK,0.5306,A-1.0-ppr,6.994,-0.004,0.005714,0.008,0.300102,1.0,0.0055,6.990967,1.490967,0,0,0.0,0.0,1.0,0.5,0.300102
2026-09-29T23:04:56.124Z,LAT-00039-ae53f0,ACID_BULK,17.2,HARMFUL_CONTEXT,1.0,"PREDICTED_UNSAFE:a,b,d",0.2834,A-1.0-ppr,6.202,0.007,-0.007143,0.011662,0.300101,1.0,8.6,2.886937,-2.613063,0,0,0.0,0.0,1.0,0.5,0.300101
2026-09-29T23:04:56.125Z,LAT-00040-dce883,BASE_FINE,2.6,ACCEPTABLE_CONTEXT,0.003849,OK,0.5663,A-1.0-ppr,7.006,0.004,0.008571,0.010198,0.3001,-1.0,0.013,7.014003,1.514003,0,0,0.0,0.0,1.0,0.5,0.3001
2026-09-29T23:04:56.126Z,LAT-00041-e4c0a3,BASE_FINE,5.1,ACCEPTABLE_CONTEXT,0.00409,OK,0.5261,A-1.0-ppr,6.998,-0.003,-0.007143,0.009798,0.300102,-1.0,0.0255,7.013392,1.513392,0,0,0.0,0.0,1.0,0.5,0.300102
2026-09-29T23:04:56.127Z,LAT-00042-c1b906,ACID_FINE,1.8,ACCEPTABLE_CONTEXT,0.00409,OK,0.5397,A-1.0-ppr,7.0,-0.001,-0.004286,0.006325,0.300102,1.0,0.009,6.995035,1.495035,0,0,0.0,0.0,1.0,0.5,0.300102
2026-09-29T23:04:56.127Z,LAT-00043-a1dcde,BASE_FINE,6.2,ACCEPTABLE_CONTEXT,0.00409,OK,0.5393,A-1.0-ppr,7.0,0.002,0.002857,0.008944,0.300101,-1.0,0.031,7.01888,1.51888,0,0,0.0,0.0,1.0,0.5,0.300101
2026-09-29T23:04:56.128Z,LAT-00044-e07f1e,BASE_FINE,4.6,UNCERTAIN_CONTEXT,1.0,STALE_SAMPLE,0.2844,A-1.0-ppr,7.006,0.001,0.001429,0.010198,4.000102,-1.0,0.023,7.02019,1.52019,0,0,0.0,0.0,1.0,0.5,4.000102
2026-09-29T23:04:56.128Z,LAT-00045-7d7214,BASE_FINE,4.6,UNCERTAIN_CONTEXT,1.0,STALE_SAMPLE,0.245,A-1.0-ppr,6.998,0.003,-0.015714,0.017205,4.0001,-1.0,0.023,7.011845,1.511845,0,0,0.0,0.0,1.0,0.5,4.0001
2026-09-29T23:04:56.129Z,LAT-00046-0108b0,BASE_FINE,5.3,ACCEPTABLE_CONTEXT,0.006187,OK,0.5914,A-1.0-ppr,3.49,-0.002,-0.0,0.008944,0.300101,-1.0,0.0265,3.499039,-2.000961,0,0,0.0,0.0,1.0,0.5,0.300101
2026-09-29T23:04:56.130Z,LAT-00047-8179b9,BASE_FINE,8.9,ACCEPTABLE_CONTEXT,0.006187,OK,0.5866,A-1.0-ppr,3.504,0.002,-0.0,0.004899,0.300101,-1.0,0.0445,3.519755,-1.980245,0,0,0.0,0.0,1.0,0.5,0.300101
2026-09-29T23:04:56.131Z,LAT-00048-96e602,BASE_FINE,4.3,ACCEPTABLE_CONTEXT,0.00409,OK,0.5373,A-1.0-ppr,6.996,-0.001,0.001429,0.010198,0.300102,-1.0,0.0215,7.008829,1.508829,0,0,0.0,0.0,1.0,0.5,0.300102
2026-09-29T23:04:56.131Z,LAT-00049-27631a,BASE_FINE,3.8,ACCEPTABLE_CONTEXT,0.006187,OK,0.5715,A-1.0-ppr,3.494,-0.005,-0.001429,0.013565,0.300103,-1.0,0.019,3.50052,-1.99948,0,0,0.0,0.0,1.0,0.5,0.300103
2026-09-29T23:04:56.132Z,LAT-00050-578717,BASE_FINE,9.7,ACCEPTABLE_CONTEXT,0.003849,OK,0.5363,A-1.0-ppr,6.992,0.005,0.007143,0.009798,0.300104,-1.0,0.0485,7.021355,1.521355,0,0,0.0,0.0,1.0,0.5,0.300104
2026-09-29T23:04:56.133Z,LAT-00051-62dd07,BASE_FINE,3.5,ACCEPTABLE_CONTEXT,0.003849,OK,0.5565,A-1.0-ppr,7.002,0.004,0.014286,0.014697,0.300102,-1.0,0.0175,7.012614,1.512614,0,0,0.0,0.0,1.0,0.5,0.300102
2026-09-29T23:04:56.133Z,LAT-00052-ad2dda,BASE_FINE,2.6,UNCERTAIN_CONTEXT,1.0,STALE_SAMPLE,0.2574,A-1.0-ppr,7.0,0.005,-0.001429,0.008944,4.000103,-1.0,0.013,7.007739,1.507739,0,0,0.0,0.0,1.0,0.5,4.000103
2026-09-29T23:04:56.134Z,LAT-00053-1c2041,BASE_FINE,2.2,ACCEPTABLE_CONTEXT,0.006187,OK,0.5809,A-1.0-ppr,3.504,0.002,-0.0,0.004899,0.300101,-1.0,0.011,3.507847,-1.992153,0,0,0.0,0.0,1.0,0.5,0.300101
2026-09-29T23:04:56.134Z,LAT-00054-04e3b4,ACID_BULK,12.7,HARMFUL_CONTEXT,1.0,"PREDICTED_UNSAFE:a,b,d",0.2854,A-1.0-ppr,6.198,-0.002,0.002857,0.007483,0.300103,1.0,6.35,3.069053,-2.430947,0,0,0.0,0.0,1.0,0.5,0.300103
2026-09-29T23:04:56.135Z,LAT-00055-d1e2f1,ACID_FINE,0.7,ACCEPTABLE_CONTEXT,0.00409,OK,0.5571,A-1.0-ppr,7.008,0.002,-0.005714,0.011662,0.300102,1.0,0.0035,7.006031,1.506031,0,0,0.0,0.0,1.0,0.5,0.300102
2026-09-29T23:04:56.136Z,LAT-00056-1c9321,ACID_BULK,10.5,HARMFUL_CONTEXT,1.0,"PREDICTED_UNSAFE:a,b,d",0.2873,A-1.0-ppr,6.204,-0.002,-0.005714,0.012,0.300104,1.0,5.25,3.199906,-2.300094,0,0,0.0,0.0,1.0,0.5,0.300104
2026-09-29T23:04:56.136Z,LAT-00057-2aced2,BASE_FINE,2.4,ACCEPTABLE_CONTEXT,0.00409,OK,0.564,A-1.0-ppr,7.006,0.0,0.008571,0.010198,0.300102,-1.0,0.012,7.013384,1.513384,0,0,0.0,0.0,1.0,0.5,0.300102
2026-09-29T23:04:56.137Z,LAT-00058-e0fc50,ACID_BULK,12.0,HARMFUL_CONTEXT,1.0,"PREDICTED_UNSAFE:a,b,d",0.2868,A-1.0-ppr,6.202,0.005,0.001429,0.011662,0.300106,1.0,6.0,3.107224,-2.392776,0,0,0.0,0.0,1.0,0.5,0.300106
2026-09-29T23:04:56.138Z,LAT-00059-8f36da,BASE_FINE,4.0,ACCEPTABLE_CONTEXT,0.00409,OK,0.5663,A-1.0-ppr,7.006,0.0,0.005714,0.008,0.300103,-1.0,0.02,7.018335,1.518335,0,0,0.0,0.0,1.0,0.5,0.300103
2026-09-29T23:04:56.139Z,LAT-00060-724404,ACID_FINE,2.8,ACCEPTABLE_CONTEXT,0.00409,OK,0.5401,A-1.0-ppr,6.994,-0.002,-0.008571,0.008,0.300104,1.0,0.014,6.986284,1.486284,0,0,0.0,0.0,1.0,0.5,0.300104
2026-09-29T23:04:56.139Z,LAT-00061-ff7ad3,BASE_FINE,2.6,ACCEPTABLE_CONTEXT,0.006187,OK,0.5753,A-1.0-ppr,3.494,0.002,0.005714,0.008,0.300107,-1.0,0.013,3.498452,-2.001548,0,0,0.0,0.0,1.0,0.5,0.300107
2026-09-29T23:04:56.140Z,LAT-00062-3d30a8,ACID_BULK,10.8,HARMFUL_CONTEXT,1.0,"PREDICTED_UNSAFE:a,b,d",0.2904,A-1.0-ppr,6.186,0.004,0.002857,0.008,0.300102,1.0,5.4,3.173317,-2.326683,0,0,0.0,0.0,1.0,0.5,0.300102
2026-09-29T23:04:56.141Z,LAT-00063-3bfda8,BASE_FINE,1.1,ACCEPTABLE_CONTEXT,0.00409,OK,0.5364,A-1.0-ppr,6.992,0.0,-0.005714,0.009798,0.300107,-1.0,0.0055,6.995266,1.495266,0,0,0.0,0.0,1.0,0.5,0.300107
2026-09-29T23:04:56.141Z,LAT-00064-559702,ACID_BULK,11.7,HARMFUL_CONTEXT,1.0,"PREDICTED_UNSAFE:a,b,d",0.2939,A-1.0-ppr,6.2,0.002,-0.0,0.006325,0.300103,1.0,5.85,3.123466,-2.376534,0,0,0.0,0.0,1.0,0.5,0.300103
2026-09-29T23:04:56.142Z,LAT-00065-41ed37,BASE_FINE,2.3,UNCERTAIN_CONTEXT,1.0,STALE_SAMPLE,0.2552,A-1.0-ppr,6.996,-0.005,0.001429,0.013565,4.000184,-1.0,0.0115,7.002826,1.502826,0,0,0.0,0.0,1.0,0.5,4.000184
2026-09-29T23:04:56.142Z,LAT-00066-4e5db4,ACID_FINE,7.8,ACCEPTABLE_CONTEXT,0.003572,OK,0.5458,A-1.0-ppr,6.998,0.003,-0.004286,0.007483,0.300118,1.0,0.039,6.976596,1.476596,0,0,0.0,0.0,1.0,0.5,0.300118
2026-09-29T23:04:56.143Z,LAT-00067-91d77b,ACID_BULK,11.2,HARMFUL_CONTEXT,1.0,"PREDICTED_UNSAFE:a,b,d",0.2865,A-1.0-ppr,6.2,-0.001,-0.01,0.008944,0.300103,1.0,5.6,3.153119,-2.346881,0,0,0.0,0.0,1.0,0.5,0.300103
2026-09-29T23:04:56.144Z,LAT-00068-f16f04,BASE_FINE,5.1,ACCEPTABLE_CONTEXT,0.00409,OK,0.5725,A-1.0-ppr,7.004,-0.001,0.001429,0.004899,0.300102,-1.0,0.0255,7.01965,1.51965,0,0,0.0,0.0,1.0,0.5,0.300102
2026-09-29T23:04:56.144Z,LAT-00069-d74cdc,ACID_BULK,13.5,HARMFUL_CONTEXT,1.0,"PREDICTED_UNSAFE:a,b,d",0.2835,A-1.0-ppr,6.202,0.0,-0.002857,0.004,0.300105,1.0,6.75,3.031425,-2.468575,0,0,0.0,0.0,1.0,0.5,0.300105
2026-09-29T23:04:56.145Z,LAT-00070-52f9b4,ACID_BULK,14.6,HARMFUL_CONTEXT,1.0,"PREDICTED_UNSAFE:a,b,d",0.2787,A-1.0-ppr,6.198,0.002,-0.0,0.009798,0.30011,1.0,7.3,2.982281,-2.517719,0,0,0.0,0.0,1.0,0.5,0.30011
2026-09-29T23:04:56.145Z,LAT-00071-f85657,BASE_FINE,4.2,ACCEPTABLE_CONTEXT,0.00409,OK,0.5456,A-1.0-ppr,6.99,0.001,-0.001429,0.006325,0.300101,-1.0,0.021,7.002464,1.502464,0,0,0.0,0.0,1.0,0.5,0.300101
2026-09-29T23:04:56.146Z,LAT-00072-6ff97c,BASE_FINE,9.3,ACCEPTABLE_CONTEXT,0.00568,OK,0.5794,A-1.0-ppr,3.5,0.004,0.005714,0.008944,0.300102,-1.0,0.0465,3.51633,-1.98367,0,0,0.0,0.0,1.0,0.5,0.300102
2026-09-29T23:04:56.147Z,LAT-00073-37f974,BASE_FINE,1.7,UNCERTAIN_CONTEXT,1.0,STALE_SAMPLE,0.2625,A-1.0-ppr,6.994,-0.009,0.001429,0.016248,4.000103,-1.0,0.0085,6.999046,1.499046,0,0,0.0,0.0,1.0,0.5,4.000103
2026-09-29T23:04:56.147Z,LAT-00074-fb60ea,ACID_FINE,1.8,ACCEPTABLE_CONTEXT,0.00409,OK,0.5392,A-1.0-ppr,6.994,-0.001,0.001429,0.010198,0.300116,1.0,0.009,6.989038,1.489038,0,0,0.0,0.0,1.0,0.5,0.300116
2026-09-29T23:04:56.148Z,LAT-00075-b6fa42,BASE_FINE,3.8,ACCEPTABLE_CONTEXT,0.00409,OK,0.5586,A-1.0-ppr,6.992,-0.003,0.001429,0.007483,0.300115,-1.0,0.019,7.003277,1.503277,0,0,0.0,0.0,1.0,0.5,0.300115
2026-09-29T23:04:56.149Z,LAT-00076-f581ef,ACID_FINE,8.8,ACCEPTABLE_CONTEXT,0.00409,OK,0.5538,A-1.0-ppr,7.0,-0.004,0.005714,0.008944,0.300104,1.0,0.044,6.975871,1.475871,0,0,0.0,0.0,1.0,0.5,0.300104
2026-09-29T23:04:56.150Z,LAT-00077-fe4613,ACID_FINE,5.0,ACCEPTABLE_CONTEXT,0.003572,OK,0.559,A-1.0-ppr,7.008,0.006,-0.008571,0.011662,0.30011,1.0,0.025,6.994172,1.494172,0,0,0.0,0.0,1.0,0.5,0.30011
2026-09-29T23:04:56.150Z,LAT-00078-f02b76,ACID_BULK,14.1,HARMFUL_CONTEXT,1.0,"PREDICTED_UNSAFE:a,b,d",0.2839,A-1.0-ppr,6.2,0.0,0.0,0.0,0.300112,1.0,7.05,3.003977,-2.496023,0,0,0.0,0.0,1.0,0.5,0.300112
2026-09-29T23:04:56.151Z,LAT-00079-e179e7,BASE_FINE,1.8,UNCERTAIN_CONTEXT,1.0,STALE_SAMPLE,0.2428,A-1.0-ppr,6.998,0.003,0.001429,0.007483,4.000102,-1.0,0.009,7.003342,1.503342,0,0,0.0,0.0,1.0,0.5,4.000102
2026-09-29T23:04:56.151Z,LAT-00080-edc1bb,ACID_FINE,6.3,ACCEPTABLE_CONTEXT,0.00409,OK,0.5547,A-1.0-ppr,7.002,-0.004,0.002857,0.007483,0.300113,1.0,0.0315,6.984638,1.484638,0,0,0.0,0.0,1.0,0.5,0.300113
2026-09-29T23:04:56.152Z,LAT-00081-4b112a,BASE_FINE,7.2,ACCEPTABLE_CONTEXT,0.00409,OK,0.5348,A-1.0-ppr,6.994,-0.002,-0.002857,0.008,0.300102,-1.0,0.036,7.015715,1.515715,0,0,0.0,0.0,1.0,0.5,0.300102
2026-09-29T23:04:56.153Z,LAT-00082-a5d73e,ACID_FINE,4.2,ACCEPTABLE_CONTEXT,0.00409,OK,0.5231,A-1.0-ppr,6.998,0.001,0.004286,0.009798,0.300102,1.0,0.021,6.986424,1.486424,0,0,0.0,0.0,1.0,0.5,0.300102
2026-09-29T23:04:56.153Z,LAT-00083-dc7af3,ACID_BULK,10.6,HARMFUL_CONTEXT,1.0,"PREDICTED_UNSAFE:a,b,d",0.2806,A-1.0-ppr,6.2,0.003,-0.004286,0.006325,0.300103,1.0,5.3,3.191609,-2.308391,0,0,0.0,0.0,1.0,0.5,0.300103
2026-09-29T23:04:56.154Z,LAT-00084-30dc79,BASE_FINE,4.4,ACCEPTABLE_CONTEXT,0.006187,OK,0.5658,A-1.0-ppr,3.5,-0.002,0.005714,0.006325,0.300101,-1.0,0.022,3.507658,-1.992342,0,0,0.0,0.0,1.0,0.5,0.300101
2026-09-29T23:04:56.154Z,LAT-00085-f98b51,ACID_BULK,16.0,HARMFUL_CONTEXT,1.0,"PREDICTED_UNSAFE:a,b,d",0.2812,A-1.0-ppr,6.192,0.008,0.002857,0.011662,0.3001,1.0,8.0,2.926664,-2.573336,0,0,0.0,0.0,1.0,0.5,0.3001
2026-09-29T23:04:56.155Z,LAT-00086-d60ce4,BASE_FINE,2.3,UNCERTAIN_CONTEXT,1.0,STALE_SAMPLE,0.2797,A-1.0-ppr,7.004,-0.002,-0.002857,0.008,4.0001,-1.0,0.0115,7.010987,1.510987,0,0,0.0,0.0,1.0,0.5,4.0001
2026-09-29T23:04:56.156Z,LAT-00087-37b54e,BASE_FINE,2.7,ACCEPTABLE_CONTEXT,0.00409,OK,0.5353,A-1.0-ppr,6.996,-0.003,-0.001429,0.004899,0.300099,-1.0,0.0135,7.004013,1.504013,0,0,0.0,0.0,1.0,0.5,0.300099
2026-09-29T23:04:56.156Z,LAT-00088-c1c11d,BASE_FINE,4.9,ACCEPTABLE_CONTEXT,0.00409,OK,0.5314,A-1.0-ppr,6.996,-0.003,-0.007143,0.010198,0.300104,-1.0,0.0245,7.010686,1.510686,0,0,0.0,0.0,1.0,0.5,0.300104
2026-09-29T23:04:56.157Z,LAT-00089-e7c5d3,ACID_BULK,18.2,HARMFUL_CONTEXT,1.0,"PREDICTED_UNSAFE:a,b,d",0.2817,A-1.0-ppr,6.202,0.004,-0.008571,0.011662,0.300102,1.0,9.1,2.854953,-2.645047,0,0,0.0,0.0,1.0,0.5,0.300102
2026-09-29T23:04:56.157Z,LAT-00090-c83e0c,BASE_FINE,4.9,UNCERTAIN_CONTEXT,1.0,STALE_SAMPLE,0.2501,A-1.0-ppr,6.992,0.001,-0.004286,0.011662,4.000107,-1.0,0.0245,7.006538,1.506538,0,0,0.0,0.0,1.0,0.5,4.000107
2026-09-29T23:04:56.158Z,LAT-00091-a21ca2,BASE_FINE,0.8,ACCEPTABLE_CONTEXT,0.00409,OK,0.5693,A-1.0-ppr,7.006,-0.007,-0.001429,0.010198,0.3001,-1.0,0.004,7.008429,1.508429,0,0,0.0,0.0,1.0,0.5,0.3001
2026-09-29T23:04:56.159Z,LAT-00092-1ff28a,BASE_FINE,3.1,ACCEPTABLE_CONTEXT,0.00409,OK,0.5198,A-1.0-ppr,6.998,0.001,0.007143,0.007483,0.300108,-1.0,0.0155,7.0072,1.5072,0,0,0.0,0.0,1.0,0.5,0.300108
2026-09-29T23:04:56.160Z,LAT-00093-f2d685,BASE_FINE,8.9,ACCEPTABLE_CONTEXT,0.00409,OK,0.5342,A-1.0-ppr,6.996,-0.004,0.011429,0.014967,0.300108,-1.0,0.0445,7.023051,1.523051,0,0,0.0,0.0,1.0,0.5,0.300108
2026-09-29T23:04:56.160Z,LAT-00094-536669,ACID_FINE,1.2,ACCEPTABLE_CONTEXT,0.00409,OK,0.5222,A-1.0-ppr,6.998,-0.001,0.007143,0.007483,0.300103,1.0,0.006,6.99469,1.49469,0,0,0.0,0.0,1.0,0.5,0.300103
2026-09-29T23:04:56.161Z,LAT-00095-f6c177,BASE_FINE,1.6,UNCERTAIN_CONTEXT,1.0,STALE_SAMPLE,0.2554,A-1.0-ppr,6.996,-0.005,-0.001429,0.010198,4.000101,-1.0,0.008,7.000749,1.500749,0,0,0.0,0.0,1.0,0.5,4.000101
2026-09-29T23:04:56.162Z,LAT-00096-4259de,BASE_FINE,5.5,ACCEPTABLE_CONTEXT,0.006187,OK,0.5836,A-1.0-ppr,3.5,-0.001,-0.007143,0.010954,0.300101,-1.0,0.0275,3.509591,-1.990409,0,0,0.0,0.0,1.0,0.5,0.300101
2026-09-29T23:04:56.162Z,LAT-00097-3cdac2,BASE_FINE,6.5,ACCEPTABLE_CONTEXT,0.009535,OK,0.5807,A-1.0-ppr,3.5,0.0,-0.0,0.0,0.300101,-1.0,0.0325,3.511356,-1.988644,0,0,0.0,0.0,1.0,0.5,0.300101
2026-09-29T23:04:56.163Z,LAT-00098-fa707e,ACID_BULK,11.5,HARMFUL_CONTEXT,1.0,"PREDICTED_UNSAFE:a,b,d",0.2837,A-1.0-ppr,6.194,-0.002,-0.002857,0.008,0.300102,1.0,5.75,3.13308,-2.36692,0,0,0.0,0.0,1.0,0.5,0.300102
2026-09-29T23:04:56.163Z,LAT-00099-aa1f79,ACID_BULK,10.2,HARMFUL_CONTEXT,1.0,"PREDICTED_UNSAFE:a,b,d",0.2788,A-1.0-ppr,6.198,0.003,0.001429,0.007483,0.300102,1.0,5.1,3.218502,-2.281498,0,0,0.0,0.0,1.0,0.5,0.300102
2026-09-29T23:04:56.164Z,LAT-00100-003e6c,BASE_FINE,2.6,UNCERTAIN_CONTEXT,1.0,STALE_SAMPLE,0.2418,A-1.0-ppr,6.998,0.0,-0.002857,0.007483,4.000102,-1.0,0.013,7.005715,1.505715,0,0,0.0,0.0,1.0,0.5,4.000102
2026-09-29T23:04:56.165Z,LAT-00101-d02d04,BASE_FINE,8.1,ACCEPTABLE_CONTEXT,0.00409,OK,0.5671,A-1.0-ppr,7.002,-0.004,-0.002857,0.007483,0.300099,-1.0,0.0405,7.026831,1.526831,0,0,0.0,0.0,1.0,0.5,0.300099
2026-09-29T23:04:56.165Z,LAT-00102-39bf2a,BASE_FINE,6.5,ACCEPTABLE_CONTEXT,0.003849,OK,0.5413,A-1.0-ppr,6.998,0.004,0.002857,0.007483,0.300103,-1.0,0.0325,7.017722,1.517722,0,0,0.0,0.0,1.0,0.5,0.300103
2026-09-29T23:04:56.166Z,LAT-00103-9d52e6,ACID_BULK,15.8,HARMFUL_CONTEXT,1.0,"PREDICTED_UNSAFE:a,b,d",0.2803,A-1.0-ppr,6.194,-0.001,-0.004286,0.004899,0.300104,1.0,7.9,2.934421,-2.565579,0,0,0.0,0.0,1.0,0.5,0.300104
2026-09-29T23:04:56.166Z,LAT-00104-da6f2e,ACID_BULK,18.7,HARMFUL_CONTEXT,1.0,"PREDICTED_UNSAFE:a,b,d",0.2778,A-1.0-ppr,6.198,-0.003,-0.004286,0.007483,0.300102,1.0,9.35,2.839133,-2.660867,0,0,0.0,0.0,1.0,0.5,0.300102
2026-09-29T23:04:56.167Z,LAT-00105-0cbefc,ACID_FINE,8.4,ACCEPTABLE_CONTEXT,0.00409,OK,0.5346,A-1.0-ppr,6.996,-0.003,0.001429,0.012,0.300101,1.0,0.042,6.973086,1.473086,0,0,0.0,0.0,1.0,0.5,0.300101
2026-09-29T23:04:56.168Z,LAT-00106-e428a3,BASE_FINE,5.2,ACCEPTABLE_CONTEXT,0.00409,OK,0.5213,A-1.0-ppr,6.998,-0.005,0.004286,0.011662,0.300104,-1.0,0.026,7.013701,1.513701,0,0,0.0,0.0,1.0,0.5,0.300104
2026-09-29T23:04:56.168Z,LAT-00107-43fbec,BASE_FINE,4.2,UNCERTAIN_CONTEXT,1.0,STALE_SAMPLE,0.2732,A-1.0-ppr,7.002,-0.005,-0.01,0.013266,4.000103,-1.0,0.021,7.01478,1.51478,0,0,0.0,0.0,1.0,0.5,4.000103
2026-09-29T23:04:56.169Z,LAT-00108-26e419,ACID_FINE,9.6,ACCEPTABLE_CONTEXT,0.003572,OK,0.55,A-1.0-ppr,7.012,0.006,0.005714,0.013266,0.300102,1.0,0.048,6.985334,1.485334,0,0,0.0,0.0,1.0,0.5,0.300102
2026-09-29T23:04:56.170Z,LAT-00109-de6342,ACID_FINE,3.1,ACCEPTABLE_CONTEXT,0.00409,OK,0.5323,A-1.0-ppr,7.0,0.002,0.008571,0.010954,0.300103,1.0,0.0155,6.991452,1.491452,0,0,0.0,0.0,1.0,0.5,0.300103
2026-09-29T23:04:56.170Z,LAT-00110-4d9aa2,ACID_BULK,14.0,HARMFUL_CONTEXT,1.0,"PREDICTED_UNSAFE:a,b,d",0.2798,A-1.0-ppr,6.208,-0.001,0.001429,0.004,0.300103,1.0,7.0,3.010324,-2.489676,0,0,0.0,0.0,1.0,0.5,0.300103
2026-09-29T23:04:56.171Z,LAT-00111-0255c0,ACID_FINE,0.6,ACCEPTABLE_CONTEXT,0.00409,OK,0.5327,A-1.0-ppr,7.0,0.0,-0.005714,0.008944,0.300101,1.0,0.003,6.998345,1.498345,0,0,0.0,0.0,1.0,0.5,0.300101
2026-09-29T23:04:56.171Z,LAT-00112-c298b6,ACID_BULK,16.8,HARMFUL_CONTEXT,1.0,"PREDICTED_UNSAFE:a,b,d",0.2796,A-1.0-ppr,6.202,-0.01,0.005714,0.019391,0.300101,1.0,8.4,2.900425,-2.599575,0,0,0.0,0.0,1.0,0.5,0.300101
2026-09-29T23:04:56.172Z,LAT-00113-904164,BASE_FINE,6.9,ACCEPTABLE_CONTEXT,0.006187,OK,0.5704,A-1.0-ppr,3.502,-0.005,0.004286,0.011662,0.300101,-1.0,0.0345,3.514116,-1.985884,0,0,0.0,0.0,1.0,0.5,0.300101
2026-09-29T23:04:56.173Z,LAT-00114-db1ed5,ACID_FINE,3.3,ACCEPTABLE_CONTEXT,0.00409,OK,0.5567,A-1.0-ppr,7.004,-0.001,0.007143,0.008,0.300103,1.0,0.0165,6.994898,1.494898,0,0,0.0,0.0,1.0,0.5,0.300103
2026-09-29T23:04:56.173Z,LAT-00115-2eec63,BASE_FINE,2.6,UNCERTAIN_CONTEXT,1.0,STALE_SAMPLE,0.2807,A-1.0-ppr,7.004,0.0,-0.002857,0.004899,4.000101,-1.0,0.013,7.011915,1.511915,0,0,0.0,0.0,1.0,0.5,4.000101
2026-09-29T23:04:56.174Z,LAT-00116-48537f,BASE_FINE,4.7,ACCEPTABLE_CONTEXT,0.00409,OK,0.523,A-1.0-ppr,6.998,-0.003,0.001429,0.007483,0.300101,-1.0,0.0235,7.012154,1.512154,0,0,0.0,0.0,1.0,0.5,0.300101
2026-09-29T23:04:56.174Z,LAT-00117-eed80f,BASE_FINE,3.5,UNCERTAIN_CONTEXT,1.0,STALE_SAMPLE,0.2817,A-1.0-ppr,7.006,-0.003,0.001429,0.010198,4.0001,-1.0,0.0175,7.016788,1.516788,0,0,0.0,0.0,1.0,0.5,4.0001
2026-09-29T23:04:56.175Z,LAT-00118-ee7bb4,BASE_FINE,3.8,ACCEPTABLE_CONTEXT,0.00409,OK,0.528,A-1.0-ppr,6.996,-0.005,-0.001429,0.010198,0.300099,-1.0,0.019,7.00728,1.50728,0,0,0.0,0.0,1.0,0.5,0.300099
2026-09-29T23:04:56.176Z,LAT-00119-70f9ab,BASE_FINE,1.9,UNCERTAIN_CONTEXT,1.0,STALE_SAMPLE,0.253,A-1.0-ppr,7.0,0.0,-0.008571,0.008944,4.0001,-1.0,0.0095,7.005638,1.505638,0,0,0.0,0.0,1.0,0.5,4.0001
2026-09-29T23:04:56.176Z,LAT-00120-f5b024,BASE_FINE,2.5,ACCEPTABLE_CONTEXT,0.006187,OK,0.5816,A-1.0-ppr,3.498,0.002,-0.011429,0.011662,0.3001,-1.0,0.0125,3.502318,-1.997682,0,0,0.0,0.0,1.0,0.5,0.3001
2026-09-29T23:04:56.177Z,LAT-00121-799ad4,BASE_FINE,6.1,ACCEPTABLE_CONTEXT,0.00568,OK,0.5707,A-1.0-ppr,3.502,0.008,-0.002857,0.014697,0.300104,-1.0,0.0305,3.512696,-1.987304,0,0,0.0,0.0,1.0,0.5,0.300104
2026-09-29T23:04:56.178Z,LAT-00122-7c821e,BASE_FINE,0.6,ACCEPTABLE_CONTEXT,0.00409,OK,0.5347,A-1.0-ppr,7.0,-0.002,-0.005714,0.006325,0.300103,-1.0,0.003,7.001781,1.501781,0,0,0.0,0.0,1.0,0.5,0.300103
2026-09-29T23:04:56.179Z,LAT-00123-2f54ef,ACID_FINE,4.6,ACCEPTABLE_CONTEXT,0.00409,OK,0.5404,A-1.0-ppr,7.0,0.002,-0.0,0.008944,0.300102,1.0,0.023,6.98732,1.48732,0,0,0.0,0.0,1.0,0.5,0.300102
2026-09-29T23:04:56.179Z,LAT-00124-108efa,BASE_FINE,4.5,UNCERTAIN_CONTEXT,1.0,STALE_SAMPLE,0.2593,A-1.0-ppr,6.996,-0.001,-0.012857,0.013565,4.000105,-1.0,0.0225,7.009448,1.509448,0,0,0.0,0.0,1.0,0.5,4.000105
2026-09-29T23:04:56.180Z,LAT-00125-c45f79,BASE_FINE,3.8,UNCERTAIN_CONTEXT,1.0,STALE_SAMPLE,0.2427,A-1.0-ppr,6.998,0.0,0.011429,0.009798,4.0001,-1.0,0.019,7.009368,1.509368,0,0,0.0,0.0,1.0,0.5,4.0001
2026-09-29T23:04:56.180Z,LAT-00126-52bb43,ACID_FINE,6.8,ACCEPTABLE_CONTEXT,0.00409,OK,0.534,A-1.0-ppr,7.0,0.002,0.002857,0.008944,0.3001,1.0,0.034,6.981267,1.481267,0,0,0.0,0.0,1.0,0.5,0.3001
2026-09-29T23:04:56.181Z,LAT-00127-c14068,BASE_FINE,4.9,ACCEPTABLE_CONTEXT,0.006187,OK,0.5732,A-1.0-ppr,3.486,0.002,0.002857,0.008,0.300102,-1.0,0.0245,3.494279,-2.005721,0,0,0.0,0.0,1.0,0.5,0.300102
2026-09-29T23:04:56.182Z,LAT-00128-3bbf8f,ACID_BULK,11.8,HARMFUL_CONTEXT,1.0,"PREDICTED_UNSAFE:a,b,d",0.2864,A-1.0-ppr,6.198,0.002,-0.002857,0.004,0.300103,1.0,5.9,3.117131,-2.382869,0,0,0.0,0.0,1.0,0.5,0.300103
2026-09-29T23:04:56.182Z,LAT-00129-826931,ACID_BULK,17.9,HARMFUL_CONTEXT,1.0,"PREDICTED_UNSAFE:a,b,d",0.2918,A-1.0-ppr,6.202,0.0,0.002857,0.007483,0.300105,1.0,8.95,2.864302,-2.635698,0,0,0.0,0.0,1.0,0.5,0.300105
2026-09-29T23:04:56.183Z,LAT-00130-97b93c,BASE_FINE,5.1,ACCEPTABLE_CONTEXT,0.00409,OK,0.5441,A-1.0-ppr,6.992,-0.003,0.01,0.013266,0.300104,-1.0,0.0255,7.007131,1.507131,0,0,0.0,0.0,1.0,0.5,0.300104
2026-09-29T23:04:56.184Z,LAT-00131-db57e9,BASE_FINE,6.4,ACCEPTABLE_CONTEXT,0.00409,OK,0.5561,A-1.0-ppr,7.002,-0.003,-0.01,0.013266,0.300101,-1.0,0.032,7.021582,1.521582,0,0,0.0,0.0,1.0,0.5,0.300101
2026-09-29T23:04:56.184Z,LAT-00132-9ef96b,BASE_FINE,2.7,ACCEPTABLE_CONTEXT,0.00409,OK,0.5536,A-1.0-ppr,7.008,-0.001,-0.004286,0.007483,0.300102,-1.0,0.0135,7.016362,1.516362,0,0,0.0,0.0,1.0,0.5,0.300102
2026-09-29T23:04:56.185Z,LAT-00133-d3836f,ACID_BULK,13.5,HARMFUL_CONTEXT,1.0,"PREDICTED_UNSAFE:a,b,d",0.283,A-1.0-ppr,6.2,0.006,0.008571,0.012649,0.300101,1.0,6.75,3.030903,-2.469097,0,0,0.0,0.0,1.0,0.5,0.300101
2026-09-29T23:04:56.185Z,LAT-00134-d79931,BASE_FINE,2.1,UNCERTAIN_CONTEXT,1.0,STALE_SAMPLE,0.2594,A-1.0-ppr,7.0,0.005,-0.01,0.010954,4.000101,-1.0,0.0105,7.006231,1.506231,0,0,0.0,0.0,1.0,0.5,4.000101
2026-09-29T23:04:56.186Z,LAT-00135-e27c2b,ACID_FINE,2.0,ACCEPTABLE_CONTEXT,0.00409,OK,0.5284,A-1.0-ppr,6.998,-0.01,-0.002857,0.016,0.3001,1.0,0.01,6.992485,1.492485,0,0,0.0,0.0,1.0,0.5,0.3001
2026-09-29T23:04:56.186Z,LAT-00136-9b6ecf,BASE_FINE,3.4,UNCERTAIN_CONTEXT,1.0,STALE_SAMPLE,0.2819,A-1.0-ppr,7.004,0.001,-0.001429,0.010198,4.000101,-1.0,0.017,7.014392,1.514392,0,0,0.0,0.0,1.0,0.5,4.000101
2026-09-29T23:04:56.187Z,LAT-00137-90671c,BASE_FINE,5.5,ACCEPTABLE_CONTEXT,0.003849,OK,0.559,A-1.0-ppr,7.006,0.003,-0.007143,0.010198,0.300099,-1.0,0.0275,7.022971,1.522971,0,0,0.0,0.0,1.0,0.5,0.300099
2026-09-29T23:04:56.188Z,LAT-00138-0d214b,BASE_FINE,7.1,ACCEPTABLE_CONTEXT,0.006187,OK,0.5782,A-1.0-ppr,3.498,0.0,0.002857,0.004,0.300101,-1.0,0.0355,3.510363,-1.989637,0,0,0.0,0.0,1.0,0.5,0.300101
2026-09-29T23:04:56.188Z,LAT-00139-fa22cb,ACID_BULK,12.8,HARMFUL_CONTEXT,1.0,"PREDICTED_UNSAFE:a,b,d",0.2841,A-1.0-ppr,6.204,-0.006,0.005714,0.010198,0.300102,1.0,6.4,3.065719,-2.434281,0,0,0.0,0.0,1.0,0.5,0.300102
2026-09-29T23:04:56.189Z,LAT-00140-c85e13,ACID_BULK,15.0,HARMFUL_CONTEXT,1.0,"PREDICTED_UNSAFE:a,b,d",0.2802,A-1.0-ppr,6.202,-0.003,0.001429,0.007483,0.300099,1.0,7.5,2.966937,-2.533063,0,0,0.0,0.0,1.0,0.5,0.300099
2026-09-29T23:04:56.190Z,LAT-00141-921a3e,BASE_FINE,5.6,ACCEPTABLE_CONTEXT,0.006187,OK,0.5905,A-1.0-ppr,3.492,0.002,-0.0,0.009798,0.300168,-1.0,0.028,3.501598,-1.998402,0,0,0.0,0.0,1.0,0.5,0.300168
2026-09-29T23:04:56.191Z,LAT-00142-9c14ad,ACID_FINE,5.1,ACCEPTABLE_CONTEXT,0.00409,OK,0.5526,A-1.0-ppr,7.002,0.0,0.002857,0.007483,0.300104,1.0,0.0255,6.987941,1.487941,0,0,0.0,0.0,1.0,0.5,0.300104
2026-09-29T23:04:56.191Z,LAT-00143-f05f9d,BASE_FINE,2.4,UNCERTAIN_CONTEXT,1.0,STALE_SAMPLE,0.2567,A-1.0-ppr,7.0,-0.004,-0.011429,0.012649,4.000104,-1.0,0.012,7.007121,1.507121,0,0,0.0,0.0,1.0,0.5,4.000104
2026-09-29T23:04:56.191Z,LAT-00144-66e02c,BASE_FINE,3.1,UNCERTAIN_CONTEXT,1.0,STALE_SAMPLE,0.2522,A-1.0-ppr,6.994,-0.001,-0.001429,0.010198,4.000103,-1.0,0.0155,7.0032,1.5032,0,0,0.0,0.0,1.0,0.5,4.000103
2026-09-29T23:04:56.192Z,LAT-00145-eb88a4,ACID_BULK,13.3,HARMFUL_CONTEXT,1.0,"PREDICTED_UNSAFE:a,b,d",0.2792,A-1.0-ppr,6.204,0.0,-0.002857,0.004899,0.300099,1.0,6.65,3.04133,-2.45867,0,0,0.0,0.0,1.0,0.5,0.300099
2026-09-29T23:04:56.193Z,LAT-00146-b89782,ACID_FINE,3.3,ACCEPTABLE_CONTEXT,0.00409,OK,0.5533,A-1.0-ppr,7.008,-0.002,-0.008571,0.009798,0.300099,1.0,0.0165,6.998858,1.498858,0,0,0.0,0.0,1.0,0.5,0.300099
2026-09-29T23:04:56.193Z,LAT-00147-b5f8ac,ACID_BULK,11.3,HARMFUL_CONTEXT,1.0,"PREDICTED_UNSAFE:a,b,d",0.282,A-1.0-ppr,6.204,0.001,-0.007143,0.010198,0.300102,1.0,5.65,3.148387,-2.351613,0,0,0.0,0.0,1.0,0.5,0.300102
2026-09-29T23:04:56.194Z,LAT-00148-88e3d4,BASE_FINE,2.2,UNCERTAIN_CONTEXT,1.0,STALE_SAMPLE,0.2511,A-1.0-ppr,7.0,-0.004,-0.014286,0.014142,4.000099,-1.0,0.011,7.006527,1.506527,0,0,0.0,0.0,1.0,0.5,4.000099
2026-09-29T23:04:56.194Z,LAT-00149-2a3ec3,ACID_BULK,11.9,HARMFUL_CONTEXT,1.0,"PREDICTED_UNSAFE:a,b,d",0.2789,A-1.0-ppr,6.2,-0.002,0.005714,0.006325,0.3001,1.0,5.95,3.112151,-2.387849,0,0,0.0,0.0,1.0,0.5,0.3001
2026-09-29T23:04:56.195Z,LAT-00150-d146f3,BASE_FINE,6.6,ACCEPTABLE_CONTEXT,0.00409,OK,0.5635,A-1.0-ppr,7.006,-0.003,0.004286,0.010198,0.300098,-1.0,0.033,7.026367,1.526367,0,0,0.0,0.0,1.0,0.5,0.300098
2026-09-29T23:04:56.196Z,LAT-00151-95424f,BASE_FINE,2.6,ACCEPTABLE_CONTEXT,0.003849,OK,0.536,A-1.0-ppr,7.0,0.004,-0.002857,0.010954,0.300106,-1.0,0.013,7.007739,1.507739,0,0,0.0,0.0,1.0,0.5,0.300106
2026-09-29T23:04:56.196Z,LAT-00152-35e499,BASE_FINE,2.3,UNCERTAIN_CONTEXT,1.0,STALE_SAMPLE,0.255,A-1.0-ppr,7.0,-0.001,0.004286,0.006325,4.000101,-1.0,0.0115,7.006824,1.506824,0,0,0.0,0.0,1.0,0.5,4.000101
2026-09-29T23:04:56.197Z,LAT-00153-ee079e,BASE_FINE,4.1,ACCEPTABLE_CONTEXT,0.006187,OK,0.5715,A-1.0-ppr,3.502,0.0,-0.005714,0.009798,0.3001,-1.0,0.0205,3.509163,-1.990837,0,0,0.0,0.0,1.0,0.5,0.3001
2026-09-29T23:04:56.197Z,LAT-00154-939b2d,BASE_FINE,3.8,UNCERTAIN_CONTEXT,1.0,STALE_SAMPLE,0.2802,A-1.0-ppr,7.006,0.001,-0.004286,0.008,4.000101,-1.0,0.019,7.017716,1.517716,0,0,0.0,0.0,1.0,0.5,4.000101
2026-09-29T23:04:56.198Z,LAT-00155-a5a98f,ACID_BULK,15.2,HARMFUL_CONTEXT,1.0,"PREDICTED_UNSAFE:a,b,d",0.2789,A-1.0-ppr,6.208,0.004,-0.008571,0.009798,0.300099,1.0,7.6,2.960339,-2.539661,0,0,0.0,0.0,1.0,0.5,0.300099
2026-09-29T23:04:56.199Z,LAT-00156-3af8e6,BASE_FINE,3.9,ACCEPTABLE_CONTEXT,0.00409,OK,0.5633,A-1.0-ppr,7.006,-0.001,-0.004286,0.008,0.300099,-1.0,0.0195,7.018025,1.518025,0,0,0.0,0.0,1.0,0.5,0.300099
2026-09-29T23:04:56.199Z,LAT-00157-ecd9b8,ACID_BULK,12.6,HARMFUL_CONTEXT,1.0,"PREDICTED_UNSAFE:a,b,d",0.2806,A-1.0-ppr,6.196,0.004,0.002857,0.008,0.300102,1.0,6.3,3.073558,-2.426442,0,0,0.0,0.0,1.0,0.5,0.300102
2026-09-29T23:04:56.200Z,LAT-00158-23d717,ACID_FINE,1.7,ACCEPTABLE_CONTEXT,0.003572,OK,0.5272,A-1.0-ppr,6.998,0.003,-0.001429,0.007483,0.3001,1.0,0.0085,6.993312,1.493312,0,0,0.0,0.0,1.0,0.5,0.3001
2026-09-29T23:04:56.200Z,LAT-00159-dfad6d,BASE_FINE,9.4,ACCEPTABLE_CONTEXT,0.006187,OK,0.5751,A-1.0-ppr,3.498,-0.009,0.001429,0.013266,0.300101,-1.0,0.047,3.514436,-1.985564,0,0,0.0,0.0,1.0,0.5,0.300101
2026-09-29T23:04:56.201Z,LAT-00160-064e62,ACID_BULK,19.4,HARMFUL_CONTEXT,1.0,"PREDICTED_UNSAFE:a,b,d",0.283,A-1.0-ppr,6.198,0.002,0.002857,0.007483,0.300102,1.0,9.7,2.818814,-2.681186,0,0,0.0,0.0,1.0,0.5,0.300102
2026-09-29T23:04:56.202Z,LAT-00161-27d13e,BASE_FINE,8.7,ACCEPTABLE_CONTEXT,0.003849,OK,0.557,A-1.0-ppr,7.014,0.004,-0.002857,0.008,0.3001,-1.0,0.0435,7.041058,1.541058,0,0,0.0,0.0,1.0,0.5,0.3001
2026-09-29T23:04:56.202Z,LAT-00162-dd068d,ACID_BULK,13.9,HARMFUL_CONTEXT,1.0,"PREDICTED_UNSAFE:a,b,d",0.2829,A-1.0-ppr,6.194,0.001,-0.004286,0.004899,0.300104,1.0,6.95,3.011255,-2.488745,0,0,0.0,0.0,1.0,0.5,0.300104
2026-09-29T23:04:56.203Z,LAT-00163-267229,ACID_FINE,4.0,ACCEPTABLE_CONTEXT,0.00409,OK,0.534,A-1.0-ppr,6.994,0.002,-0.0,0.004899,0.300101,1.0,0.02,6.98298,1.48298,0,0,0.0,0.0,1.0,0.5,0.300101
2026-09-29T23:04:56.203Z,LAT-00164-ce1b89,BASE_FINE,3.4,UNCERTAIN_CONTEXT,1.0,STALE_SAMPLE,0.2437,A-1.0-ppr,6.998,0.002,-0.0,0.009798,4.000101,-1.0,0.017,7.008129,1.508129,0,0,0.0,0.0,1.0,0.5,4.000101
2026-09-29T23:04:56.204Z,LAT-00165-422879,ACID_BULK,17.0,HARMFUL_CONTEXT,1.0,"PREDICTED_UNSAFE:a,b,d",0.2757,A-1.0-ppr,6.194,0.0,0.005714,0.004899,0.300101,1.0,8.5,2.892099,-2.607901,0,0,0.0,0.0,1.0,0.5,0.300101
2026-09-29T23:04:56.204Z,LAT-00166-fcf2a5,BASE_FINE,5.0,UNCERTAIN_CONTEXT,1.0,STALE_SAMPLE,0.277,A-1.0-ppr,7.006,-0.002,-0.0,0.004899,4.000102,-1.0,0.025,7.021426,1.521426,0,0,0.0,0.0,1.0,0.5,4.000102
2026-09-29T23:04:56.205Z,LAT-00167-16ff55,BASE_FINE,2.8,ACCEPTABLE_CONTEXT,0.00409,OK,0.5817,A-1.0-ppr,7.004,-0.002,0.011429,0.010198,0.300105,-1.0,0.014,7.012535,1.512535,0,0,0.0,0.0,1.0,0.5,0.300105
2026-09-29T23:04:56.206Z,LAT-00168-c906a7,BASE_FINE,1.7,UNCERTAIN_CONTEXT,1.0,STALE_SAMPLE,0.2703,A-1.0-ppr,7.006,0.002,-0.0,0.004899,4.000101,-1.0,0.0085,7.011217,1.511217,0,0,0.0,0.0,1.0,0.5,4.000101
2026-09-29T23:04:56.206Z,LAT-00169-f31d22,ACID_FINE,9.5,ACCEPTABLE_CONTEXT,0.00409,OK,0.5316,A-1.0-ppr,6.996,-0.001,-0.001429,0.004899,0.3001,1.0,0.0475,6.970177,1.470177,0,0,0.0,0.0,1.0,0.5,0.3001
2026-09-29T23:04:56.207Z,LAT-00170-ecae9b,BASE_FINE,9.2,ACCEPTABLE_CONTEXT,0.00409,OK,0.534,A-1.0-ppr,6.984,-0.003,0.015714,0.016248,0.30011,-1.0,0.046,7.01147,1.51147,0,0,0.0,0.0,1.0,0.5,0.30011
2026-09-29T23:04:56.207Z,LAT-00171-eab11f,BASE_FINE,1.1,UNCERTAIN_CONTEXT,1.0,STALE_SAMPLE,0.2436,A-1.0-ppr,6.998,0.001,0.001429,0.004,4.000101,-1.0,0.0055,7.001265,1.501265,0,0,0.0,0.0,1.0,0.5,4.000101
2026-09-29T23:04:56.208Z,LAT-00172-f66af7,ACID_FINE,8.2,ACCEPTABLE_CONTEXT,0.00409,OK,0.5544,A-1.0-ppr,7.004,0.0,-0.008571,0.010198,0.300101,1.0,0.041,6.981409,1.481409,0,0,0.0,0.0,1.0,0.5,0.300101
2026-09-29T23:04:56.209Z,LAT-00173-2de8c5,ACID_BULK,15.0,HARMFUL_CONTEXT,1.0,"PREDICTED_UNSAFE:a,b,d",0.2788,A-1.0-ppr,6.2,0.0,-0.002857,0.010954,0.300101,1.0,7.5,2.966487,-2.533513,0,0,0.0,0.0,1.0,0.5,0.300101
2026-09-29T23:04:56.209Z,LAT-00174-7a3fbf,ACID_FINE,9.9,ACCEPTABLE_CONTEXT,0.00409,OK,0.5297,A-1.0-ppr,7.0,-0.001,-0.007143,0.010954,0.300101,1.0,0.0495,6.97296,1.47296,0,0,0.0,0.0,1.0,0.5,0.300101
2026-09-29T23:04:56.210Z,LAT-00175-2e3330,BASE_FINE,1.3,UNCERTAIN_CONTEXT,1.0,STALE_SAMPLE,0.2515,A-1.0-ppr,6.994,0.001,0.001429,0.004899,4.000101,-1.0,0.0065,6.997859,1.497859,0,0,0.0,0.0,1.0,0.5,4.000101
2026-09-29T23:04:56.210Z,LAT-00176-840e09,ACID_BULK,15.3,HARMFUL_CONTEXT,1.0,"PREDICTED_UNSAFE:a,b,d",0.2758,A-1.0-ppr,6.204,-0.006,-0.008571,0.012,0.300101,1.0,7.65,2.955554,-2.544446,0,0,0.0,0.0,1.0,0.5,0.300101
2026-09-29T23:04:56.211Z,LAT-00177-dc2274,ACID_BULK,11.7,HARMFUL_CONTEXT,1.0,"PREDICTED_UNSAFE:a,b,d",0.2745,A-1.0-ppr,6.2,0.002,-0.011429,0.014142,0.300109,1.0,5.85,3.123466,-2.376534,0,0,0.0,0.0,1.0,0.5,0.300109
2026-09-29T23:04:56.212Z,LAT-00178-56d01c,BASE_FINE,9.4,ACCEPTABLE_CONTEXT,0.006187,OK,0.5856,A-1.0-ppr,3.504,-0.003,0.001429,0.004899,0.3001,-1.0,0.047,3.520655,-1.979345,0,0,0.0,0.0,1.0,0.5,0.3001
2026-09-29T23:04:56.212Z,LAT-00179-7a6fe9,BASE_FINE,3.0,ACCEPTABLE_CONTEXT,0.00409,OK,0.5478,A-1.0-ppr,6.998,0.001,-0.004286,0.007483,0.300104,-1.0,0.015,7.006901,1.506901,0,0,0.0,0.0,1.0,0.5,0.300104
2026-09-29T23:04:56.213Z,LAT-00180-06fb00,ACID_FINE,3.4,ACCEPTABLE_CONTEXT,0.00409,OK,0.5748,A-1.0-ppr,7.004,-0.004,-0.0,0.008,0.300106,1.0,0.017,6.994622,1.494622,0,0,0.0,0.0,1.0,0.5,0.300106
2026-09-29T23:04:56.214Z,LAT-00181-b1aad2,ACID_BULK,19.7,HARMFUL_CONTEXT,1.0,"PREDICTED_UNSAFE:a,b,d",0.2793,A-1.0-ppr,6.196,0.003,0.01,0.010198,0.300101,1.0,9.85,2.810073,-2.689927,0,0,0.0,0.0,1.0,0.5,0.300101
2026-09-29T23:04:56.214Z,LAT-00182-966783,BASE_FINE,3.8,UNCERTAIN_CONTEXT,1.0,STALE_SAMPLE,0.2407,A-1.0-ppr,6.998,0.003,0.004286,0.011662,4.000099,-1.0,0.019,7.009368,1.509368,0,0,0.0,0.0,1.0,0.5,4.000099
2026-09-29T23:04:56.215Z,LAT-00183-5b35b3,ACID_BULK,14.0,HARMFUL_CONTEXT,1.0,"PREDICTED_UNSAFE:a,b,d",0.2751,A-1.0-ppr,6.196,0.002,0.002857,0.008,0.300104,1.0,7.0,3.007353,-2.492647,0,0,0.0,0.0,1.0,0.5,0.300104
2026-09-29T23:04:56.215Z,LAT-00184-236330,BASE_FINE,2.4,UNCERTAIN_CONTEXT,1.0,STALE_SAMPLE,0.2406,A-1.0-ppr,6.998,0.001,-0.007143,0.007483,4.000098,-1.0,0.012,7.005122,1.505122,0,0,0.0,0.0,1.0,0.5,4.000098
2026-09-29T23:04:56.216Z,LAT-00185-9c5ab4,BASE_FINE,4.7,ACCEPTABLE_CONTEXT,0.00409,OK,0.5385,A-1.0-ppr,6.998,-0.008,-0.002857,0.011662,0.300097,-1.0,0.0235,7.012154,1.512154,0,0,0.0,0.0,1.0,0.5,0.300097
2026-09-29T23:04:56.217Z,LAT-00186-6f8881,BASE_FINE,8.3,ACCEPTABLE_CONTEXT,0.006187,OK,0.5816,A-1.0-ppr,3.506,-0.004,-0.005714,0.008,0.300113,-1.0,0.0415,3.520741,-1.979259,0,0,0.0,0.0,1.0,0.5,0.300113
2026-09-29T23:04:56.217Z,LAT-00187-64f4ad,ACID_BULK,16.3,HARMFUL_CONTEXT,1.0,"PREDICTED_UNSAFE:a,b,d",0.2787,A-1.0-ppr,6.192,0.001,-0.007143,0.007483,0.30011,1.0,8.15,2.915882,-2.584118,0,0,0.0,0.0,1.0,0.5,0.30011
2026-09-29T23:04:56.218Z,LAT-00188-64ec84,ACID_FINE,9.9,ACCEPTABLE_CONTEXT,0.00409,OK,0.5321,A-1.0-ppr,7.0,0.0,0.008571,0.008944,0.3001,1.0,0.0495,6.97296,1.47296,0,0,0.0,0.0,1.0,0.5,0.3001
2026-09-29T23:04:56.219Z,LAT-00189-921a6c,BASE_FINE,9.2,ACCEPTABLE_CONTEXT,0.006187,OK,0.5785,A-1.0-ppr,3.496,-0.01,0.002857,0.014967,0.300107,-1.0,0.046,3.51201,-1.98799,0,0,0.0,0.0,1.0,0.5,0.300107
2026-09-29T23:04:56.219Z,LAT-00190-a3cf0e,ACID_BULK,12.0,HARMFUL_CONTEXT,1.0,"PREDICTED_UNSAFE:a,b,d",0.28,A-1.0-ppr,6.206,0.001,-0.007143,0.008,0.300099,1.0,6.0,3.108463,-2.391537,0,0,0.0,0.0,1.0,0.5,0.300099
2026-09-29T23:04:56.220Z,LAT-00191-7f6442,BASE_FINE,3.8,ACCEPTABLE_CONTEXT,0.003849,OK,0.5516,A-1.0-ppr,7.002,0.006,0.002857,0.009798,0.300099,-1.0,0.019,7.013543,1.513543,0,0,0.0,0.0,1.0,0.5,0.300099
2026-09-29T23:04:56.220Z,LAT-00192-bca35b,BASE_FINE,2.3,UNCERTAIN_CONTEXT,1.0,STALE_SAMPLE,0.2706,A-1.0-ppr,7.002,0.006,-0.002857,0.009798,4.0001,-1.0,0.0115,7.008898,1.508898,0,0,0.0,0.0,1.0,0.5,4.0001
2026-09-29T23:04:56.221Z,LAT-00193-428c73,BASE_FINE,1.6,UNCERTAIN_CONTEXT,1.0,STALE_SAMPLE,0.2689,A-1.0-ppr,7.008,0.0,0.002857,0.004,4.000099,-1.0,0.008,7.012957,1.512957,0,0,0.0,0.0,1.0,0.5,4.000099
2026-09-29T23:04:56.221Z,LAT-00194-594453,ACID_BULK,14.7,HARMFUL_CONTEXT,1.0,"PREDICTED_UNSAFE:a,b,d",0.2752,A-1.0-ppr,6.198,-0.005,0.007143,0.011662,0.300099,1.0,7.35,2.978162,-2.521838,0,0,0.0,0.0,1.0,0.5,0.300099
2026-09-29T23:04:56.222Z,LAT-00195-249b67,BASE_FINE,5.5,ACCEPTABLE_CONTEXT,0.00409,OK,0.5316,A-1.0-ppr,7.0,0.002,0.005714,0.006325,0.300099,-1.0,0.0275,7.016715,1.516715,0,0,0.0,0.0,1.0,0.5,0.300099
2026-09-29T23:04:56.222Z,LAT-00196-48ee46,BASE_FINE,2.6,UNCERTAIN_CONTEXT,1.0,STALE_SAMPLE,0.2525,A-1.0-ppr,6.994,-0.002,0.005714,0.008,4.0001,-1.0,0.013,7.001717,1.501717,0,0,0.0,0.0,1.0,0.5,4.0001
2026-09-29T23:04:56.223Z,LAT-00197-b7277d,ACID_FINE,9.2,ACCEPTABLE_CONTEXT,0.00409,OK,0.548,A-1.0-ppr,7.002,-0.002,0.002857,0.004,0.300098,1.0,0.046,6.976734,1.476734,0,0,0.0,0.0,1.0,0.5,0.300098
2026-09-29T23:04:56.224Z,LAT-00198-d73ab1,BASE_FINE,2.1,ACCEPTABLE_CONTEXT,0.003849,OK,0.5513,A-1.0-ppr,7.002,0.004,-0.002857,0.007483,0.300101,-1.0,0.0105,7.008279,1.508279,0,0,0.0,0.0,1.0,0.5,0.300101
2026-09-29T23:04:56.224Z,LAT-00199-400775,ACID_BULK,11.2,HARMFUL_CONTEXT,1.0,"PREDICTED_UNSAFE:a,b,d",0.2793,A-1.0-ppr,6.206,-0.002,0.002857,0.008,0.300101,1.0,5.6,3.15519,-2.34481,0,0,0.0,0.0,1.0,0.5,0.300101
2026-09-29T23:04:56.225Z,LAT-00200-86fce7,BASE_FINE,7.8,ACCEPTABLE_CONTEXT,0.00409,OK,0.5335,A-1.0-ppr,7.0,-0.004,-0.002857,0.012649,0.300099,-1.0,0.039,7.023822,1.523822,0,0,0.0,0.0,1.0,0.5,0.300099
2026-09-29T23:04:56.225Z,LAT-00201-debeaf,ACID_BULK,11.8,HARMFUL_CONTEXT,1.0,"PREDICTED_UNSAFE:a,b,d",0.2791,A-1.0-ppr,6.2,-0.002,0.005714,0.006325,0.300101,1.0,5.9,3.117771,-2.382229,0,0,0.0,0.0,1.0,0.5,0.300101
2026-09-29T23:04:56.226Z,LAT-00202-c461e4,ACID_BULK,14.4,HARMFUL_CONTEXT,1.0,"PREDICTED_UNSAFE:a,b,d",0.2767,A-1.0-ppr,6.2,-0.006,-0.008571,0.012649,0.300099,1.0,7.2,2.991116,-2.508884,0,0,0.0,0.0,1.0,0.5,0.300099
2026-09-29T23:04:56.226Z,LAT-00203-ba5191,ACID_BULK,17.4,HARMFUL_CONTEXT,1.0,"PREDICTED_UNSAFE:a,b,d",0.2764,A-1.0-ppr,6.204,0.002,-0.005714,0.010198,0.300105,1.0,8.7,2.880716,-2.619284,0,0,0.0,0.0,1.0,0.5,0.300105
2026-09-29T23:04:56.227Z,LAT-00204-91a442,BASE_FINE,3.2,UNCERTAIN_CONTEXT,1.0,STALE_SAMPLE,0.2484,A-1.0-ppr,6.996,0.0,0.014286,0.012,4.000099,-1.0,0.016,7.005495,1.505495,0,0,0.0,0.0,1.0,0.5,4.000099
2026-09-29T23:04:56.228Z,LAT-00205-ef0add,BASE_FINE,3.0,ACCEPTABLE_CONTEXT,0.006187,OK,0.571,A-1.0-ppr,3.502,0.001,-0.001429,0.004,0.300097,-1.0,0.015,3.507231,-1.992769,0,0,0.0,0.0,1.0,0.5,0.300097
2026-09-29T23:04:56.228Z,LAT-00206-00fcf8,BASE_FINE,3.1,UNCERTAIN_CONTEXT,1.0,STALE_SAMPLE,0.2589,A-1.0-ppr,6.994,-0.002,0.002857,0.008,4.000106,-1.0,0.0155,7.0032,1.5032,0,0,0.0,0.0,1.0,0.5,4.000106
2026-09-29T23:04:56.229Z,LAT-00207-2c91f7,ACID_BULK,15.4,HARMFUL_CONTEXT,1.0,"PREDICTED_UNSAFE:a,b,d",0.2768,A-1.0-ppr,6.202,-0.005,-0.004286,0.011662,0.300098,1.0,7.7,2.951248,-2.548752,0,0,0.0,0.0,1.0,0.5,0.300098
2026-09-29T23:04:56.229Z,LAT-00208-e95815,ACID_FINE,8.0,ACCEPTABLE_CONTEXT,0.00409,OK,0.5324,A-1.0-ppr,7.0,-0.002,0.005714,0.006325,0.300106,1.0,0.04,6.977989,1.477989,0,0,0.0,0.0,1.0,0.5,0.300106
2026-09-29T23:04:56.230Z,LAT-00209-9f02c6,ACID_BULK,13.9,HARMFUL_CONTEXT,1.0,"PREDICTED_UNSAFE:a,b,d",0.2799,A-1.0-ppr,6.206,0.0,0.002857,0.004899,0.3001,1.0,6.95,3.014266,-2.485734,0,0,0.0,0.0,1.0,0.5,0.3001
2026-09-29T23:04:56.230Z,LAT-00210-e790da,BASE_FINE,2.5,UNCERTAIN_CONTEXT,1.0,STALE_SAMPLE,0.269,A-1.0-ppr,7.002,0.001,0.001429,0.007483,4.000099,-1.0,0.0125,7.009518,1.509518,0,0,0.0,0.0,1.0,0.5,4.000099
2026-09-29T23:04:56.231Z,LAT-00211-a36493,BASE_FINE,6.1,ACCEPTABLE_CONTEXT,0.003849,OK,0.5337,A-1.0-ppr,6.992,0.005,-0.001429,0.007483,0.300098,-1.0,0.0305,7.010226,1.510226,0,0,0.0,0.0,1.0,0.5,0.300098
2026-09-29T23:04:56.231Z,LAT-00212-de4bf0,ACID_BULK,15.7,HARMFUL_CONTEXT,1.0,"PREDICTED_UNSAFE:a,b,d",0.2798,A-1.0-ppr,6.196,0.001,0.007143,0.010198,0.3001,1.0,7.85,2.93857,-2.56143,0,0,0.0,0.0,1.0,0.5,0.3001
2026-09-29T23:04:56.232Z,LAT-00213-ad8589,ACID_BULK,16.6,HARMFUL_CONTEXT,1.0,"PREDICTED_UNSAFE:a,b,d",0.2765,A-1.0-ppr,6.212,0.0,0.002857,0.007483,0.300099,1.0,8.3,2.909284,-2.590716,0,0,0.0,0.0,1.0,0.5,0.300099
2026-09-29T23:04:56.232Z,LAT-00214-3c767b,BASE_FINE,1.7,UNCERTAIN_CONTEXT,1.0,STALE_SAMPLE,0.2796,A-1.0-ppr,7.004,0.003,0.001429,0.004899,4.000098,-1.0,0.0085,7.009128,1.509128,0,0,0.0,0.0,1.0,0.5,4.000098
2026-09-29T23:04:56.233Z,LAT-00215-bd3920,BASE_FINE,8.4,ACCEPTABLE_CONTEXT,0.006187,OK,0.5761,A-1.0-ppr,3.5,0.002,0.008571,0.010954,0.300098,-1.0,0.042,3.514726,-1.985274,0,0,0.0,0.0,1.0,0.5,0.300098
2026-09-29T23:04:56.234Z,LAT-00216-d4d45e,BASE_FINE,4.0,UNCERTAIN_CONTEXT,1.0,STALE_SAMPLE,0.2712,A-1.0-ppr,7.002,-0.001,0.001429,0.013266,4.000106,-1.0,0.02,7.014162,1.514162,0,0,0.0,0.0,1.0,0.5,4.000106
2026-09-29T23:04:56.234Z,LAT-00217-da7277,BASE_FINE,6.9,ACCEPTABLE_CONTEXT,0.00409,OK,0.54,A-1.0-ppr,7.0,-0.006,-0.005714,0.010954,0.300164,-1.0,0.0345,7.021043,1.521043,0,0,0.0,0.0,1.0,0.5,0.300164
2026-09-29T23:04:56.235Z,LAT-00218-907e0f,ACID_FINE,2.1,ACCEPTABLE_CONTEXT,0.00409,OK,0.5268,A-1.0-ppr,6.998,0.0,0.002857,0.004,0.300103,1.0,0.0105,6.992209,1.492209,0,0,0.0,0.0,1.0,0.5,0.300103
2026-09-29T23:04:56.236Z,LAT-00219-255e63,BASE_FINE,3.0,UNCERTAIN_CONTEXT,1.0,STALE_SAMPLE,0.2465,A-1.0-ppr,6.998,0.003,0.001429,0.007483,4.000101,-1.0,0.015,7.006901,1.506901,0,0,0.0,0.0,1.0,0.5,4.000101
2026-09-29T23:04:56.236Z,LAT-00220-3197c6,ACID_FINE,5.1,ACCEPTABLE_CONTEXT,0.003572,OK,0.5354,A-1.0-ppr,6.996,0.003,-0.004286,0.010198,0.300101,1.0,0.0255,6.981951,1.481951,0,0,0.0,0.0,1.0,0.5,0.300101
2026-09-29T23:04:56.237Z,LAT-00221-c70c76,BASE_FINE,6.4,ACCEPTABLE_CONTEXT,0.00409,OK,0.5333,A-1.0-ppr,6.998,0.002,-0.002857,0.004,0.3001,-1.0,0.032,7.017413,1.517413,0,0,0.0,0.0,1.0,0.5,0.3001
2026-09-29T23:04:56.238Z,LAT-00222-7c7fb4,ACID_BULK,11.0,HARMFUL_CONTEXT,1.0,"PREDICTED_UNSAFE:a,b,d",0.2788,A-1.0-ppr,6.204,0.002,-0.005714,0.012,0.300105,1.0,5.5,3.166996,-2.333004,0,0,0.0,0.0,1.0,0.5,0.300105
2026-09-29T23:04:56.238Z,LAT-00223-e5b35b,BASE_FINE,5.3,ACCEPTABLE_CONTEXT,0.00409,OK,0.5668,A-1.0-ppr,7.004,-0.001,-0.001429,0.010198,0.300099,-1.0,0.0265,7.020268,1.520268,0,0,0.0,0.0,1.0,0.5,0.300099
2026-09-29T23:04:56.239Z,LAT-00224-ef7d65,BASE_FINE,2.7,ACCEPTABLE_CONTEXT,0.006187,OK,0.5702,A-1.0-ppr,3.494,-0.005,0.001429,0.010198,0.300107,-1.0,0.0135,3.498624,-2.001376,0,0,0.0,0.0,1.0,0.5,0.300107
2026-09-29T23:04:56.240Z,LAT-00225-5409b7,BASE_FINE,1.5,UNCERTAIN_CONTEXT,1.0,STALE_SAMPLE,0.282,A-1.0-ppr,7.004,0.003,0.001429,0.004899,4.000099,-1.0,0.0075,7.008509,1.508509,0,0,0.0,0.0,1.0,0.5,4.000099
2026-09-29T23:04:56.240Z,LAT-00226-308884,ACID_FINE,1.8,ACCEPTABLE_CONTEXT,0.003572,OK,0.5357,A-1.0-ppr,7.0,0.004,0.005714,0.008944,0.3001,1.0,0.009,6.995035,1.495035,0,0,0.0,0.0,1.0,0.5,0.3001
2026-09-29T23:04:56.241Z,LAT-00227-ec6a9e,ACID_FINE,3.1,ACCEPTABLE_CONTEXT,0.00409,OK,0.54,A-1.0-ppr,6.994,-0.002,-0.0,0.004899,0.300099,1.0,0.0155,6.985457,1.485457,0,0,0.0,0.0,1.0,0.5,0.300099
2026-09-29T23:04:56.242Z,LAT-00228-b1b988,ACID_FINE,1.4,ACCEPTABLE_CONTEXT,0.003572,OK,0.5288,A-1.0-ppr,6.994,0.005,-0.001429,0.012,0.300099,1.0,0.007,6.99014,1.49014,0,0,0.0,0.0,1.0,0.5,0.300099
2026-09-29T23:04:56.242Z,LAT-00229-261bd8,ACID_BULK,12.5,HARMFUL_CONTEXT,1.0,"PREDICTED_UNSAFE:a,b,d",0.2788,A-1.0-ppr,6.2,0.004,-0.005714,0.008944,0.300101,1.0,6.25,3.079873,-2.420127,0,0,0.0,0.0,1.0,0.5,0.300101
2026-09-29T23:04:56.243Z,LAT-00230-a89377,ACID_BULK,13.1,HARMFUL_CONTEXT,1.0,"PREDICTED_UNSAFE:a,b,d",0.2756,A-1.0-ppr,6.204,-0.002,-0.005714,0.010198,0.300099,1.0,6.55,3.050921,-2.449079,0,0,0.0,0.0,1.0,0.5,0.300099
2026-09-29T23:04:56.243Z,LAT-00231-4bc376,ACID_BULK,14.1,HARMFUL_CONTEXT,1.0,"PREDICTED_UNSAFE:a,b,d",0.2754,A-1.0-ppr,6.198,0.002,-0.008571,0.011662,0.300098,1.0,7.05,3.003485,-2.496515,0,0,0.0,0.0,1.0,0.5,0.300098
2026-09-29T23:04:56.244Z,LAT-00232-b6b995,BASE_FINE,2.7,ACCEPTABLE_CONTEXT,0.00409,OK,0.5579,A-1.0-ppr,7.004,0.002,-0.0,0.004899,0.300097,-1.0,0.0135,7.012225,1.512225,0,0,0.0,0.0,1.0,0.5,0.300097
2026-09-29T23:04:56.245Z,LAT-00233-3a398b,ACID_FINE,7.5,ACCEPTABLE_CONTEXT,0.003572,OK,0.5444,A-1.0-ppr,7.002,0.006,-0.002857,0.009798,0.300099,1.0,0.0375,6.981338,1.481338,0,0,0.0,0.0,1.0,0.5,0.300099
2026-09-29T23:04:56.245Z,LAT-00234-36e33d,ACID_FINE,0.8,ACCEPTABLE_CONTEXT,0.003572,OK,0.5371,A-1.0-ppr,6.994,0.003,0.001429,0.004899,0.3001,1.0,0.004,6.991794,1.491794,0,0,0.0,0.0,1.0,0.5,0.3001
2026-09-29T23:04:56.246Z,LAT-00235-47d230,ACID_BULK,16.4,HARMFUL_CONTEXT,1.0,"PREDICTED_UNSAFE:a,b,d",0.3623,A-1.0-ppr,6.198,0.004,0.002857,0.007483,0.300143,1.0,8.2,2.913548,-2.586452,0,0,0.0,0.0,1.0,0.5,0.300143
2026-09-29T23:04:56.247Z,LAT-00236-9500ef,BASE_FINE,1.6,UNCERTAIN_CONTEXT,1.0,STALE_SAMPLE,0.2825,A-1.0-ppr,6.998,0.001,-0.001429,0.017205,4.000127,-1.0,0.008,7.002749,1.502749,0,0,0.0,0.0,1.0,0.5,4.000127
2026-09-29T23:04:56.247Z,LAT-00237-79992c,BASE_FINE,3.7,ACCEPTABLE_CONTEXT,0.006187,OK,0.6653,A-1.0-ppr,3.51,0.002,0.005714,0.006325,0.300118,-1.0,0.0185,3.516573,-1.983427,0,0,0.0,0.0,1.0,0.5,0.300118
2026-09-29T23:04:56.248Z,LAT-00238-d9a35c,ACID_BULK,11.7,HARMFUL_CONTEXT,1.0,"PREDICTED_UNSAFE:a,b,d",0.3086,A-1.0-ppr,6.2,0.0,0.002857,0.010954,0.300117,1.0,5.85,3.123466,-2.376534,0,0,0.0,0.0,1.0,0.5,0.300117
2026-09-29T23:04:56.249Z,LAT-00239-dda36c,BASE_FINE,4.8,ACCEPTABLE_CONTEXT,0.006187,OK,0.6045,A-1.0-ppr,3.494,0.0,-0.002857,0.004899,0.30011,-1.0,0.024,3.502251,-1.997749,0,0,0.0,0.0,1.0,0.5,0.30011
2026-09-29T23:04:56.250Z,LAT-00240-0f5f72,BASE_FINE,8.6,ACCEPTABLE_CONTEXT,0.00409,OK,0.5909,A-1.0-ppr,7.006,0.0,0.002857,0.004899,0.300111,-1.0,0.043,7.032535,1.532535,0,0,0.0,0.0,1.0,0.5,0.300111
2026-09-29T23:04:56.250Z,LAT-00241-029729,BASE_FINE,7.1,ACCEPTABLE_CONTEXT,0.00409,OK,0.5728,A-1.0-ppr,7.002,-0.005,0.007143,0.009798,0.300109,-1.0,0.0355,7.023744,1.523744,0,0,0.0,0.0,1.0,0.5,0.300109
2026-09-29T23:04:56.251Z,LAT-00242-7cb09c,ACID_BULK,14.5,HARMFUL_CONTEXT,1.0,"PREDICTED_UNSAFE:a,b,d",0.2903,A-1.0-ppr,6.198,0.002,0.005714,0.007483,0.300107,1.0,7.25,2.986439,-2.513561,0,0,0.0,0.0,1.0,0.5,0.300107
2026-09-29T23:04:56.251Z,LAT-00243-0f702f,ACID_BULK,17.3,HARMFUL_CONTEXT,1.0,"PREDICTED_UNSAFE:a,b,d",0.2872,A-1.0-ppr,6.19,0.004,0.002857,0.010954,0.300107,1.0,8.65,2.881405,-2.618595,0,0,0.0,0.0,1.0,0.5,0.300107
2026-09-29T23:04:56.252Z,LAT-00244-78d4fb,ACID_BULK,15.5,HARMFUL_CONTEXT,1.0,"PREDICTED_UNSAFE:a,b,d",0.2847,A-1.0-ppr,6.208,0.006,0.002857,0.009798,0.300106,1.0,7.75,2.948696,-2.551304,0,0,0.0,0.0,1.0,0.5,0.300106
2026-09-29T23:04:56.252Z,LAT-00245-f0a9eb,BASE_FINE,1.7,UNCERTAIN_CONTEXT,1.0,STALE_SAMPLE,0.2466,A-1.0-ppr,6.998,0.001,-0.001429,0.007483,4.000104,-1.0,0.0085,7.003045,1.503045,0,0,0.0,0.0,1.0,0.5,4.000104
2026-09-29T23:04:56.253Z,LAT-00246-a3165c,ACID_FINE,3.4,ACCEPTABLE_CONTEXT,0.00409,OK,0.5722,A-1.0-ppr,7.006,-0.001,0.01,0.010198,0.300103,1.0,0.017,6.996621,1.496621,0,0,0.0,0.0,1.0,0.5,0.300103
2026-09-29T23:04:56.254Z,LAT-00247-edb876,BASE_FINE,2.1,UNCERTAIN_CONTEXT,1.0,STALE_SAMPLE,0.2843,A-1.0-ppr,7.002,0.002,0.002857,0.004,4.000105,-1.0,0.0105,7.008279,1.508279,0,0,0.0,0.0,1.0,0.5,4.000105
2026-09-29T23:04:56.254Z,LAT-00248-4618d8,ACID_FINE,5.6,ACCEPTABLE_CONTEXT,0.00409,OK,0.5462,A-1.0-ppr,7.0,0.001,0.004286,0.010954,0.300106,1.0,0.028,6.984568,1.484568,0,0,0.0,0.0,1.0,0.5,0.300106
2026-09-29T23:04:56.255Z,LAT-00249-22b2e7,BASE_FINE,7.6,ACCEPTABLE_CONTEXT,0.006187,OK,0.5871,A-1.0-ppr,3.496,0.001,-0.001429,0.004899,0.300105,-1.0,0.038,3.509188,-1.990812,0,0,0.0,0.0,1.0,0.5,0.300105
2026-09-29T23:04:56.256Z,LAT-00250-c81f3d,BASE_FINE,1.9,ACCEPTABLE_CONTEXT,0.00409,OK,0.5648,A-1.0-ppr,7.006,-0.002,0.014286,0.014967,0.300105,-1.0,0.0095,7.011836,1.511836,0,0,0.0,0.0,1.0,0.5,0.300105
2026-09-29T23:04:56.257Z,LAT-00251-41a573,ACID_FINE,5.2,ACCEPTABLE_CONTEXT,0.00409,OK,0.5703,A-1.0-ppr,7.004,-0.002,-0.008571,0.008,0.300106,1.0,0.026,6.989663,1.489663,0,0,0.0,0.0,1.0,0.5,0.300106
2026-09-29T23:04:56.257Z,LAT-00252-b361b9,ACID_FINE,1.7,ACCEPTABLE_CONTEXT,0.00409,OK,0.5378,A-1.0-ppr,7.0,-0.002,-0.005714,0.006325,0.300107,1.0,0.0085,6.995311,1.495311,0,0,0.0,0.0,1.0,0.5,0.300107
2026-09-29T23:04:56.258Z,LAT-00253-efcdaf,ACID_FINE,8.0,ACCEPTABLE_CONTEXT,0.00409,OK,0.5638,A-1.0-ppr,7.006,-0.002,-0.005714,0.008,0.300105,1.0,0.04,6.983954,1.483954,0,0,0.0,0.0,1.0,0.5,0.300105
2026-09-29T23:04:56.259Z,LAT-00254-51760b,BASE_FINE,4.1,UNCERTAIN_CONTEXT,1.0,STALE_SAMPLE,0.2583,A-1.0-ppr,7.0,0.003,0.001429,0.010954,4.000105,-1.0,0.0205,7.012384,1.512384,0,0,0.0,0.0,1.0,0.5,4.000105
2026-09-29T23:04:56.259Z,LAT-00255-0b38b4,BASE_FINE,2.9,UNCERTAIN_CONTEXT,1.0,STALE_SAMPLE,0.2794,A-1.0-ppr,7.004,0.001,0.004286,0.008,4.000104,-1.0,0.0145,7.012844,1.512844,0,0,0.0,0.0,1.0,0.5,4.000104
2026-09-29T23:04:56.260Z,LAT-00256-2b29de,BASE_FINE,6.6,ACCEPTABLE_CONTEXT,0.00409,OK,0.5302,A-1.0-ppr,6.998,0.002,-0.002857,0.004,0.300101,-1.0,0.033,7.018031,1.518031,0,0,0.0,0.0,1.0,0.5,0.300101
2026-09-29T23:04:56.261Z,LAT-00257-fffcae,BASE_FINE,7.1,ACCEPTABLE_CONTEXT,0.00409,OK,0.554,A-1.0-ppr,7.002,0.0,-0.011429,0.009798,0.300106,-1.0,0.0355,7.023744,1.523744,0,0,0.0,0.0,1.0,0.5,0.300106
2026-09-29T23:04:56.261Z,LAT-00258-c9c30b,BASE_FINE,7.0,ACCEPTABLE_CONTEXT,0.00409,OK,0.563,A-1.0-ppr,7.004,-0.006,-0.002857,0.010198,0.300105,-1.0,0.035,7.025519,1.525519,0,0,0.0,0.0,1.0,0.5,0.300105
2026-09-29T23:04:56.262Z,LAT-00259-51b9a7,ACID_FINE,1.7,ACCEPTABLE_CONTEXT,0.00409,OK,0.5512,A-1.0-ppr,7.01,0.001,-0.015714,0.014142,0.300104,1.0,0.0085,7.005185,1.505185,0,0,0.0,0.0,1.0,0.5,0.300104
2026-09-29T23:04:56.263Z,LAT-00260-e7eeb5,BASE_FINE,2.0,ACCEPTABLE_CONTEXT,0.00409,OK,0.5261,A-1.0-ppr,6.998,0.0,-0.011429,0.013266,0.300105,-1.0,0.01,7.003935,1.503935,0,0,0.0,0.0,1.0,0.5,0.300105
2026-09-29T23:04:56.263Z,LAT-00261-c1f2e8,ACID_BULK,17.2,HARMFUL_CONTEXT,1.0,"PREDICTED_UNSAFE:a,b,d",0.2826,A-1.0-ppr,6.198,0.005,-0.001429,0.011662,0.300105,1.0,8.6,2.886187,-2.613813,0,0,0.0,0.0,1.0,0.5,0.300105
2026-09-29T23:04:56.264Z,LAT-00262-8dd63b,BASE_FINE,0.9,ACCEPTABLE_CONTEXT,0.00409,OK,0.5311,A-1.0-ppr,6.99,-0.005,-0.004286,0.010954,0.300104,-1.0,0.0045,6.992672,1.492672,0,0,0.0,0.0,1.0,0.5,0.300104
2026-09-29T23:04:56.265Z,LAT-00263-8e232c,BASE_FINE,9.1,ACCEPTABLE_CONTEXT,0.006187,OK,0.5787,A-1.0-ppr,3.508,0.001,-0.004286,0.011662,0.300103,-1.0,0.0455,3.524257,-1.975743,0,0,0.0,0.0,1.0,0.5,0.300103
2026-09-29T23:04:56.266Z,LAT-00264-4952b5,BASE_FINE,5.6,ACCEPTABLE_CONTEXT,0.00409,OK,0.5491,A-1.0-ppr,7.006,0.002,-0.0,0.004899,0.300105,-1.0,0.028,7.02328,1.52328,0,0,0.0,0.0,1.0,0.5,0.300105
2026-09-29T23:04:56.266Z,LAT-00265-3aa0b9,ACID_BULK,12.2,HARMFUL_CONTEXT,1.0,"PREDICTED_UNSAFE:a,b,d",0.283,A-1.0-ppr,6.19,0.001,0.001429,0.006325,0.300104,1.0,6.1,3.092693,-2.407307,0,0,0.0,0.0,1.0,0.5,0.300104
2026-09-29T23:04:56.267Z,LAT-00266-86566e,BASE_FINE,4.2,UNCERTAIN_CONTEXT,1.0,STALE_SAMPLE,0.2524,A-1.0-ppr,6.996,0.0,0.002857,0.004899,4.000114,-1.0,0.021,7.008519,1.508519,0,0,0.0,0.0,1.0,0.5,4.000114
2026-09-29T23:04:56.267Z,LAT-00267-339ead,ACID_FINE,8.7,ACCEPTABLE_CONTEXT,0.003572,OK,0.567,A-1.0-ppr,7.006,0.003,-0.001429,0.004899,0.3001,1.0,0.0435,6.98203,1.48203,0,0,0.0,0.0,1.0,0.5,0.3001
2026-09-29T23:04:56.268Z,LAT-00268-630f6e,BASE_FINE,4.1,ACCEPTABLE_CONTEXT,0.006187,OK,0.5884,A-1.0-ppr,3.496,-0.002,-0.0,0.004899,0.300103,-1.0,0.0205,3.50307,-1.99693,0,0,0.0,0.0,1.0,0.5,0.300103
2026-09-29T23:04:56.269Z,LAT-00269-9b3cc7,ACID_BULK,14.5,HARMFUL_CONTEXT,1.0,"PREDICTED_UNSAFE:a,b,d",0.284,A-1.0-ppr,6.204,0.004,-0.008571,0.010198,0.300103,1.0,7.25,2.987856,-2.512144,0,0,0.0,0.0,1.0,0.5,0.300103
2026-09-29T23:04:56.269Z,LAT-00270-fab590,BASE_FINE,7.7,ACCEPTABLE_CONTEXT,0.00409,OK,0.5606,A-1.0-ppr,7.004,-0.001,0.001429,0.004899,0.300103,-1.0,0.0385,7.027679,1.527679,0,0,0.0,0.0,1.0,0.5,0.300103
2026-09-29T23:04:56.270Z,LAT-00271-d1a4d8,ACID_BULK,15.5,HARMFUL_CONTEXT,1.0,"PREDICTED_UNSAFE:a,b,d",0.281,A-1.0-ppr,6.204,-0.004,-0.008571,0.010198,0.300101,1.0,7.75,2.947842,-2.552158,0,0,0.0,0.0,1.0,0.5,0.300101
2026-09-29T23:04:56.271Z,LAT-00272-c2b0a5,BASE_FINE,2.9,ACCEPTABLE_CONTEXT,0.006187,OK,0.5677,A-1.0-ppr,3.5,0.002,-0.002857,0.008944,0.300101,-1.0,0.0145,3.505034,-1.994966,0,0,0.0,0.0,1.0,0.5,0.300101
2026-09-29T23:04:56.271Z,LAT-00273-06975c,BASE_FINE,2.3,UNCERTAIN_CONTEXT,1.0,STALE_SAMPLE,0.2459,A-1.0-ppr,6.998,-0.002,0.008571,0.016,4.000102,-1.0,0.0115,7.004825,1.504825,0,0,0.0,0.0,1.0,0.5,4.000102
2026-09-29T23:04:56.272Z,LAT-00274-042732,BASE_FINE,4.0,UNCERTAIN_CONTEXT,1.0,STALE_SAMPLE,0.2784,A-1.0-ppr,7.006,-0.001,-0.001429,0.004899,4.000107,-1.0,0.02,7.018335,1.518335,0,0,0.0,0.0,1.0,0.5,4.000107
2026-09-29T23:04:56.272Z,LAT-00275-7be013,ACID_FINE,8.3,ACCEPTABLE_CONTEXT,0.00409,OK,0.5387,A-1.0-ppr,6.992,-0.008,0.002857,0.011662,0.300099,1.0,0.0415,6.969508,1.469508,0,0,0.0,0.0,1.0,0.5,0.300099
2026-09-29T23:04:56.273Z,LAT-00276-b2422e,ACID_FINE,8.0,ACCEPTABLE_CONTEXT,0.00409,OK,0.5319,A-1.0-ppr,7.0,-0.002,-0.008571,0.010954,0.300101,1.0,0.04,6.977989,1.477989,0,0,0.0,0.0,1.0,0.5,0.300101
2026-09-29T23:04:56.274Z,LAT-00277-78fbf1,BASE_FINE,3.1,ACCEPTABLE_CONTEXT,0.00409,OK,0.552,A-1.0-ppr,7.01,-0.006,-0.005714,0.010954,0.300102,-1.0,0.0155,7.019596,1.519596,0,0,0.0,0.0,1.0,0.5,0.300102
2026-09-29T23:04:56.274Z,LAT-00278-10499a,BASE_FINE,2.8,UNCERTAIN_CONTEXT,1.0,STALE_SAMPLE,0.2482,A-1.0-ppr,6.998,0.002,0.002857,0.009798,4.000101,-1.0,0.014,7.006308,1.506308,0,0,0.0,0.0,1.0,0.5,4.000101
2026-09-29T23:04:56.275Z,LAT-00279-65ff49,ACID_BULK,16.6,HARMFUL_CONTEXT,1.0,"PREDICTED_UNSAFE:a,b,d",0.2779,A-1.0-ppr,6.196,-0.006,-0.002857,0.012,0.300101,1.0,8.3,2.906148,-2.593852,0,0,0.0,0.0,1.0,0.5,0.300101
2026-09-29T23:04:56.275Z,LAT-00280-db8b0c,ACID_BULK,12.3,HARMFUL_CONTEXT,1.0,"PREDICTED_UNSAFE:a,b,d",0.2772,A-1.0-ppr,6.202,-0.005,0.007143,0.009798,0.300101,1.0,6.15,3.090968,-2.409032,0,0,0.0,0.0,1.0,0.5,0.300101
2026-09-29T23:04:56.276Z,LAT-00281-e42389,ACID_BULK,12.1,HARMFUL_CONTEXT,1.0,"PREDICTED_UNSAFE:a,b,d",0.2777,A-1.0-ppr,6.194,0.002,0.014286,0.017436,0.3001,1.0,6.05,3.099271,-2.400729,0,0,0.0,0.0,1.0,0.5,0.3001
2026-09-29T23:04:56.276Z,LAT-00282-538fa2,ACID_BULK,14.0,HARMFUL_CONTEXT,1.0,"PREDICTED_UNSAFE:a,b,d",0.277,A-1.0-ppr,6.204,0.004,-0.0,0.008,0.300098,1.0,7.0,3.00934,-2.49066,0,0,0.0,0.0,1.0,0.5,0.300098
2026-09-29T23:04:56.277Z,LAT-00283-03e6a9,BASE_FINE,2.7,ACCEPTABLE_CONTEXT,0.003849,OK,0.5409,A-1.0-ppr,7.0,0.004,-0.0,0.006325,0.300102,-1.0,0.0135,7.008049,1.508049,0,0,0.0,0.0,1.0,0.5,0.300102
2026-09-29T23:04:56.278Z,LAT-00284-dcd472,ACID_FINE,2.5,ACCEPTABLE_CONTEXT,0.00409,OK,0.5435,A-1.0-ppr,6.988,-0.002,-0.002857,0.004,0.3001,1.0,0.0125,6.981115,1.481115,0,0,0.0,0.0,1.0,0.5,0.3001
2026-09-29T23:04:56.278Z,LAT-00285-52ac70,ACID_BULK,18.7,HARMFUL_CONTEXT,1.0,"PREDICTED_UNSAFE:a,b,d",0.2838,A-1.0-ppr,6.204,0.007,0.001429,0.010198,0.300101,1.0,9.35,2.840141,-2.659859,0,0,0.0,0.0,1.0,0.5,0.300101
2026-09-29T23:04:56.279Z,LAT-00286-394435,BASE_FINE,2.4,ACCEPTABLE_CONTEXT,0.006187,OK,0.569,A-1.0-ppr,3.5,0.001,0.001429,0.006325,0.300099,-1.0,0.012,3.504162,-1.995838,0,0,0.0,0.0,1.0,0.5,0.300099
2026-09-29T23:04:56.280Z,LAT-00287-68c0b8,BASE_FINE,2.3,ACCEPTABLE_CONTEXT,0.00568,OK,0.5745,A-1.0-ppr,3.5,0.006,0.002857,0.012649,0.300102,-1.0,0.0115,3.503988,-1.996012,0,0,0.0,0.0,1.0,0.5,0.300102
2026-09-29T23:04:56.280Z,LAT-00288-e721f3,ACID_BULK,11.5,HARMFUL_CONTEXT,1.0,"PREDICTED_UNSAFE:a,b,d",0.2828,A-1.0-ppr,6.202,-0.001,0.004286,0.007483,0.300101,1.0,5.75,3.135749,-2.364251,0,0,0.0,0.0,1.0,0.5,0.300101
2026-09-29T23:04:56.281Z,LAT-00289-746a05,BASE_FINE,4.5,ACCEPTABLE_CONTEXT,0.00409,OK,0.5595,A-1.0-ppr,7.004,0.001,-0.001429,0.010198,0.300099,-1.0,0.0225,7.017795,1.517795,0,0,0.0,0.0,1.0,0.5,0.300099
2026-09-29T23:04:56.281Z,LAT-00290-a518bf,ACID_BULK,12.3,HARMFUL_CONTEXT,1.0,"PREDICTED_UNSAFE:a,b,d",0.2918,A-1.0-ppr,6.198,0.004,0.002857,0.007483,0.300102,1.0,6.15,3.089768,-2.410232,0,0,0.0,0.0,1.0,0.5,0.300102
2026-09-29T23:04:56.282Z,LAT-00291-2a3feb,BASE_FINE,4.8,ACCEPTABLE_CONTEXT,0.00409,OK,0.522,A-1.0-ppr,6.998,-0.004,-0.002857,0.007483,0.3001,-1.0,0.024,7.012464,1.512464,0,0,0.0,0.0,1.0,0.5,0.3001
2026-09-29T23:04:56.283Z,LAT-00292-aaa252,ACID_BULK,19.7,HARMFUL_CONTEXT,1.0,"PREDICTED_UNSAFE:a,b,d",0.2821,A-1.0-ppr,6.212,0.002,-0.002857,0.007483,0.30012,1.0,9.85,2.812584,-2.687416,0,0,0.0,0.0,1.0,0.5,0.30012
2026-09-29T23:04:56.283Z,LAT-00293-253923,BASE_FINE,6.9,ACCEPTABLE_CONTEXT,0.006187,OK,0.5865,A-1.0-ppr,3.504,0.0,-0.002857,0.004899,0.300177,-1.0,0.0345,3.516169,-1.983831,0,0,0.0,0.0,1.0,0.5,0.300177
2026-09-29T23:04:56.284Z,LAT-00294-509754,BASE_FINE,1.9,UNCERTAIN_CONTEXT,1.0,STALE_SAMPLE,0.2835,A-1.0-ppr,7.004,0.003,0.01,0.010198,4.000103,-1.0,0.0095,7.009748,1.509748,0,0,0.0,0.0,1.0,0.5,4.000103
2026-09-29T23:04:56.284Z,LAT-00295-26bd0a,ACID_BULK,13.2,HARMFUL_CONTEXT,1.0,"PREDICTED_UNSAFE:a,b,d",0.2807,A-1.0-ppr,6.196,-0.001,-0.001429,0.004899,0.300102,1.0,6.6,3.043936,-2.456064,0,0,0.0,0.0,1.0,0.5,0.300102
2026-09-29T23:04:56.285Z,LAT-00296-159177,BASE_FINE,3.1,ACCEPTABLE_CONTEXT,0.006187,OK,0.5828,A-1.0-ppr,3.498,0.002,-0.0,0.009798,0.3001,-1.0,0.0155,3.50336,-1.99664,0,0,0.0,0.0,1.0,0.5,0.3001
2026-09-29T23:04:56.286Z,LAT-00297-f9f4f9,BASE_FINE,6.4,ACCEPTABLE_CONTEXT,0.006187,OK,0.5803,A-1.0-ppr,3.504,-0.005,0.007143,0.010198,0.300101,-1.0,0.032,3.515277,-1.984723,0,0,0.0,0.0,1.0,0.5,0.300101
2026-09-29T23:04:56.287Z,LAT-00298-ca43f3,BASE_FINE,0.6,ACCEPTABLE_CONTEXT,0.00409,OK,0.5212,A-1.0-ppr,6.998,-0.004,0.002857,0.013266,0.300102,-1.0,0.003,6.999781,1.499781,0,0,0.0,0.0,1.0,0.5,0.300102
2026-09-29T23:04:56.287Z,LAT-00299-d1a92a,BASE_FINE,0.6,ACCEPTABLE_CONTEXT,0.00409,OK,0.5367,A-1.0-ppr,6.996,-0.004,0.002857,0.008,0.300102,-1.0,0.003,6.997781,1.497781,0,0,0.0,0.0,1.0,0.5,0.300102
2026-09-29T23:04:56.288Z,LAT-00300-1f0442,BASE_FINE,4.0,ACCEPTABLE_CONTEXT,0.00568,OK,0.5808,A-1.0-ppr,3.498,0.004,-0.0,0.009798,0.300103,-1.0,0.02,3.504927,-1.995073,0,0,0.0,0.0,1.0,0.5,0.300103
2026-09-29T23:04:56.289Z,LAT-00301-69eaa7,ACID_FINE,8.5,ACCEPTABLE_CONTEXT,0.00409,OK,0.5235,A-1.0-ppr,6.998,-0.002,0.005714,0.007483,0.300104,1.0,0.0425,6.974743,1.474743,0,0,0.0,0.0,1.0,0.5,0.300104
2026-09-29T23:04:56.289Z,LAT-00302-25bc00,ACID_BULK,13.8,HARMFUL_CONTEXT,1.0,"PREDICTED_UNSAFE:a,b,d",0.2826,A-1.0-ppr,6.204,0.003,-0.004286,0.008,0.300103,1.0,6.9,3.018241,-2.481759,0,0,0.0,0.0,1.0,0.5,0.300103
2026-09-29T23:04:56.290Z,LAT-00303-33de8e,ACID_FINE,5.0,ACCEPTABLE_CONTEXT,0.00409,OK,0.5316,A-1.0-ppr,6.988,-0.003,-0.004286,0.007483,0.300101,1.0,0.025,6.974395,1.474395,0,0,0.0,0.0,1.0,0.5,0.300101
2026-09-29T23:04:56.291Z,LAT-00304-1dabee,ACID_BULK,16.7,HARMFUL_CONTEXT,1.0,"PREDICTED_UNSAFE:a,b,d",0.2834,A-1.0-ppr,6.2,0.001,0.004286,0.006325,0.300103,1.0,8.35,2.903474,-2.596526,0,0,0.0,0.0,1.0,0.5,0.300103
2026-09-29T23:04:56.291Z,LAT-00305-740268,ACID_BULK,14.4,HARMFUL_CONTEXT,1.0,"PREDICTED_UNSAFE:a,b,d",0.2793,A-1.0-ppr,6.196,0.003,-0.007143,0.010198,0.300102,1.0,7.2,2.990158,-2.509842,0,0,0.0,0.0,1.0,0.5,0.300102
2026-09-29T23:04:56.292Z,LAT-00306-495b29,ACID_FINE,4.2,ACCEPTABLE_CONTEXT,0.003572,OK,0.5301,A-1.0-ppr,6.998,0.003,-0.007143,0.009798,0.300103,1.0,0.021,6.986424,1.486424,0,0,0.0,0.0,1.0,0.5,0.300103
2026-09-29T23:04:56.293Z,LAT-00307-f16d95,BASE_FINE,5.7,ACCEPTABLE_CONTEXT,0.006187,OK,0.5894,A-1.0-ppr,3.496,-0.001,0.004286,0.004899,0.300102,-1.0,0.0285,3.505857,-1.994143,0,0,0.0,0.0,1.0,0.5,0.300102
2026-09-29T23:04:56.293Z,LAT-00308-aa4a38,BASE_FINE,9.8,ACCEPTABLE_CONTEXT,0.00409,OK,0.5634,A-1.0-ppr,7.006,-0.006,-0.002857,0.012,0.300105,-1.0,0.049,7.03623,1.53623,0,0,0.0,0.0,1.0,0.5,0.300105
2026-09-29T23:04:56.294Z,LAT-00309-0b294a,BASE_FINE,3.8,UNCERTAIN_CONTEXT,1.0,STALE_SAMPLE,0.2738,A-1.0-ppr,7.002,-0.001,0.001429,0.007483,4.000106,-1.0,0.019,7.013543,1.513543,0,0,0.0,0.0,1.0,0.5,4.000106
2026-09-29T23:04:56.294Z,LAT-00310-a51431,ACID_BULK,12.0,HARMFUL_CONTEXT,1.0,"PREDICTED_UNSAFE:a,b,d",0.2786,A-1.0-ppr,6.202,-0.002,-0.0,0.009798,0.300104,1.0,6.0,3.107224,-2.392776,0,0,0.0,0.0,1.0,0.5,0.300104
2026-09-29T23:04:56.295Z,LAT-00311-2bcb49,ACID_FINE,3.5,ACCEPTABLE_CONTEXT,0.00409,OK,0.5415,A-1.0-ppr,7.0,0.002,-0.005714,0.006325,0.300103,1.0,0.0175,6.99035,1.49035,0,0,0.0,0.0,1.0,0.5,0.300103
2026-09-29T23:04:56.296Z,LAT-00312-25f3de,ACID_FINE,3.9,ACCEPTABLE_CONTEXT,0.00409,OK,0.5259,A-1.0-ppr,6.998,-0.002,-0.0,0.011662,0.300104,1.0,0.0195,6.98725,1.48725,0,0,0.0,0.0,1.0,0.5,0.300104
2026-09-29T23:04:56.296Z,LAT-00313-a96b2d,BASE_FINE,3.7,UNCERTAIN_CONTEXT,1.0,STALE_SAMPLE,0.2568,A-1.0-ppr,7.0,0.004,-0.0,0.006325,4.000104,-1.0,0.0185,7.011146,1.511146,0,0,0.0,0.0,1.0,0.5,4.000104
2026-09-29T23:04:56.297Z,LAT-00314-8ea4d4,BASE_FINE,7.7,ACCEPTABLE_CONTEXT,0.00409,OK,0.5324,A-1.0-ppr,6.994,0.0,0.005714,0.004899,0.300104,-1.0,0.0385,7.017261,1.517261,0,0,0.0,0.0,1.0,0.5,0.300104
2026-09-29T23:04:56.297Z,LAT-00315-cdce40,BASE_FINE,4.1,UNCERTAIN_CONTEXT,1.0,STALE_SAMPLE,0.2622,A-1.0-ppr,6.99,-0.008,0.002857,0.014142,4.000103,-1.0,0.0205,7.002168,1.502168,0,0,0.0,0.0,1.0,0.5,4.000103
2026-09-29T23:04:56.298Z,LAT-00316-dafbcc,BASE_FINE,2.4,ACCEPTABLE_CONTEXT,0.00409,OK,0.5343,A-1.0-ppr,6.992,-0.001,0.012857,0.011662,0.300103,-1.0,0.012,6.999124,1.499124,0,0,0.0,0.0,1.0,0.5,0.300103
2026-09-29T23:04:56.299Z,LAT-00317-e5d8a9,ACID_BULK,16.5,HARMFUL_CONTEXT,1.0,"PREDICTED_UNSAFE:a,b,d",0.2819,A-1.0-ppr,6.2,-0.001,-0.001429,0.006325,0.300103,1.0,8.25,2.910429,-2.589571,0,0,0.0,0.0,1.0,0.5,0.300103
2026-09-29T23:04:56.299Z,LAT-00318-9fced3,ACID_BULK,17.5,HARMFUL_CONTEXT,1.0,"PREDICTED_UNSAFE:a,b,d",0.278,A-1.0-ppr,6.202,-0.004,0.002857,0.007483,0.3001,1.0,8.75,2.877091,-2.622909,0,0,0.0,0.0,1.0,0.5,0.3001
2026-09-29T23:04:56.300Z,LAT-00319-c49c58,BASE_FINE,5.5,ACCEPTABLE_CONTEXT,0.00409,OK,0.566,A-1.0-ppr,7.004,0.0,0.005714,0.004899,0.3001,-1.0,0.0275,7.020886,1.520886,0,0,0.0,0.0,1.0,0.5,0.3001
2026-09-29T23:04:56.300Z,LAT-00320-bfd3b4,BASE_FINE,2.8,UNCERTAIN_CONTEXT,1.0,STALE_SAMPLE,0.2445,A-1.0-ppr,6.998,-0.006,-0.011429,0.014697,4.000102,-1.0,0.014,7.006308,1.506308,0,0,0.0,0.0,1.0,0.5,4.000102
2026-09-29T23:04:56.301Z,LAT-00321-6db73e,BASE_FINE,6.7,ACCEPTABLE_CONTEXT,0.00409,OK,0.5367,A-1.0-ppr,7.0,0.0,0.005714,0.008944,0.300101,-1.0,0.0335,7.020425,1.520425,0,0,0.0,0.0,1.0,0.5,0.300101
2026-09-29T23:04:56.302Z,LAT-00322-06788d,BASE_FINE,4.9,ACCEPTABLE_CONTEXT,0.00568,OK,0.5747,A-1.0-ppr,3.5,0.004,-0.0,0.006325,0.300101,-1.0,0.0245,3.508536,-1.991464,0,0,0.0,0.0,1.0,0.5,0.300101
2026-09-29T23:04:56.303Z,LAT-00323-3d876f,BASE_FINE,0.6,ACCEPTABLE_CONTEXT,0.00409,OK,0.5325,A-1.0-ppr,7.0,-0.003,0.001429,0.008944,0.300102,-1.0,0.003,7.001781,1.501781,0,0,0.0,0.0,1.0,0.5,0.300102
2026-09-29T23:04:56.303Z,LAT-00324-3380b2,ACID_BULK,11.6,HARMFUL_CONTEXT,1.0,"PREDICTED_UNSAFE:a,b,d",0.2832,A-1.0-ppr,6.2,0.0,-0.002857,0.010954,0.300103,1.0,5.8,3.129236,-2.370764,0,0,0.0,0.0,1.0,0.5,0.300103
2026-09-29T23:04:56.304Z,LAT-00325-825aac,ACID_FINE,5.9,ACCEPTABLE_CONTEXT,0.003572,OK,0.5572,A-1.0-ppr,6.994,0.004,-0.0,0.008,0.300102,1.0,0.0295,6.977782,1.477782,0,0,0.0,0.0,1.0,0.5,0.300102
2026-09-29T23:04:56.304Z,LAT-00326-84e921,BASE_FINE,4.5,UNCERTAIN_CONTEXT,1.0,STALE_SAMPLE,0.2816,A-1.0-ppr,7.002,-0.002,0.002857,0.004,4.000106,-1.0,0.0225,7.015709,1.515709,0,0,0.0,0.0,1.0,0.5,4.000106
2026-09-29T23:04:56.305Z,LAT-00327-cecb98,BASE_FINE,4.2,UNCERTAIN_CONTEXT,1.0,STALE_SAMPLE,0.2572,A-1.0-ppr,7.0,0.005,-0.004286,0.010954,4.000103,-1.0,0.021,7.012694,1.512694,0,0,0.0,0.0,1.0,0.5,4.000103
2026-09-29T23:04:56.305Z,LAT-00328-43153b,BASE_FINE,3.2,UNCERTAIN_CONTEXT,1.0,STALE_SAMPLE,0.2492,A-1.0-ppr,6.998,0.001,0.001429,0.004,4.000101,-1.0,0.016,7.00751,1.50751,0,0,0.0,0.0,1.0,0.5,4.000101
2026-09-29T23:04:56.306Z,LAT-00329-552f7e,ACID_BULK,19.7,HARMFUL_CONTEXT,1.0,"PREDICTED_UNSAFE:a,b,d",0.2851,A-1.0-ppr,6.202,0.004,-0.002857,0.007483,0.300101,1.0,9.85,2.81102,-2.68898,0,0,0.0,0.0,1.0,0.5,0.300101
2026-09-29T23:04:56.306Z,LAT-00330-6a9daa,ACID_FINE,2.0,ACCEPTABLE_CONTEXT,0.00409,OK,0.5443,A-1.0-ppr,6.994,-0.001,0.001429,0.004899,0.300101,1.0,0.01,6.988487,1.488487,0,0,0.0,0.0,1.0,0.5,0.300101
2026-09-29T23:04:56.307Z,LAT-00331-89a9f8,ACID_BULK,14.4,HARMFUL_CONTEXT,1.0,"PREDICTED_UNSAFE:a,b,d",0.2806,A-1.0-ppr,6.198,0.001,-0.004286,0.007483,0.300103,1.0,7.2,2.990638,-2.509362,0,0,0.0,0.0,1.0,0.5,0.300103
2026-09-29T23:04:56.307Z,LAT-00332-758bab,BASE_FINE,3.1,UNCERTAIN_CONTEXT,1.0,STALE_SAMPLE,0.2495,A-1.0-ppr,6.996,-0.002,-0.002857,0.008,4.0001,-1.0,0.0155,7.005199,1.505199,0,0,0.0,0.0,1.0,0.5,4.0001
2026-09-29T23:04:56.308Z,LAT-00333-6eeae8,ACID_BULK,13.2,HARMFUL_CONTEXT,1.0,"PREDICTED_UNSAFE:a,b,d",0.274,A-1.0-ppr,6.198,0.0,-0.0,0.007483,0.300106,1.0,6.6,3.044479,-2.455521,0,0,0.0,0.0,1.0,0.5,0.300106
2026-09-29T23:04:56.308Z,LAT-00334-50b85e,BASE_FINE,3.2,UNCERTAIN_CONTEXT,1.0,STALE_SAMPLE,0.2664,A-1.0-ppr,7.002,0.006,-0.0,0.011662,4.000105,-1.0,0.016,7.011685,1.511685,0,0,0.0,0.0,1.0,0.5,4.000105
2026-09-29T23:04:56.309Z,LAT-00335-62459f,ACID_BULK,10.7,HARMFUL_CONTEXT,1.0,"PREDICTED_UNSAFE:a,b,d",0.2751,A-1.0-ppr,6.19,-0.003,-0.004286,0.006325,0.3001,1.0,5.35,3.181245,-2.318755,0,0,0.0,0.0,1.0,0.5,0.3001
2026-09-29T23:04:56.309Z,LAT-00336-942b73,BASE_FINE,9.0,ACCEPTABLE_CONTEXT,0.00409,OK,0.5355,A-1.0-ppr,6.996,0.0,-0.005714,0.004899,0.300097,-1.0,0.045,7.02336,1.52336,0,0,0.0,0.0,1.0,0.5,0.300097
2026-09-29T23:04:56.310Z,LAT-00337-a2eb54,ACID_BULK,12.8,HARMFUL_CONTEXT,1.0,"PREDICTED_UNSAFE:a,b,d",0.2781,A-1.0-ppr,6.2,-0.003,0.001429,0.008944,0.300099,1.0,6.4,3.064592,-2.435408,0,0,0.0,0.0,1.0,0.5,0.300099
2026-09-29T23:04:56.311Z,LAT-00338-9a7338,BASE_FINE,8.7,ACCEPTABLE_CONTEXT,0.00409,OK,0.5477,A-1.0-ppr,7.01,-0.001,-0.01,0.008944,0.300107,-1.0,0.0435,7.036874,1.536874,0,0,0.0,0.0,1.0,0.5,0.300107
2026-09-29T23:04:56.311Z,LAT-00339-365fe0,BASE_FINE,7.7,ACCEPTABLE_CONTEXT,0.00409,OK,0.5194,A-1.0-ppr,6.998,-0.006,0.008571,0.013266,0.300099,-1.0,0.0385,7.02143,1.52143,0,0,0.0,0.0,1.0,0.5,0.300099
2026-09-29T23:04:56.312Z,LAT-00340-061314,BASE_FINE,1.6,ACCEPTABLE_CONTEXT,0.00409,OK,0.5605,A-1.0-ppr,7.01,-0.005,0.004286,0.010954,0.3001,-1.0,0.008,7.014955,1.514955,0,0,0.0,0.0,1.0,0.5,0.3001
2026-09-29T23:04:56.313Z,LAT-00341-ce76ea,BASE_FINE,4.2,UNCERTAIN_CONTEXT,1.0,STALE_SAMPLE,0.2518,A-1.0-ppr,6.996,-0.003,-0.01,0.010198,4.0001,-1.0,0.021,7.008519,1.508519,0,0,0.0,0.0,1.0,0.5,4.0001
2026-09-29T23:04:56.313Z,LAT-00342-e0b346,BASE_FINE,9.3,ACCEPTABLE_CONTEXT,0.006187,OK,0.5808,A-1.0-ppr,3.504,-0.004,0.005714,0.008,0.300098,-1.0,0.0465,3.520475,-1.979525,0,0,0.0,0.0,1.0,0.5,0.300098
2026-09-29T23:04:56.314Z,LAT-00343-9d2a3b,BASE_FINE,3.0,UNCERTAIN_CONTEXT,1.0,STALE_SAMPLE,0.2789,A-1.0-ppr,7.004,0.002,0.002857,0.008,4.000099,-1.0,0.015,7.013154,1.513154,0,0,0.0,0.0,1.0,0.5,4.000099
2026-09-29T23:04:56.314Z,LAT-00344-0c5baa,ACID_BULK,13.0,HARMFUL_CONTEXT,1.0,"PREDICTED_UNSAFE:a,b,d",0.276,A-1.0-ppr,6.204,0.001,0.001429,0.004899,0.3001,1.0,6.5,3.055798,-2.444202,0,0,0.0,0.0,1.0,0.5,0.3001
2026-09-29T23:04:56.315Z,LAT-00345-60e42d,BASE_FINE,4.6,UNCERTAIN_CONTEXT,1.0,STALE_SAMPLE,0.2503,A-1.0-ppr,7.0,0.002,-0.005714,0.006325,4.000098,-1.0,0.023,7.013931,1.513931,0,0,0.0,0.0,1.0,0.5,4.000098
2026-09-29T23:04:56.315Z,LAT-00346-9bb3ab,BASE_FINE,4.8,UNCERTAIN_CONTEXT,1.0,STALE_SAMPLE,0.2515,A-1.0-ppr,6.996,0.002,0.002857,0.010198,4.000105,-1.0,0.024,7.010377,1.510377,0,0,0.0,0.0,1.0,0.5,4.000105
2026-09-29T23:04:56.316Z,LAT-00347-28b7fd,ACID_BULK,14.8,HARMFUL_CONTEXT,1.0,"PREDICTED_UNSAFE:a,b,d",0.3975,A-1.0-ppr,6.196,-0.006,-0.0,0.010198,0.300107,1.0,7.4,2.97362,-2.52638,0,0,0.0,0.0,1.0,0.5,0.300107
2026-09-29T23:04:56.317Z,LAT-00348-fa912b,BASE_FINE,6.8,ACCEPTABLE_CONTEXT,0.00409,OK,0.7068,A-1.0-ppr,6.992,-0.002,0.002857,0.004,0.300159,-1.0,0.034,7.012392,1.512392,0,0,0.0,0.0,1.0,0.5,0.300159
2026-09-29T23:04:56.318Z,LAT-00349-2b58d5,BASE_FINE,2.6,ACCEPTABLE_CONTEXT,0.006187,OK,0.6513,A-1.0-ppr,3.506,-0.003,-0.001429,0.004899,0.300138,-1.0,0.013,3.510569,-1.989431,0,0,0.0,0.0,1.0,0.5,0.300138
2026-09-29T23:04:56.319Z,LAT-00350-3e902d,BASE_FINE,2.0,ACCEPTABLE_CONTEXT,0.00568,OK,0.6195,A-1.0-ppr,3.504,0.004,-0.002857,0.008,0.300122,-1.0,0.01,3.507496,-1.992504,0,0,0.0,0.0,1.0,0.5,0.300122
2026-09-29T23:04:56.319Z,LAT-00351-f69207,BASE_FINE,8.7,ACCEPTABLE_CONTEXT,0.00409,OK,0.5595,A-1.0-ppr,6.994,0.002,0.005714,0.008,0.300117,-1.0,0.0435,7.02035,1.52035,0,0,0.0,0.0,1.0,0.5,0.300117
2026-09-29T23:04:56.320Z,LAT-00352-c9849b,BASE_FINE,2.9,UNCERTAIN_CONTEXT,1.0,STALE_SAMPLE,0.2713,A-1.0-ppr,6.996,0.003,-0.001429,0.004899,4.000112,-1.0,0.0145,7.004606,1.504606,0,0,0.0,0.0,1.0,0.5,4.000112
2026-09-29T23:04:56.321Z,LAT-00353-107ff7,BASE_FINE,1.2,ACCEPTABLE_CONTEXT,0.00409,OK,0.5925,A-1.0-ppr,7.006,-0.005,0.007143,0.013565,0.300115,-1.0,0.006,7.009668,1.509668,0,0,0.0,0.0,1.0,0.5,0.300115
2026-09-29T23:04:56.321Z,LAT-00354-8fca15,BASE_FINE,2.0,UNCERTAIN_CONTEXT,1.0,STALE_SAMPLE,0.2853,A-1.0-ppr,7.002,0.001,-0.007143,0.007483,4.000112,-1.0,0.01,7.007969,1.507969,0,0,0.0,0.0,1.0,0.5,4.000112
2026-09-29T23:04:56.322Z,LAT-00355-d79052,ACID_BULK,11.8,HARMFUL_CONTEXT,1.0,"PREDICTED_UNSAFE:a,b,d",0.2908,A-1.0-ppr,6.206,-0.002,0.002857,0.008,0.300109,1.0,5.9,3.119681,-2.380319,0,0,0.0,0.0,1.0,0.5,0.300109
2026-09-29T23:04:56.323Z,LAT-00356-3a2ead,ACID_FINE,5.8,ACCEPTABLE_CONTEXT,0.00409,OK,0.5497,A-1.0-ppr,6.994,-0.002,0.005714,0.008,0.300107,1.0,0.029,6.978047,1.478047,0,0,0.0,0.0,1.0,0.5,0.300107
2026-09-29T23:04:56.323Z,LAT-00357-a1653b,ACID_BULK,19.9,HARMFUL_CONTEXT,1.0,"PREDICTED_UNSAFE:a,b,d",0.2884,A-1.0-ppr,6.196,0.003,0.001429,0.010198,0.300106,1.0,9.95,2.804551,-2.695449,0,0,0.0,0.0,1.0,0.5,0.300106
2026-09-29T23:04:56.324Z,LAT-00358-f7533f,ACID_BULK,18.6,HARMFUL_CONTEXT,1.0,"PREDICTED_UNSAFE:a,b,d",0.2855,A-1.0-ppr,6.204,0.0,-0.008571,0.010198,0.300106,1.0,9.3,2.843131,-2.656869,0,0,0.0,0.0,1.0,0.5,0.300106
2026-09-29T23:04:56.324Z,LAT-00359-9fc538,ACID_FINE,0.8,ACCEPTABLE_CONTEXT,0.00409,OK,0.5467,A-1.0-ppr,6.998,0.002,0.002857,0.007483,0.300105,1.0,0.004,6.995793,1.495793,0,0,0.0,0.0,1.0,0.5,0.300105
2026-09-29T23:04:56.325Z,LAT-00360-cba4e0,BASE_FINE,7.0,ACCEPTABLE_CONTEXT,0.00409,OK,0.5526,A-1.0-ppr,6.996,-0.001,-0.004286,0.008,0.300109,-1.0,0.035,7.017182,1.517182,0,0,0.0,0.0,1.0,0.5,0.300109
2026-09-29T23:04:56.326Z,LAT-00361-b76fdb,ACID_BULK,16.2,HARMFUL_CONTEXT,1.0,"PREDICTED_UNSAFE:a,b,d",0.2904,A-1.0-ppr,6.204,0.001,0.004286,0.008,0.300106,1.0,8.1,2.921884,-2.578116,0,0,0.0,0.0,1.0,0.5,0.300106
2026-09-29T23:04:56.326Z,LAT-00362-0c7615,BASE_FINE,3.9,UNCERTAIN_CONTEXT,1.0,STALE_SAMPLE,0.2568,A-1.0-ppr,6.996,0.008,0.002857,0.013565,4.000106,-1.0,0.0195,7.00759,1.50759,0,0,0.0,0.0,1.0,0.5,4.000106
2026-09-29T23:04:56.327Z,LAT-00363-ff9ede,ACID_BULK,10.0,HARMFUL_CONTEXT,1.0,"PREDICTED_UNSAFE:a,b,d",0.2822,A-1.0-ppr,6.196,-0.001,0.004286,0.004899,0.300101,1.0,5.0,3.232178,-2.267822,0,0,0.0,0.0,1.0,0.5,0.300101
2026-09-29T23:04:56.327Z,LAT-00364-ba875c,BASE_FINE,6.8,ACCEPTABLE_CONTEXT,0.00568,OK,0.5959,A-1.0-ppr,3.496,0.003,-0.007143,0.010198,0.300107,-1.0,0.034,3.507783,-1.992217,0,0,0.0,0.0,1.0,0.5,0.300107
2026-09-29T23:04:56.328Z,LAT-00365-58e7b5,ACID_FINE,8.5,ACCEPTABLE_CONTEXT,0.003572,OK,0.5797,A-1.0-ppr,7.006,0.003,-0.007143,0.010198,0.300106,1.0,0.0425,6.98258,1.48258,0,0,0.0,0.0,1.0,0.5,0.300106
2026-09-29T23:04:56.329Z,LAT-00366-c3f72d,BASE_FINE,5.3,ACCEPTABLE_CONTEXT,0.00409,OK,0.5467,A-1.0-ppr,6.994,0.001,0.001429,0.004899,0.300108,-1.0,0.0265,7.009837,1.509837,0,0,0.0,0.0,1.0,0.5,0.300108
2026-09-29T23:04:56.330Z,LAT-00367-71f79d,ACID_FINE,3.5,ACCEPTABLE_CONTEXT,0.00409,OK,0.5366,A-1.0-ppr,6.994,-0.002,0.002857,0.008,0.300108,1.0,0.0175,6.984356,1.484356,0,0,0.0,0.0,1.0,0.5,0.300108
2026-09-29T23:04:56.330Z,LAT-00368-2b43ef,ACID_BULK,16.6,HARMFUL_CONTEXT,1.0,"PREDICTED_UNSAFE:a,b,d",0.2859,A-1.0-ppr,6.206,-0.002,-0.0,0.004899,0.300107,1.0,8.3,2.908111,-2.591889,0,0,0.0,0.0,1.0,0.5,0.300107
2026-09-29T23:04:56.331Z,LAT-00369-5ead9e,BASE_FINE,2.1,UNCERTAIN_CONTEXT,1.0,STALE_SAMPLE,0.2766,A-1.0-ppr,7.008,0.002,-0.002857,0.004,4.000181,-1.0,0.0105,7.014505,1.514505,0,0,0.0,0.0,1.0,0.5,4.000181
2026-09-29T23:04:56.331Z,LAT-00370-cc5885,ACID_BULK,16.7,HARMFUL_CONTEXT,1.0,"PREDICTED_UNSAFE:a,b,d",0.2782,A-1.0-ppr,6.192,0.0,0.002857,0.007483,0.300102,1.0,8.35,2.901911,-2.598089,0,0,0.0,0.0,1.0,0.5,0.300102
2026-09-29T23:04:56.332Z,LAT-00371-08c085,BASE_FINE,5.2,ACCEPTABLE_CONTEXT,0.006187,OK,0.5806,A-1.0-ppr,3.502,-0.001,-0.012857,0.011662,0.300103,-1.0,0.026,3.511103,-1.988897,0,0,0.0,0.0,1.0,0.5,0.300103
2026-09-29T23:04:56.332Z,LAT-00372-2c2d41,BASE_FINE,1.6,UNCERTAIN_CONTEXT,1.0,STALE_SAMPLE,0.2849,A-1.0-ppr,7.006,-0.004,-0.0,0.008,4.000102,-1.0,0.008,7.010907,1.510907,0,0,0.0,0.0,1.0,0.5,4.000102
2026-09-29T23:04:56.333Z,LAT-00373-7732b9,ACID_BULK,12.3,HARMFUL_CONTEXT,1.0,"PREDICTED_UNSAFE:a,b,d",0.28,A-1.0-ppr,6.204,0.002,0.002857,0.008,0.300101,1.0,6.15,3.091566,-2.408434,0,0,0.0,0.0,1.0,0.5,0.300101
2026-09-29T23:04:56.333Z,LAT-00374-3ea420,BASE_FINE,4.0,UNCERTAIN_CONTEXT,1.0,STALE_SAMPLE,0.2523,A-1.0-ppr,7.0,0.002,-0.008571,0.012649,4.000101,-1.0,0.02,7.012075,1.512075,0,0,0.0,0.0,1.0,0.5,4.000101
2026-09-29T23:04:56.334Z,LAT-00375-f28b08,BASE_FINE,3.8,ACCEPTABLE_CONTEXT,0.00409,OK,0.5696,A-1.0-ppr,7.004,-0.002,0.0,0.004899,0.3001,-1.0,0.019,7.01563,1.51563,0,0,0.0,0.0,1.0,0.5,0.3001
2026-09-29T23:04:56.335Z,LAT-00376-a52eb1,BASE_FINE,4.3,ACCEPTABLE_CONTEXT,0.00409,OK,0.5635,A-1.0-ppr,7.008,-0.002,0.005714,0.007483,0.300103,-1.0,0.0215,7.02131,1.52131,0,0,0.0,0.0,1.0,0.5,0.300103
2026-09-29T23:04:56.336Z,LAT-00377-662746,ACID_FINE,1.9,ACCEPTABLE_CONTEXT,0.003572,OK,0.5677,A-1.0-ppr,7.004,0.004,-0.002857,0.008,0.300105,1.0,0.0095,6.998758,1.498758,0,0,0.0,0.0,1.0,0.5,0.300105
2026-09-29T23:04:56.336Z,LAT-00378-80ebd4,ACID_BULK,12.4,HARMFUL_CONTEXT,1.0,"PREDICTED_UNSAFE:a,b,d",0.2861,A-1.0-ppr,6.202,0.002,-0.011429,0.011662,0.300104,1.0,6.2,3.085681,-2.414319,0,0,0.0,0.0,1.0,0.5,0.300104
2026-09-29T23:04:56.337Z,LAT-00379-79cde5,BASE_FINE,4.0,ACCEPTABLE_CONTEXT,0.003849,OK,0.5394,A-1.0-ppr,7.0,0.004,0.005714,0.008944,0.300102,-1.0,0.02,7.012075,1.512075,0,0,0.0,0.0,1.0,0.5,0.300102
2026-09-29T23:04:56.338Z,LAT-00380-514732,ACID_FINE,5.4,ACCEPTABLE_CONTEXT,0.00409,OK,0.5635,A-1.0-ppr,7.006,0.0,-0.005714,0.004899,0.300103,1.0,0.027,6.99111,1.49111,0,0,0.0,0.0,1.0,0.5,0.300103
2026-09-29T23:04:56.338Z,LAT-00381-9cc5aa,ACID_BULK,10.8,HARMFUL_CONTEXT,1.0,"PREDICTED_UNSAFE:a,b,d",0.2843,A-1.0-ppr,6.2,-0.001,-0.01,0.008944,0.300102,1.0,5.4,3.178395,-2.321605,0,0,0.0,0.0,1.0,0.5,0.300102
2026-09-29T23:04:56.339Z,LAT-00382-76e7f9,BASE_FINE,2.7,UNCERTAIN_CONTEXT,1.0,STALE_SAMPLE,0.255,A-1.0-ppr,6.996,-0.001,-0.007143,0.008,4.000102,-1.0,0.0135,7.004013,1.504013,0,0,0.0,0.0,1.0,0.5,4.000102
2026-09-29T23:04:56.339Z,LAT-00383-ecf3b3,ACID_BULK,12.2,HARMFUL_CONTEXT,1.0,"PREDICTED_UNSAFE:a,b,d",0.2822,A-1.0-ppr,6.2,0.001,-0.001429,0.006325,0.300101,1.0,6.1,3.095714,-2.404286,0,0,0.0,0.0,1.0,0.5,0.300101
2026-09-29T23:04:56.340Z,LAT-00384-c38020,BASE_FINE,2.1,ACCEPTABLE_CONTEXT,0.00409,OK,0.5804,A-1.0-ppr,7.004,0.0,-0.005714,0.008,0.3001,-1.0,0.0105,7.010367,1.510367,0,0,0.0,0.0,1.0,0.5,0.3001
2026-09-29T23:04:56.340Z,LAT-00385-a36f8c,ACID_BULK,10.5,HARMFUL_CONTEXT,1.0,"PREDICTED_UNSAFE:a,b,d",0.2834,A-1.0-ppr,6.202,-0.004,0.002857,0.007483,0.300105,1.0,5.25,3.199139,-2.300861,0,0,0.0,0.0,1.0,0.5,0.300105
2026-09-29T23:04:56.341Z,LAT-00386-0affa7,ACID_BULK,20.0,HARMFUL_CONTEXT,1.0,"PREDICTED_UNSAFE:a,b,d",0.2809,A-1.0-ppr,6.202,0.002,0.002857,0.004,0.300101,1.0,10.0,2.802745,-2.697255,0,0,0.0,0.0,1.0,0.5,0.300101
2026-09-29T23:04:56.342Z,LAT-00387-9e0710,BASE_FINE,6.6,ACCEPTABLE_CONTEXT,0.00409,OK,0.5702,A-1.0-ppr,7.008,-0.002,-0.002857,0.004,0.300101,-1.0,0.033,7.028412,1.528412,0,0,0.0,0.0,1.0,0.5,0.300101
2026-09-29T23:04:56.342Z,LAT-00388-4b5a9e,BASE_FINE,3.7,UNCERTAIN_CONTEXT,1.0,STALE_SAMPLE,0.2566,A-1.0-ppr,7.0,0.004,-0.0,0.006325,4.000102,-1.0,0.0185,7.011146,1.511146,0,0,0.0,0.0,1.0,0.5,4.000102
2026-09-29T23:04:56.343Z,LAT-00389-913ade,BASE_FINE,1.4,ACCEPTABLE_CONTEXT,0.00409,OK,0.564,A-1.0-ppr,7.004,-0.003,0.001429,0.004899,0.300101,-1.0,0.007,7.008199,1.508199,0,0,0.0,0.0,1.0,0.5,0.300101
2026-09-29T23:04:56.343Z,LAT-00390-279086,ACID_BULK,16.0,HARMFUL_CONTEXT,1.0,"PREDICTED_UNSAFE:a,b,d",0.2862,A-1.0-ppr,6.198,0.005,0.001429,0.007483,0.300102,1.0,8.0,2.927906,-2.572094,0,0,0.0,0.0,1.0,0.5,0.300102
2026-09-29T23:04:56.344Z,LAT-00391-cbd16b,BASE_FINE,2.2,ACCEPTABLE_CONTEXT,0.006187,OK,0.5851,A-1.0-ppr,3.494,-0.002,-0.0,0.004899,0.300101,-1.0,0.011,3.497764,-2.002236,0,0,0.0,0.0,1.0,0.5,0.300101
2026-09-29T23:04:56.344Z,LAT-00392-ecd27b,BASE_FINE,2.5,UNCERTAIN_CONTEXT,1.0,STALE_SAMPLE,0.2743,A-1.0-ppr,7.002,0.001,0.004286,0.007483,4.000103,-1.0,0.0125,7.009518,1.509518,0,0,0.0,0.0,1.0,0.5,4.000103
2026-09-29T23:04:56.345Z,LAT-00393-96cd25,ACID_FINE,9.4,ACCEPTABLE_CONTEXT,0.00409,OK,0.558,A-1.0-ppr,7.002,-0.002,0.002857,0.004,0.3001,1.0,0.047,6.976204,1.476204,0,0,0.0,0.0,1.0,0.5,0.3001
2026-09-29T23:04:56.346Z,LAT-00394-afa028,BASE_FINE,9.8,ACCEPTABLE_CONTEXT,0.006187,OK,0.5811,A-1.0-ppr,3.502,-0.003,0.004286,0.007483,0.300102,-1.0,0.049,3.5193,-1.9807,0,0,0.0,0.0,1.0,0.5,0.300102
2026-09-29T23:04:56.346Z,LAT-00395-d13a11,BASE_FINE,2.1,UNCERTAIN_CONTEXT,1.0,STALE_SAMPLE,0.2572,A-1.0-ppr,6.992,0.003,0.01,0.013266,4.000102,-1.0,0.0105,6.998234,1.498234,0,0,0.0,0.0,1.0,0.5,4.000102
2026-09-29T23:04:56.347Z,LAT-00396-21d236,BASE_FINE,1.3,UNCERTAIN_CONTEXT,1.0,STALE_SAMPLE,0.2522,A-1.0-ppr,6.992,0.005,0.001429,0.011662,4.000102,-1.0,0.0065,6.99586,1.49586,0,0,0.0,0.0,1.0,0.5,4.000102
2026-09-29T23:04:56.347Z,LAT-00397-761601,ACID_BULK,18.9,HARMFUL_CONTEXT,1.0,"PREDICTED_UNSAFE:a,b,d",0.2792,A-1.0-ppr,6.204,0.001,-0.007143,0.013565,0.3001,1.0,9.45,2.834224,-2.665776,0,0,0.0,0.0,1.0,0.5,0.3001
2026-09-29T23:04:56.348Z,LAT-00398-7af715,BASE_FINE,9.5,ACCEPTABLE_CONTEXT,0.00409,OK,0.5678,A-1.0-ppr,7.004,0.001,0.001429,0.004899,0.300099,-1.0,0.0475,7.033227,1.533227,0,0,0.0,0.0,1.0,0.5,0.300099
2026-09-29T23:04:56.349Z,LAT-00399-f3c3ed,BASE_FINE,1.9,UNCERTAIN_CONTEXT,1.0,STALE_SAMPLE,0.3001,A-1.0-ppr,7.006,-0.004,0.002857,0.008,4.000103,-1.0,0.0095,7.011836,1.511836,0,0,0.0,0.0,1.0,0.5,4.000103
2026-09-29T23:04:56.349Z,LAT-00400-2898cb,ACID_BULK,15.2,HARMFUL_CONTEXT,1.0,"PREDICTED_UNSAFE:a,b,d",0.2809,A-1.0-ppr,6.198,-0.003,0.001429,0.007483,0.3001,1.0,7.6,2.958135,-2.541865,0,0,0.0,0.0,1.0,0.5,0.3001
2026-09-29T23:04:56.350Z,LAT-00401-e4438f,BASE_FINE,9.4,ACCEPTABLE_CONTEXT,0.00409,OK,0.6042,A-1.0-ppr,7.0,0.002,-0.008571,0.010954,0.300101,-1.0,0.047,7.028758,1.528758,0,0,0.0,0.0,1.0,0.5,0.300101
2026-09-29T23:04:56.351Z,LAT-00402-3b5276,ACID_BULK,17.7,HARMFUL_CONTEXT,1.0,"PREDICTED_UNSAFE:a,b,d",0.313,A-1.0-ppr,6.204,0.0,-0.002857,0.004899,0.300132,1.0,8.85,2.871009,-2.628991,0,0,0.0,0.0,1.0,0.5,0.300132
2026-09-29T23:04:56.351Z,LAT-00403-a7db69,BASE_FINE,1.3,UNCERTAIN_CONTEXT,1.0,STALE_SAMPLE,0.2458,A-1.0-ppr,6.998,-0.002,-0.002857,0.004,4.000109,-1.0,0.0065,7.001858,1.501858,0,0,0.0,0.0,1.0,0.5,4.000109
2026-09-29T23:04:56.352Z,LAT-00404-19583a,BASE_FINE,4.9,ACCEPTABLE_CONTEXT,0.003849,OK,0.5626,A-1.0-ppr,7.0,0.006,0.005714,0.010954,0.300103,-1.0,0.0245,7.01486,1.51486,0,0,0.0,0.0,1.0,0.5,0.300103
2026-09-29T23:04:56.353Z,LAT-00405-2679d8,BASE_FINE,6.0,ACCEPTABLE_CONTEXT,0.006187,OK,0.5875,A-1.0-ppr,3.504,0.002,-0.008571,0.008,0.300106,-1.0,0.03,3.514565,-1.985435,0,0,0.0,0.0,1.0,0.5,0.300106
2026-09-29T23:04:56.353Z,LAT-00406-d93dd8,ACID_FINE,9.8,ACCEPTABLE_CONTEXT,0.00409,OK,0.5379,A-1.0-ppr,6.994,0.002,-0.008571,0.008,0.300105,1.0,0.049,6.967464,1.467464,0,0,0.0,0.0,1.0,0.5,0.300105
2026-09-29T23:04:56.354Z,LAT-00407-7baa73,ACID_BULK,10.0,HARMFUL_CONTEXT,1.0,"PREDICTED_UNSAFE:a,b,d",0.2844,A-1.0-ppr,6.2,-0.004,-0.0,0.006325,0.300103,1.0,5.0,3.233852,-2.266148,0,0,0.0,0.0,1.0,0.5,0.300103
2026-09-29T23:04:56.355Z,LAT-00408-965c00,ACID_FINE,6.6,ACCEPTABLE_CONTEXT,0.00409,OK,0.5563,A-1.0-ppr,7.008,-0.003,-0.001429,0.007483,0.300103,1.0,0.033,6.989766,1.489766,0,0,0.0,0.0,1.0,0.5,0.300103
2026-09-29T23:04:56.355Z,LAT-00409-c0dd5a,BASE_FINE,1.5,ACCEPTABLE_CONTEXT,0.00409,OK,0.5575,A-1.0-ppr,7.002,0.002,-0.005714,0.007483,0.300103,-1.0,0.0075,7.00645,1.50645,0,0,0.0,0.0,1.0,0.5,0.300103
2026-09-29T23:04:56.356Z,LAT-00410-94c70a,ACID_FINE,3.9,ACCEPTABLE_CONTEXT,0.00409,OK,0.5529,A-1.0-ppr,7.008,-0.004,-0.0,0.009798,0.300104,1.0,0.0195,6.997204,1.497204,0,0,0.0,0.0,1.0,0.5,0.300104
2026-09-29T23:04:56.357Z,LAT-00411-ea1a3d,BASE_FINE,1.8,UNCERTAIN_CONTEXT,1.0,STALE_SAMPLE,0.2732,A-1.0-ppr,7.006,0.001,0.004286,0.004899,4.000102,-1.0,0.009,7.011526,1.511526,0,0,0.0,0.0,1.0,0.5,4.000102
2026-09-29T23:04:56.357Z,LAT-00412-5451a6,ACID_FINE,4.5,ACCEPTABLE_CONTEXT,0.00409,OK,0.5624,A-1.0-ppr,7.0,0.002,-0.014286,0.012649,0.300102,1.0,0.0225,6.987596,1.487596,0,0,0.0,0.0,1.0,0.5,0.300102
2026-09-29T23:04:56.358Z,LAT-00413-1a528c,ACID_BULK,12.6,HARMFUL_CONTEXT,1.0,"PREDICTED_UNSAFE:a,b,d",0.2817,A-1.0-ppr,6.206,-0.002,0.005714,0.010198,0.300107,1.0,6.3,3.076448,-2.423552,0,0,0.0,0.0,1.0,0.5,0.300107
2026-09-29T23:04:56.358Z,LAT-00414-0e9ce8,BASE_FINE,2.8,UNCERTAIN_CONTEXT,1.0,STALE_SAMPLE,0.2715,A-1.0-ppr,7.014,0.002,-0.0,0.004899,4.000102,-1.0,0.014,7.022663,1.522663,0,0,0.0,0.0,1.0,0.5,4.000102
2026-09-29T23:04:56.359Z,LAT-00415-fb6b88,ACID_BULK,11.2,HARMFUL_CONTEXT,1.0,"PREDICTED_UNSAFE:a,b,d",0.2758,A-1.0-ppr,6.196,0.001,0.001429,0.010198,0.3001,1.0,5.6,3.151728,-2.348272,0,0,0.0,0.0,1.0,0.5,0.3001
2026-09-29T23:04:56.359Z,LAT-00416-94e3ac,BASE_FINE,2.4,UNCERTAIN_CONTEXT,1.0,STALE_SAMPLE,0.2505,A-1.0-ppr,7.0,0.002,-0.002857,0.008944,4.0001,-1.0,0.012,7.007121,1.507121,0,0,0.0,0.0,1.0,0.5,4.0001
2026-09-29T23:04:56.360Z,LAT-00417-773b11,ACID_FINE,7.3,ACCEPTABLE_CONTEXT,0.00409,OK,0.5303,A-1.0-ppr,6.998,0.002,-0.002857,0.004,0.300099,1.0,0.0365,6.97792,1.47792,0,0,0.0,0.0,1.0,0.5,0.300099
2026-09-29T23:04:56.360Z,LAT-00418-bf9b7c,ACID_BULK,18.9,HARMFUL_CONTEXT,1.0,"PREDICTED_UNSAFE:a,b,d",0.2872,A-1.0-ppr,6.194,-0.005,0.001429,0.010198,0.300102,1.0,9.45,2.832561,-2.667439,0,0,0.0,0.0,1.0,0.5,0.300102
2026-09-29T23:04:56.361Z,LAT-00419-d65bdd,BASE_FINE,2.7,UNCERTAIN_CONTEXT,1.0,STALE_SAMPLE,0.2505,A-1.0-ppr,7.0,-0.004,-0.014286,0.014142,4.000099,-1.0,0.0135,7.008049,1.508049,0,0,0.0,0.0,1.0,0.5,4.000099
2026-09-29T23:04:56.362Z,LAT-00420-0326a1,ACID_FINE,3.2,ACCEPTABLE_CONTEXT,0.00409,OK,0.5636,A-1.0-ppr,7.012,-0.005,-0.001429,0.007483,0.3001,1.0,0.016,7.002961,1.502961,0,0,0.0,0.0,1.0,0.5,0.3001
2026-09-29T23:04:56.362Z,LAT-00421-453608,BASE_FINE,4.7,UNCERTAIN_CONTEXT,1.0,STALE_SAMPLE,0.2859,A-1.0-ppr,7.004,0.002,-0.0,0.004899,4.000107,-1.0,0.0235,7.018413,1.518413,0,0,0.0,0.0,1.0,0.5,4.000107
2026-09-29T23:04:56.363Z,LAT-00422-e678ea,ACID_BULK,18.7,HARMFUL_CONTEXT,1.0,"PREDICTED_UNSAFE:a,b,d",0.2759,A-1.0-ppr,6.202,0.003,0.001429,0.007483,0.300098,1.0,9.35,2.839806,-2.660194,0,0,0.0,0.0,1.0,0.5,0.300098
2026-09-29T23:04:56.363Z,LAT-00423-c42035,ACID_FINE,4.3,ACCEPTABLE_CONTEXT,0.00409,OK,0.5471,A-1.0-ppr,7.0,-0.005,0.004286,0.010954,0.3001,1.0,0.0215,6.988146,1.488146,0,0,0.0,0.0,1.0,0.5,0.3001
2026-09-29T23:04:56.364Z,LAT-00424-c72408,BASE_FINE,2.3,UNCERTAIN_CONTEXT,1.0,STALE_SAMPLE,0.272,A-1.0-ppr,7.012,0.003,0.001429,0.007483,4.000101,-1.0,0.0115,7.01912,1.51912,0,0,0.0,0.0,1.0,0.5,4.000101
2026-09-29T23:04:56.365Z,LAT-00425-b09f8a,BASE_FINE,8.5,ACCEPTABLE_CONTEXT,0.006187,OK,0.5819,A-1.0-ppr,3.496,-0.008,-0.002857,0.013565,0.300098,-1.0,0.0425,3.510773,-1.989227,0,0,0.0,0.0,1.0,0.5,0.300098
2026-09-29T23:04:56.365Z,LAT-00426-1eeb1c,BASE_FINE,9.2,ACCEPTABLE_CONTEXT,0.00409,OK,0.5281,A-1.0-ppr,6.998,-0.005,0.001429,0.007483,0.300107,-1.0,0.046,7.02606,1.52606,0,0,0.0,0.0,1.0,0.5,0.300107
2026-09-29T23:04:56.366Z,LAT-00427-acca75,BASE_FINE,7.5,ACCEPTABLE_CONTEXT,0.00409,OK,0.5652,A-1.0-ppr,7.006,0.001,-0.001429,0.004899,0.300101,-1.0,0.0375,7.029144,1.529144,0,0,0.0,0.0,1.0,0.5,0.300101
2026-09-29T23:04:56.367Z,LAT-00428-c45693,ACID_BULK,13.0,HARMFUL_CONTEXT,1.0,"PREDICTED_UNSAFE:a,b,d",0.2814,A-1.0-ppr,6.196,-0.004,0.008571,0.010198,0.3001,1.0,6.5,3.053586,-2.446414,0,0,0.0,0.0,1.0,0.5,0.3001
2026-09-29T23:04:56.367Z,LAT-00429-990b90,BASE_FINE,3.0,UNCERTAIN_CONTEXT,1.0,STALE_SAMPLE,0.2705,A-1.0-ppr,7.006,0.004,-0.002857,0.010198,4.000107,-1.0,0.015,7.015241,1.515241,0,0,0.0,0.0,1.0,0.5,4.000107
2026-09-29T23:04:56.368Z,LAT-00430-e96256,ACID_FINE,2.0,ACCEPTABLE_CONTEXT,0.00409,OK,0.5353,A-1.0-ppr,7.0,-0.003,0.004286,0.006325,0.3001,1.0,0.01,6.994484,1.494484,0,0,0.0,0.0,1.0,0.5,0.3001
2026-09-29T23:04:56.368Z,LAT-00431-ee4bc2,BASE_FINE,3.6,UNCERTAIN_CONTEXT,1.0,STALE_SAMPLE,0.252,A-1.0-ppr,6.994,0.001,-0.004286,0.004899,4.000101,-1.0,0.018,7.004683,1.504683,0,0,0.0,0.0,1.0,0.5,4.000101
2026-09-29T23:04:56.369Z,LAT-00432-fe64f3,ACID_BULK,18.6,HARMFUL_CONTEXT,1.0,"PREDICTED_UNSAFE:a,b,d",0.2772,A-1.0-ppr,6.196,-0.004,-0.002857,0.010198,0.300104,1.0,9.3,2.841775,-2.658225,0,0,0.0,0.0,1.0,0.5,0.300104
2026-09-29T23:04:56.369Z,LAT-00433-3c9968,BASE_FINE,4.2,ACCEPTABLE_CONTEXT,0.00568,OK,0.5795,A-1.0-ppr,3.51,0.003,-0.01,0.010954,0.300101,-1.0,0.021,3.517468,-1.982532,0,0,0.0,0.0,1.0,0.5,0.300101
2026-09-29T23:04:56.370Z,LAT-00434-df95e4,BASE_FINE,4.6,ACCEPTABLE_CONTEXT,0.00409,OK,0.5322,A-1.0-ppr,6.996,-0.003,0.004286,0.010198,0.300102,-1.0,0.023,7.009758,1.509758,0,0,0.0,0.0,1.0,0.5,0.300102
2026-09-29T23:04:56.371Z,LAT-00435-da2f2f,BASE_FINE,1.2,UNCERTAIN_CONTEXT,1.0,STALE_SAMPLE,0.2815,A-1.0-ppr,7.004,0.003,0.004286,0.010198,4.000101,-1.0,0.006,7.007579,1.507579,0,0,0.0,0.0,1.0,0.5,4.000101
2026-09-29T23:04:56.371Z,LAT-00436-5a13e5,ACID_BULK,18.5,HARMFUL_CONTEXT,1.0,"PREDICTED_UNSAFE:a,b,d",0.2776,A-1.0-ppr,6.202,0.0,0.022857,0.020396,0.300105,1.0,9.25,2.845801,-2.654199,0,0,0.0,0.0,1.0,0.5,0.300105
2026-09-29T23:04:56.372Z,LAT-00437-0b9e0e,BASE_FINE,8.2,ACCEPTABLE_CONTEXT,0.009535,OK,0.5803,A-1.0-ppr,3.5,0.0,-0.0,0.0,0.300099,-1.0,0.041,3.51437,-1.98563,0,0,0.0,0.0,1.0,0.5,0.300099
2026-09-29T23:04:56.373Z,LAT-00438-12d2ec,BASE_FINE,4.5,ACCEPTABLE_CONTEXT,0.00568,OK,0.5747,A-1.0-ppr,3.5,0.004,-0.002857,0.010954,0.300108,-1.0,0.0225,3.507834,-1.992166,0,0,0.0,0.0,1.0,0.5,0.300108
2026-09-29T23:04:56.373Z,LAT-00439-7d670a,BASE_FINE,4.1,UNCERTAIN_CONTEXT,1.0,STALE_SAMPLE,0.2529,A-1.0-ppr,7.0,-0.001,0.007143,0.010954,4.000102,-1.0,0.0205,7.012384,1.512384,0,0,0.0,0.0,1.0,0.5,4.000102
2026-09-29T23:04:56.374Z,LAT-00440-c9ae5a,BASE_FINE,2.4,UNCERTAIN_CONTEXT,1.0,STALE_SAMPLE,0.2513,A-1.0-ppr,6.992,0.002,-0.002857,0.007483,4.000101,-1.0,0.012,6.999124,1.499124,0,0,0.0,0.0,1.0,0.5,4.000101
2026-09-29T23:04:56.374Z,LAT-00441-ac2417,BASE_FINE,8.7,ACCEPTABLE_CONTEXT,0.006187,OK,0.58,A-1.0-ppr,3.506,-0.003,0.001429,0.013565,0.300098,-1.0,0.0435,3.521463,-1.978537,0,0,0.0,0.0,1.0,0.5,0.300098
2026-09-29T23:04:56.375Z,LAT-00442-894d14,ACID_FINE,0.9,ACCEPTABLE_CONTEXT,0.00409,OK,0.5258,A-1.0-ppr,6.998,0.001,0.007143,0.011662,0.300101,1.0,0.0045,6.995517,1.495517,0,0,0.0,0.0,1.0,0.5,0.300101
2026-09-29T23:04:56.376Z,LAT-00443-406fc0,BASE_FINE,3.9,ACCEPTABLE_CONTEXT,0.00409,OK,0.5292,A-1.0-ppr,7.0,0.002,0.005714,0.006325,0.300103,-1.0,0.0195,7.011765,1.511765,0,0,0.0,0.0,1.0,0.5,0.300103
2026-09-29T23:04:56.377Z,LAT-00444-5f3d5d,BASE_FINE,9.0,ACCEPTABLE_CONTEXT,0.003849,OK,0.5325,A-1.0-ppr,6.996,0.006,0.008571,0.012,0.300101,-1.0,0.045,7.02336,1.52336,0,0,0.0,0.0,1.0,0.5,0.300101
2026-09-29T23:04:56.377Z,LAT-00445-610301,BASE_FINE,1.6,UNCERTAIN_CONTEXT,1.0,STALE_SAMPLE,0.2825,A-1.0-ppr,7.004,0.001,0.004286,0.008,4.000172,-1.0,0.008,7.008818,1.508818,0,0,0.0,0.0,1.0,0.5,4.000172
2026-09-29T23:04:56.378Z,LAT-00446-539c20,BASE_FINE,3.5,UNCERTAIN_CONTEXT,1.0,STALE_SAMPLE,0.2763,A-1.0-ppr,7.006,-0.001,0.001429,0.010198,4.000101,-1.0,0.0175,7.016788,1.516788,0,0,0.0,0.0,1.0,0.5,4.000101
2026-09-29T23:04:56.378Z,LAT-00447-2ebb82,BASE_FINE,3.1,UNCERTAIN_CONTEXT,1.0,STALE_SAMPLE,0.2478,A-1.0-ppr,6.994,0.006,-0.002857,0.010198,4.000098,-1.0,0.0155,7.0032,1.5032,0,0,0.0,0.0,1.0,0.5,4.000098
2026-09-29T23:04:56.379Z,LAT-00448-46f342,BASE_FINE,9.1,ACCEPTABLE_CONTEXT,0.006187,OK,0.5755,A-1.0-ppr,3.498,-0.003,-0.001429,0.007483,0.300099,-1.0,0.0455,3.513903,-1.986097,0,0,0.0,0.0,1.0,0.5,0.300099
2026-09-29T23:04:56.379Z,LAT-00449-d1daa3,BASE_FINE,3.1,UNCERTAIN_CONTEXT,1.0,STALE_SAMPLE,0.2427,A-1.0-ppr,6.998,-0.003,0.001429,0.007483,4.000102,-1.0,0.0155,7.0072,1.5072,0,0,0.0,0.0,1.0,0.5,4.000102
2026-09-29T23:04:56.380Z,LAT-00450-f45cf0,ACID_BULK,15.3,HARMFUL_CONTEXT,1.0,"PREDICTED_UNSAFE:a,b,d",0.2757,A-1.0-ppr,6.202,0.006,-0.005714,0.011662,0.3001,1.0,7.65,2.955117,-2.544883,0,0,0.0,0.0,1.0,0.5,0.3001
2026-09-29T23:04:56.380Z,LAT-00451-b1f01d,ACID_FINE,6.7,ACCEPTABLE_CONTEXT,0.00409,OK,0.5582,A-1.0-ppr,7.008,-0.002,-0.002857,0.004,0.300101,1.0,0.0335,6.989491,1.489491,0,0,0.0,0.0,1.0,0.5,0.300101
2026-09-29T23:04:56.381Z,LAT-00452-b5b01a,BASE_FINE,2.6,UNCERTAIN_CONTEXT,1.0,STALE_SAMPLE,0.2724,A-1.0-ppr,7.01,0.0,-0.0,0.0,4.000102,-1.0,0.013,7.01805,1.51805,0,0,0.0,0.0,1.0,0.5,4.000102
2026-09-29T23:04:56.382Z,LAT-00453-f0fe81,ACID_FINE,2.4,ACCEPTABLE_CONTEXT,0.00409,OK,0.5365,A-1.0-ppr,7.0,0.002,0.005714,0.006325,0.3001,1.0,0.012,6.993381,1.493381,0,0,0.0,0.0,1.0,0.5,0.3001
2026-09-29T23:04:56.382Z,LAT-00454-d2801b,ACID_BULK,18.0,HARMFUL_CONTEXT,1.0,"PREDICTED_UNSAFE:a,b,d",0.2812,A-1.0-ppr,6.202,0.0,-0.002857,0.004,0.300101,1.0,9.0,2.861163,-2.638837,0,0,0.0,0.0,1.0,0.5,0.300101
2026-09-29T23:04:56.383Z,LAT-00455-eedb93,ACID_BULK,17.6,HARMFUL_CONTEXT,1.0,"PREDICTED_UNSAFE:a,b,d",0.2787,A-1.0-ppr,6.2,0.002,-0.0,0.006325,0.3001,1.0,8.8,2.873495,-2.626505,0,0,0.0,0.0,1.0,0.5,0.3001
2026-09-29T23:04:56.383Z,LAT-00456-f9650c,BASE_FINE,7.3,ACCEPTABLE_CONTEXT,0.006187,OK,0.5696,A-1.0-ppr,3.5,0.002,-0.005714,0.006325,0.300102,-1.0,0.0365,3.512772,-1.987228,0,0,0.0,0.0,1.0,0.5,0.300102
2026-09-29T23:04:56.384Z,LAT-00457-73d3e0,ACID_BULK,16.0,HARMFUL_CONTEXT,1.0,"PREDICTED_UNSAFE:a,b,d",0.2792,A-1.0-ppr,6.208,0.004,-0.002857,0.011662,0.300101,1.0,8.0,2.929961,-2.570039,0,0,0.0,0.0,1.0,0.5,0.300101
2026-09-29T23:04:56.385Z,LAT-00458-6d8e92,BASE_FINE,5.5,ACCEPTABLE_CONTEXT,0.00409,OK,0.5315,A-1.0-ppr,7.0,-0.003,-0.004286,0.006325,0.300101,-1.0,0.0275,7.016715,1.516715,0,0,0.0,0.0,1.0,0.5,0.300101
2026-09-29T23:04:56.385Z,LAT-00459-9a6a21,BASE_FINE,9.4,ACCEPTABLE_CONTEXT,0.006187,OK,0.5674,A-1.0-ppr,3.5,-0.003,0.004286,0.006325,0.3001,-1.0,0.047,3.516509,-1.983491,0,0,0.0,0.0,1.0,0.5,0.3001
2026-09-29T23:04:56.386Z,LAT-00460-82e469,BASE_FINE,3.1,UNCERTAIN_CONTEXT,1.0,STALE_SAMPLE,0.2518,A-1.0-ppr,6.994,-0.003,0.007143,0.012,4.0001,-1.0,0.0155,7.0032,1.5032,0,0,0.0,0.0,1.0,0.5,4.0001
2026-09-29T23:04:56.387Z,LAT-00461-7eb9a1,BASE_FINE,6.1,ACCEPTABLE_CONTEXT,0.00409,OK,0.5554,A-1.0-ppr,7.004,-0.002,0.005714,0.010198,0.3001,-1.0,0.0305,7.02274,1.52274,0,0,0.0,0.0,1.0,0.5,0.3001
2026-09-29T23:04:56.387Z,LAT-00462-f5972b,ACID_BULK,11.4,HARMFUL_CONTEXT,1.0,"PREDICTED_UNSAFE:a,b,d",0.2805,A-1.0-ppr,6.196,0.003,0.004286,0.008,0.300103,1.0,5.7,3.13966,-2.36034,0,0,0.0,0.0,1.0,0.5,0.300103
2026-09-29T23:04:56.387Z,LAT-00463-9f056a,BASE_FINE,3.3,UNCERTAIN_CONTEXT,1.0,STALE_SAMPLE,0.2499,A-1.0-ppr,7.0,-0.004,0.002857,0.016733,4.0001,-1.0,0.0165,7.009907,1.509907,0,0,0.0,0.0,1.0,0.5,4.0001
2026-09-29T23:04:56.388Z,LAT-00464-94f505,BASE_FINE,9.8,ACCEPTABLE_CONTEXT,0.00409,OK,0.5264,A-1.0-ppr,6.992,-0.002,-0.002857,0.007483,0.3001,-1.0,0.049,7.021663,1.521663,0,0,0.0,0.0,1.0,0.5,0.3001
2026-09-29T23:04:56.389Z,LAT-00465-7392aa,BASE_FINE,4.1,ACCEPTABLE_CONTEXT,0.003849,OK,0.5187,A-1.0-ppr,6.998,0.005,-0.001429,0.014697,0.300102,-1.0,0.0205,7.010297,1.510297,0,0,0.0,0.0,1.0,0.5,0.300102
2026-09-29T23:04:56.390Z,LAT-00466-d024c4,BASE_FINE,1.4,ACCEPTABLE_CONTEXT,0.00409,OK,0.5185,A-1.0-ppr,6.998,-0.001,-0.004286,0.007483,0.3001,-1.0,0.007,7.002155,1.502155,0,0,0.0,0.0,1.0,0.5,0.3001
2026-09-29T23:04:56.390Z,LAT-00467-115b02,BASE_FINE,4.2,ACCEPTABLE_CONTEXT,0.003849,OK,0.5268,A-1.0-ppr,6.994,0.004,-0.0,0.008,0.3001,-1.0,0.021,7.006462,1.506462,0,0,0.0,0.0,1.0,0.5,0.3001
2026-09-29T23:04:56.391Z,LAT-00468-779f8a,ACID_BULK,18.7,HARMFUL_CONTEXT,1.0,"PREDICTED_UNSAFE:a,b,d",0.2813,A-1.0-ppr,6.206,0.004,-0.008571,0.013565,0.300101,1.0,9.35,2.840475,-2.659525,0,0,0.0,0.0,1.0,0.5,0.300101
2026-09-29T23:04:56.391Z,LAT-00469-aa8e15,BASE_FINE,3.7,UNCERTAIN_CONTEXT,1.0,STALE_SAMPLE,0.2785,A-1.0-ppr,7.006,0.001,-0.007143,0.008,4.0001,-1.0,0.0185,7.017407,1.517407,0,0,0.0,0.0,1.0,0.5,4.0001
2026-09-29T23:04:56.392Z,LAT-00470-498676,BASE_FINE,2.8,ACCEPTABLE_CONTEXT,0.006187,OK,0.5673,A-1.0-ppr,3.5,-0.006,-0.0,0.008944,0.300102,-1.0,0.014,3.50486,-1.99514,0,0,0.0,0.0,1.0,0.5,0.300102
2026-09-29T23:04:56.393Z,LAT-00471-a318cb,BASE_FINE,0.6,ACCEPTABLE_CONTEXT,0.003849,OK,0.5467,A-1.0-ppr,7.02,0.004,0.005714,0.012649,0.300099,-1.0,0.003,7.021856,1.521856,0,0,0.0,0.0,1.0,0.5,0.300099
2026-09-29T23:04:56.393Z,LAT-00472-5df61a,ACID_FINE,1.0,ACCEPTABLE_CONTEXT,0.00409,OK,0.5607,A-1.0-ppr,7.004,-0.001,0.001429,0.010198,0.300101,1.0,0.005,7.00124,1.50124,0,0,0.0,0.0,1.0,0.5,0.300101
2026-09-29T23:04:56.394Z,LAT-00473-c62e35,BASE_FINE,4.7,ACCEPTABLE_CONTEXT,0.003849,OK,0.56,A-1.0-ppr,7.002,0.004,0.002857,0.007483,0.300101,-1.0,0.0235,7.016327,1.516327,0,0,0.0,0.0,1.0,0.5,0.300101
2026-09-29T23:04:56.395Z,LAT-00474-de920a,ACID_BULK,15.1,HARMFUL_CONTEXT,1.0,"PREDICTED_UNSAFE:a,b,d",0.2829,A-1.0-ppr,6.206,0.0,0.005714,0.008,0.300104,1.0,7.55,2.963849,-2.536151,0,0,0.0,0.0,1.0,0.5,0.300104
2026-09-29T23:04:56.395Z,LAT-00475-61b818,ACID_BULK,13.0,HARMFUL_CONTEXT,1.0,"PREDICTED_UNSAFE:a,b,d",0.278,A-1.0-ppr,6.2,0.002,-0.002857,0.008944,0.3001,1.0,6.5,3.054696,-2.445304,0,0,0.0,0.0,1.0,0.5,0.3001
2026-09-29T23:04:56.396Z,LAT-00476-e904f8,BASE_FINE,5.0,UNCERTAIN_CONTEXT,1.0,STALE_SAMPLE,0.2793,A-1.0-ppr,7.004,0.002,-0.0,0.004899,4.000099,-1.0,0.025,7.019341,1.519341,0,0,0.0,0.0,1.0,0.5,4.000099
2026-09-29T23:04:56.396Z,LAT-00477-7ca56b,BASE_FINE,7.0,ACCEPTABLE_CONTEXT,0.006187,OK,0.567,A-1.0-ppr,3.5,-0.007,-0.004286,0.010954,0.300097,-1.0,0.035,3.51224,-1.98776,0,0,0.0,0.0,1.0,0.5,0.300097
2026-09-29T23:04:56.397Z,LAT-00478-db037e,ACID_BULK,11.0,HARMFUL_CONTEXT,1.0,"PREDICTED_UNSAFE:a,b,d",0.2783,A-1.0-ppr,6.198,0.001,0.001429,0.004,0.300099,1.0,5.5,3.164858,-2.335142,0,0,0.0,0.0,1.0,0.5,0.300099
2026-09-29T23:04:56.398Z,LAT-00479-c4492c,BASE_FINE,3.4,ACCEPTABLE_CONTEXT,0.00409,OK,0.5529,A-1.0-ppr,7.006,-0.004,-0.005714,0.008,0.300098,-1.0,0.017,7.016479,1.516479,0,0,0.0,0.0,1.0,0.5,0.300098
2026-09-29T23:04:56.398Z,LAT-00480-8e45bb,BASE_FINE,9.7,ACCEPTABLE_CONTEXT,0.006187,OK,0.5695,A-1.0-ppr,3.5,0.0,-0.008571,0.008944,0.3001,-1.0,0.0485,3.517045,-1.982955,0,0,0.0,0.0,1.0,0.5,0.3001
2026-09-29T23:04:56.399Z,LAT-00481-e8690f,ACID_FINE,8.4,ACCEPTABLE_CONTEXT,0.00409,OK,0.5329,A-1.0-ppr,7.0,0.001,0.004286,0.006325,0.300108,1.0,0.042,6.97693,1.47693,0,0,0.0,0.0,1.0,0.5,0.300108
2026-09-29T23:04:56.400Z,LAT-00482-e4da63,BASE_FINE,6.1,ACCEPTABLE_CONTEXT,0.00568,OK,0.5718,A-1.0-ppr,3.502,0.003,0.012857,0.011662,0.3001,-1.0,0.0305,3.512696,-1.987304,0,0,0.0,0.0,1.0,0.5,0.3001
2026-09-29T23:04:56.400Z,LAT-00483-509b80,ACID_BULK,14.6,HARMFUL_CONTEXT,1.0,"PREDICTED_UNSAFE:a,b,d",0.2791,A-1.0-ppr,6.194,-0.001,-0.004286,0.004899,0.300099,1.0,7.3,2.981338,-2.518662,0,0,0.0,0.0,1.0,0.5,0.300099
2026-09-29T23:04:56.401Z,LAT-00484-20e24a,ACID_BULK,16.0,HARMFUL_CONTEXT,1.0,"PREDICTED_UNSAFE:a,b,d",0.2751,A-1.0-ppr,6.202,0.002,-0.005714,0.007483,0.300099,1.0,8.0,2.928732,-2.571268,0,0,0.0,0.0,1.0,0.5,0.300099
2026-09-29T23:04:56.402Z,LAT-00485-dd8976,ACID_FINE,5.6,ACCEPTABLE_CONTEXT,0.00409,OK,0.5454,A-1.0-ppr,7.008,-0.003,0.001429,0.007483,0.300107,1.0,0.028,6.99252,1.49252,0,0,0.0,0.0,1.0,0.5,0.300107
2026-09-29T23:04:56.402Z,LAT-00486-01033c,ACID_BULK,10.2,HARMFUL_CONTEXT,1.0,"PREDICTED_UNSAFE:a,b,d",0.279,A-1.0-ppr,6.198,0.001,0.01,0.011662,0.300102,1.0,5.1,3.218502,-2.281498,0,0,0.0,0.0,1.0,0.5,0.300102
2026-09-29T23:04:56.403Z,LAT-00487-cedf5a,BASE_FINE,2.8,ACCEPTABLE_CONTEXT,0.00409,OK,0.5565,A-1.0-ppr,7.006,-0.007,0.004286,0.012,0.3001,-1.0,0.014,7.014622,1.514622,0,0,0.0,0.0,1.0,0.5,0.3001
2026-09-29T23:04:56.404Z,LAT-00488-3f95b6,BASE_FINE,4.7,ACCEPTABLE_CONTEXT,0.00568,OK,0.5747,A-1.0-ppr,3.502,0.007,0.004286,0.011662,0.300102,-1.0,0.0235,3.51022,-1.98978,0,0,0.0,0.0,1.0,0.5,0.300102
2026-09-29T23:04:56.404Z,LAT-00489-ff387f,ACID_BULK,15.3,HARMFUL_CONTEXT,1.0,"PREDICTED_UNSAFE:a,b,d",0.2805,A-1.0-ppr,6.196,0.009,-0.007143,0.014967,0.300103,1.0,7.65,2.953798,-2.546202,0,0,0.0,0.0,1.0,0.5,0.300103
2026-09-29T23:04:56.405Z,LAT-00490-88a0be,BASE_FINE,1.2,ACCEPTABLE_CONTEXT,0.00409,OK,0.5565,A-1.0-ppr,7.004,-0.001,-0.004286,0.004899,0.300109,-1.0,0.006,7.007579,1.507579,0,0,0.0,0.0,1.0,0.5,0.300109
2026-09-29T23:04:56.406Z,LAT-00491-f3037f,BASE_FINE,8.3,ACCEPTABLE_CONTEXT,0.006187,OK,0.5637,A-1.0-ppr,3.494,-0.002,0.002857,0.008,0.3001,-1.0,0.0415,3.508357,-1.991643,0,0,0.0,0.0,1.0,0.5,0.3001
2026-09-29T23:04:56.406Z,LAT-00492-6ff9b9,BASE_FINE,4.1,UNCERTAIN_CONTEXT,1.0,STALE_SAMPLE,0.2705,A-1.0-ppr,7.008,-0.008,0.002857,0.014697,4.000108,-1.0,0.0205,7.020691,1.520691,0,0,0.0,0.0,1.0,0.5,4.000108
2026-09-29T23:04:56.407Z,LAT-00493-8975e3,BASE_FINE,5.7,ACCEPTABLE_CONTEXT,0.00409,OK,0.5562,A-1.0-ppr,7.004,-0.001,0.001429,0.004899,0.300101,-1.0,0.0285,7.021504,1.521504,0,0,0.0,0.0,1.0,0.5,0.300101
2026-09-29T23:04:56.408Z,LAT-00494-d9cb4f,BASE_FINE,6.6,ACCEPTABLE_CONTEXT,0.00409,OK,0.5248,A-1.0-ppr,6.996,0.0,0.002857,0.004899,0.300101,-1.0,0.033,7.015945,1.515945,0,0,0.0,0.0,1.0,0.5,0.300101
2026-09-29T23:04:56.408Z,LAT-00495-6e6f46,ACID_FINE,6.8,ACCEPTABLE_CONTEXT,0.00409,OK,0.5176,A-1.0-ppr,6.998,0.001,-0.012857,0.011662,0.300101,1.0,0.034,6.979272,1.479272,0,0,0.0,0.0,1.0,0.5,0.300101
2026-09-29T23:04:56.409Z,LAT-00496-767aa6,ACID_FINE,4.2,ACCEPTABLE_CONTEXT,0.00409,OK,0.5479,A-1.0-ppr,7.008,-0.005,0.012857,0.013266,0.300115,1.0,0.021,6.996377,1.496377,0,0,0.0,0.0,1.0,0.5,0.300115
2026-09-29T23:04:56.410Z,LAT-00497-28aea3,BASE_FINE,4.8,ACCEPTABLE_CONTEXT,0.00568,OK,0.5635,A-1.0-ppr,3.5,0.008,-0.005714,0.012649,0.300111,-1.0,0.024,3.50836,-1.99164,0,0,0.0,0.0,1.0,0.5,0.300111
2026-09-29T23:04:56.410Z,LAT-00498-5175db,ACID_BULK,17.8,HARMFUL_CONTEXT,1.0,"PREDICTED_UNSAFE:a,b,d",0.2799,A-1.0-ppr,6.2,0.002,-0.0,0.006325,0.300103,1.0,8.9,2.867106,-2.632894,0,0,0.0,0.0,1.0,0.5,0.300103
2026-09-29T23:04:56.411Z,LAT-00499-4b3b08,ACID_FINE,1.2,ACCEPTABLE_CONTEXT,0.00409,OK,0.5252,A-1.0-ppr,6.996,-0.004,0.002857,0.013565,0.300101,1.0,0.006,6.992691,1.492691,0,0,0.0,0.0,1.0,0.5,0.300101
2026-09-29T23:04:56.411Z,LAT-00500-350c71,ACID_BULK,10.7,HARMFUL_CONTEXT,1.0,"PREDICTED_UNSAFE:a,b,d",0.2808,A-1.0-ppr,6.198,-0.002,-0.002857,0.004,0.300101,1.0,5.35,3.184204,-2.315796,0,0,0.0,0.0,1.0,0.5,0.300101
2026-09-29T23:04:56.413Z,LAT-00501-537a96,BASE_FINE,8.7,ACCEPTABLE_CONTEXT,0.00409,OK,0.536,A-1.0-ppr,6.998,0.002,0.008571,0.009798,0.300102,-1.0,0.0435,7.024517,1.524517,0,0,0.0,0.0,1.0,0.5,0.300102
2026-09-29T23:04:56.414Z,LAT-00502-575c49,ACID_BULK,12.9,HARMFUL_CONTEXT,1.0,"PREDICTED_UNSAFE:a,b,d",0.3076,A-1.0-ppr,6.198,-0.002,0.0,0.009798,0.300102,1.0,6.45,3.059055,-2.440945,0,0,0.0,0.0,1.0,0.5,0.300102
2026-09-29T23:04:56.414Z,LAT-00503-279439,BASE_FINE,5.2,ACCEPTABLE_CONTEXT,0.00568,OK,0.5842,A-1.0-ppr,3.512,0.008,0.002857,0.011662,0.300109,-1.0,0.026,3.521305,-1.978695,0,0,0.0,0.0,1.0,0.5,0.300109
2026-09-29T23:04:56.415Z,LAT-00504-bbace3,ACID_FINE,2.3,ACCEPTABLE_CONTEXT,0.00409,OK,0.5537,A-1.0-ppr,7.002,-0.001,-0.004286,0.011662,0.300101,1.0,0.0115,6.995656,1.495656,0,0,0.0,0.0,1.0,0.5,0.300101
2026-09-29T23:04:56.416Z,LAT-00505-cbe113,BASE_FINE,8.4,ACCEPTABLE_CONTEXT,0.006187,OK,0.5927,A-1.0-ppr,3.5,-0.001,0.004286,0.006325,0.300103,-1.0,0.042,3.514726,-1.985274,0,0,0.0,0.0,1.0,0.5,0.300103
2026-09-29T23:04:56.417Z,LAT-00506-d76dc1,BASE_FINE,9.3,ACCEPTABLE_CONTEXT,0.00409,OK,0.5702,A-1.0-ppr,7.004,-0.003,0.001429,0.004899,0.300116,-1.0,0.0465,7.032611,1.532611,0,0,0.0,0.0,1.0,0.5,0.300116
2026-09-29T23:04:56.417Z,LAT-00507-647eac,BASE_FINE,1.0,UNCERTAIN_CONTEXT,1.0,STALE_SAMPLE,0.2528,A-1.0-ppr,7.0,0.003,0.001429,0.008944,4.000102,-1.0,0.005,7.002968,1.502968,0,0,0.0,0.0,1.0,0.5,4.000102
2026-09-29T23:04:56.418Z,LAT-00508-af7441,ACID_FINE,9.7,ACCEPTABLE_CONTEXT,0.003572,OK,0.5533,A-1.0-ppr,7.006,0.003,-0.01,0.010198,0.3001,1.0,0.0485,6.979282,1.479282,0,0,0.0,0.0,1.0,0.5,0.3001
2026-09-29T23:04:56.419Z,LAT-00509-edb6c6,ACID_FINE,3.1,ACCEPTABLE_CONTEXT,0.00409,OK,0.5209,A-1.0-ppr,6.998,-0.002,0.002857,0.007483,0.300106,1.0,0.0155,6.989453,1.489453,0,0,0.0,0.0,1.0,0.5,0.300106
2026-09-29T23:04:56.419Z,LAT-00510-1c51fb,ACID_FINE,3.6,ACCEPTABLE_CONTEXT,0.003572,OK,0.5184,A-1.0-ppr,6.998,0.006,-0.011429,0.014697,0.300101,1.0,0.018,6.988076,1.488076,0,0,0.0,0.0,1.0,0.5,0.300101
2026-09-29T23:04:56.420Z,LAT-00511-5906ae,BASE_FINE,3.4,UNCERTAIN_CONTEXT,1.0,STALE_SAMPLE,0.2732,A-1.0-ppr,7.006,0.003,-0.001429,0.004899,4.0001,-1.0,0.017,7.016479,1.516479,0,0,0.0,0.0,1.0,0.5,4.0001
2026-09-29T23:04:56.420Z,LAT-00512-65909b,BASE_FINE,8.5,ACCEPTABLE_CONTEXT,0.00409,OK,0.517,A-1.0-ppr,6.998,0.001,-0.004286,0.007483,0.300106,-1.0,0.0425,7.0239,1.5239,0,0,0.0,0.0,1.0,0.5,0.300106
2026-09-29T23:04:56.421Z,LAT-00513-7f0b6e,BASE_FINE,6.9,ACCEPTABLE_CONTEXT,0.00409,OK,0.5254,A-1.0-ppr,7.0,-0.001,-0.001429,0.006325,0.300106,-1.0,0.0345,7.021043,1.521043,0,0,0.0,0.0,1.0,0.5,0.300106
2026-09-29T23:04:56.422Z,LAT-00514-b7dd32,ACID_BULK,10.7,HARMFUL_CONTEXT,1.0,"PREDICTED_UNSAFE:a,b,d",0.2873,A-1.0-ppr,6.204,0.002,-0.002857,0.008,0.3001,1.0,5.35,3.18644,-2.31356,0,0,0.0,0.0,1.0,0.5,0.3001
2026-09-29T23:04:56.422Z,LAT-00515-d7f353,ACID_BULK,19.1,HARMFUL_CONTEXT,1.0,"PREDICTED_UNSAFE:a,b,d",0.2765,A-1.0-ppr,6.202,0.002,-0.002857,0.007483,0.300106,1.0,9.55,2.82806,-2.67194,0,0,0.0,0.0,1.0,0.5,0.300106
2026-09-29T23:04:56.423Z,LAT-00516-80238f,BASE_FINE,1.1,UNCERTAIN_CONTEXT,1.0,STALE_SAMPLE,0.2669,A-1.0-ppr,7.008,-0.004,-0.0,0.009798,4.000112,-1.0,0.0055,7.011408,1.511408,0,0,0.0,0.0,1.0,0.5,4.000112
2026-09-29T23:04:56.423Z,LAT-00517-d8b75d,BASE_FINE,6.9,ACCEPTABLE_CONTEXT,0.00409,OK,0.5287,A-1.0-ppr,6.994,0.0,0.002857,0.010198,0.300097,-1.0,0.0345,7.014788,1.514788,0,0,0.0,0.0,1.0,0.5,0.300097
2026-09-29T23:04:56.424Z,LAT-00518-4ed456,BASE_FINE,9.1,ACCEPTABLE_CONTEXT,0.00409,OK,0.5911,A-1.0-ppr,7.004,0.001,0.007143,0.008,0.300105,-1.0,0.0455,7.031995,1.531995,0,0,0.0,0.0,1.0,0.5,0.300105
2026-09-29T23:04:56.425Z,LAT-00519-100bc3,ACID_BULK,11.4,HARMFUL_CONTEXT,1.0,"PREDICTED_UNSAFE:a,b,d",0.2795,A-1.0-ppr,6.194,-0.003,-0.01,0.010198,0.300101,1.0,5.7,3.138981,-2.361019,0,0,0.0,0.0,1.0,0.5,0.300101
2026-09-29T23:04:56.425Z,LAT-00520-fbfade,ACID_FINE,4.9,ACCEPTABLE_CONTEXT,0.00409,OK,0.582,A-1.0-ppr,7.004,0.002,0.005714,0.010198,0.300099,1.0,0.0245,6.990489,1.490489,0,0,0.0,0.0,1.0,0.5,0.300099
2026-09-29T23:04:56.426Z,LAT-00521-7b60c4,BASE_FINE,7.9,ACCEPTABLE_CONTEXT,0.00409,OK,0.5687,A-1.0-ppr,7.004,-0.001,-0.004286,0.004899,0.300255,-1.0,0.0395,7.028296,1.528296,0,0,0.0,0.0,1.0,0.5,0.300255
2026-09-29T23:04:56.427Z,LAT-00522-e64332,ACID_BULK,13.6,HARMFUL_CONTEXT,1.0,"PREDICTED_UNSAFE:a,b,d",0.2832,A-1.0-ppr,6.206,0.001,0.004286,0.004899,0.300104,1.0,6.8,3.027843,-2.472157,0,0,0.0,0.0,1.0,0.5,0.300104
2026-09-29T23:04:56.427Z,LAT-00523-be5b4c,BASE_FINE,4.6,UNCERTAIN_CONTEXT,1.0,STALE_SAMPLE,0.2526,A-1.0-ppr,6.996,0.001,0.004286,0.004899,4.000099,-1.0,0.023,7.009758,1.509758,0,0,0.0,0.0,1.0,0.5,4.000099
2026-09-29T23:04:56.428Z,LAT-00524-e0be6f,ACID_BULK,17.5,HARMFUL_CONTEXT,1.0,"PREDICTED_UNSAFE:a,b,d",0.2774,A-1.0-ppr,6.194,0.004,0.002857,0.013565,0.3001,1.0,8.75,2.875619,-2.624381,0,0,0.0,0.0,1.0,0.5,0.3001
2026-09-29T23:04:56.428Z,LAT-00525-c13fc7,ACID_FINE,5.4,ACCEPTABLE_CONTEXT,0.00409,OK,0.5348,A-1.0-ppr,7.0,-0.003,-0.004286,0.006325,0.300097,1.0,0.027,6.985118,1.485118,0,0,0.0,0.0,1.0,0.5,0.300097
2026-09-29T23:04:56.429Z,LAT-00526-78bb75,ACID_FINE,8.0,ACCEPTABLE_CONTEXT,0.003572,OK,0.5287,A-1.0-ppr,6.996,0.003,-0.001429,0.004899,0.300107,1.0,0.04,6.974144,1.474144,0,0,0.0,0.0,1.0,0.5,0.300107
2026-09-29T23:04:56.430Z,LAT-00527-9183e2,BASE_FINE,4.6,UNCERTAIN_CONTEXT,1.0,STALE_SAMPLE,0.2425,A-1.0-ppr,6.998,0.004,0.005714,0.009798,4.000099,-1.0,0.023,7.011845,1.511845,0,0,0.0,0.0,1.0,0.5,4.000099
2026-09-29T23:04:56.430Z,LAT-00528-0e4799,BASE_FINE,3.4,UNCERTAIN_CONTEXT,1.0,STALE_SAMPLE,0.249,A-1.0-ppr,7.0,0.001,-0.004286,0.006325,4.000098,-1.0,0.017,7.010217,1.510217,0,0,0.0,0.0,1.0,0.5,4.000098
2026-09-29T23:04:56.430Z,LAT-00529-ca2d10,BASE_FINE,4.9,UNCERTAIN_CONTEXT,1.0,STALE_SAMPLE,0.2468,A-1.0-ppr,7.0,0.006,-0.005714,0.010954,4.000097,-1.0,0.0245,7.01486,1.51486,0,0,0.0,0.0,1.0,0.5,4.000097
2026-09-29T23:04:56.431Z,LAT-00530-b243dc,ACID_BULK,15.1,HARMFUL_CONTEXT,1.0,"PREDICTED_UNSAFE:a,b,d",0.2849,A-1.0-ppr,6.202,0.005,0.001429,0.011662,0.300099,1.0,7.55,2.962961,-2.537039,0,0,0.0,0.0,1.0,0.5,0.300099
2026-09-29T23:04:56.431Z,LAT-00531-337b7b,BASE_FINE,4.1,UNCERTAIN_CONTEXT,1.0,STALE_SAMPLE,0.2577,A-1.0-ppr,7.0,0.0,-0.0,0.0,4.000099,-1.0,0.0205,7.012384,1.512384,0,0,0.0,0.0,1.0,0.5,4.000099
2026-09-29T23:04:56.432Z,LAT-00532-7c1bc5,BASE_FINE,9.2,ACCEPTABLE_CONTEXT,0.00568,OK,0.6525,A-1.0-ppr,3.502,0.005,-0.007143,0.011662,0.300106,-1.0,0.046,3.518223,-1.981777,0,0,0.0,0.0,1.0,0.5,0.300106
2026-09-29T23:04:56.433Z,LAT-00533-8a12d4,BASE_FINE,0.9,ACCEPTABLE_CONTEXT,0.003754,OK,0.5677,A-1.0-ppr,6.994,0.004,-0.002857,0.008,0.300107,-1.0,0.0045,6.996672,1.496672,0,0,0.0,0.0,1.0,0.5,0.300107
2026-09-29T23:04:56.434Z,LAT-00534-170e34,ACID_BULK,19.9,HARMFUL_CONTEXT,1.0,"PREDICTED_UNSAFE:a,b,d",0.2858,A-1.0-ppr,6.198,-0.003,0.004286,0.011662,0.300107,1.0,9.95,2.804864,-2.695136,0,0,0.0,0.0,1.0,0.5,0.300107
2026-09-29T23:04:56.434Z,LAT-00535-62b090,BASE_FINE,6.1,ACCEPTABLE_CONTEXT,0.00409,OK,0.5313,A-1.0-ppr,6.998,-0.001,-0.007143,0.007483,0.3001,-1.0,0.0305,7.016485,1.516485,0,0,0.0,0.0,1.0,0.5,0.3001
2026-09-29T23:04:56.435Z,LAT-00536-6f422e,ACID_BULK,10.1,HARMFUL_CONTEXT,1.0,"PREDICTED_UNSAFE:a,b,d",0.2795,A-1.0-ppr,6.194,0.0,-0.0,0.008,0.300101,1.0,5.05,3.224049,-2.275951,0,0,0.0,0.0,1.0,0.5,0.300101
2026-09-29T23:04:56.435Z,LAT-00537-0f08ea,ACID_BULK,15.2,HARMFUL_CONTEXT,1.0,"PREDICTED_UNSAFE:a,b,d",0.2765,A-1.0-ppr,6.198,0.005,0.001429,0.007483,0.300101,1.0,7.6,2.958135,-2.541865,0,0,0.0,0.0,1.0,0.5,0.300101
2026-09-29T23:04:56.436Z,LAT-00538-dd8b7e,BASE_FINE,5.3,ACCEPTABLE_CONTEXT,0.003849,OK,0.5275,A-1.0-ppr,6.998,0.006,0.002857,0.009798,0.3001,-1.0,0.0265,7.014011,1.514011,0,0,0.0,0.0,1.0,0.5,0.3001
2026-09-29T23:04:56.437Z,LAT-00539-6753b7,BASE_FINE,8.0,ACCEPTABLE_CONTEXT,0.006187,OK,0.5769,A-1.0-ppr,3.506,-0.002,0.002857,0.008,0.300101,-1.0,0.04,3.5202,-1.9798,0,0,0.0,0.0,1.0,0.5,0.300101
2026-09-29T23:04:56.437Z,LAT-00540-8bc29b,BASE_FINE,3.8,UNCERTAIN_CONTEXT,1.0,STALE_SAMPLE,0.2433,A-1.0-ppr,6.998,0.0,-0.008571,0.007483,4.000101,-1.0,0.019,7.009368,1.509368,0,0,0.0,0.0,1.0,0.5,4.000101
2026-09-29T23:04:56.438Z,LAT-00541-8bfdd4,ACID_FINE,3.5,ACCEPTABLE_CONTEXT,0.00409,OK,0.536,A-1.0-ppr,6.996,-0.002,-0.002857,0.008,0.300101,1.0,0.0175,6.986354,1.486354,0,0,0.0,0.0,1.0,0.5,0.300101
2026-09-29T23:04:56.439Z,LAT-00542-d45dee,BASE_FINE,3.6,ACCEPTABLE_CONTEXT,0.006187,OK,0.5763,A-1.0-ppr,3.51,-0.003,0.004286,0.006325,0.300101,-1.0,0.018,3.516394,-1.983606,0,0,0.0,0.0,1.0,0.5,0.300101
2026-09-29T23:04:56.439Z,LAT-00543-076e64,ACID_BULK,11.9,HARMFUL_CONTEXT,1.0,"PREDICTED_UNSAFE:a,b,d",0.2825,A-1.0-ppr,6.202,0.003,-0.007143,0.007483,0.300102,1.0,5.95,3.112781,-2.387219,0,0,0.0,0.0,1.0,0.5,0.300102
2026-09-29T23:04:56.440Z,LAT-00544-f9c837,ACID_BULK,16.8,HARMFUL_CONTEXT,1.0,"PREDICTED_UNSAFE:a,b,d",0.2769,A-1.0-ppr,6.196,0.005,0.001429,0.012,0.300099,1.0,8.4,2.899262,-2.600738,0,0,0.0,0.0,1.0,0.5,0.300099
2026-09-29T23:04:56.440Z,LAT-00545-d84835,BASE_FINE,6.9,ACCEPTABLE_CONTEXT,0.006187,OK,0.5821,A-1.0-ppr,3.506,-0.005,-0.004286,0.010198,0.300099,-1.0,0.0345,3.518223,-1.981777,0,0,0.0,0.0,1.0,0.5,0.300099
2026-09-29T23:04:56.441Z,LAT-00546-18bb1e,BASE_FINE,6.5,ACCEPTABLE_CONTEXT,0.003849,OK,0.5566,A-1.0-ppr,7.004,0.003,0.001429,0.004899,0.300117,-1.0,0.0325,7.023975,1.523975,0,0,0.0,0.0,1.0,0.5,0.300117
2026-09-29T23:04:56.442Z,LAT-00547-4f870a,BASE_FINE,7.1,ACCEPTABLE_CONTEXT,0.006187,OK,0.5675,A-1.0-ppr,3.5,0.002,-0.005714,0.006325,0.300101,-1.0,0.0355,3.512417,-1.987583,0,0,0.0,0.0,1.0,0.5,0.300101
2026-09-29T23:04:56.443Z,LAT-00548-31a718,BASE_FINE,3.2,ACCEPTABLE_CONTEXT,0.00409,OK,0.5317,A-1.0-ppr,7.0,0.0,-0.005714,0.008944,0.300101,-1.0,0.016,7.009598,1.509598,0,0,0.0,0.0,1.0,0.5,0.300101
2026-09-29T23:04:56.443Z,LAT-00549-2286a9,BASE_FINE,2.2,UNCERTAIN_CONTEXT,1.0,STALE_SAMPLE,0.2839,A-1.0-ppr,7.004,-0.009,0.001429,0.013565,4.000101,-1.0,0.011,7.010677,1.510677,0,0,0.0,0.0,1.0,0.5,4.000101
2026-09-29T23:04:56.444Z,LAT-00550-d47f36,ACID_BULK,13.5,HARMFUL_CONTEXT,1.0,"PREDICTED_UNSAFE:a,b,d",0.2786,A-1.0-ppr,6.204,-0.002,-0.0,0.004899,0.300109,1.0,6.75,3.031946,-2.468054,0,0,0.0,0.0,1.0,0.5,0.300109
2026-09-29T23:04:56.444Z,LAT-00551-9538d9,BASE_FINE,7.8,ACCEPTABLE_CONTEXT,0.00409,OK,0.5492,A-1.0-ppr,6.996,-0.005,0.001429,0.013565,0.3001,-1.0,0.039,7.019654,1.519654,0,0,0.0,0.0,1.0,0.5,0.3001
2026-09-29T23:04:56.445Z,LAT-00552-707eb4,ACID_BULK,16.9,HARMFUL_CONTEXT,1.0,"PREDICTED_UNSAFE:a,b,d",0.2881,A-1.0-ppr,6.194,-0.001,-0.001429,0.010198,0.300103,1.0,8.45,2.895472,-2.604528,0,0,0.0,0.0,1.0,0.5,0.300103
2026-09-29T23:04:56.445Z,LAT-00553-1b3a1b,ACID_BULK,11.5,HARMFUL_CONTEXT,1.0,"PREDICTED_UNSAFE:a,b,d",0.2785,A-1.0-ppr,6.194,-0.004,-0.002857,0.008,0.300101,1.0,5.75,3.13308,-2.36692,0,0,0.0,0.0,1.0,0.5,0.300101
2026-09-29T23:04:56.446Z,LAT-00554-929ebb,ACID_FINE,2.8,ACCEPTABLE_CONTEXT,0.00409,OK,0.537,A-1.0-ppr,7.0,-0.001,0.015714,0.014142,0.300099,1.0,0.014,6.992278,1.492278,0,0,0.0,0.0,1.0,0.5,0.300099
2026-09-29T23:04:56.447Z,LAT-00555-51fe47,BASE_FINE,6.6,ACCEPTABLE_CONTEXT,0.00409,OK,0.5333,A-1.0-ppr,6.998,-0.003,0.001429,0.009798,0.300099,-1.0,0.033,7.018031,1.518031,0,0,0.0,0.0,1.0,0.5,0.300099
2026-09-29T23:04:56.447Z,LAT-00556-432800,BASE_FINE,2.4,UNCERTAIN_CONTEXT,1.0,STALE_SAMPLE,0.2625,A-1.0-ppr,6.996,-0.003,-0.001429,0.004899,4.000101,-1.0,0.012,7.003123,1.503123,0,0,0.0,0.0,1.0,0.5,4.000101
2026-09-29T23:04:56.448Z,LAT-00557-c818a9,ACID_FINE,7.7,ACCEPTABLE_CONTEXT,0.00409,OK,0.5476,A-1.0-ppr,7.002,0.0,-0.002857,0.004,0.3001,1.0,0.0385,6.980789,1.480789,0,0,0.0,0.0,1.0,0.5,0.3001
2026-09-29T23:04:56.449Z,LAT-00558-7dfc47,BASE_FINE,4.3,ACCEPTABLE_CONTEXT,0.006187,OK,0.5817,A-1.0-ppr,3.504,0.002,-0.0,0.004899,0.300107,-1.0,0.0215,3.511548,-1.988452,0,0,0.0,0.0,1.0,0.5,0.300107
2026-09-29T23:04:56.449Z,LAT-00559-d18a47,BASE_FINE,3.8,UNCERTAIN_CONTEXT,1.0,STALE_SAMPLE,0.2997,A-1.0-ppr,7.004,-0.003,-0.012857,0.013565,4.000101,-1.0,0.019,7.01563,1.51563,0,0,0.0,0.0,1.0,0.5,4.000101
2026-09-29T23:04:56.450Z,LAT-00560-e1e93d,BASE_FINE,4.3,UNCERTAIN_CONTEXT,1.0,STALE_SAMPLE,0.2806,A-1.0-ppr,7.004,-0.002,0.005714,0.008,4.000113,-1.0,0.0215,7.017176,1.517176,0,0,0.0,0.0,1.0,0.5,4.000113
2026-09-29T23:04:56.450Z,LAT-00561-330054,BASE_FINE,6.6,ACCEPTABLE_CONTEXT,0.00409,OK,0.5396,A-1.0-ppr,7.0,0.002,-0.0,0.006325,0.300108,-1.0,0.033,7.020116,1.520116,0,0,0.0,0.0,1.0,0.5,0.300108
2026-09-29T23:04:56.451Z,LAT-00562-2ae31b,ACID_BULK,11.4,HARMFUL_CONTEXT,1.0,"PREDICTED_UNSAFE:a,b,d",0.2826,A-1.0-ppr,6.202,0.003,0.004286,0.007483,0.300101,1.0,5.7,3.141686,-2.358314,0,0,0.0,0.0,1.0,0.5,0.300101
2026-09-29T23:04:56.452Z,LAT-00563-3f9a70,BASE_FINE,7.5,ACCEPTABLE_CONTEXT,0.00568,OK,0.5704,A-1.0-ppr,3.502,0.003,-0.012857,0.014697,0.300099,-1.0,0.0375,3.515184,-1.984816,0,0,0.0,0.0,1.0,0.5,0.300099
2026-09-29T23:04:56.452Z,LAT-00564-2b09a2,ACID_BULK,14.5,HARMFUL_CONTEXT,1.0,"PREDICTED_UNSAFE:a,b,d",0.281,A-1.0-ppr,6.2,0.006,0.005714,0.014142,0.300101,1.0,7.25,2.986913,-2.513087,0,0,0.0,0.0,1.0,0.5,0.300101
2026-09-29T23:04:56.453Z,LAT-00565-5c487c,ACID_BULK,15.4,HARMFUL_CONTEXT,1.0,"PREDICTED_UNSAFE:a,b,d",0.2773,A-1.0-ppr,6.2,-0.002,0.002857,0.008944,0.300098,1.0,7.7,2.950813,-2.549187,0,0,0.0,0.0,1.0,0.5,0.300098
2026-09-29T23:04:56.453Z,LAT-00566-7504ea,ACID_BULK,17.0,HARMFUL_CONTEXT,1.0,"PREDICTED_UNSAFE:a,b,d",0.2751,A-1.0-ppr,6.196,0.007,0.004286,0.012,0.300097,1.0,8.5,2.892483,-2.607517,0,0,0.0,0.0,1.0,0.5,0.300097
2026-09-29T23:04:56.454Z,LAT-00567-fccb63,ACID_FINE,5.6,ACCEPTABLE_CONTEXT,0.003572,OK,0.5341,A-1.0-ppr,6.992,0.008,0.002857,0.011662,0.300104,1.0,0.028,6.976653,1.476653,0,0,0.0,0.0,1.0,0.5,0.300104
2026-09-29T23:04:56.455Z,LAT-00568-cd12da,BASE_FINE,1.9,ACCEPTABLE_CONTEXT,0.00409,OK,0.5424,A-1.0-ppr,6.996,-0.001,0.004286,0.004899,0.300105,-1.0,0.0095,7.001639,1.501639,0,0,0.0,0.0,1.0,0.5,0.300105
2026-09-29T23:04:56.455Z,LAT-00569-66c6b7,BASE_FINE,6.1,ACCEPTABLE_CONTEXT,0.00409,OK,0.5615,A-1.0-ppr,7.004,-0.005,-0.004286,0.008,0.300116,-1.0,0.0305,7.02274,1.52274,0,0,0.0,0.0,1.0,0.5,0.300116
2026-09-29T23:04:56.456Z,LAT-00570-1abc72,ACID_BULK,10.5,HARMFUL_CONTEXT,1.0,"PREDICTED_UNSAFE:a,b,d",0.2813,A-1.0-ppr,6.198,0.002,-0.0,0.009798,0.3001,1.0,5.25,3.1976,-2.3024,0,0,0.0,0.0,1.0,0.5,0.3001
2026-09-29T23:04:56.456Z,LAT-00571-97160c,BASE_FINE,4.5,UNCERTAIN_CONTEXT,1.0,STALE_SAMPLE,0.2789,A-1.0-ppr,7.006,0.002,0.008571,0.008,4.000099,-1.0,0.0225,7.019881,1.519881,0,0,0.0,0.0,1.0,0.5,4.000099
2026-09-29T23:04:56.457Z,LAT-00572-0b733e,ACID_FINE,1.2,ACCEPTABLE_CONTEXT,0.00409,OK,0.5272,A-1.0-ppr,6.998,-0.001,-0.007143,0.007483,0.300106,1.0,0.006,6.99469,1.49469,0,0,0.0,0.0,1.0,0.5,0.300106
2026-09-29T23:04:56.458Z,LAT-00573-c689de,ACID_FINE,5.0,ACCEPTABLE_CONTEXT,0.00409,OK,0.5325,A-1.0-ppr,6.996,-0.003,0.001429,0.012,0.3001,1.0,0.025,6.982226,1.482226,0,0,0.0,0.0,1.0,0.5,0.3001
2026-09-29T23:04:56.459Z,LAT-00574-db0ecf,BASE_FINE,6.0,ACCEPTABLE_CONTEXT,0.00568,OK,0.578,A-1.0-ppr,3.498,0.004,0.002857,0.007483,0.300101,-1.0,0.03,3.508427,-1.991573,0,0,0.0,0.0,1.0,0.5,0.300101
2026-09-29T23:04:56.459Z,LAT-00575-ad94bd,BASE_FINE,6.8,ACCEPTABLE_CONTEXT,0.006187,OK,0.588,A-1.0-ppr,3.504,-0.001,0.001429,0.004899,0.3001,-1.0,0.034,3.515991,-1.984009,0,0,0.0,0.0,1.0,0.5,0.3001
2026-09-29T23:04:56.460Z,LAT-00576-7c460d,BASE_FINE,2.5,ACCEPTABLE_CONTEXT,0.006187,OK,0.574,A-1.0-ppr,3.506,0.002,-0.005714,0.008,0.3001,-1.0,0.0125,3.510393,-1.989607,0,0,0.0,0.0,1.0,0.5,0.3001
2026-09-29T23:04:56.461Z,LAT-00577-078b01,BASE_FINE,4.4,UNCERTAIN_CONTEXT,1.0,STALE_SAMPLE,0.2547,A-1.0-ppr,7.0,0.003,-0.001429,0.008944,4.000101,-1.0,0.022,7.013313,1.513313,0,0,0.0,0.0,1.0,0.5,4.000101
2026-09-29T23:04:56.461Z,LAT-00578-350e93,ACID_BULK,14.6,HARMFUL_CONTEXT,1.0,"PREDICTED_UNSAFE:a,b,d",0.2834,A-1.0-ppr,6.204,0.002,0.011429,0.010198,0.300099,1.0,7.3,2.983684,-2.516316,0,0,0.0,0.0,1.0,0.5,0.300099
2026-09-29T23:04:56.462Z,LAT-00579-49cc9d,BASE_FINE,9.9,ACCEPTABLE_CONTEXT,0.006187,OK,0.5691,A-1.0-ppr,3.5,-0.001,0.001429,0.006325,0.300098,-1.0,0.0495,3.517403,-1.982597,0,0,0.0,0.0,1.0,0.5,0.300098
2026-09-29T23:04:56.463Z,LAT-00580-458ac0,BASE_FINE,9.5,ACCEPTABLE_CONTEXT,0.00409,OK,0.535,A-1.0-ppr,6.998,-0.004,0.008571,0.011662,0.300101,-1.0,0.0475,7.026985,1.526985,0,0,0.0,0.0,1.0,0.5,0.300101
2026-09-29T23:04:56.463Z,LAT-00581-6605e2,ACID_BULK,15.9,HARMFUL_CONTEXT,1.0,"PREDICTED_UNSAFE:a,b,d",0.2802,A-1.0-ppr,6.202,0.003,0.007143,0.009798,0.300116,1.0,7.95,2.932404,-2.567596,0,0,0.0,0.0,1.0,0.5,0.300116
2026-09-29T23:04:56.464Z,LAT-00582-4ece43,ACID_BULK,13.1,HARMFUL_CONTEXT,1.0,"PREDICTED_UNSAFE:a,b,d",0.2777,A-1.0-ppr,6.204,-0.003,0.001429,0.004899,0.300101,1.0,6.55,3.050921,-2.449079,0,0,0.0,0.0,1.0,0.5,0.300101
2026-09-29T23:04:56.464Z,LAT-00583-57d6d1,ACID_FINE,4.7,ACCEPTABLE_CONTEXT,0.00409,OK,0.5483,A-1.0-ppr,7.008,-0.003,-0.001429,0.007483,0.300099,1.0,0.0235,6.994999,1.494999,0,0,0.0,0.0,1.0,0.5,0.300099
2026-09-29T23:04:56.465Z,LAT-00584-e3ca76,ACID_BULK,12.6,HARMFUL_CONTEXT,1.0,"PREDICTED_UNSAFE:a,b,d",0.2788,A-1.0-ppr,6.2,0.004,-0.005714,0.008944,0.300101,1.0,6.3,3.074719,-2.425281,0,0,0.0,0.0,1.0,0.5,0.300101
2026-09-29T23:04:56.465Z,LAT-00585-8d1ab0,BASE_FINE,1.3,UNCERTAIN_CONTEXT,1.0,STALE_SAMPLE,0.2678,A-1.0-ppr,7.002,-0.004,-0.0,0.009798,4.000099,-1.0,0.0065,7.005857,1.505857,0,0,0.0,0.0,1.0,0.5,4.000099
2026-09-29T23:04:56.466Z,LAT-00586-b20d3e,BASE_FINE,3.9,UNCERTAIN_CONTEXT,1.0,STALE_SAMPLE,0.2754,A-1.0-ppr,7.006,-0.005,0.004286,0.008,4.000102,-1.0,0.0195,7.018025,1.518025,0,0,0.0,0.0,1.0,0.5,4.000102
2026-09-29T23:04:56.466Z,LAT-00587-bb89e2,ACID_FINE,4.4,ACCEPTABLE_CONTEXT,0.00409,OK,0.5343,A-1.0-ppr,6.992,0.0,0.008571,0.007483,0.300098,1.0,0.022,6.979883,1.479883,0,0,0.0,0.0,1.0,0.5,0.300098
2026-09-29T23:04:56.467Z,LAT-00588-1a8f5c,BASE_FINE,8.4,ACCEPTABLE_CONTEXT,0.003849,OK,0.5337,A-1.0-ppr,6.994,0.003,0.01,0.010198,0.3001,-1.0,0.042,7.019424,1.519424,0,0,0.0,0.0,1.0,0.5,0.3001
2026-09-29T23:04:56.468Z,LAT-00589-ed0579,ACID_FINE,7.4,ACCEPTABLE_CONTEXT,0.00409,OK,0.5586,A-1.0-ppr,7.002,0.002,0.002857,0.004,0.300101,1.0,0.037,6.981613,1.481613,0,0,0.0,0.0,1.0,0.5,0.300101
2026-09-29T23:04:56.468Z,LAT-00590-08e246,ACID_BULK,15.6,HARMFUL_CONTEXT,1.0,"PREDICTED_UNSAFE:a,b,d",0.282,A-1.0-ppr,6.196,0.004,-0.0,0.012,0.300102,1.0,7.8,2.942327,-2.557673,0,0,0.0,0.0,1.0,0.5,0.300102
2026-09-29T23:04:56.469Z,LAT-00591-af8bd1,ACID_BULK,13.4,HARMFUL_CONTEXT,1.0,"PREDICTED_UNSAFE:a,b,d",0.2768,A-1.0-ppr,6.202,-0.009,-0.001429,0.013266,0.300099,1.0,6.7,3.036086,-2.463914,0,0,0.0,0.0,1.0,0.5,0.300099
2026-09-29T23:04:56.469Z,LAT-00592-9e71c8,BASE_FINE,2.7,UNCERTAIN_CONTEXT,1.0,STALE_SAMPLE,0.2425,A-1.0-ppr,6.998,0.0,-0.008571,0.007483,4.000099,-1.0,0.0135,7.006011,1.506011,0,0,0.0,0.0,1.0,0.5,4.000099
2026-09-29T23:04:56.470Z,LAT-00593-f23e8b,ACID_BULK,11.2,HARMFUL_CONTEXT,1.0,"PREDICTED_UNSAFE:a,b,d",0.2754,A-1.0-ppr,6.194,0.005,0.015714,0.014967,0.300099,1.0,5.6,3.151029,-2.348971,0,0,0.0,0.0,1.0,0.5,0.300099
2026-09-29T23:04:56.470Z,LAT-00594-c02d4b,ACID_FINE,2.9,ACCEPTABLE_CONTEXT,0.003572,OK,0.5678,A-1.0-ppr,7.004,0.004,-0.002857,0.008,0.300097,1.0,0.0145,6.996,1.496,0,0,0.0,0.0,1.0,0.5,0.300097
2026-09-29T23:04:56.471Z,LAT-00595-bc211b,ACID_BULK,12.9,HARMFUL_CONTEXT,1.0,"PREDICTED_UNSAFE:a,b,d",0.283,A-1.0-ppr,6.198,-0.003,0.001429,0.007483,0.300101,1.0,6.45,3.059055,-2.440945,0,0,0.0,0.0,1.0,0.5,0.300101
2026-09-29T23:04:56.472Z,LAT-00596-c43acb,BASE_FINE,6.2,ACCEPTABLE_CONTEXT,0.006187,OK,0.5765,A-1.0-ppr,3.498,0.0,0.008571,0.011662,0.300099,-1.0,0.031,3.508779,-1.991221,0,0,0.0,0.0,1.0,0.5,0.300099
2026-09-29T23:04:56.472Z,LAT-00597-30e796,BASE_FINE,2.7,UNCERTAIN_CONTEXT,1.0,STALE_SAMPLE,0.287,A-1.0-ppr,7.006,0.003,0.001429,0.010198,4.000168,-1.0,0.0135,7.014313,1.514313,0,0,0.0,0.0,1.0,0.5,4.000168
2026-09-29T23:04:56.473Z,LAT-00598-173f60,ACID_BULK,12.8,HARMFUL_CONTEXT,1.0,"PREDICTED_UNSAFE:a,b,d",0.2987,A-1.0-ppr,6.204,0.001,-0.004286,0.004899,0.3001,1.0,6.4,3.065719,-2.434281,0,0,0.0,0.0,1.0,0.5,0.3001
2026-09-29T23:04:56.473Z,LAT-00599-194cfe,ACID_BULK,15.1,HARMFUL_CONTEXT,1.0,"PREDICTED_UNSAFE:a,b,d",0.2815,A-1.0-ppr,6.196,-0.002,0.002857,0.010198,0.300101,1.0,7.55,2.961618,-2.538382,0,0,0.0,0.0,1.0,0.5,0.300101
2026-09-29T23:04:56.474Z,LAT-00600-49b13d,BASE_FINE,1.7,UNCERTAIN_CONTEXT,1.0,STALE_SAMPLE,0.262,A-1.0-ppr,6.998,-0.003,0.001429,0.007483,4.000098,-1.0,0.0085,7.003045,1.503045,0,0,0.0,0.0,1.0,0.5,4.000098
2026-09-29T23:04:56.474Z,LAT-00601-8a808c,BASE_FINE,1.9,UNCERTAIN_CONTEXT,1.0,STALE_SAMPLE,0.2846,A-1.0-ppr,7.004,-0.003,0.001429,0.004899,4.000099,-1.0,0.0095,7.009748,1.509748,0,0,0.0,0.0,1.0,0.5,4.000099
2026-09-29T23:04:56.475Z,LAT-00602-5e215a,BASE_FINE,6.5,ACCEPTABLE_CONTEXT,0.006187,OK,0.6122,A-1.0-ppr,3.494,0.001,0.007143,0.008,0.300101,-1.0,0.0325,3.505207,-1.994793,0,0,0.0,0.0,1.0,0.5,0.300101
2026-09-29T23:04:56.476Z,LAT-00603-f9ade9,BASE_FINE,8.2,ACCEPTABLE_CONTEXT,0.006187,OK,0.5865,A-1.0-ppr,3.502,0.002,-0.0,0.011662,0.300103,-1.0,0.041,3.516433,-1.983567,0,0,0.0,0.0,1.0,0.5,0.300103
2026-09-29T23:04:56.477Z,LAT-00604-8e30b6,BASE_FINE,2.4,ACCEPTABLE_CONTEXT,0.00568,OK,0.5899,A-1.0-ppr,3.502,0.003,0.007143,0.011662,0.300103,-1.0,0.012,3.506181,-1.993819,0,0,0.0,0.0,1.0,0.5,0.300103
2026-09-29T23:04:56.477Z,LAT-00605-5d969c,ACID_BULK,18.9,HARMFUL_CONTEXT,1.0,"PREDICTED_UNSAFE:a,b,d",0.2907,A-1.0-ppr,6.198,-0.001,0.007143,0.007483,0.300104,1.0,9.45,2.833229,-2.666771,0,0,0.0,0.0,1.0,0.5,0.300104
2026-09-29T23:04:56.478Z,LAT-00606-ab9a35,BASE_FINE,2.5,UNCERTAIN_CONTEXT,1.0,STALE_SAMPLE,0.2547,A-1.0-ppr,7.0,0.004,0.008571,0.010954,4.0001,-1.0,0.0125,7.00743,1.50743,0,0,0.0,0.0,1.0,0.5,4.0001
2026-09-29T23:04:56.478Z,LAT-00607-17b93a,BASE_FINE,3.6,ACCEPTABLE_CONTEXT,0.006187,OK,0.5845,A-1.0-ppr,3.492,0.002,-0.0,0.011662,0.3001,-1.0,0.018,3.498148,-2.001852,0,0,0.0,0.0,1.0,0.5,0.3001
2026-09-29T23:04:56.479Z,LAT-00608-cd4583,ACID_FINE,4.6,ACCEPTABLE_CONTEXT,0.00409,OK,0.5681,A-1.0-ppr,7.004,-0.005,-0.004286,0.008,0.300101,1.0,0.023,6.991315,1.491315,0,0,0.0,0.0,1.0,0.5,0.300101
2026-09-29T23:04:56.480Z,LAT-00609-3ff4a7,ACID_FINE,5.3,ACCEPTABLE_CONTEXT,0.00409,OK,0.5377,A-1.0-ppr,6.996,-0.009,0.004286,0.013565,0.3001,1.0,0.0265,6.981401,1.481401,0,0,0.0,0.0,1.0,0.5,0.3001
2026-09-29T23:04:56.480Z,LAT-00610-57652c,ACID_BULK,15.1,HARMFUL_CONTEXT,1.0,"PREDICTED_UNSAFE:a,b,d",0.2851,A-1.0-ppr,6.204,0.005,-0.004286,0.008,0.300102,1.0,7.55,2.963406,-2.536594,0,0,0.0,0.0,1.0,0.5,0.300102
2026-09-29T23:04:56.481Z,LAT-00611-309c4d,ACID_BULK,16.0,HARMFUL_CONTEXT,1.0,"PREDICTED_UNSAFE:a,b,d",0.2803,A-1.0-ppr,6.194,-0.001,0.004286,0.008,0.300099,1.0,8.0,2.927074,-2.572926,0,0,0.0,0.0,1.0,0.5,0.300099
2026-09-29T23:04:56.481Z,LAT-00612-243fd3,ACID_BULK,12.9,HARMFUL_CONTEXT,1.0,"PREDICTED_UNSAFE:a,b,d",0.2785,A-1.0-ppr,6.198,0.0,0.002857,0.004,0.300099,1.0,6.45,3.059055,-2.440945,0,0,0.0,0.0,1.0,0.5,0.300099
2026-09-29T23:04:56.482Z,LAT-00613-5443c5,ACID_FINE,5.4,ACCEPTABLE_CONTEXT,0.003572,OK,0.5345,A-1.0-ppr,6.998,0.003,-0.004286,0.007483,0.300099,1.0,0.027,6.983122,1.483122,0,0,0.0,0.0,1.0,0.5,0.300099
2026-09-29T23:04:56.483Z,LAT-00614-b8b914,ACID_FINE,9.5,ACCEPTABLE_CONTEXT,0.00409,OK,0.5681,A-1.0-ppr,7.008,-0.002,-0.011429,0.011662,0.3001,1.0,0.0475,6.981789,1.481789,0,0,0.0,0.0,1.0,0.5,0.3001
2026-09-29T23:04:56.483Z,LAT-00615-52de10,BASE_FINE,1.3,ACCEPTABLE_CONTEXT,0.00409,OK,0.5562,A-1.0-ppr,6.996,-0.004,0.005714,0.023324,0.300105,-1.0,0.0065,6.999859,1.499859,0,0,0.0,0.0,1.0,0.5,0.300105
2026-09-29T23:04:56.484Z,LAT-00616-2a458f,ACID_FINE,8.8,ACCEPTABLE_CONTEXT,0.00409,OK,0.5487,A-1.0-ppr,6.996,0.001,-0.004286,0.008,0.300105,1.0,0.044,6.972028,1.472028,0,0,0.0,0.0,1.0,0.5,0.300105
2026-09-29T23:04:56.485Z,LAT-00617-69dd4c,ACID_FINE,8.7,ACCEPTABLE_CONTEXT,0.003572,OK,0.5873,A-1.0-ppr,7.004,0.005,-0.012857,0.013565,0.300104,1.0,0.0435,6.980035,1.480035,0,0,0.0,0.0,1.0,0.5,0.300104
2026-09-29T23:04:56.486Z,LAT-00618-b227b9,ACID_BULK,12.7,HARMFUL_CONTEXT,1.0,"PREDICTED_UNSAFE:a,b,d",0.2962,A-1.0-ppr,6.202,0.004,-0.005714,0.009798,0.300109,1.0,6.35,3.070197,-2.429803,0,0,0.0,0.0,1.0,0.5,0.300109
2026-09-29T23:04:56.486Z,LAT-00619-d083b5,ACID_FINE,6.8,ACCEPTABLE_CONTEXT,0.00409,OK,0.5581,A-1.0-ppr,7.0,-0.004,-0.005714,0.008944,0.300105,1.0,0.034,6.981267,1.481267,0,0,0.0,0.0,1.0,0.5,0.300105
2026-09-29T23:04:56.487Z,LAT-00620-83098b,BASE_FINE,4.5,UNCERTAIN_CONTEXT,1.0,STALE_SAMPLE,0.2648,A-1.0-ppr,6.996,0.002,-0.0,0.004899,4.000106,-1.0,0.0225,7.009448,1.509448,0,0,0.0,0.0,1.0,0.5,4.000106
2026-09-29T23:04:56.488Z,LAT-00621-86db95,BASE_FINE,1.1,ACCEPTABLE_CONTEXT,0.00409,OK,0.5465,A-1.0-ppr,6.994,0.0,0.002857,0.010198,0.300103,-1.0,0.0055,6.997266,1.497266,0,0,0.0,0.0,1.0,0.5,0.300103
2026-09-29T23:04:56.488Z,LAT-00622-0c9a21,ACID_FINE,2.1,ACCEPTABLE_CONTEXT,0.00409,OK,0.5373,A-1.0-ppr,7.0,-0.002,-0.002857,0.008944,0.300102,1.0,0.0105,6.994208,1.494208,0,0,0.0,0.0,1.0,0.5,0.300102
2026-09-29T23:04:56.489Z,LAT-00623-6eaa01,BASE_FINE,9.6,ACCEPTABLE_CONTEXT,0.006187,OK,0.5806,A-1.0-ppr,3.492,0.0,-0.0,0.007483,0.300104,-1.0,0.048,3.508571,-1.991429,0,0,0.0,0.0,1.0,0.5,0.300104
2026-09-29T23:04:56.490Z,LAT-00624-86f72e,ACID_FINE,2.3,ACCEPTABLE_CONTEXT,0.003572,OK,0.5254,A-1.0-ppr,6.998,0.004,-0.002857,0.007483,0.300102,1.0,0.0115,6.991658,1.491658,0,0,0.0,0.0,1.0,0.5,0.300102
2026-09-29T23:04:56.490Z,LAT-00625-bb27df,ACID_BULK,14.6,HARMFUL_CONTEXT,1.0,"PREDICTED_UNSAFE:a,b,d",0.2827,A-1.0-ppr,6.206,0.005,0.004286,0.008,0.300102,1.0,7.3,2.984148,-2.515852,0,0,0.0,0.0,1.0,0.5,0.300102
2026-09-29T23:04:56.491Z,LAT-00626-8c8b93,ACID_FINE,6.1,ACCEPTABLE_CONTEXT,0.00409,OK,0.5375,A-1.0-ppr,6.996,-0.003,0.007143,0.010198,0.300102,1.0,0.0305,6.979201,1.479201,0,0,0.0,0.0,1.0,0.5,0.300102
2026-09-29T23:04:56.491Z,LAT-00627-288e88,ACID_BULK,15.7,HARMFUL_CONTEXT,1.0,"PREDICTED_UNSAFE:a,b,d",0.2847,A-1.0-ppr,6.202,-0.003,-0.004286,0.011662,0.300107,1.0,7.85,2.939843,-2.560157,0,0,0.0,0.0,1.0,0.5,0.300107
2026-09-29T23:04:56.492Z,LAT-00628-a33b3d,ACID_BULK,10.4,HARMFUL_CONTEXT,1.0,"PREDICTED_UNSAFE:a,b,d",0.2775,A-1.0-ppr,6.2,-0.006,-0.0,0.008944,0.300103,1.0,5.2,3.205239,-2.294761,0,0,0.0,0.0,1.0,0.5,0.300103
2026-09-29T23:04:56.492Z,LAT-00629-91d851,BASE_FINE,2.1,UNCERTAIN_CONTEXT,1.0,STALE_SAMPLE,0.2502,A-1.0-ppr,6.994,0.001,-0.007143,0.010198,4.000102,-1.0,0.0105,7.000233,1.500233,0,0,0.0,0.0,1.0,0.5,4.000102
2026-09-29T23:04:56.493Z,LAT-00630-b1977a,BASE_FINE,1.6,UNCERTAIN_CONTEXT,1.0,STALE_SAMPLE,0.2793,A-1.0-ppr,7.004,-0.004,-0.008571,0.013565,4.000102,-1.0,0.008,7.008818,1.508818,0,0,0.0,0.0,1.0,0.5,4.000102
2026-09-29T23:04:56.494Z,LAT-00631-a21df0,BASE_FINE,3.6,ACCEPTABLE_CONTEXT,0.00409,OK,0.5603,A-1.0-ppr,7.002,-0.002,0.002857,0.004,0.3001,-1.0,0.018,7.012924,1.512924,0,0,0.0,0.0,1.0,0.5,0.3001
2026-09-29T23:04:56.494Z,LAT-00632-ef4361,ACID_FINE,8.7,ACCEPTABLE_CONTEXT,0.00409,OK,0.5262,A-1.0-ppr,6.998,0.0,0.002857,0.004,0.300103,1.0,0.0435,6.974214,1.474214,0,0,0.0,0.0,1.0,0.5,0.300103
2026-09-29T23:04:56.495Z,LAT-00633-3cf2f0,BASE_FINE,0.7,ACCEPTABLE_CONTEXT,0.00409,OK,0.5262,A-1.0-ppr,6.998,-0.004,-0.002857,0.007483,0.300101,-1.0,0.0035,7.000078,1.500078,0,0,0.0,0.0,1.0,0.5,0.300101
2026-09-29T23:04:56.496Z,LAT-00634-525dc3,BASE_FINE,1.2,UNCERTAIN_CONTEXT,1.0,STALE_SAMPLE,0.2838,A-1.0-ppr,7.004,-0.002,-0.005714,0.010198,4.000103,-1.0,0.006,7.007579,1.507579,0,0,0.0,0.0,1.0,0.5,4.000103
2026-09-29T23:04:56.496Z,LAT-00635-8d5a24,ACID_BULK,11.4,HARMFUL_CONTEXT,1.0,"PREDICTED_UNSAFE:a,b,d",0.2805,A-1.0-ppr,6.204,-0.002,-0.008571,0.008,0.3001,1.0,5.7,3.142358,-2.357642,0,0,0.0,0.0,1.0,0.5,0.3001
2026-09-29T23:04:56.497Z,LAT-00636-e0d465,BASE_FINE,2.0,ACCEPTABLE_CONTEXT,0.00409,OK,0.5409,A-1.0-ppr,6.994,0.002,-0.0,0.004899,0.300101,-1.0,0.01,6.999937,1.499937,0,0,0.0,0.0,1.0,0.5,0.300101
2026-09-29T23:04:56.497Z,LAT-00637-fece37,ACID_BULK,18.9,HARMFUL_CONTEXT,1.0,"PREDICTED_UNSAFE:a,b,d",0.2821,A-1.0-ppr,6.204,0.0,0.005714,0.004899,0.300104,1.0,9.45,2.834224,-2.665776,0,0,0.0,0.0,1.0,0.5,0.300104
2026-09-29T23:04:56.498Z,LAT-00638-5c9124,ACID_FINE,2.0,ACCEPTABLE_CONTEXT,0.003663,OK,0.5599,A-1.0-ppr,7.01,0.004,0.005714,0.008944,0.300102,1.0,0.01,7.004357,1.504357,0,0,0.0,0.0,1.0,0.5,0.300102
2026-09-29T23:04:56.499Z,LAT-00639-853047,BASE_FINE,6.7,ACCEPTABLE_CONTEXT,0.006187,OK,0.5815,A-1.0-ppr,3.5,-0.001,0.001429,0.006325,0.300103,-1.0,0.0335,3.511709,-1.988291,0,0,0.0,0.0,1.0,0.5,0.300103
2026-09-29T23:04:56.499Z,LAT-00640-78fe4c,BASE_FINE,3.1,UNCERTAIN_CONTEXT,1.0,STALE_SAMPLE,0.2743,A-1.0-ppr,7.002,-0.003,-0.004286,0.011662,4.000103,-1.0,0.0155,7.011376,1.511376,0,0,0.0,0.0,1.0,0.5,4.000103
2026-09-29T23:04:56.500Z,LAT-00641-61e1c0,BASE_FINE,6.5,ACCEPTABLE_CONTEXT,0.00409,OK,0.535,A-1.0-ppr,6.998,0.0,0.002857,0.004,0.300101,-1.0,0.0325,7.017722,1.517722,0,0,0.0,0.0,1.0,0.5,0.300101
2026-09-29T23:04:56.500Z,LAT-00642-060669,BASE_FINE,1.5,UNCERTAIN_CONTEXT,1.0,STALE_SAMPLE,0.2453,A-1.0-ppr,6.998,0.0,0.011429,0.009798,4.000103,-1.0,0.0075,7.002452,1.502452,0,0,0.0,0.0,1.0,0.5,4.000103
2026-09-29T23:04:56.501Z,LAT-00643-4584b0,BASE_FINE,3.7,UNCERTAIN_CONTEXT,1.0,STALE_SAMPLE,0.2801,A-1.0-ppr,7.004,0.01,-0.005714,0.016248,4.000106,-1.0,0.0185,7.01532,1.51532,0,0,0.0,0.0,1.0,0.5,4.000106
2026-09-29T23:04:56.502Z,LAT-00644-921a80,BASE_FINE,6.0,ACCEPTABLE_CONTEXT,0.00409,OK,0.5478,A-1.0-ppr,6.996,0.001,-0.004286,0.008,0.300099,-1.0,0.03,7.01409,1.51409,0,0,0.0,0.0,1.0,0.5,0.300099
2026-09-29T23:04:56.503Z,LAT-00645-cb4b7e,ACID_FINE,10.0,ACCEPTABLE_CONTEXT,0.003572,OK,0.6272,A-1.0-ppr,6.998,0.003,0.007143,0.007483,0.300101,1.0,0.05,6.970775,1.470775,0,0,0.0,0.0,1.0,0.5,0.300101
2026-09-29T23:04:56.503Z,LAT-00646-605e45,ACID_FINE,7.5,ACCEPTABLE_CONTEXT,0.00409,OK,0.5813,A-1.0-ppr,7.002,-0.004,-0.005714,0.009798,0.300146,1.0,0.0375,6.981338,1.481338,0,0,0.0,0.0,1.0,0.5,0.300146
2026-09-29T23:04:56.504Z,LAT-00647-5205be,BASE_FINE,3.6,UNCERTAIN_CONTEXT,1.0,STALE_SAMPLE,0.2642,A-1.0-ppr,6.994,0.004,0.011429,0.012,4.000116,-1.0,0.018,7.004683,1.504683,0,0,0.0,0.0,1.0,0.5,4.000116
2026-09-29T23:04:56.505Z,LAT-00648-68aeff,BASE_FINE,5.8,ACCEPTABLE_CONTEXT,0.00409,OK,0.7949,A-1.0-ppr,6.998,-0.002,-0.008571,0.009798,0.300109,-1.0,0.029,7.015557,1.515557,0,0,0.0,0.0,1.0,0.5,0.300109
2026-09-29T23:04:56.506Z,LAT-00649-2cf455,ACID_BULK,18.9,HARMFUL_CONTEXT,1.0,"PREDICTED_UNSAFE:a,b,d",0.3547,A-1.0-ppr,6.202,0.004,0.008571,0.009798,0.300153,1.0,9.45,2.833893,-2.666107,0,0,0.0,0.0,1.0,0.5,0.300153
2026-09-29T23:04:56.507Z,LAT-00650-b2ec0d,BASE_FINE,5.4,ACCEPTABLE_CONTEXT,0.00409,OK,0.9568,A-1.0-ppr,7.01,0.001,0.007143,0.012649,0.300123,-1.0,0.027,7.026703,1.526703,0,0,0.0,0.0,1.0,0.5,0.300123
2026-09-29T23:04:56.507Z,LAT-00651-e7a83e,ACID_BULK,11.1,HARMFUL_CONTEXT,1.0,"PREDICTED_UNSAFE:a,b,d",0.3441,A-1.0-ppr,6.21,-0.002,0.005714,0.006325,0.300122,1.0,5.55,3.162794,-2.337206,0,0,0.0,0.0,1.0,0.5,0.300122
2026-09-29T23:04:56.508Z,LAT-00652-89727a,BASE_FINE,3.9,UNCERTAIN_CONTEXT,1.0,STALE_SAMPLE,0.3266,A-1.0-ppr,7.002,-0.003,0.001429,0.007483,4.000109,-1.0,0.0195,7.013852,1.513852,0,0,0.0,0.0,1.0,0.5,4.000109
2026-09-29T23:04:56.509Z,LAT-00653-9e26d7,ACID_FINE,2.4,ACCEPTABLE_CONTEXT,0.00409,OK,0.6348,A-1.0-ppr,6.998,0.0,-0.002857,0.007483,0.300139,1.0,0.012,6.991382,1.491382,0,0,0.0,0.0,1.0,0.5,0.300139
2026-09-29T23:04:56.510Z,LAT-00654-c30217,BASE_FINE,10.0,ACCEPTABLE_CONTEXT,0.006187,OK,0.6996,A-1.0-ppr,3.502,0.001,0.007143,0.007483,0.300113,-1.0,0.05,3.51966,-1.98034,0,0,0.0,0.0,1.0,0.5,0.300113
2026-09-29T23:04:56.511Z,LAT-00655-084ec5,ACID_FINE,4.4,ACCEPTABLE_CONTEXT,0.00409,OK,0.5785,A-1.0-ppr,6.998,0.002,0.002857,0.009798,0.300129,1.0,0.022,6.985874,1.485874,0,0,0.0,0.0,1.0,0.5,0.300129
2026-09-29T23:04:56.511Z,LAT-00656-912048,ACID_BULK,10.1,HARMFUL_CONTEXT,1.0,"PREDICTED_UNSAFE:a,b,d",0.3163,A-1.0-ppr,6.198,-0.002,0.002857,0.007483,0.300111,1.0,5.05,3.225699,-2.274301,0,0,0.0,0.0,1.0,0.5,0.300111
2026-09-29T23:04:56.512Z,LAT-00657-0c1e44,ACID_BULK,16.0,HARMFUL_CONTEXT,1.0,"PREDICTED_UNSAFE:a,b,d",0.2737,A-1.0-ppr,6.204,-0.002,-0.008571,0.014967,0.3001,1.0,8.0,2.929143,-2.570857,0,0,0.0,0.0,1.0,0.5,0.3001
2026-09-29T23:04:56.512Z,LAT-00658-56631f,BASE_FINE,7.5,ACCEPTABLE_CONTEXT,0.006187,OK,0.5869,A-1.0-ppr,3.502,0.002,-0.005714,0.007483,0.300097,-1.0,0.0375,3.515184,-1.984816,0,0,0.0,0.0,1.0,0.5,0.300097
2026-09-29T23:04:56.513Z,LAT-00659-d2a644,ACID_BULK,18.4,HARMFUL_CONTEXT,1.0,"PREDICTED_UNSAFE:a,b,d",0.3009,A-1.0-ppr,6.196,0.0,-0.0,0.008,0.300119,1.0,9.2,2.847798,-2.652202,0,0,0.0,0.0,1.0,0.5,0.300119
2026-09-29T23:04:56.514Z,LAT-00660-d47f1a,BASE_FINE,2.0,ACCEPTABLE_CONTEXT,0.00409,OK,0.5825,A-1.0-ppr,7.006,-0.003,0.001429,0.010198,0.300108,-1.0,0.01,7.012146,1.512146,0,0,0.0,0.0,1.0,0.5,0.300108
2026-09-29T23:04:56.515Z,LAT-00661-bfbb21,BASE_FINE,8.8,ACCEPTABLE_CONTEXT,0.00568,OK,0.6043,A-1.0-ppr,3.5,0.007,0.007143,0.018974,0.300103,-1.0,0.044,3.515438,-1.984562,0,0,0.0,0.0,1.0,0.5,0.300103
2026-09-29T23:04:56.515Z,LAT-00662-e1d9a9,BASE_FINE,1.5,ACCEPTABLE_CONTEXT,0.00409,OK,0.5567,A-1.0-ppr,7.0,0.002,-0.0,0.008944,0.300098,-1.0,0.0075,7.004451,1.504451,0,0,0.0,0.0,1.0,0.5,0.300098
2026-09-29T23:04:56.516Z,LAT-00663-be9d50,ACID_FINE,0.6,ACCEPTABLE_CONTEXT,0.003663,OK,0.5735,A-1.0-ppr,7.012,0.005,0.007143,0.009798,0.300101,1.0,0.003,7.010269,1.510269,0,0,0.0,0.0,1.0,0.5,0.300101
2026-09-29T23:04:56.517Z,LAT-00664-5549da,ACID_FINE,2.8,ACCEPTABLE_CONTEXT,0.00409,OK,0.5327,A-1.0-ppr,6.998,0.002,-0.0,0.009798,0.300109,1.0,0.014,6.99028,1.49028,0,0,0.0,0.0,1.0,0.5,0.300109
2026-09-29T23:04:56.518Z,LAT-00665-589115,ACID_FINE,6.2,ACCEPTABLE_CONTEXT,0.00409,OK,0.556,A-1.0-ppr,6.998,0.0,-0.008571,0.007483,0.300102,1.0,0.031,6.980922,1.480922,0,0,0.0,0.0,1.0,0.5,0.300102
2026-09-29T23:04:56.518Z,LAT-00666-6e4f99,BASE_FINE,7.1,ACCEPTABLE_CONTEXT,0.006187,OK,0.5842,A-1.0-ppr,3.498,0.001,-0.001429,0.007483,0.30011,-1.0,0.0355,3.510363,-1.989637,0,0,0.0,0.0,1.0,0.5,0.30011
2026-09-29T23:04:56.519Z,LAT-00667-bd5fbc,ACID_BULK,19.0,HARMFUL_CONTEXT,1.0,"PREDICTED_UNSAFE:a,b,d",0.2865,A-1.0-ppr,6.202,0.0,0.002857,0.007483,0.300106,1.0,9.5,2.830967,-2.669033,0,0,0.0,0.0,1.0,0.5,0.300106
2026-09-29T23:04:56.519Z,LAT-00668-ec0e44,BASE_FINE,2.8,UNCERTAIN_CONTEXT,1.0,STALE_SAMPLE,0.2763,A-1.0-ppr,7.002,-0.003,-0.007143,0.007483,4.000103,-1.0,0.014,7.010447,1.510447,0,0,0.0,0.0,1.0,0.5,4.000103
2026-09-29T23:04:56.520Z,LAT-00669-cc8ee9,BASE_FINE,4.8,ACCEPTABLE_CONTEXT,0.00568,OK,0.5969,A-1.0-ppr,3.498,0.005,0.001429,0.007483,0.300115,-1.0,0.024,3.506324,-1.993676,0,0,0.0,0.0,1.0,0.5,0.300115
2026-09-29T23:04:56.521Z,LAT-00670-d8f733,BASE_FINE,1.9,UNCERTAIN_CONTEXT,1.0,STALE_SAMPLE,0.2725,A-1.0-ppr,6.996,0.0,-0.0,0.008,4.000105,-1.0,0.0095,7.001639,1.501639,0,0,0.0,0.0,1.0,0.5,4.000105
2026-09-29T23:04:56.521Z,LAT-00671-7e2776,ACID_BULK,10.2,HARMFUL_CONTEXT,1.0,"PREDICTED_UNSAFE:a,b,d",0.2818,A-1.0-ppr,6.202,0.004,0.002857,0.007483,0.300102,1.0,5.1,3.220118,-2.279882,0,0,0.0,0.0,1.0,0.5,0.300102
2026-09-29T23:04:56.522Z,LAT-00672-9e6fd8,BASE_FINE,2.3,ACCEPTABLE_CONTEXT,0.00409,OK,0.5383,A-1.0-ppr,6.996,-0.004,-0.002857,0.010198,0.3001,-1.0,0.0115,7.002826,1.502826,0,0,0.0,0.0,1.0,0.5,0.3001
2026-09-29T23:04:56.522Z,LAT-00673-c660fc,BASE_FINE,4.2,UNCERTAIN_CONTEXT,1.0,STALE_SAMPLE,0.2477,A-1.0-ppr,6.998,-0.005,-0.01,0.013266,4.000185,-1.0,0.021,7.010606,1.510606,0,0,0.0,0.0,1.0,0.5,4.000185
2026-09-29T23:04:56.523Z,LAT-00674-4c8283,ACID_BULK,19.4,HARMFUL_CONTEXT,1.0,"PREDICTED_UNSAFE:a,b,d",0.28,A-1.0-ppr,6.204,-0.003,-0.004286,0.008,0.300101,1.0,9.7,2.819775,-2.680225,0,0,0.0,0.0,1.0,0.5,0.300101
2026-09-29T23:04:56.524Z,LAT-00675-43c282,BASE_FINE,6.2,ACCEPTABLE_CONTEXT,0.006187,OK,0.5763,A-1.0-ppr,3.494,-0.006,-0.008571,0.020591,0.300099,-1.0,0.031,3.504684,-1.995316,0,0,0.0,0.0,1.0,0.5,0.300099
2026-09-29T23:04:56.524Z,LAT-00676-2be741,BASE_FINE,4.9,ACCEPTABLE_CONTEXT,0.00409,OK,0.5409,A-1.0-ppr,6.992,-0.002,0.002857,0.004,0.300101,-1.0,0.0245,7.006538,1.506538,0,0,0.0,0.0,1.0,0.5,0.300101
2026-09-29T23:04:56.525Z,LAT-00677-ff57d2,ACID_FINE,2.4,ACCEPTABLE_CONTEXT,0.00409,OK,0.5396,A-1.0-ppr,7.0,-0.002,-0.005714,0.006325,0.300102,1.0,0.012,6.993381,1.493381,0,0,0.0,0.0,1.0,0.5,0.300102
2026-09-29T23:04:56.526Z,LAT-00678-0d03ee,ACID_BULK,12.5,HARMFUL_CONTEXT,1.0,"PREDICTED_UNSAFE:a,b,d",0.283,A-1.0-ppr,6.2,0.001,0.001429,0.006325,0.300105,1.0,6.25,3.079873,-2.420127,0,0,0.0,0.0,1.0,0.5,0.300105
2026-09-29T23:04:56.526Z,LAT-00679-a7b0bc,BASE_FINE,7.9,ACCEPTABLE_CONTEXT,0.00568,OK,0.5794,A-1.0-ppr,3.498,0.003,0.004286,0.011662,0.300102,-1.0,0.0395,3.511776,-1.988224,0,0,0.0,0.0,1.0,0.5,0.300102
2026-09-29T23:04:56.527Z,LAT-00680-2acdf0,ACID_FINE,4.2,ACCEPTABLE_CONTEXT,0.00409,OK,0.5354,A-1.0-ppr,6.994,-0.007,0.007143,0.013565,0.300103,1.0,0.021,6.98243,1.48243,0,0,0.0,0.0,1.0,0.5,0.300103
2026-09-29T23:04:56.528Z,LAT-00681-3bfda3,BASE_FINE,6.1,ACCEPTABLE_CONTEXT,0.006187,OK,0.5693,A-1.0-ppr,3.494,-0.001,0.001429,0.004899,0.300102,-1.0,0.0305,3.50451,-1.99549,0,0,0.0,0.0,1.0,0.5,0.300102
2026-09-29T23:04:56.528Z,LAT-00682-acdeab,ACID_BULK,16.2,HARMFUL_CONTEXT,1.0,"PREDICTED_UNSAFE:a,b,d",0.2843,A-1.0-ppr,6.202,-0.003,0.004286,0.007483,0.300103,1.0,8.1,2.92148,-2.57852,0,0,0.0,0.0,1.0,0.5,0.300103
2026-09-29T23:04:56.529Z,LAT-00683-89b8fb,ACID_BULK,10.9,HARMFUL_CONTEXT,1.0,"PREDICTED_UNSAFE:a,b,d",0.2798,A-1.0-ppr,6.198,0.001,-0.012857,0.011662,0.300101,1.0,5.45,3.171211,-2.328789,0,0,0.0,0.0,1.0,0.5,0.300101
2026-09-29T23:04:56.529Z,LAT-00684-975f86,BASE_FINE,1.1,UNCERTAIN_CONTEXT,1.0,STALE_SAMPLE,0.2492,A-1.0-ppr,6.994,0.002,-0.005714,0.010198,4.000099,-1.0,0.0055,6.997266,1.497266,0,0,0.0,0.0,1.0,0.5,4.000099
2026-09-29T23:04:56.530Z,LAT-00685-75bbdf,BASE_FINE,1.1,UNCERTAIN_CONTEXT,1.0,STALE_SAMPLE,0.2755,A-1.0-ppr,7.006,0.003,0.001429,0.010198,4.0001,-1.0,0.0055,7.009358,1.509358,0,0,0.0,0.0,1.0,0.5,4.0001
2026-09-29T23:04:56.531Z,LAT-00686-ff0dee,BASE_FINE,6.6,ACCEPTABLE_CONTEXT,0.006187,OK,0.59,A-1.0-ppr,3.492,-0.003,-0.007143,0.007483,0.3001,-1.0,0.033,3.503332,-1.996668,0,0,0.0,0.0,1.0,0.5,0.3001
2026-09-29T23:04:56.531Z,LAT-00687-0125c3,BASE_FINE,2.7,ACCEPTABLE_CONTEXT,0.006187,OK,0.5732,A-1.0-ppr,3.5,-0.002,0.005714,0.006325,0.300103,-1.0,0.0135,3.504685,-1.995315,0,0,0.0,0.0,1.0,0.5,0.300103
2026-09-29T23:04:56.532Z,LAT-00688-0b3227,ACID_FINE,1.6,ACCEPTABLE_CONTEXT,0.00409,OK,0.5524,A-1.0-ppr,7.008,-0.005,-0.001429,0.011662,0.300103,1.0,0.008,7.003547,1.503547,0,0,0.0,0.0,1.0,0.5,0.300103
2026-09-29T23:04:56.533Z,LAT-00689-4ad674,ACID_BULK,14.8,HARMFUL_CONTEXT,1.0,"PREDICTED_UNSAFE:a,b,d",0.302,A-1.0-ppr,6.196,-0.004,0.005714,0.010198,0.300101,1.0,7.4,2.97362,-2.52638,0,0,0.0,0.0,1.0,0.5,0.300101
2026-09-29T23:04:56.533Z,LAT-00690-c5dee0,ACID_BULK,12.2,HARMFUL_CONTEXT,1.0,"PREDICTED_UNSAFE:a,b,d",0.2854,A-1.0-ppr,6.198,-0.003,-0.007143,0.009798,0.300112,1.0,6.1,3.095105,-2.404895,0,0,0.0,0.0,1.0,0.5,0.300112
2026-09-29T23:04:56.534Z,LAT-00691-dc87b2,ACID_BULK,13.0,HARMFUL_CONTEXT,1.0,"PREDICTED_UNSAFE:a,b,d",0.2884,A-1.0-ppr,6.198,0.0,-0.002857,0.007483,0.300106,1.0,6.5,3.054142,-2.445858,0,0,0.0,0.0,1.0,0.5,0.300106
2026-09-29T23:04:56.534Z,LAT-00692-5e748b,ACID_BULK,18.8,HARMFUL_CONTEXT,1.0,"PREDICTED_UNSAFE:a,b,d",0.3248,A-1.0-ppr,6.202,-0.003,0.001429,0.007483,0.300141,1.0,9.4,2.83684,-2.66316,0,0,0.0,0.0,1.0,0.5,0.300141
2026-09-29T23:04:56.535Z,LAT-00693-bc715b,BASE_FINE,4.0,UNCERTAIN_CONTEXT,1.0,STALE_SAMPLE,0.2963,A-1.0-ppr,7.002,0.001,0.001429,0.007483,4.000121,-1.0,0.02,7.014162,1.514162,0,0,0.0,0.0,1.0,0.5,4.000121
2026-09-29T23:04:56.535Z,LAT-00694-38e30b,ACID_BULK,12.7,HARMFUL_CONTEXT,1.0,"PREDICTED_UNSAFE:a,b,d",0.2971,A-1.0-ppr,6.216,0.008,-0.002857,0.013565,0.300113,1.0,6.35,3.074217,-2.425783,0,0,0.0,0.0,1.0,0.5,0.300113
2026-09-29T23:04:56.536Z,LAT-00695-30b595,BASE_FINE,7.0,ACCEPTABLE_CONTEXT,0.00409,OK,0.6025,A-1.0-ppr,7.002,-0.001,-0.001429,0.004,0.30011,-1.0,0.035,7.023435,1.523435,0,0,0.0,0.0,1.0,0.5,0.30011
2026-09-29T23:04:56.537Z,LAT-00696-74a87e,ACID_BULK,10.3,HARMFUL_CONTEXT,1.0,"PREDICTED_UNSAFE:a,b,d",0.2996,A-1.0-ppr,6.202,0.005,-0.001429,0.007483,0.300115,1.0,5.15,3.213012,-2.286988,0,0,0.0,0.0,1.0,0.5,0.300115
2026-09-29T23:04:56.537Z,LAT-00697-a7c663,BASE_FINE,3.3,UNCERTAIN_CONTEXT,1.0,STALE_SAMPLE,0.2638,A-1.0-ppr,6.996,-0.002,-0.0,0.004899,4.00011,-1.0,0.0165,7.005792,1.505792,0,0,0.0,0.0,1.0,0.5,4.00011
2026-09-29T23:04:56.538Z,LAT-00698-a841ae,ACID_BULK,16.6,HARMFUL_CONTEXT,1.0,"PREDICTED_UNSAFE:a,b,d",0.286,A-1.0-ppr,6.19,-0.003,-0.01,0.010954,0.300108,1.0,8.3,2.90498,-2.59502,0,0,0.0,0.0,1.0,0.5,0.300108
2026-09-29T23:04:56.538Z,LAT-00699-78caa3,ACID_FINE,3.4,ACCEPTABLE_CONTEXT,0.00409,OK,0.5573,A-1.0-ppr,7.0,-0.002,-0.005714,0.006325,0.300108,1.0,0.017,6.990625,1.490625,0,0,0.0,0.0,1.0,0.5,0.300108
2026-09-29T23:04:56.539Z,LAT-00700-9c89c8,BASE_FINE,0.6,ACCEPTABLE_CONTEXT,0.00409,OK,0.5446,A-1.0-ppr,6.998,-0.006,-0.002857,0.009798,0.30011,-1.0,0.003,6.999781,1.499781,0,0,0.0,0.0,1.0,0.5,0.30011
2026-09-29T23:04:56.540Z,LAT-00701-39c4c5,ACID_BULK,19.9,HARMFUL_CONTEXT,1.0,"PREDICTED_UNSAFE:a,b,d",0.2872,A-1.0-ppr,6.204,-0.001,0.001429,0.004899,0.300108,1.0,9.95,2.805795,-2.694205,0,0,0.0,0.0,1.0,0.5,0.300108
2026-09-29T23:04:56.540Z,LAT-00702-9c2cd2,BASE_FINE,4.3,UNCERTAIN_CONTEXT,1.0,STALE_SAMPLE,0.2838,A-1.0-ppr,7.006,-0.002,-0.005714,0.010198,4.000106,-1.0,0.0215,7.019262,1.519262,0,0,0.0,0.0,1.0,0.5,4.000106
2026-09-29T23:04:56.541Z,LAT-00703-4b0967,ACID_FINE,7.9,ACCEPTABLE_CONTEXT,0.008733,OK,0.5483,A-1.0-ppr,7.0,0.0,-0.0,0.0,0.300105,1.0,0.0395,6.978254,1.478254,0,0,0.0,0.0,1.0,0.5,0.300105
2026-09-29T23:04:56.541Z,LAT-00704-8e1583,ACID_BULK,18.0,HARMFUL_CONTEXT,1.0,"PREDICTED_UNSAFE:a,b,d",0.2864,A-1.0-ppr,6.202,-0.004,-0.002857,0.007483,0.300104,1.0,9.0,2.861163,-2.638837,0,0,0.0,0.0,1.0,0.5,0.300104
2026-09-29T23:04:56.542Z,LAT-00705-1b5221,ACID_FINE,4.5,ACCEPTABLE_CONTEXT,0.00409,OK,0.5887,A-1.0-ppr,7.004,0.0,0.002857,0.010198,0.300117,1.0,0.0225,6.991591,1.491591,0,0,0.0,0.0,1.0,0.5,0.300117
2026-09-29T23:04:56.543Z,LAT-00706-94e70c,BASE_FINE,9.3,ACCEPTABLE_CONTEXT,0.00409,OK,0.5727,A-1.0-ppr,7.006,-0.001,0.004286,0.012,0.300111,-1.0,0.0465,7.034691,1.534691,0,0,0.0,0.0,1.0,0.5,0.300111
2026-09-29T23:04:56.543Z,LAT-00707-017fcd,ACID_BULK,16.4,HARMFUL_CONTEXT,1.0,"PREDICTED_UNSAFE:a,b,d",0.2845,A-1.0-ppr,6.194,0.002,0.005714,0.008,0.300105,1.0,8.2,2.912743,-2.587257,0,0,0.0,0.0,1.0,0.5,0.300105
2026-09-29T23:04:56.544Z,LAT-00708-5d7da2,BASE_FINE,4.9,UNCERTAIN_CONTEXT,1.0,STALE_SAMPLE,0.2518,A-1.0-ppr,7.0,-0.003,0.001429,0.008944,4.000111,-1.0,0.0245,7.01486,1.51486,0,0,0.0,0.0,1.0,0.5,4.000111
2026-09-29T23:04:56.545Z,LAT-00709-b3927b,BASE_FINE,9.1,ACCEPTABLE_CONTEXT,0.00409,OK,0.5581,A-1.0-ppr,6.998,0.0,-0.002857,0.007483,0.300117,-1.0,0.0455,7.025751,1.525751,0,0,0.0,0.0,1.0,0.5,0.300117
2026-09-29T23:04:56.545Z,LAT-00710-4af6fa,BASE_FINE,9.4,ACCEPTABLE_CONTEXT,0.003849,OK,0.5823,A-1.0-ppr,7.004,0.005,0.007143,0.010198,0.300104,-1.0,0.047,7.032919,1.532919,0,0,0.0,0.0,1.0,0.5,0.300104
2026-09-29T23:04:56.546Z,LAT-00711-7c8150,BASE_FINE,6.6,ACCEPTABLE_CONTEXT,0.00409,OK,0.5536,A-1.0-ppr,6.994,0.0,-0.005714,0.008,0.300111,-1.0,0.033,7.01386,1.51386,0,0,0.0,0.0,1.0,0.5,0.300111
2026-09-29T23:04:56.547Z,LAT-00712-bf92ef,BASE_FINE,5.9,ACCEPTABLE_CONTEXT,0.00409,OK,0.55,A-1.0-ppr,6.998,0.001,-0.004286,0.007483,0.300106,-1.0,0.0295,7.015867,1.515867,0,0,0.0,0.0,1.0,0.5,0.300106
2026-09-29T23:04:56.547Z,LAT-00713-03ce9f,ACID_BULK,12.9,HARMFUL_CONTEXT,1.0,"PREDICTED_UNSAFE:a,b,d",0.2899,A-1.0-ppr,6.2,-0.005,0.004286,0.010954,0.300106,1.0,6.45,3.059615,-2.440385,0,0,0.0,0.0,1.0,0.5,0.300106
2026-09-29T23:04:56.548Z,LAT-00714-9041cb,BASE_FINE,8.6,ACCEPTABLE_CONTEXT,0.00409,OK,0.5555,A-1.0-ppr,7.01,-0.006,-0.008571,0.012649,0.300102,-1.0,0.043,7.036567,1.536567,0,0,0.0,0.0,1.0,0.5,0.300102
2026-09-29T23:04:56.549Z,LAT-00715-98ca06,ACID_BULK,10.5,HARMFUL_CONTEXT,1.0,"PREDICTED_UNSAFE:a,b,d",0.2825,A-1.0-ppr,6.198,0.006,-0.008571,0.011662,0.300103,1.0,5.25,3.1976,-2.3024,0,0,0.0,0.0,1.0,0.5,0.300103
2026-09-29T23:04:56.549Z,LAT-00716-f37cdf,ACID_FINE,2.2,ACCEPTABLE_CONTEXT,0.003572,OK,0.5395,A-1.0-ppr,7.0,0.003,0.004286,0.006325,0.30011,1.0,0.011,6.993932,1.493932,0,0,0.0,0.0,1.0,0.5,0.30011
2026-09-29T23:04:56.550Z,LAT-00717-2b2a98,BASE_FINE,2.8,ACCEPTABLE_CONTEXT,0.00409,OK,0.5468,A-1.0-ppr,7.0,-0.001,0.004286,0.010954,0.300102,-1.0,0.014,7.008359,1.508359,0,0,0.0,0.0,1.0,0.5,0.300102
2026-09-29T23:04:56.551Z,LAT-00718-8aa02a,BASE_FINE,7.9,ACCEPTABLE_CONTEXT,0.00409,OK,0.5338,A-1.0-ppr,6.998,-0.002,-0.008571,0.009798,0.300104,-1.0,0.0395,7.022047,1.522047,0,0,0.0,0.0,1.0,0.5,0.300104
2026-09-29T23:04:56.552Z,LAT-00719-2bb2de,ACID_FINE,4.7,ACCEPTABLE_CONTEXT,0.003572,OK,0.5542,A-1.0-ppr,7.002,0.005,0.01,0.013266,0.300105,1.0,0.0235,6.989042,1.489042,0,0,0.0,0.0,1.0,0.5,0.300105
2026-09-29T23:04:56.552Z,LAT-00720-65bd6f,BASE_FINE,7.0,ACCEPTABLE_CONTEXT,0.00409,OK,0.5401,A-1.0-ppr,6.996,0.0,-0.002857,0.010198,0.300106,-1.0,0.035,7.017182,1.517182,0,0,0.0,0.0,1.0,0.5,0.300106
2026-09-29T23:04:56.553Z,LAT-00721-d8a2c1,BASE_FINE,5.2,ACCEPTABLE_CONTEXT,0.00568,OK,0.5872,A-1.0-ppr,3.492,0.005,0.007143,0.009798,0.300106,-1.0,0.026,3.500906,-1.999094,0,0,0.0,0.0,1.0,0.5,0.300106
2026-09-29T23:04:56.554Z,LAT-00722-4c9919,ACID_FINE,1.8,ACCEPTABLE_CONTEXT,0.003572,OK,0.5631,A-1.0-ppr,7.004,0.003,0.001429,0.004899,0.300106,1.0,0.009,6.999034,1.499034,0,0,0.0,0.0,1.0,0.5,0.300106
2026-09-29T23:04:56.554Z,LAT-00723-de25f3,BASE_FINE,2.8,UNCERTAIN_CONTEXT,1.0,STALE_SAMPLE,0.2853,A-1.0-ppr,7.004,0.0,-0.005714,0.008,4.00011,-1.0,0.014,7.012535,1.512535,0,0,0.0,0.0,1.0,0.5,4.00011
2026-09-29T23:04:56.555Z,LAT-00724-1fdaa0,BASE_FINE,8.8,ACCEPTABLE_CONTEXT,0.003849,OK,0.5405,A-1.0-ppr,7.0,0.004,-0.0,0.006325,0.300103,-1.0,0.044,7.026908,1.526908,0,0,0.0,0.0,1.0,0.5,0.300103
2026-09-29T23:04:56.556Z,LAT-00725-7fc9ca,ACID_BULK,14.4,HARMFUL_CONTEXT,1.0,"PREDICTED_UNSAFE:a,b,d",0.2848,A-1.0-ppr,6.194,0.001,0.004286,0.008,0.300112,1.0,7.2,2.989677,-2.510323,0,0,0.0,0.0,1.0,0.5,0.300112
2026-09-29T23:04:56.556Z,LAT-00726-9e5c1b,BASE_FINE,9.1,ACCEPTABLE_CONTEXT,0.00409,OK,0.5628,A-1.0-ppr,7.002,-0.005,-0.001429,0.007483,0.300105,-1.0,0.0455,7.029914,1.529914,0,0,0.0,0.0,1.0,0.5,0.300105
2026-09-29T23:04:56.557Z,LAT-00727-974233,BASE_FINE,0.7,ACCEPTABLE_CONTEXT,0.00409,OK,0.5542,A-1.0-ppr,7.002,0.002,-0.008571,0.009798,0.30011,-1.0,0.0035,7.004077,1.504077,0,0,0.0,0.0,1.0,0.5,0.30011
2026-09-29T23:04:56.558Z,LAT-00728-fdd422,BASE_FINE,9.0,ACCEPTABLE_CONTEXT,0.00409,OK,0.5841,A-1.0-ppr,7.004,0.001,-0.004286,0.004899,0.300106,-1.0,0.045,7.031687,1.531687,0,0,0.0,0.0,1.0,0.5,0.300106
2026-09-29T23:04:56.559Z,LAT-00729-524d4e,ACID_BULK,17.1,HARMFUL_CONTEXT,1.0,"PREDICTED_UNSAFE:a,b,d",0.2845,A-1.0-ppr,6.206,0.001,-0.001429,0.004899,0.300116,1.0,8.55,2.891021,-2.608979,0,0,0.0,0.0,1.0,0.5,0.300116
2026-09-29T23:04:56.559Z,LAT-00730-400fca,BASE_FINE,6.4,ACCEPTABLE_CONTEXT,0.003849,OK,0.5595,A-1.0-ppr,7.002,0.005,0.007143,0.017205,0.300112,-1.0,0.032,7.021582,1.521582,0,0,0.0,0.0,1.0,0.5,0.300112
2026-09-29T23:04:56.560Z,LAT-00731-993a3f,BASE_FINE,9.2,ACCEPTABLE_CONTEXT,0.006187,OK,0.5801,A-1.0-ppr,3.5,0.001,-0.01,0.008944,0.300105,-1.0,0.046,3.516152,-1.983848,0,0,0.0,0.0,1.0,0.5,0.300105
2026-09-29T23:04:56.561Z,LAT-00732-5d6ab9,BASE_FINE,4.3,UNCERTAIN_CONTEXT,1.0,STALE_SAMPLE,0.2772,A-1.0-ppr,7.002,-0.002,0.002857,0.004,4.000126,-1.0,0.0215,7.01509,1.51509,0,0,0.0,0.0,1.0,0.5,4.000126
2026-09-29T23:04:56.561Z,LAT-00733-75a7a7,ACID_BULK,12.9,HARMFUL_CONTEXT,1.0,"PREDICTED_UNSAFE:a,b,d",0.2811,A-1.0-ppr,6.204,0.003,0.001429,0.004899,0.300123,1.0,6.45,3.06073,-2.43927,0,0,0.0,0.0,1.0,0.5,0.300123
2026-09-29T23:04:56.562Z,LAT-00734-1a3df1,ACID_FINE,5.2,ACCEPTABLE_CONTEXT,0.00409,OK,0.5558,A-1.0-ppr,6.99,-0.003,0.001429,0.008944,0.300103,1.0,0.026,6.975789,1.475789,0,0,0.0,0.0,1.0,0.5,0.300103
2026-09-29T23:04:56.562Z,LAT-00735-0b4870,BASE_FINE,2.0,UNCERTAIN_CONTEXT,1.0,STALE_SAMPLE,0.2735,A-1.0-ppr,7.012,0.006,0.002857,0.009798,4.000101,-1.0,0.01,7.018192,1.518192,0,0,0.0,0.0,1.0,0.5,4.000101
2026-09-29T23:04:56.563Z,LAT-00736-e24ee6,ACID_BULK,12.3,HARMFUL_CONTEXT,1.0,"PREDICTED_UNSAFE:a,b,d",0.2777,A-1.0-ppr,6.2,0.001,-0.01,0.014142,0.300108,1.0,6.15,3.090369,-2.409631,0,0,0.0,0.0,1.0,0.5,0.300108
2026-09-29T23:04:56.563Z,LAT-00737-b56803,ACID_BULK,17.9,HARMFUL_CONTEXT,1.0,"PREDICTED_UNSAFE:a,b,d",0.2768,A-1.0-ppr,6.2,0.0,0.008571,0.008944,0.300112,1.0,8.95,2.863947,-2.636053,0,0,0.0,0.0,1.0,0.5,0.300112
2026-09-29T23:04:56.564Z,LAT-00738-6aea90,ACID_BULK,19.2,HARMFUL_CONTEXT,1.0,"PREDICTED_UNSAFE:a,b,d",0.2781,A-1.0-ppr,6.2,-0.008,-0.0,0.012649,0.300106,1.0,9.6,2.824848,-2.675152,0,0,0.0,0.0,1.0,0.5,0.300106
2026-09-29T23:04:56.564Z,LAT-00739-d6dcfe,ACID_BULK,19.5,HARMFUL_CONTEXT,1.0,"PREDICTED_UNSAFE:a,b,d",0.2743,A-1.0-ppr,6.196,0.001,0.001429,0.010198,0.300109,1.0,9.75,2.815667,-2.684333,0,0,0.0,0.0,1.0,0.5,0.300109
2026-09-29T23:04:56.565Z,LAT-00740-fd3296,BASE_FINE,2.3,ACCEPTABLE_CONTEXT,0.00409,OK,0.5476,A-1.0-ppr,7.0,0.001,-0.01,0.008944,0.300114,-1.0,0.0115,7.006824,1.506824,0,0,0.0,0.0,1.0,0.5,0.300114
2026-09-29T23:04:56.566Z,LAT-00741-3d3eb7,BASE_FINE,2.6,ACCEPTABLE_CONTEXT,0.00409,OK,0.5424,A-1.0-ppr,6.996,0.001,-0.01,0.010198,0.300102,-1.0,0.013,7.003716,1.503716,0,0,0.0,0.0,1.0,0.5,0.300102
2026-09-29T23:04:56.566Z,LAT-00742-9f16b5,BASE_FINE,1.6,UNCERTAIN_CONTEXT,1.0,STALE_SAMPLE,0.2551,A-1.0-ppr,7.0,0.005,0.001429,0.008944,4.000108,-1.0,0.008,7.004748,1.504748,0,0,0.0,0.0,1.0,0.5,4.000108
2026-09-29T23:04:56.567Z,LAT-00743-b3158e,BASE_FINE,3.4,ACCEPTABLE_CONTEXT,0.00409,OK,0.536,A-1.0-ppr,7.0,0.0,-0.011429,0.017889,0.300101,-1.0,0.017,7.010217,1.510217,0,0,0.0,0.0,1.0,0.5,0.300101
2026-09-29T23:04:56.567Z,LAT-00744-33d22f,ACID_BULK,11.2,HARMFUL_CONTEXT,1.0,"PREDICTED_UNSAFE:a,b,d",0.283,A-1.0-ppr,6.206,-0.002,-0.011429,0.010198,0.300102,1.0,5.6,3.15519,-2.34481,0,0,0.0,0.0,1.0,0.5,0.300102
2026-09-29T23:04:56.568Z,LAT-00745-2f37b3,ACID_FINE,2.0,ACCEPTABLE_CONTEXT,0.003572,OK,0.5316,A-1.0-ppr,7.0,0.003,0.001429,0.008944,0.300105,1.0,0.01,6.994484,1.494484,0,0,0.0,0.0,1.0,0.5,0.300105
2026-09-29T23:04:56.569Z,LAT-00746-814ba6,BASE_FINE,9.1,ACCEPTABLE_CONTEXT,0.006187,OK,0.582,A-1.0-ppr,3.49,0.002,-0.0,0.006325,0.300104,-1.0,0.0455,3.505625,-1.994375,0,0,0.0,0.0,1.0,0.5,0.300104
2026-09-29T23:04:56.569Z,LAT-00747-2f1bac,BASE_FINE,3.3,UNCERTAIN_CONTEXT,1.0,STALE_SAMPLE,0.2839,A-1.0-ppr,7.006,0.0,0.002857,0.004899,4.000106,-1.0,0.0165,7.016169,1.516169,0,0,0.0,0.0,1.0,0.5,4.000106
2026-09-29T23:04:56.570Z,LAT-00748-71f958,BASE_FINE,3.8,ACCEPTABLE_CONTEXT,0.003849,OK,0.5401,A-1.0-ppr,6.996,0.003,-0.001429,0.004899,0.3001,-1.0,0.019,7.00728,1.50728,0,0,0.0,0.0,1.0,0.5,0.3001
2026-09-29T23:04:56.571Z,LAT-00749-95faf7,ACID_BULK,17.9,HARMFUL_CONTEXT,1.0,"PREDICTED_UNSAFE:a,b,d",0.2837,A-1.0-ppr,6.2,0.0,-0.008571,0.008944,0.300172,1.0,8.95,2.863947,-2.636053,0,0,0.0,0.0,1.0,0.5,0.300172
2026-09-29T23:04:56.571Z,LAT-00750-79f27a,ACID_BULK,14.9,HARMFUL_CONTEXT,1.0,"PREDICTED_UNSAFE:a,b,d",0.2788,A-1.0-ppr,6.2,-0.006,0.002857,0.014142,0.3001,1.0,7.45,2.970496,-2.529504,0,0,0.0,0.0,1.0,0.5,0.3001
2026-09-29T23:04:56.572Z,LAT-00751-7ab559,BASE_FINE,8.1,ACCEPTABLE_CONTEXT,0.00409,OK,0.5564,A-1.0-ppr,7.002,0.002,-0.011429,0.011662,0.300099,-1.0,0.0405,7.026831,1.526831,0,0,0.0,0.0,1.0,0.5,0.300099
2026-09-29T23:04:56.573Z,LAT-00752-8c7897,ACID_FINE,2.7,ACCEPTABLE_CONTEXT,0.00409,OK,0.5342,A-1.0-ppr,7.0,-0.005,0.004286,0.010954,0.300102,1.0,0.0135,6.992554,1.492554,0,0,0.0,0.0,1.0,0.5,0.300102
2026-09-29T23:04:56.573Z,LAT-00753-b91fdb,BASE_FINE,3.7,ACCEPTABLE_CONTEXT,0.00409,OK,0.5329,A-1.0-ppr,6.992,-0.003,-0.007143,0.007483,0.300103,-1.0,0.0185,7.002981,1.502981,0,0,0.0,0.0,1.0,0.5,0.300103
2026-09-29T23:04:56.574Z,LAT-00754-8e1fa2,ACID_BULK,18.1,HARMFUL_CONTEXT,1.0,"PREDICTED_UNSAFE:a,b,d",0.281,A-1.0-ppr,6.196,0.008,-0.002857,0.013565,0.30011,1.0,9.05,2.856992,-2.643008,0,0,0.0,0.0,1.0,0.5,0.30011
2026-09-29T23:04:56.575Z,LAT-00755-adc1dd,BASE_FINE,9.0,ACCEPTABLE_CONTEXT,0.00409,OK,0.5597,A-1.0-ppr,7.004,0.001,-0.004286,0.004899,0.3001,-1.0,0.045,7.031687,1.531687,0,0,0.0,0.0,1.0,0.5,0.3001
2026-09-29T23:04:56.575Z,LAT-00756-06e867,ACID_FINE,0.9,ACCEPTABLE_CONTEXT,0.00409,OK,0.5387,A-1.0-ppr,6.998,-0.001,-0.007143,0.007483,0.300117,1.0,0.0045,6.995517,1.495517,0,0,0.0,0.0,1.0,0.5,0.300117
2026-09-29T23:04:56.576Z,LAT-00757-c31a1a,BASE_FINE,5.4,ACCEPTABLE_CONTEXT,0.003849,OK,0.5503,A-1.0-ppr,7.01,0.003,-0.004286,0.006325,0.3001,-1.0,0.027,7.026703,1.526703,0,0,0.0,0.0,1.0,0.5,0.3001
2026-09-29T23:04:56.577Z,LAT-00758-7ddda7,ACID_BULK,11.4,HARMFUL_CONTEXT,1.0,"PREDICTED_UNSAFE:a,b,d",0.2821,A-1.0-ppr,6.21,-0.002,0.005714,0.006325,0.300102,1.0,5.7,3.144361,-2.355639,0,0,0.0,0.0,1.0,0.5,0.300102
2026-09-29T23:04:56.577Z,LAT-00759-70bd1b,ACID_FINE,9.4,ACCEPTABLE_CONTEXT,0.00409,OK,0.548,A-1.0-ppr,6.998,0.001,-0.001429,0.007483,0.30011,1.0,0.047,6.972362,1.472362,0,0,0.0,0.0,1.0,0.5,0.30011
2026-09-29T23:04:56.578Z,LAT-00760-af9fd0,ACID_BULK,13.8,HARMFUL_CONTEXT,1.0,"PREDICTED_UNSAFE:a,b,d",0.2813,A-1.0-ppr,6.194,-0.005,0.001429,0.010198,0.300102,1.0,6.9,3.015702,-2.484298,0,0,0.0,0.0,1.0,0.5,0.300102
2026-09-29T23:04:56.579Z,LAT-00761-46d7ea,ACID_FINE,5.4,ACCEPTABLE_CONTEXT,0.003572,OK,0.5608,A-1.0-ppr,7.004,0.005,-0.004286,0.008,0.300114,1.0,0.027,6.989112,1.489112,0,0,0.0,0.0,1.0,0.5,0.300114
2026-09-29T23:04:56.579Z,LAT-00762-b556d1,BASE_FINE,9.8,ACCEPTABLE_CONTEXT,0.00409,OK,0.5386,A-1.0-ppr,7.0,0.001,-0.01,0.008944,0.300102,-1.0,0.049,7.029991,1.529991,0,0,0.0,0.0,1.0,0.5,0.300102
2026-09-29T23:04:56.580Z,LAT-00763-b3354b,ACID_BULK,15.9,HARMFUL_CONTEXT,1.0,"PREDICTED_UNSAFE:a,b,d",0.2819,A-1.0-ppr,6.202,-0.006,-0.0,0.011662,0.300102,1.0,7.95,2.932404,-2.567596,0,0,0.0,0.0,1.0,0.5,0.300102
2026-09-29T23:04:56.580Z,LAT-00764-de1fb7,ACID_BULK,18.0,HARMFUL_CONTEXT,1.0,"PREDICTED_UNSAFE:a,b,d",0.2785,A-1.0-ppr,6.2,-0.007,-0.001429,0.012649,0.300101,1.0,9.0,2.86081,-2.63919,0,0,0.0,0.0,1.0,0.5,0.300101
2026-09-29T23:04:56.581Z,LAT-00765-56ec87,ACID_BULK,11.3,HARMFUL_CONTEXT,1.0,"PREDICTED_UNSAFE:a,b,d",0.277,A-1.0-ppr,6.2,0.003,-0.007143,0.010954,0.300099,1.0,5.65,3.147023,-2.352977,0,0,0.0,0.0,1.0,0.5,0.300099
2026-09-29T23:04:56.581Z,LAT-00766-2ccdc2,BASE_FINE,4.8,UNCERTAIN_CONTEXT,1.0,STALE_SAMPLE,0.2456,A-1.0-ppr,6.998,-0.002,-0.005714,0.011662,4.000102,-1.0,0.024,7.012464,1.512464,0,0,0.0,0.0,1.0,0.5,4.000102
2026-09-29T23:04:56.582Z,LAT-00767-ea71da,ACID_FINE,5.1,ACCEPTABLE_CONTEXT,0.00409,OK,0.5728,A-1.0-ppr,7.008,-0.003,0.001429,0.007483,0.300102,1.0,0.0255,6.993897,1.493897,0,0,0.0,0.0,1.0,0.5,0.300102
2026-09-29T23:04:56.583Z,LAT-00768-9204ca,BASE_FINE,8.1,ACCEPTABLE_CONTEXT,0.006187,OK,0.6058,A-1.0-ppr,3.496,-0.002,0.008571,0.008,0.300104,-1.0,0.0405,3.510068,-1.989932,0,0,0.0,0.0,1.0,0.5,0.300104
2026-09-29T23:04:56.584Z,LAT-00769-e3112e,BASE_FINE,5.3,ACCEPTABLE_CONTEXT,0.00409,OK,0.5586,A-1.0-ppr,6.996,-0.008,-0.0,0.012,0.300107,-1.0,0.0265,7.011924,1.511924,0,0,0.0,0.0,1.0,0.5,0.300107
2026-09-29T23:04:56.584Z,LAT-00770-0f5949,BASE_FINE,7.5,ACCEPTABLE_CONTEXT,0.00409,OK,0.5561,A-1.0-ppr,6.994,-0.004,0.011429,0.012,0.300107,-1.0,0.0375,7.016643,1.516643,0,0,0.0,0.0,1.0,0.5,0.300107
2026-09-29T23:04:56.585Z,LAT-00771-1e5648,ACID_BULK,14.7,HARMFUL_CONTEXT,1.0,"PREDICTED_UNSAFE:a,b,d",0.2881,A-1.0-ppr,6.21,-0.004,-0.002857,0.014142,0.300107,1.0,7.35,2.980927,-2.519073,0,0,0.0,0.0,1.0,0.5,0.300107
2026-09-29T23:04:56.586Z,LAT-00772-c7c249,BASE_FINE,1.6,ACCEPTABLE_CONTEXT,0.00409,OK,0.5564,A-1.0-ppr,7.002,-0.002,0.002857,0.004,0.300102,-1.0,0.008,7.006747,1.506747,0,0,0.0,0.0,1.0,0.5,0.300102
2026-09-29T23:04:56.586Z,LAT-00773-bc1326,BASE_FINE,9.0,ACCEPTABLE_CONTEXT,0.00409,OK,0.5623,A-1.0-ppr,7.004,-0.003,0.007143,0.012,0.300103,-1.0,0.045,7.031687,1.531687,0,0,0.0,0.0,1.0,0.5,0.300103
2026-09-29T23:04:56.587Z,LAT-00774-cb196e,ACID_BULK,10.8,HARMFUL_CONTEXT,1.0,"PREDICTED_UNSAFE:a,b,d",0.2829,A-1.0-ppr,6.194,-0.001,0.01,0.010198,0.300117,1.0,5.4,3.176181,-2.323819,0,0,0.0,0.0,1.0,0.5,0.300117
2026-09-29T23:04:56.588Z,LAT-00775-f6c4b4,BASE_FINE,6.7,ACCEPTABLE_CONTEXT,0.00568,OK,0.5702,A-1.0-ppr,3.5,0.005,0.001429,0.008944,0.300101,-1.0,0.0335,3.511709,-1.988291,0,0,0.0,0.0,1.0,0.5,0.300101
2026-09-29T23:04:56.588Z,LAT-00776-1ed2c0,ACID_FINE,4.7,ACCEPTABLE_CONTEXT,0.008733,OK,0.5332,A-1.0-ppr,7.0,0.0,-0.0,0.0,0.300103,1.0,0.0235,6.987045,1.487045,0,0,0.0,0.0,1.0,0.5,0.300103
2026-09-29T23:04:56.589Z,LAT-00777-a428ed,ACID_BULK,18.5,HARMFUL_CONTEXT,1.0,"PREDICTED_UNSAFE:a,b,d",0.2835,A-1.0-ppr,6.2,-0.003,-0.007143,0.010954,0.300116,1.0,9.25,2.845461,-2.654539,0,0,0.0,0.0,1.0,0.5,0.300116
2026-09-29T23:04:56.590Z,LAT-00778-a11909,BASE_FINE,3.4,ACCEPTABLE_CONTEXT,0.003849,OK,0.5312,A-1.0-ppr,7.0,0.003,0.001429,0.008944,0.300107,-1.0,0.017,7.010217,1.510217,0,0,0.0,0.0,1.0,0.5,0.300107
2026-09-29T23:04:56.590Z,LAT-00779-5f730a,BASE_FINE,4.4,UNCERTAIN_CONTEXT,1.0,STALE_SAMPLE,0.2727,A-1.0-ppr,7.006,0.0,0.005714,0.008,4.000102,-1.0,0.022,7.019572,1.519572,0,0,0.0,0.0,1.0,0.5,4.000102
2026-09-29T23:04:56.590Z,LAT-00780-fe80fb,BASE_FINE,1.2,UNCERTAIN_CONTEXT,1.0,STALE_SAMPLE,0.2412,A-1.0-ppr,6.998,0.003,0.001429,0.007483,4.000119,-1.0,0.006,7.001562,1.501562,0,0,0.0,0.0,1.0,0.5,4.000119
2026-09-29T23:04:56.591Z,LAT-00781-1864cf,BASE_FINE,2.6,ACCEPTABLE_CONTEXT,0.006187,OK,0.5869,A-1.0-ppr,3.51,0.002,-0.005714,0.006325,0.3001,-1.0,0.013,3.51461,-1.98539,0,0,0.0,0.0,1.0,0.5,0.3001
2026-09-29T23:04:56.592Z,LAT-00782-156b2c,ACID_FINE,9.9,ACCEPTABLE_CONTEXT,0.003572,OK,0.5313,A-1.0-ppr,6.996,0.004,-0.005714,0.008,0.300102,1.0,0.0495,6.96912,1.46912,0,0,0.0,0.0,1.0,0.5,0.300102
2026-09-29T23:04:56.593Z,LAT-00783-1eaca9,BASE_FINE,5.3,ACCEPTABLE_CONTEXT,0.006187,OK,0.582,A-1.0-ppr,3.5,0.002,-0.0,0.008944,0.300108,-1.0,0.0265,3.509239,-1.990761,0,0,0.0,0.0,1.0,0.5,0.300108
2026-09-29T23:04:56.593Z,LAT-00784-ababa8,ACID_BULK,13.4,HARMFUL_CONTEXT,1.0,"PREDICTED_UNSAFE:a,b,d",0.2841,A-1.0-ppr,6.196,-0.006,0.005714,0.012,0.300111,1.0,6.7,3.034496,-2.465504,0,0,0.0,0.0,1.0,0.5,0.300111
2026-09-29T23:04:56.594Z,LAT-00785-831a3b,ACID_BULK,15.2,HARMFUL_CONTEXT,1.0,"PREDICTED_UNSAFE:a,b,d",0.2813,A-1.0-ppr,6.204,-0.001,-0.004286,0.004899,0.300101,1.0,7.6,2.959462,-2.540538,0,0,0.0,0.0,1.0,0.5,0.300101
2026-09-29T23:04:56.594Z,LAT-00786-055df5,BASE_FINE,4.0,UNCERTAIN_CONTEXT,1.0,STALE_SAMPLE,0.2803,A-1.0-ppr,7.006,-0.003,-0.001429,0.004899,4.000134,-1.0,0.02,7.018335,1.518335,0,0,0.0,0.0,1.0,0.5,4.000134
2026-09-29T23:04:56.595Z,LAT-00787-da429f,ACID_BULK,16.2,HARMFUL_CONTEXT,1.0,"PREDICTED_UNSAFE:a,b,d",0.2775,A-1.0-ppr,6.204,0.005,-0.004286,0.008,0.300102,1.0,8.1,2.921884,-2.578116,0,0,0.0,0.0,1.0,0.5,0.300102
2026-09-29T23:04:56.596Z,LAT-00788-a8dbbb,BASE_FINE,8.2,ACCEPTABLE_CONTEXT,0.003849,OK,0.5307,A-1.0-ppr,6.998,0.004,-0.005714,0.011662,0.300101,-1.0,0.041,7.022974,1.522974,0,0,0.0,0.0,1.0,0.5,0.300101
2026-09-29T23:04:56.596Z,LAT-00789-bca7eb,ACID_BULK,11.5,HARMFUL_CONTEXT,1.0,"PREDICTED_UNSAFE:a,b,d",0.2807,A-1.0-ppr,6.194,0.0,0.005714,0.004899,0.300102,1.0,5.75,3.13308,-2.36692,0,0,0.0,0.0,1.0,0.5,0.300102
2026-09-29T23:04:56.597Z,LAT-00790-3ac685,ACID_FINE,1.3,ACCEPTABLE_CONTEXT,0.00409,OK,0.5612,A-1.0-ppr,7.004,-0.004,-0.0,0.008,0.300099,1.0,0.0065,7.000413,1.500413,0,0,0.0,0.0,1.0,0.5,0.300099
2026-09-29T23:04:56.597Z,LAT-00791-950426,BASE_FINE,8.5,ACCEPTABLE_CONTEXT,0.00409,OK,0.5613,A-1.0-ppr,7.004,0.002,-0.0,0.004899,0.300101,-1.0,0.0425,7.030146,1.530146,0,0,0.0,0.0,1.0,0.5,0.300101
2026-09-29T23:04:56.598Z,LAT-00792-2967c7,ACID_FINE,2.5,ACCEPTABLE_CONTEXT,0.003572,OK,0.5304,A-1.0-ppr,7.0,0.003,-0.001429,0.008944,0.300099,1.0,0.0125,6.993105,1.493105,0,0,0.0,0.0,1.0,0.5,0.300099
2026-09-29T23:04:56.599Z,LAT-00793-ea0152,BASE_FINE,9.6,ACCEPTABLE_CONTEXT,0.006187,OK,0.5764,A-1.0-ppr,3.504,-0.002,0.005714,0.008,0.3001,-1.0,0.048,3.521016,-1.978984,0,0,0.0,0.0,1.0,0.5,0.3001
2026-09-29T23:04:56.600Z,LAT-00794-93ccf6,BASE_FINE,4.4,ACCEPTABLE_CONTEXT,0.003849,OK,0.5327,A-1.0-ppr,7.0,0.007,-0.01,0.015492,0.3001,-1.0,0.022,7.013313,1.513313,0,0,0.0,0.0,1.0,0.5,0.3001
2026-09-29T23:04:56.600Z,LAT-00795-95620c,BASE_FINE,6.7,ACCEPTABLE_CONTEXT,0.006187,OK,0.5648,A-1.0-ppr,3.494,-0.002,-0.008571,0.008,0.3001,-1.0,0.0335,3.505556,-1.994444,0,0,0.0,0.0,1.0,0.5,0.3001
2026-09-29T23:04:56.601Z,LAT-00796-bf30a2,ACID_FINE,1.7,ACCEPTABLE_CONTEXT,0.003663,OK,0.5493,A-1.0-ppr,7.012,0.004,-0.005714,0.009798,0.3001,1.0,0.0085,7.007099,1.507099,0,0,0.0,0.0,1.0,0.5,0.3001
2026-09-29T23:04:56.602Z,LAT-00797-75fd87,BASE_FINE,9.3,ACCEPTABLE_CONTEXT,0.00568,OK,0.579,A-1.0-ppr,3.504,0.005,-0.015714,0.016248,0.300104,-1.0,0.0465,3.520475,-1.979525,0,0,0.0,0.0,1.0,0.5,0.300104
2026-09-29T23:04:56.603Z,LAT-00798-33a121,BASE_FINE,8.6,ACCEPTABLE_CONTEXT,0.00409,OK,0.5326,A-1.0-ppr,6.996,-0.002,-0.0,0.004899,0.300101,-1.0,0.043,7.022125,1.522125,0,0,0.0,0.0,1.0,0.5,0.300101
2026-09-29T23:04:56.603Z,LAT-00799-005bf6,ACID_BULK,12.6,HARMFUL_CONTEXT,1.0,"PREDICTED_UNSAFE:a,b,d",0.282,A-1.0-ppr,6.2,0.005,0.001429,0.008944,0.300104,1.0,6.3,3.074719,-2.425281,0,0,0.0,0.0,1.0,0.5,0.300104
2026-09-29T23:04:56.604Z,LAT-00800-893e0b,ACID_BULK,13.3,HARMFUL_CONTEXT,1.0,"PREDICTED_UNSAFE:a,b,d",0.2803,A-1.0-ppr,6.202,0.002,0.008571,0.009798,0.3001,1.0,6.65,3.040797,-2.459203,0,0,0.0,0.0,1.0,0.5,0.3001
2026-09-29T23:04:56.604Z,LAT-00801-0fe644,ACID_BULK,11.2,HARMFUL_CONTEXT,1.0,"PREDICTED_UNSAFE:a,b,d",0.2788,A-1.0-ppr,6.206,0.006,-0.0,0.013565,0.300099,1.0,5.6,3.15519,-2.34481,0,0,0.0,0.0,1.0,0.5,0.300099
2026-09-29T23:04:56.605Z,LAT-00802-8f481b,BASE_FINE,2.8,UNCERTAIN_CONTEXT,1.0,STALE_SAMPLE,0.2779,A-1.0-ppr,7.004,-0.001,-0.001429,0.010198,4.000099,-1.0,0.014,7.012535,1.512535,0,0,0.0,0.0,1.0,0.5,4.000099
2026-09-29T23:04:56.605Z,LAT-00803-0ad124,ACID_BULK,18.3,HARMFUL_CONTEXT,1.0,"PREDICTED_UNSAFE:a,b,d",0.2788,A-1.0-ppr,6.196,-0.002,-0.002857,0.014967,0.300098,1.0,9.15,2.850841,-2.649159,0,0,0.0,0.0,1.0,0.5,0.300098
2026-09-29T23:04:56.606Z,LAT-00804-508211,ACID_BULK,12.8,HARMFUL_CONTEXT,1.0,"PREDICTED_UNSAFE:a,b,d",0.2763,A-1.0-ppr,6.198,0.003,0.001429,0.007483,0.300099,1.0,6.4,3.064025,-2.435975,0,0,0.0,0.0,1.0,0.5,0.300099
2026-09-29T23:04:56.606Z,LAT-00805-1976f1,ACID_FINE,5.0,ACCEPTABLE_CONTEXT,0.003572,OK,0.5619,A-1.0-ppr,7.002,0.006,-0.0,0.011662,0.300098,1.0,0.025,6.988216,1.488216,0,0,0.0,0.0,1.0,0.5,0.300098
2026-09-29T23:04:56.607Z,LAT-00806-5c6f82,ACID_BULK,19.7,HARMFUL_CONTEXT,1.0,"PREDICTED_UNSAFE:a,b,d",0.2817,A-1.0-ppr,6.2,-0.004,-0.008571,0.010954,0.300101,1.0,9.85,2.810705,-2.689295,0,0,0.0,0.0,1.0,0.5,0.300101
2026-09-29T23:04:56.608Z,LAT-00807-b7b8fe,ACID_FINE,2.8,ACCEPTABLE_CONTEXT,0.00409,OK,0.527,A-1.0-ppr,6.998,0.001,0.004286,0.009798,0.300099,1.0,0.014,6.99028,1.49028,0,0,0.0,0.0,1.0,0.5,0.300099
2026-09-29T23:04:56.608Z,LAT-00808-c639bb,BASE_FINE,10.0,ACCEPTABLE_CONTEXT,0.00409,OK,0.5275,A-1.0-ppr,6.998,-0.001,-0.004286,0.007483,0.300101,-1.0,0.05,7.028527,1.528527,0,0,0.0,0.0,1.0,0.5,0.300101
2026-09-29T23:04:56.609Z,LAT-00809-378a2c,BASE_FINE,4.9,UNCERTAIN_CONTEXT,1.0,STALE_SAMPLE,0.2546,A-1.0-ppr,7.0,0.004,-0.002857,0.010954,4.000101,-1.0,0.0245,7.01486,1.51486,0,0,0.0,0.0,1.0,0.5,4.000101
2026-09-29T23:04:56.609Z,LAT-00810-25ec84,ACID_FINE,1.6,ACCEPTABLE_CONTEXT,0.00409,OK,0.5315,A-1.0-ppr,7.0,-0.001,0.012857,0.015492,0.300099,1.0,0.008,6.995586,1.495586,0,0,0.0,0.0,1.0,0.5,0.300099
2026-09-29T23:04:56.610Z,LAT-00811-8ecfcb,BASE_FINE,1.0,ACCEPTABLE_CONTEXT,0.00409,OK,0.5314,A-1.0-ppr,7.0,0.0,0.008571,0.008944,0.300101,-1.0,0.005,7.002968,1.502968,0,0,0.0,0.0,1.0,0.5,0.300101
2026-09-29T23:04:56.611Z,LAT-00812-830459,ACID_FINE,2.1,ACCEPTABLE_CONTEXT,0.00409,OK,0.5495,A-1.0-ppr,7.002,-0.003,-0.007143,0.007483,0.3001,1.0,0.0105,6.996207,1.496207,0,0,0.0,0.0,1.0,0.5,0.3001
2026-09-29T23:04:56.612Z,LAT-00813-56f2b5,ACID_FINE,3.0,ACCEPTABLE_CONTEXT,0.00409,OK,0.5236,A-1.0-ppr,6.998,-0.004,-0.002857,0.007483,0.3001,1.0,0.015,6.989729,1.489729,0,0,0.0,0.0,1.0,0.5,0.3001
2026-09-29T23:04:56.612Z,LAT-00814-786ea2,BASE_FINE,2.5,UNCERTAIN_CONTEXT,1.0,STALE_SAMPLE,0.2577,A-1.0-ppr,7.0,-0.002,-0.008571,0.010954,4.000103,-1.0,0.0125,7.00743,1.50743,0,0,0.0,0.0,1.0,0.5,4.000103
2026-09-29T23:04:56.613Z,LAT-00815-1699b8,BASE_FINE,6.2,ACCEPTABLE_CONTEXT,0.006187,OK,0.5756,A-1.0-ppr,3.494,-0.003,-0.004286,0.008,0.300102,-1.0,0.031,3.504684,-1.995316,0,0,0.0,0.0,1.0,0.5,0.300102
2026-09-29T23:04:56.614Z,LAT-00816-9a46fd,ACID_FINE,0.6,ACCEPTABLE_CONTEXT,0.00409,OK,0.5414,A-1.0-ppr,6.996,-0.001,0.004286,0.004899,0.300101,1.0,0.003,6.994345,1.494345,0,0,0.0,0.0,1.0,0.5,0.300101
2026-09-29T23:04:56.614Z,LAT-00817-69c30b,ACID_FINE,1.5,ACCEPTABLE_CONTEXT,0.003572,OK,0.5401,A-1.0-ppr,6.994,0.005,0.001429,0.010198,0.300101,1.0,0.0075,6.989865,1.489865,0,0,0.0,0.0,1.0,0.5,0.300101
2026-09-29T23:04:56.615Z,LAT-00818-0d4408,BASE_FINE,2.4,UNCERTAIN_CONTEXT,1.0,STALE_SAMPLE,0.2759,A-1.0-ppr,7.002,0.003,0.001429,0.007483,4.000102,-1.0,0.012,7.009208,1.509208,0,0,0.0,0.0,1.0,0.5,4.000102
2026-09-29T23:04:56.615Z,LAT-00819-c87ff7,ACID_FINE,2.1,ACCEPTABLE_CONTEXT,0.003572,OK,0.5335,A-1.0-ppr,7.0,0.004,0.002857,0.012649,0.300105,1.0,0.0105,6.994208,1.494208,0,0,0.0,0.0,1.0,0.5,0.300105
2026-09-29T23:04:56.616Z,LAT-00820-a545d6,ACID_BULK,15.8,HARMFUL_CONTEXT,1.0,"PREDICTED_UNSAFE:a,b,d",0.2807,A-1.0-ppr,6.2,0.0,-0.005714,0.008944,0.300101,1.0,7.9,2.935688,-2.564312,0,0,0.0,0.0,1.0,0.5,0.300101
2026-09-29T23:04:56.616Z,LAT-00821-d4ef60,BASE_FINE,3.7,UNCERTAIN_CONTEXT,1.0,STALE_SAMPLE,0.2508,A-1.0-ppr,6.996,-0.013,0.007143,0.024166,4.000101,-1.0,0.0185,7.006978,1.506978,0,0,0.0,0.0,1.0,0.5,4.000101
2026-09-29T23:04:56.617Z,LAT-00822-613f9b,ACID_BULK,19.6,HARMFUL_CONTEXT,1.0,"PREDICTED_UNSAFE:a,b,d",0.2805,A-1.0-ppr,6.202,0.003,0.001429,0.007483,0.300107,1.0,9.8,2.813814,-2.686186,0,0,0.0,0.0,1.0,0.5,0.300107
2026-09-29T23:04:56.618Z,LAT-00823-42f622,BASE_FINE,3.2,ACCEPTABLE_CONTEXT,0.00409,OK,0.548,A-1.0-ppr,6.99,-0.002,-0.011429,0.012649,0.300108,-1.0,0.016,6.999498,1.499498,0,0,0.0,0.0,1.0,0.5,0.300108
2026-09-29T23:04:56.618Z,LAT-00824-5beab2,ACID_BULK,11.9,HARMFUL_CONTEXT,1.0,"PREDICTED_UNSAFE:a,b,d",0.2813,A-1.0-ppr,6.2,0.001,0.01,0.008944,0.300103,1.0,5.95,3.112151,-2.387849,0,0,0.0,0.0,1.0,0.5,0.300103
2026-09-29T23:04:56.619Z,LAT-00825-fec81a,BASE_FINE,3.4,UNCERTAIN_CONTEXT,1.0,STALE_SAMPLE,0.244,A-1.0-ppr,6.998,0.004,0.005714,0.009798,4.000167,-1.0,0.017,7.008129,1.508129,0,0,0.0,0.0,1.0,0.5,4.000167
2026-09-29T23:04:56.619Z,LAT-00826-2863c8,ACID_BULK,12.4,HARMFUL_CONTEXT,1.0,"PREDICTED_UNSAFE:a,b,d",0.2793,A-1.0-ppr,6.196,0.0,-0.0,0.008,0.300101,1.0,6.2,3.0839,-2.4161,0,0,0.0,0.0,1.0,0.5,0.300101
2026-09-29T23:04:56.620Z,LAT-00827-39408f,ACID_BULK,13.9,HARMFUL_CONTEXT,1.0,"PREDICTED_UNSAFE:a,b,d",0.2773,A-1.0-ppr,6.206,0.0,-0.005714,0.004899,0.300114,1.0,6.95,3.014266,-2.485734,0,0,0.0,0.0,1.0,0.5,0.300114
2026-09-29T23:04:56.620Z,LAT-00828-4ca0c2,BASE_FINE,8.6,ACCEPTABLE_CONTEXT,0.00409,OK,0.562,A-1.0-ppr,7.002,-0.002,0.002857,0.004,0.300101,-1.0,0.043,7.028373,1.528373,0,0,0.0,0.0,1.0,0.5,0.300101
2026-09-29T23:04:56.621Z,LAT-00829-4528e2,ACID_BULK,10.5,HARMFUL_CONTEXT,1.0,"PREDICTED_UNSAFE:a,b,d",0.2827,A-1.0-ppr,6.198,-0.002,0.002857,0.007483,0.300103,1.0,5.25,3.1976,-2.3024,0,0,0.0,0.0,1.0,0.5,0.300103
2026-09-29T23:04:56.621Z,LAT-00830-cbf1fd,BASE_FINE,4.5,UNCERTAIN_CONTEXT,1.0,STALE_SAMPLE,0.2417,A-1.0-ppr,6.998,-0.003,0.001429,0.007483,4.000103,-1.0,0.0225,7.011535,1.511535,0,0,0.0,0.0,1.0,0.5,4.000103
2026-09-29T23:04:56.622Z,LAT-00831-0ecfa0,ACID_BULK,15.3,HARMFUL_CONTEXT,1.0,"PREDICTED_UNSAFE:a,b,d",0.2763,A-1.0-ppr,6.2,-0.004,-0.005714,0.008944,0.300107,1.0,7.65,2.954679,-2.545321,0,0,0.0,0.0,1.0,0.5,0.300107
2026-09-29T23:04:56.622Z,LAT-00832-d39689,ACID_FINE,9.5,ACCEPTABLE_CONTEXT,0.003572,OK,0.5302,A-1.0-ppr,6.998,0.003,0.004286,0.011662,0.300108,1.0,0.0475,6.972097,1.472097,0,0,0.0,0.0,1.0,0.5,0.300108
2026-09-29T23:04:56.623Z,LAT-00833-487aa0,ACID_FINE,4.9,ACCEPTABLE_CONTEXT,0.00409,OK,0.544,A-1.0-ppr,7.0,-0.004,-0.0,0.006325,0.300115,1.0,0.0245,6.986494,1.486494,0,0,0.0,0.0,1.0,0.5,0.300115
2026-09-29T23:04:56.624Z,LAT-00834-707ed1,BASE_FINE,3.5,ACCEPTABLE_CONTEXT,0.00409,OK,0.5553,A-1.0-ppr,7.006,0.002,-0.0,0.004899,0.300104,-1.0,0.0175,7.016788,1.516788,0,0,0.0,0.0,1.0,0.5,0.300104
2026-09-29T23:04:56.624Z,LAT-00835-132847,ACID_BULK,15.9,HARMFUL_CONTEXT,1.0,"PREDICTED_UNSAFE:a,b,d",0.2805,A-1.0-ppr,6.204,-0.004,-0.002857,0.008,0.300108,1.0,7.95,2.932819,-2.567181,0,0,0.0,0.0,1.0,0.5,0.300108
2026-09-29T23:04:56.625Z,LAT-00836-d62d17,BASE_FINE,2.5,ACCEPTABLE_CONTEXT,0.00409,OK,0.5606,A-1.0-ppr,7.004,-0.002,0.0,0.004899,0.300107,-1.0,0.0125,7.011606,1.511606,0,0,0.0,0.0,1.0,0.5,0.300107
2026-09-29T23:04:56.626Z,LAT-00837-ab8c8d,ACID_BULK,19.5,HARMFUL_CONTEXT,1.0,"PREDICTED_UNSAFE:a,b,d",0.2817,A-1.0-ppr,6.196,-0.006,-0.0,0.010198,0.300101,1.0,9.75,2.815667,-2.684333,0,0,0.0,0.0,1.0,0.5,0.300101
2026-09-29T23:04:56.626Z,LAT-00838-5d3389,BASE_FINE,2.6,UNCERTAIN_CONTEXT,1.0,STALE_SAMPLE,0.2688,A-1.0-ppr,7.002,0.007,0.007143,0.013266,4.000101,-1.0,0.013,7.009828,1.509828,0,0,0.0,0.0,1.0,0.5,4.000101
2026-09-29T23:04:56.627Z,LAT-00839-0d61ae,ACID_FINE,6.1,ACCEPTABLE_CONTEXT,0.00409,OK,0.5374,A-1.0-ppr,6.996,-0.003,0.007143,0.010198,0.300102,1.0,0.0305,6.979201,1.479201,0,0,0.0,0.0,1.0,0.5,0.300102
2026-09-29T23:04:56.628Z,LAT-00840-03d0b1,ACID_FINE,5.4,ACCEPTABLE_CONTEXT,0.003572,OK,0.528,A-1.0-ppr,6.998,0.005,-0.01,0.013266,0.300109,1.0,0.027,6.983122,1.483122,0,0,0.0,0.0,1.0,0.5,0.300109
2026-09-29T23:04:56.628Z,LAT-00841-afa88f,BASE_FINE,2.9,ACCEPTABLE_CONTEXT,0.003849,OK,0.5619,A-1.0-ppr,7.006,0.004,0.008571,0.010198,0.300101,-1.0,0.0145,7.014932,1.514932,0,0,0.0,0.0,1.0,0.5,0.300101
2026-09-29T23:04:56.629Z,LAT-00842-c98af8,ACID_FINE,3.3,ACCEPTABLE_CONTEXT,0.00409,OK,0.5254,A-1.0-ppr,6.998,0.002,0.005714,0.007483,0.300101,1.0,0.0165,6.988903,1.488903,0,0,0.0,0.0,1.0,0.5,0.300101
2026-09-29T23:04:56.630Z,LAT-00843-c33a9a,ACID_BULK,18.3,HARMFUL_CONTEXT,1.0,"PREDICTED_UNSAFE:a,b,d",0.2811,A-1.0-ppr,6.2,-0.003,0.004286,0.006325,0.300107,1.0,9.15,2.851535,-2.648465,0,0,0.0,0.0,1.0,0.5,0.300107
2026-09-29T23:04:56.630Z,LAT-00844-6881f4,BASE_FINE,4.7,UNCERTAIN_CONTEXT,1.0,STALE_SAMPLE,0.2522,A-1.0-ppr,6.996,-0.001,-0.001429,0.004899,4.000101,-1.0,0.0235,7.010067,1.510067,0,0,0.0,0.0,1.0,0.5,4.000101
2026-09-29T23:04:56.631Z,LAT-00845-9711c4,ACID_FINE,5.3,ACCEPTABLE_CONTEXT,0.00409,OK,0.5331,A-1.0-ppr,7.0,0.002,0.014286,0.012649,0.300098,1.0,0.0265,6.985394,1.485394,0,0,0.0,0.0,1.0,0.5,0.300098
2026-09-29T23:04:56.632Z,LAT-00846-f78e6b,ACID_FINE,4.0,ACCEPTABLE_CONTEXT,0.00409,OK,0.5325,A-1.0-ppr,6.99,0.001,0.001429,0.006325,0.300109,1.0,0.02,6.978987,1.478987,0,0,0.0,0.0,1.0,0.5,0.300109
2026-09-29T23:04:56.632Z,LAT-00847-f8d7ec,ACID_BULK,16.0,HARMFUL_CONTEXT,1.0,"PREDICTED_UNSAFE:a,b,d",0.2793,A-1.0-ppr,6.204,-0.002,0.002857,0.008,0.300101,1.0,8.0,2.929143,-2.570857,0,0,0.0,0.0,1.0,0.5,0.300101
2026-09-29T23:04:56.632Z,LAT-00848-085ed8,ACID_BULK,10.0,HARMFUL_CONTEXT,1.0,"PREDICTED_UNSAFE:a,b,d",0.2783,A-1.0-ppr,6.192,0.004,-0.0,0.009798,0.300101,1.0,5.0,3.230512,-2.269488,0,0,0.0,0.0,1.0,0.5,0.300101
2026-09-29T23:04:56.633Z,LAT-00849-9ec4fd,BASE_FINE,1.3,ACCEPTABLE_CONTEXT,0.00409,OK,0.5518,A-1.0-ppr,7.002,-0.005,-0.007143,0.011662,0.300112,-1.0,0.0065,7.005857,1.505857,0,0,0.0,0.0,1.0,0.5,0.300112
2026-09-29T23:04:56.634Z,LAT-00850-53c7b4,ACID_BULK,14.0,HARMFUL_CONTEXT,1.0,"PREDICTED_UNSAFE:a,b,d",0.2803,A-1.0-ppr,6.196,0.0,0.002857,0.004899,0.3001,1.0,7.0,3.007353,-2.492647,0,0,0.0,0.0,1.0,0.5,0.3001
2026-09-29T23:04:56.634Z,LAT-00851-53e45c,BASE_FINE,3.4,ACCEPTABLE_CONTEXT,0.006187,OK,0.5765,A-1.0-ppr,3.506,-0.002,0.008571,0.008,0.300099,-1.0,0.017,3.511984,-1.988016,0,0,0.0,0.0,1.0,0.5,0.300099
2026-09-29T23:04:56.635Z,LAT-00852-e93dd1,BASE_FINE,2.0,ACCEPTABLE_CONTEXT,0.00409,OK,0.5333,A-1.0-ppr,6.996,0.0,-0.002857,0.010198,0.3001,-1.0,0.01,7.001936,1.501936,0,0,0.0,0.0,1.0,0.5,0.3001
2026-09-29T23:04:56.636Z,LAT-00853-8fca47,BASE_FINE,5.9,ACCEPTABLE_CONTEXT,0.00409,OK,0.5297,A-1.0-ppr,6.996,0.002,-0.0,0.004899,0.3001,-1.0,0.0295,7.013781,1.513781,0,0,0.0,0.0,1.0,0.5,0.3001
2026-09-29T23:04:56.637Z,LAT-00854-061d15,BASE_FINE,6.6,ACCEPTABLE_CONTEXT,0.00409,OK,0.5282,A-1.0-ppr,7.0,-0.002,0.008571,0.012649,0.300099,-1.0,0.033,7.020116,1.520116,0,0,0.0,0.0,1.0,0.5,0.300099
2026-09-29T23:04:56.637Z,LAT-00855-b7f8b4,ACID_FINE,6.1,ACCEPTABLE_CONTEXT,0.00409,OK,0.5289,A-1.0-ppr,6.99,0.001,-0.007143,0.010954,0.3001,1.0,0.0305,6.973406,1.473406,0,0,0.0,0.0,1.0,0.5,0.3001
2026-09-29T23:04:56.638Z,LAT-00856-dc8a08,ACID_BULK,10.1,HARMFUL_CONTEXT,1.0,"PREDICTED_UNSAFE:a,b,d",0.2795,A-1.0-ppr,6.198,0.002,-0.002857,0.004,0.300099,1.0,5.05,3.225699,-2.274301,0,0,0.0,0.0,1.0,0.5,0.300099
2026-09-29T23:04:56.639Z,LAT-00857-55a8dd,BASE_FINE,1.2,ACCEPTABLE_CONTEXT,0.00409,OK,0.5485,A-1.0-ppr,7.008,0.0,0.002857,0.004,0.300099,-1.0,0.006,7.011718,1.511718,0,0,0.0,0.0,1.0,0.5,0.300099
2026-09-29T23:04:56.639Z,LAT-00858-e3ca77,BASE_FINE,3.1,ACCEPTABLE_CONTEXT,0.00409,OK,0.5281,A-1.0-ppr,6.996,-0.004,0.002857,0.008,0.300099,-1.0,0.0155,7.005199,1.505199,0,0,0.0,0.0,1.0,0.5,0.300099
2026-09-29T23:04:56.640Z,LAT-00859-81b996,BASE_FINE,2.7,UNCERTAIN_CONTEXT,1.0,STALE_SAMPLE,0.2803,A-1.0-ppr,7.006,0.0,0.002857,0.004899,4.0001,-1.0,0.0135,7.014313,1.514313,0,0,0.0,0.0,1.0,0.5,4.0001
2026-09-29T23:04:56.640Z,LAT-00860-c54039,ACID_FINE,5.6,ACCEPTABLE_CONTEXT,0.00409,OK,0.5482,A-1.0-ppr,7.006,0.001,0.001429,0.010198,0.3001,1.0,0.028,6.990559,1.490559,0,0,0.0,0.0,1.0,0.5,0.3001
2026-09-29T23:04:56.641Z,LAT-00861-6f4309,BASE_FINE,5.5,ACCEPTABLE_CONTEXT,0.003849,OK,0.5371,A-1.0-ppr,7.0,0.008,-0.005714,0.012649,0.3001,-1.0,0.0275,7.016715,1.516715,0,0,0.0,0.0,1.0,0.5,0.3001
2026-09-29T23:04:56.642Z,LAT-00862-6542cd,BASE_FINE,6.3,ACCEPTABLE_CONTEXT,0.00409,OK,0.5365,A-1.0-ppr,6.994,0.002,0.002857,0.008,0.300101,-1.0,0.0315,7.012932,1.512932,0,0,0.0,0.0,1.0,0.5,0.300101
2026-09-29T23:04:56.642Z,LAT-00863-1556e8,ACID_BULK,17.8,HARMFUL_CONTEXT,1.0,"PREDICTED_UNSAFE:a,b,d",0.2777,A-1.0-ppr,6.196,0.002,-0.008571,0.012,0.300101,1.0,8.9,2.866386,-2.633614,0,0,0.0,0.0,1.0,0.5,0.300101
2026-09-29T23:04:56.643Z,LAT-00864-4edaa6,BASE_FINE,1.8,UNCERTAIN_CONTEXT,1.0,STALE_SAMPLE,0.2781,A-1.0-ppr,7.004,-0.002,0.0,0.004899,4.000101,-1.0,0.009,7.009438,1.509438,0,0,0.0,0.0,1.0,0.5,4.000101
2026-09-29T23:04:56.643Z,LAT-00865-d3961e,BASE_FINE,1.5,UNCERTAIN_CONTEXT,1.0,STALE_SAMPLE,0.2649,A-1.0-ppr,7.008,-0.002,-0.008571,0.011662,4.000098,-1.0,0.0075,7.012647,1.512647,0,0,0.0,0.0,1.0,0.5,4.000098
2026-09-29T23:04:56.644Z,LAT-00866-b0c60e,BASE_FINE,2.7,UNCERTAIN_CONTEXT,1.0,STALE_SAMPLE,0.269,A-1.0-ppr,7.008,0.0,-0.0,0.007483,4.000116,-1.0,0.0135,7.016362,1.516362,0,0,0.0,0.0,1.0,0.5,4.000116
2026-09-29T23:04:56.645Z,LAT-00867-609895,BASE_FINE,7.5,ACCEPTABLE_CONTEXT,0.00568,OK,0.5803,A-1.0-ppr,3.504,0.003,0.001429,0.004899,0.300097,-1.0,0.0375,3.517242,-1.982758,0,0,0.0,0.0,1.0,0.5,0.300097
2026-09-29T23:04:56.645Z,LAT-00868-6e7c66,BASE_FINE,8.5,ACCEPTABLE_CONTEXT,0.006187,OK,0.5728,A-1.0-ppr,3.498,-0.008,0.002857,0.013266,0.300099,-1.0,0.0425,3.512838,-1.987162,0,0,0.0,0.0,1.0,0.5,0.300099
2026-09-29T23:04:56.646Z,LAT-00869-f2374c,ACID_FINE,8.4,ACCEPTABLE_CONTEXT,0.003572,OK,0.5671,A-1.0-ppr,7.004,0.004,0.0,0.008,0.3001,1.0,0.042,6.98086,1.48086,0,0,0.0,0.0,1.0,0.5,0.3001
2026-09-29T23:04:56.647Z,LAT-00870-14324c,ACID_FINE,2.1,ACCEPTABLE_CONTEXT,0.00409,OK,0.5498,A-1.0-ppr,7.008,-0.002,-0.002857,0.004,0.300099,1.0,0.0105,7.002168,1.502168,0,0,0.0,0.0,1.0,0.5,0.300099
2026-09-29T23:04:56.647Z,LAT-00871-aed81f,ACID_BULK,17.9,HARMFUL_CONTEXT,1.0,"PREDICTED_UNSAFE:a,b,d",0.2792,A-1.0-ppr,6.202,0.001,-0.001429,0.004,0.3001,1.0,8.95,2.864302,-2.635698,0,0,0.0,0.0,1.0,0.5,0.3001
2026-09-29T23:04:56.648Z,LAT-00872-d02460,ACID_BULK,10.5,HARMFUL_CONTEXT,1.0,"PREDICTED_UNSAFE:a,b,d",0.2778,A-1.0-ppr,6.192,0.006,-0.0,0.011662,0.300099,1.0,5.25,3.195291,-2.304709,0,0,0.0,0.0,1.0,0.5,0.300099
2026-09-29T23:04:56.648Z,LAT-00873-82bf40,ACID_BULK,15.5,HARMFUL_CONTEXT,1.0,"PREDICTED_UNSAFE:a,b,d",0.2748,A-1.0-ppr,6.206,0.006,-0.005714,0.010198,0.300105,1.0,7.75,2.94827,-2.55173,0,0,0.0,0.0,1.0,0.5,0.300105
2026-09-29T23:04:56.649Z,LAT-00874-ee3692,ACID_BULK,13.4,HARMFUL_CONTEXT,1.0,"PREDICTED_UNSAFE:a,b,d",0.273,A-1.0-ppr,6.202,0.001,-0.001429,0.004,0.300105,1.0,6.7,3.036086,-2.463914,0,0,0.0,0.0,1.0,0.5,0.300105
2026-09-29T23:04:56.649Z,LAT-00875-763db0,ACID_BULK,10.7,HARMFUL_CONTEXT,1.0,"PREDICTED_UNSAFE:a,b,d",0.2733,A-1.0-ppr,6.204,-0.002,-0.0,0.004899,0.300098,1.0,5.35,3.18644,-2.31356,0,0,0.0,0.0,1.0,0.5,0.300098
2026-09-29T23:04:56.650Z,LAT-00876-cca4d9,ACID_FINE,6.9,ACCEPTABLE_CONTEXT,0.00409,OK,0.5356,A-1.0-ppr,6.996,-0.001,-0.01,0.013565,0.300102,1.0,0.0345,6.977057,1.477057,0,0,0.0,0.0,1.0,0.5,0.300102
2026-09-29T23:04:56.650Z,LAT-00877-c6496e,ACID_BULK,13.1,HARMFUL_CONTEXT,1.0,"PREDICTED_UNSAFE:a,b,d",0.2787,A-1.0-ppr,6.2,-0.001,-0.004286,0.006325,0.300105,1.0,6.55,3.049831,-2.450169,0,0,0.0,0.0,1.0,0.5,0.300105
2026-09-29T23:04:56.651Z,LAT-00878-c57b65,ACID_BULK,15.1,HARMFUL_CONTEXT,1.0,"PREDICTED_UNSAFE:a,b,d",0.2731,A-1.0-ppr,6.2,0.0,-0.008571,0.008944,0.300099,1.0,7.55,2.962515,-2.537485,0,0,0.0,0.0,1.0,0.5,0.300099
2026-09-29T23:04:56.651Z,LAT-00879-ac6c92,ACID_BULK,11.3,HARMFUL_CONTEXT,1.0,"PREDICTED_UNSAFE:a,b,d",0.2732,A-1.0-ppr,6.194,0.002,0.0,0.004899,0.300098,1.0,5.65,3.144963,-2.355037,0,0,0.0,0.0,1.0,0.5,0.300098
2026-09-29T23:04:56.652Z,LAT-00880-0ba991,ACID_FINE,1.3,ACCEPTABLE_CONTEXT,0.003663,OK,0.569,A-1.0-ppr,7.006,0.009,-0.001429,0.013565,0.300099,1.0,0.0065,7.002412,1.502412,0,0,0.0,0.0,1.0,0.5,0.300099
2026-09-29T23:04:56.653Z,LAT-00881-bd879d,ACID_FINE,5.3,ACCEPTABLE_CONTEXT,0.00409,OK,0.5448,A-1.0-ppr,7.0,-0.006,-0.0,0.008944,0.300101,1.0,0.0265,6.985394,1.485394,0,0,0.0,0.0,1.0,0.5,0.300101
2026-09-29T23:04:56.654Z,LAT-00882-02106e,ACID_FINE,9.1,ACCEPTABLE_CONTEXT,0.003572,OK,0.5517,A-1.0-ppr,6.99,0.004,-0.0,0.006325,0.300104,1.0,0.0455,6.965475,1.465475,0,0,0.0,0.0,1.0,0.5,0.300104
2026-09-29T23:04:56.654Z,LAT-00883-ec13df,ACID_FINE,3.4,ACCEPTABLE_CONTEXT,0.00409,OK,0.5712,A-1.0-ppr,7.006,-0.001,0.007143,0.010198,0.300103,1.0,0.017,6.996621,1.496621,0,0,0.0,0.0,1.0,0.5,0.300103
2026-09-29T23:04:56.655Z,LAT-00884-7a5bf7,BASE_FINE,1.2,UNCERTAIN_CONTEXT,1.0,STALE_SAMPLE,0.2522,A-1.0-ppr,6.994,0.008,-0.008571,0.013565,4.000109,-1.0,0.006,6.997563,1.497563,0,0,0.0,0.0,1.0,0.5,4.000109
2026-09-29T23:04:56.655Z,LAT-00885-520f03,BASE_FINE,1.8,UNCERTAIN_CONTEXT,1.0,STALE_SAMPLE,0.259,A-1.0-ppr,6.988,0.0,-0.0,0.016,4.000106,-1.0,0.009,6.993344,1.493344,0,0,0.0,0.0,1.0,0.5,4.000106
2026-09-29T23:04:56.656Z,LAT-00886-fc4df6,BASE_FINE,4.6,ACCEPTABLE_CONTEXT,0.00409,OK,0.557,A-1.0-ppr,7.002,-0.004,-0.005714,0.009798,0.300107,-1.0,0.023,7.016018,1.516018,0,0,0.0,0.0,1.0,0.5,0.300107
2026-09-29T23:04:56.657Z,LAT-00887-74b374,ACID_BULK,17.5,HARMFUL_CONTEXT,1.0,"PREDICTED_UNSAFE:a,b,d",0.2817,A-1.0-ppr,6.198,0.009,0.004286,0.017205,0.300101,1.0,8.75,2.876357,-2.623643,0,0,0.0,0.0,1.0,0.5,0.300101
2026-09-29T23:04:56.657Z,LAT-00888-51f7dc,BASE_FINE,6.3,ACCEPTABLE_CONTEXT,0.00409,OK,0.5428,A-1.0-ppr,7.0,-0.001,0.001429,0.006325,0.3001,-1.0,0.0315,7.019189,1.519189,0,0,0.0,0.0,1.0,0.5,0.3001
2026-09-29T23:04:56.658Z,LAT-00889-5411bd,BASE_FINE,4.4,UNCERTAIN_CONTEXT,1.0,STALE_SAMPLE,0.2546,A-1.0-ppr,7.0,0.005,-0.001429,0.008944,4.000101,-1.0,0.022,7.013313,1.513313,0,0,0.0,0.0,1.0,0.5,4.000101
2026-09-29T23:04:56.658Z,LAT-00890-de34eb,ACID_BULK,15.7,HARMFUL_CONTEXT,1.0,"PREDICTED_UNSAFE:a,b,d",0.278,A-1.0-ppr,6.198,0.004,-0.002857,0.007483,0.300099,1.0,7.85,2.938996,-2.561004,0,0,0.0,0.0,1.0,0.5,0.300099
2026-09-29T23:04:56.659Z,LAT-00891-68c2ad,ACID_BULK,10.7,HARMFUL_CONTEXT,1.0,"PREDICTED_UNSAFE:a,b,d",0.2775,A-1.0-ppr,6.2,-0.002,0.008571,0.010954,0.300099,1.0,5.35,3.184952,-2.315048,0,0,0.0,0.0,1.0,0.5,0.300099
2026-09-29T23:04:56.659Z,LAT-00892-682e40,ACID_FINE,1.8,ACCEPTABLE_CONTEXT,0.00409,OK,0.5249,A-1.0-ppr,6.998,0.0,0.002857,0.004,0.300099,1.0,0.009,6.993036,1.493036,0,0,0.0,0.0,1.0,0.5,0.300099
2026-09-29T23:04:56.660Z,LAT-00893-c6d0a1,BASE_FINE,2.4,UNCERTAIN_CONTEXT,1.0,STALE_SAMPLE,0.254,A-1.0-ppr,6.988,-0.004,-0.002857,0.007483,4.000101,-1.0,0.012,6.995125,1.495125,0,0,0.0,0.0,1.0,0.5,4.000101
2026-09-29T23:04:56.660Z,LAT-00894-dc4bdd,ACID_BULK,19.4,HARMFUL_CONTEXT,1.0,"PREDICTED_UNSAFE:a,b,d",0.278,A-1.0-ppr,6.194,0.002,-0.002857,0.010198,0.300099,1.0,9.7,2.818167,-2.681833,0,0,0.0,0.0,1.0,0.5,0.300099
2026-09-29T23:04:56.661Z,LAT-00895-0d223c,ACID_BULK,16.1,HARMFUL_CONTEXT,1.0,"PREDICTED_UNSAFE:a,b,d",0.2773,A-1.0-ppr,6.194,0.004,0.008571,0.013565,0.300099,1.0,8.05,2.923447,-2.576553,0,0,0.0,0.0,1.0,0.5,0.300099
2026-09-29T23:04:56.662Z,LAT-00896-1d387a,BASE_FINE,2.4,ACCEPTABLE_CONTEXT,0.003849,OK,0.5347,A-1.0-ppr,6.996,0.005,0.004286,0.008,0.300099,-1.0,0.012,7.003123,1.503123,0,0,0.0,0.0,1.0,0.5,0.300099
2026-09-29T23:04:56.662Z,LAT-00897-792049,BASE_FINE,7.7,ACCEPTABLE_CONTEXT,0.00409,OK,0.5803,A-1.0-ppr,7.004,0.001,0.004286,0.008,0.3001,-1.0,0.0385,7.027679,1.527679,0,0,0.0,0.0,1.0,0.5,0.3001
2026-09-29T23:04:56.663Z,LAT-00898-0ff632,ACID_FINE,9.8,ACCEPTABLE_CONTEXT,0.003572,OK,0.5798,A-1.0-ppr,7.002,0.006,-0.008571,0.016,0.300112,1.0,0.049,6.975146,1.475146,0,0,0.0,0.0,1.0,0.5,0.300112
2026-09-29T23:04:56.664Z,LAT-00899-7c8515,ACID_BULK,16.8,HARMFUL_CONTEXT,1.0,"PREDICTED_UNSAFE:a,b,d",0.2834,A-1.0-ppr,6.196,-0.002,-0.0,0.004899,0.3001,1.0,8.4,2.899262,-2.600738,0,0,0.0,0.0,1.0,0.5,0.3001
2026-09-29T23:04:56.664Z,LAT-00900-696146,ACID_BULK,15.6,HARMFUL_CONTEXT,1.0,"PREDICTED_UNSAFE:a,b,d",0.2787,A-1.0-ppr,6.21,0.0,-0.0,0.0,0.300107,1.0,7.8,2.945304,-2.554696,0,0,0.0,0.0,1.0,0.5,0.300107
2026-09-29T23:04:56.665Z,LAT-00901-79a098,ACID_BULK,16.5,HARMFUL_CONTEXT,1.0,"PREDICTED_UNSAFE:a,b,d",0.2854,A-1.0-ppr,6.198,-0.006,-0.002857,0.009798,0.300165,1.0,8.25,2.910032,-2.589968,0,0,0.0,0.0,1.0,0.5,0.300165
2026-09-29T23:04:56.665Z,LAT-00902-7c2459,BASE_FINE,2.2,ACCEPTABLE_CONTEXT,0.00409,OK,0.5548,A-1.0-ppr,7.008,0.0,0.008571,0.011662,0.3001,-1.0,0.011,7.014814,1.514814,0,0,0.0,0.0,1.0,0.5,0.3001
2026-09-29T23:04:56.666Z,LAT-00903-f5ba8b,BASE_FINE,1.5,UNCERTAIN_CONTEXT,1.0,STALE_SAMPLE,0.281,A-1.0-ppr,7.004,-0.002,0.0,0.004899,4.0001,-1.0,0.0075,7.008509,1.508509,0,0,0.0,0.0,1.0,0.5,4.0001
2026-09-29T23:04:56.667Z,LAT-00904-71752a,ACID_FINE,9.9,ACCEPTABLE_CONTEXT,0.00409,OK,0.5593,A-1.0-ppr,7.006,0.0,-0.005714,0.004899,0.300113,1.0,0.0495,6.978733,1.478733,0,0,0.0,0.0,1.0,0.5,0.300113
2026-09-29T23:04:56.667Z,LAT-00905-777103,BASE_FINE,1.3,UNCERTAIN_CONTEXT,1.0,STALE_SAMPLE,0.2713,A-1.0-ppr,7.002,-0.005,-0.001429,0.007483,4.0001,-1.0,0.0065,7.005857,1.505857,0,0,0.0,0.0,1.0,0.5,4.0001
2026-09-29T23:04:56.668Z,LAT-00906-cd832c,BASE_FINE,8.1,ACCEPTABLE_CONTEXT,0.00409,OK,0.5234,A-1.0-ppr,6.998,-0.002,0.005714,0.007483,0.300101,-1.0,0.0405,7.022665,1.522665,0,0,0.0,0.0,1.0,0.5,0.300101
2026-09-29T23:04:56.668Z,LAT-00907-06b1a0,BASE_FINE,1.8,UNCERTAIN_CONTEXT,1.0,STALE_SAMPLE,0.2542,A-1.0-ppr,7.0,-0.002,0.005714,0.006325,4.000102,-1.0,0.009,7.005341,1.505341,0,0,0.0,0.0,1.0,0.5,4.000102
2026-09-29T23:04:56.669Z,LAT-00908-b01548,ACID_FINE,1.2,ACCEPTABLE_CONTEXT,0.003572,OK,0.5242,A-1.0-ppr,6.998,0.005,0.001429,0.007483,0.3001,1.0,0.006,6.99469,1.49469,0,0,0.0,0.0,1.0,0.5,0.3001
2026-09-29T23:04:56.670Z,LAT-00909-a493f4,ACID_FINE,8.0,ACCEPTABLE_CONTEXT,0.00409,OK,0.5601,A-1.0-ppr,7.004,0.001,0.001429,0.004899,0.3001,1.0,0.04,6.981959,1.481959,0,0,0.0,0.0,1.0,0.5,0.3001
2026-09-29T23:04:56.670Z,LAT-00910-237b82,ACID_FINE,8.7,ACCEPTABLE_CONTEXT,0.00409,OK,0.5302,A-1.0-ppr,6.992,-0.002,-0.002857,0.007483,0.3001,1.0,0.0435,6.968451,1.468451,0,0,0.0,0.0,1.0,0.5,0.3001
2026-09-29T23:04:56.671Z,LAT-00911-424f8f,BASE_FINE,6.6,ACCEPTABLE_CONTEXT,0.00409,OK,0.5477,A-1.0-ppr,7.002,0.0,-0.0,0.007483,0.3001,-1.0,0.033,7.0222,1.5222,0,0,0.0,0.0,1.0,0.5,0.3001
2026-09-29T23:04:56.672Z,LAT-00912-434c7e,BASE_FINE,4.8,ACCEPTABLE_CONTEXT,0.006187,OK,0.5756,A-1.0-ppr,3.498,-0.001,0.007143,0.007483,0.300102,-1.0,0.024,3.506324,-1.993676,0,0,0.0,0.0,1.0,0.5,0.300102
2026-09-29T23:04:56.673Z,LAT-00913-b02f04,BASE_FINE,7.9,ACCEPTABLE_CONTEXT,0.003849,OK,0.5481,A-1.0-ppr,7.002,0.004,-0.008571,0.011662,0.300102,-1.0,0.0395,7.026214,1.526214,0,0,0.0,0.0,1.0,0.5,0.300102
2026-09-29T23:04:56.673Z,LAT-00914-56cf68,BASE_FINE,2.4,UNCERTAIN_CONTEXT,1.0,STALE_SAMPLE,0.2728,A-1.0-ppr,7.002,0.003,-0.001429,0.009798,4.000101,-1.0,0.012,7.009208,1.509208,0,0,0.0,0.0,1.0,0.5,4.000101
2026-09-29T23:04:56.674Z,LAT-00915-cc31c2,BASE_FINE,2.1,ACCEPTABLE_CONTEXT,0.006187,OK,0.5811,A-1.0-ppr,3.506,-0.004,0.008571,0.013565,0.300102,-1.0,0.0105,3.509687,-1.990313,0,0,0.0,0.0,1.0,0.5,0.300102
2026-09-29T23:04:56.674Z,LAT-00916-26faf2,ACID_BULK,12.8,HARMFUL_CONTEXT,1.0,"PREDICTED_UNSAFE:a,b,d",0.2798,A-1.0-ppr,6.196,-0.003,-0.004286,0.013565,0.300101,1.0,6.4,3.063457,-2.436543,0,0,0.0,0.0,1.0,0.5,0.300101
2026-09-29T23:04:56.675Z,LAT-00917-c16b81,ACID_FINE,5.9,ACCEPTABLE_CONTEXT,0.00409,OK,0.5549,A-1.0-ppr,7.006,0.0,-0.0,0.008,0.300099,1.0,0.0295,6.989733,1.489733,0,0,0.0,0.0,1.0,0.5,0.300099
2026-09-29T23:04:56.676Z,LAT-00918-417736,BASE_FINE,8.5,ACCEPTABLE_CONTEXT,0.006187,OK,0.5769,A-1.0-ppr,3.498,-0.004,0.005714,0.009798,0.3001,-1.0,0.0425,3.512838,-1.987162,0,0,0.0,0.0,1.0,0.5,0.3001
2026-09-29T23:04:56.676Z,LAT-00919-ebea8f,ACID_BULK,10.0,HARMFUL_CONTEXT,1.0,"PREDICTED_UNSAFE:a,b,d",0.2804,A-1.0-ppr,6.194,0.005,0.01,0.013565,0.300099,1.0,5.0,3.231338,-2.268662,0,0,0.0,0.0,1.0,0.5,0.300099
2026-09-29T23:04:56.677Z,LAT-00920-11acd6,BASE_FINE,4.5,UNCERTAIN_CONTEXT,1.0,STALE_SAMPLE,0.2697,A-1.0-ppr,7.002,-0.004,-0.002857,0.007483,4.0001,-1.0,0.0225,7.015709,1.515709,0,0,0.0,0.0,1.0,0.5,4.0001
2026-09-29T23:04:56.678Z,LAT-00921-b57b42,ACID_FINE,3.1,ACCEPTABLE_CONTEXT,0.00409,OK,0.5536,A-1.0-ppr,7.006,-0.007,-0.001429,0.010198,0.300098,1.0,0.0155,6.997448,1.497448,0,0,0.0,0.0,1.0,0.5,0.300098
2026-09-29T23:04:56.678Z,LAT-00922-22fc06,BASE_FINE,3.1,UNCERTAIN_CONTEXT,1.0,STALE_SAMPLE,0.2498,A-1.0-ppr,7.0,0.004,-0.002857,0.010954,4.0001,-1.0,0.0155,7.009288,1.509288,0,0,0.0,0.0,1.0,0.5,4.0001
2026-09-29T23:04:56.679Z,LAT-00923-c3915b,ACID_BULK,11.4,HARMFUL_CONTEXT,1.0,"PREDICTED_UNSAFE:a,b,d",0.2784,A-1.0-ppr,6.204,0.003,-0.001429,0.010198,0.300099,1.0,5.7,3.142358,-2.357642,0,0,0.0,0.0,1.0,0.5,0.300099
2026-09-29T23:04:56.679Z,LAT-00924-abea36,BASE_FINE,4.5,UNCERTAIN_CONTEXT,1.0,STALE_SAMPLE,0.249,A-1.0-ppr,7.0,-0.003,0.004286,0.006325,4.000099,-1.0,0.0225,7.013622,1.513622,0,0,0.0,0.0,1.0,0.5,4.000099
2026-09-29T23:04:56.679Z,LAT-00925-19817a,ACID_BULK,14.6,HARMFUL_CONTEXT,1.0,"PREDICTED_UNSAFE:a,b,d",0.2748,A-1.0-ppr,6.2,0.0,0.0,0.0,0.300098,1.0,7.3,2.98275,-2.51725,0,0,0.0,0.0,1.0,0.5,0.300098
2026-09-29T23:04:56.680Z,LAT-00926-011da0,ACID_BULK,12.3,HARMFUL_CONTEXT,1.0,"PREDICTED_UNSAFE:a,b,d",0.2711,A-1.0-ppr,6.204,-0.005,0.001429,0.010198,0.300098,1.0,6.15,3.091566,-2.408434,0,0,0.0,0.0,1.0,0.5,0.300098
2026-09-29T23:04:56.681Z,LAT-00927-fefeea,ACID_FINE,9.5,ACCEPTABLE_CONTEXT,0.00409,OK,0.5548,A-1.0-ppr,7.008,0.001,-0.007143,0.007483,0.300097,1.0,0.0475,6.981789,1.481789,0,0,0.0,0.0,1.0,0.5,0.300097
2026-09-29T23:04:56.681Z,LAT-00928-b489cc,ACID_BULK,12.4,HARMFUL_CONTEXT,1.0,"PREDICTED_UNSAFE:a,b,d",0.2794,A-1.0-ppr,6.204,0.0,0.005714,0.004899,0.300101,1.0,6.2,3.086272,-2.413728,0,0,0.0,0.0,1.0,0.5,0.300101
2026-09-29T23:04:56.682Z,LAT-00929-91da48,BASE_FINE,9.7,ACCEPTABLE_CONTEXT,0.003849,OK,0.5237,A-1.0-ppr,6.998,0.005,-0.01,0.013266,0.3001,-1.0,0.0485,7.027602,1.527602,0,0,0.0,0.0,1.0,0.5,0.3001
2026-09-29T23:04:56.683Z,LAT-00930-4616ce,ACID_FINE,3.3,ACCEPTABLE_CONTEXT,0.00409,OK,0.5603,A-1.0-ppr,7.006,0.001,-0.001429,0.004899,0.3001,1.0,0.0165,6.996896,1.496896,0,0,0.0,0.0,1.0,0.5,0.3001
2026-09-29T23:04:56.683Z,LAT-00931-0c6d10,ACID_FINE,9.8,ACCEPTABLE_CONTEXT,0.00409,OK,0.5542,A-1.0-ppr,7.004,0.0,-0.002857,0.004899,0.300104,1.0,0.049,6.977067,1.477067,0,0,0.0,0.0,1.0,0.5,0.300104
2026-09-29T23:04:56.684Z,LAT-00932-cb3941,BASE_FINE,4.9,UNCERTAIN_CONTEXT,1.0,STALE_SAMPLE,0.2458,A-1.0-ppr,6.998,0.005,-0.007143,0.009798,4.000101,-1.0,0.0245,7.012773,1.512773,0,0,0.0,0.0,1.0,0.5,4.000101
2026-09-29T23:04:56.684Z,LAT-00933-6fb2e7,BASE_FINE,1.0,UNCERTAIN_CONTEXT,1.0,STALE_SAMPLE,0.2518,A-1.0-ppr,6.996,-0.002,-0.0,0.004899,4.0001,-1.0,0.005,6.998969,1.498969,0,0,0.0,0.0,1.0,0.5,4.0001
2026-09-29T23:04:56.685Z,LAT-00934-30ff34,ACID_FINE,7.5,ACCEPTABLE_CONTEXT,0.00409,OK,0.5224,A-1.0-ppr,6.998,0.001,0.007143,0.007483,0.300099,1.0,0.0375,6.97739,1.47739,0,0,0.0,0.0,1.0,0.5,0.300099
2026-09-29T23:04:56.686Z,LAT-00935-32a545,BASE_FINE,3.7,ACCEPTABLE_CONTEXT,0.00409,OK,0.5239,A-1.0-ppr,6.998,0.001,0.001429,0.004,0.300101,-1.0,0.0185,7.009058,1.509058,0,0,0.0,0.0,1.0,0.5,0.300101
2026-09-29T23:04:56.686Z,LAT-00936-4f70aa,ACID_BULK,19.1,HARMFUL_CONTEXT,1.0,"PREDICTED_UNSAFE:a,b,d",0.2801,A-1.0-ppr,6.2,0.0,0.0,0.0,0.300101,1.0,9.55,2.827733,-2.672267,0,0,0.0,0.0,1.0,0.5,0.300101
2026-09-29T23:04:56.687Z,LAT-00937-37f442,ACID_BULK,19.1,HARMFUL_CONTEXT,1.0,"PREDICTED_UNSAFE:a,b,d",0.2777,A-1.0-ppr,6.2,-0.004,0.011429,0.012649,0.300099,1.0,9.55,2.827733,-2.672267,0,0,0.0,0.0,1.0,0.5,0.300099
2026-09-29T23:04:56.687Z,LAT-00938-02e78b,ACID_FINE,5.4,ACCEPTABLE_CONTEXT,0.00409,OK,0.5464,A-1.0-ppr,7.002,0.001,-0.004286,0.011662,0.300101,1.0,0.027,6.987115,1.487115,0,0,0.0,0.0,1.0,0.5,0.300101
2026-09-29T23:04:56.688Z,LAT-00939-6cc959,BASE_FINE,2.2,ACCEPTABLE_CONTEXT,0.006187,OK,0.5663,A-1.0-ppr,3.502,-0.004,-0.002857,0.007483,0.3001,-1.0,0.011,3.505831,-1.994169,0,0,0.0,0.0,1.0,0.5,0.3001
2026-09-29T23:04:56.689Z,LAT-00940-373ffa,BASE_FINE,3.8,ACCEPTABLE_CONTEXT,0.00409,OK,0.5224,A-1.0-ppr,6.998,-0.007,-0.004286,0.011662,0.300101,-1.0,0.019,7.009368,1.509368,0,0,0.0,0.0,1.0,0.5,0.300101
2026-09-29T23:04:56.690Z,LAT-00941-05a516,BASE_FINE,4.0,ACCEPTABLE_CONTEXT,0.00409,OK,0.5277,A-1.0-ppr,6.996,-0.001,-0.001429,0.004899,0.300102,-1.0,0.02,7.0079,1.5079,0,0,0.0,0.0,1.0,0.5,0.300102
2026-09-29T23:04:56.690Z,LAT-00942-fe32f0,ACID_FINE,1.7,ACCEPTABLE_CONTEXT,0.00409,OK,0.5507,A-1.0-ppr,7.002,-0.001,-0.004286,0.011662,0.300103,1.0,0.0085,6.99731,1.49731,0,0,0.0,0.0,1.0,0.5,0.300103
2026-09-29T23:04:56.691Z,LAT-00943-d445d9,BASE_FINE,4.4,UNCERTAIN_CONTEXT,1.0,STALE_SAMPLE,0.2531,A-1.0-ppr,6.994,0.001,0.001429,0.004899,4.000103,-1.0,0.022,7.007054,1.507054,0,0,0.0,0.0,1.0,0.5,4.000103
2026-09-29T23:04:56.691Z,LAT-00944-f90d0e,BASE_FINE,3.3,UNCERTAIN_CONTEXT,1.0,STALE_SAMPLE,0.2485,A-1.0-ppr,6.996,0.001,-0.015714,0.013565,4.000101,-1.0,0.0165,7.005792,1.505792,0,0,0.0,0.0,1.0,0.5,4.000101
2026-09-29T23:04:56.692Z,LAT-00945-63b04d,ACID_FINE,7.6,ACCEPTABLE_CONTEXT,0.00409,OK,0.5614,A-1.0-ppr,7.006,-0.006,-0.005714,0.010198,0.3001,1.0,0.038,6.985055,1.485055,0,0,0.0,0.0,1.0,0.5,0.3001
2026-09-29T23:04:56.692Z,LAT-00946-472388,BASE_FINE,1.8,UNCERTAIN_CONTEXT,1.0,STALE_SAMPLE,0.2704,A-1.0-ppr,7.002,-0.002,0.002857,0.004,4.000105,-1.0,0.009,7.007349,1.507349,0,0,0.0,0.0,1.0,0.5,4.000105
2026-09-29T23:04:56.693Z,LAT-00947-c59323,BASE_FINE,4.8,UNCERTAIN_CONTEXT,1.0,STALE_SAMPLE,0.2766,A-1.0-ppr,7.004,-0.001,0.004286,0.008,4.000106,-1.0,0.024,7.018722,1.518722,0,0,0.0,0.0,1.0,0.5,4.000106
2026-09-29T23:04:56.694Z,LAT-00948-6f5b22,ACID_FINE,4.7,ACCEPTABLE_CONTEXT,0.003572,OK,0.5235,A-1.0-ppr,6.998,0.004,0.002857,0.007483,0.3001,1.0,0.0235,6.985048,1.485048,0,0,0.0,0.0,1.0,0.5,0.3001
2026-09-29T23:04:56.694Z,LAT-00949-eade09,BASE_FINE,1.2,UNCERTAIN_CONTEXT,1.0,STALE_SAMPLE,0.2803,A-1.0-ppr,7.006,0.0,-0.011429,0.012,4.000101,-1.0,0.006,7.009668,1.509668,0,0,0.0,0.0,1.0,0.5,4.000101
2026-09-29T23:04:56.695Z,LAT-00950-d46992,ACID_FINE,5.5,ACCEPTABLE_CONTEXT,0.00409,OK,0.5633,A-1.0-ppr,7.004,-0.003,-0.004286,0.010198,0.3001,1.0,0.0275,6.988837,1.488837,0,0,0.0,0.0,1.0,0.5,0.3001
2026-09-29T23:04:56.696Z,LAT-00951-62217c,ACID_FINE,9.8,ACCEPTABLE_CONTEXT,0.003572,OK,0.5376,A-1.0-ppr,6.998,0.005,-0.007143,0.009798,0.300106,1.0,0.049,6.971304,1.471304,0,0,0.0,0.0,1.0,0.5,0.300106
2026-09-29T23:04:56.696Z,LAT-00952-7ee425,BASE_FINE,3.6,UNCERTAIN_CONTEXT,1.0,STALE_SAMPLE,0.2499,A-1.0-ppr,6.998,0.0,0.002857,0.004,4.000107,-1.0,0.018,7.008749,1.508749,0,0,0.0,0.0,1.0,0.5,4.000107
2026-09-29T23:04:56.697Z,LAT-00953-cec753,ACID_FINE,3.0,ACCEPTABLE_CONTEXT,0.00409,OK,0.5281,A-1.0-ppr,6.996,0.001,-0.007143,0.008,0.3001,1.0,0.015,6.987731,1.487731,0,0,0.0,0.0,1.0,0.5,0.3001
2026-09-29T23:04:56.697Z,LAT-00954-d9719e,ACID_FINE,5.2,ACCEPTABLE_CONTEXT,0.00409,OK,0.5556,A-1.0-ppr,6.994,-0.002,-0.0,0.004899,0.300107,1.0,0.026,6.97968,1.47968,0,0,0.0,0.0,1.0,0.5,0.300107
2026-09-29T23:04:56.698Z,LAT-00955-a886f3,BASE_FINE,4.7,UNCERTAIN_CONTEXT,1.0,STALE_SAMPLE,0.2534,A-1.0-ppr,7.0,-0.003,-0.004286,0.006325,4.000103,-1.0,0.0235,7.014241,1.514241,0,0,0.0,0.0,1.0,0.5,4.000103
2026-09-29T23:04:56.699Z,LAT-00956-af427a,ACID_FINE,9.4,ACCEPTABLE_CONTEXT,0.00409,OK,0.5434,A-1.0-ppr,7.008,-0.003,0.001429,0.007483,0.300106,1.0,0.047,6.982064,1.482064,0,0,0.0,0.0,1.0,0.5,0.300106
2026-09-29T23:04:56.699Z,LAT-00957-a15ad7,BASE_FINE,4.5,UNCERTAIN_CONTEXT,1.0,STALE_SAMPLE,0.2718,A-1.0-ppr,7.002,0.001,0.004286,0.007483,4.0001,-1.0,0.0225,7.015709,1.515709,0,0,0.0,0.0,1.0,0.5,4.0001
2026-09-29T23:04:56.700Z,LAT-00958-6da012,ACID_FINE,0.7,ACCEPTABLE_CONTEXT,0.00409,OK,0.5546,A-1.0-ppr,7.004,-0.001,-0.01,0.010198,0.300105,1.0,0.0035,7.002068,1.502068,0,0,0.0,0.0,1.0,0.5,0.300105
2026-09-29T23:04:56.701Z,LAT-00959-0344d9,BASE_FINE,5.3,ACCEPTABLE_CONTEXT,0.00409,OK,0.526,A-1.0-ppr,6.992,-0.003,-0.004286,0.011662,0.300101,-1.0,0.0265,7.00775,1.50775,0,0,0.0,0.0,1.0,0.5,0.300101
2026-09-29T23:04:56.701Z,LAT-00960-f35e5e,BASE_FINE,2.3,ACCEPTABLE_CONTEXT,0.00409,OK,0.5242,A-1.0-ppr,6.996,-0.007,-0.001429,0.010198,0.300122,-1.0,0.0115,7.002826,1.502826,0,0,0.0,0.0,1.0,0.5,0.300122
2026-09-29T23:04:56.702Z,LAT-00961-d3a583,BASE_FINE,2.8,UNCERTAIN_CONTEXT,1.0,STALE_SAMPLE,0.2464,A-1.0-ppr,6.998,0.001,-0.007143,0.007483,4.0001,-1.0,0.014,7.006308,1.506308,0,0,0.0,0.0,1.0,0.5,4.0001
2026-09-29T23:04:56.703Z,LAT-00962-667cbc,BASE_FINE,4.9,UNCERTAIN_CONTEXT,1.0,STALE_SAMPLE,0.2975,A-1.0-ppr,7.006,-0.002,0.002857,0.008,4.000102,-1.0,0.0245,7.021117,1.521117,0,0,0.0,0.0,1.0,0.5,4.000102
2026-09-29T23:04:56.703Z,LAT-00963-d3a7f8,BASE_FINE,9.7,ACCEPTABLE_CONTEXT,0.003849,OK,0.5686,A-1.0-ppr,7.006,0.003,-0.001429,0.004899,0.300099,-1.0,0.0485,7.035922,1.535922,0,0,0.0,0.0,1.0,0.5,0.300099
2026-09-29T23:04:56.704Z,LAT-00964-036f6a,BASE_FINE,6.3,ACCEPTABLE_CONTEXT,0.008733,OK,0.536,A-1.0-ppr,7.0,0.0,-0.0,0.0,0.300101,-1.0,0.0315,7.019189,1.519189,0,0,0.0,0.0,1.0,0.5,0.300101
2026-09-29T23:04:56.705Z,LAT-00965-7d2a3f,ACID_BULK,12.2,HARMFUL_CONTEXT,1.0,"PREDICTED_UNSAFE:a,b,d",0.284,A-1.0-ppr,6.198,-0.001,0.01,0.011662,0.3001,1.0,6.1,3.095105,-2.404895,0,0,0.0,0.0,1.0,0.5,0.3001
2026-09-29T23:04:56.705Z,LAT-00966-8d5547,ACID_FINE,3.7,ACCEPTABLE_CONTEXT,0.003572,OK,0.5309,A-1.0-ppr,6.99,0.004,-0.0,0.006325,0.300099,1.0,0.0185,6.979812,1.479812,0,0,0.0,0.0,1.0,0.5,0.300099
2026-09-29T23:04:56.706Z,LAT-00967-2a5009,BASE_FINE,2.1,UNCERTAIN_CONTEXT,1.0,STALE_SAMPLE,0.2535,A-1.0-ppr,7.0,0.001,-0.001429,0.006325,4.000099,-1.0,0.0105,7.006231,1.506231,0,0,0.0,0.0,1.0,0.5,4.000099
2026-09-29T23:04:56.706Z,LAT-00968-787f6b,ACID_FINE,2.3,ACCEPTABLE_CONTEXT,0.00409,OK,0.5617,A-1.0-ppr,7.004,0.002,-0.0,0.004899,0.300098,1.0,0.0115,6.997655,1.497655,0,0,0.0,0.0,1.0,0.5,0.300098
2026-09-29T23:04:56.707Z,LAT-00969-8083fb,BASE_FINE,3.6,ACCEPTABLE_CONTEXT,0.00409,OK,0.5667,A-1.0-ppr,6.998,-0.002,-0.002857,0.013266,0.300099,-1.0,0.018,7.008749,1.508749,0,0,0.0,0.0,1.0,0.5,0.300099
2026-09-29T23:04:56.708Z,LAT-00970-e9131c,BASE_FINE,3.6,UNCERTAIN_CONTEXT,1.0,STALE_SAMPLE,0.2759,A-1.0-ppr,7.002,-0.006,-0.002857,0.009798,4.000112,-1.0,0.018,7.012924,1.512924,0,0,0.0,0.0,1.0,0.5,4.000112
2026-09-29T23:04:56.708Z,LAT-00971-2341a9,ACID_FINE,1.0,ACCEPTABLE_CONTEXT,0.00409,OK,0.5367,A-1.0-ppr,7.002,-0.002,0.002857,0.004,0.300101,1.0,0.005,6.999241,1.499241,0,0,0.0,0.0,1.0,0.5,0.300101
2026-09-29T23:04:56.709Z,LAT-00972-b20162,ACID_BULK,10.9,HARMFUL_CONTEXT,1.0,"PREDICTED_UNSAFE:a,b,d",0.2956,A-1.0-ppr,6.198,-0.003,0.007143,0.007483,0.300101,1.0,5.45,3.171211,-2.328789,0,0,0.0,0.0,1.0,0.5,0.300101
2026-09-29T23:04:56.709Z,LAT-00973-2ee58a,ACID_BULK,15.1,HARMFUL_CONTEXT,1.0,"PREDICTED_UNSAFE:a,b,d",0.2669,A-1.0-ppr,6.204,-0.009,-0.004286,0.013565,0.300099,1.0,7.55,2.963406,-2.536594,0,0,0.0,0.0,1.0,0.5,0.300099
2026-09-29T23:04:56.710Z,LAT-00974-7b1eec,BASE_FINE,4.6,ACCEPTABLE_CONTEXT,0.00568,OK,0.6044,A-1.0-ppr,3.494,0.003,-0.01,0.010198,0.300092,-1.0,0.023,3.501904,-1.998096,0,0,0.0,0.0,1.0,0.5,0.300092
2026-09-29T23:04:56.711Z,LAT-00975-6bce2e,ACID_BULK,10.2,HARMFUL_CONTEXT,1.0,"PREDICTED_UNSAFE:a,b,d",0.2849,A-1.0-ppr,6.208,0.005,0.001429,0.007483,0.300107,1.0,5.1,3.222526,-2.277474,0,0,0.0,0.0,1.0,0.5,0.300107
2026-09-29T23:04:56.711Z,LAT-00976-0dec47,BASE_FINE,2.0,UNCERTAIN_CONTEXT,1.0,STALE_SAMPLE,0.2542,A-1.0-ppr,7.0,-0.004,-0.0,0.006325,4.000105,-1.0,0.01,7.005934,1.505934,0,0,0.0,0.0,1.0,0.5,4.000105
2026-09-29T23:04:56.712Z,LAT-00977-3c789e,ACID_BULK,12.2,HARMFUL_CONTEXT,1.0,"PREDICTED_UNSAFE:a,b,d",0.2788,A-1.0-ppr,6.198,-0.007,-0.001429,0.011662,0.300171,1.0,6.1,3.095105,-2.404895,0,0,0.0,0.0,1.0,0.5,0.300171
2026-09-29T23:04:56.712Z,LAT-00978-5c42b6,BASE_FINE,8.5,ACCEPTABLE_CONTEXT,0.00409,OK,0.5564,A-1.0-ppr,6.994,-0.001,-0.001429,0.010198,0.300104,-1.0,0.0425,7.019733,1.519733,0,0,0.0,0.0,1.0,0.5,0.300104
2026-09-29T23:04:56.713Z,LAT-00979-996afb,ACID_BULK,10.7,HARMFUL_CONTEXT,1.0,"PREDICTED_UNSAFE:a,b,d",0.2842,A-1.0-ppr,6.202,-0.001,0.004286,0.007483,0.300113,1.0,5.35,3.185697,-2.314303,0,0,0.0,0.0,1.0,0.5,0.300113
2026-09-29T23:04:56.713Z,LAT-00980-6f9005,ACID_BULK,10.3,HARMFUL_CONTEXT,1.0,"PREDICTED_UNSAFE:a,b,d",0.2784,A-1.0-ppr,6.198,-0.001,-0.01,0.011662,0.300106,1.0,5.15,3.211422,-2.288578,0,0,0.0,0.0,1.0,0.5,0.300106
2026-09-29T23:04:56.714Z,LAT-00981-4c9851,ACID_FINE,5.0,ACCEPTABLE_CONTEXT,0.00409,OK,0.5425,A-1.0-ppr,7.0,-0.004,0.002857,0.012649,0.300106,1.0,0.025,6.986219,1.486219,0,0,0.0,0.0,1.0,0.5,0.300106
2026-09-29T23:04:56.715Z,LAT-00982-78a9ef,ACID_FINE,6.9,ACCEPTABLE_CONTEXT,0.00409,OK,0.5589,A-1.0-ppr,7.002,0.002,0.008571,0.009798,0.300103,1.0,0.0345,6.982988,1.482988,0,0,0.0,0.0,1.0,0.5,0.300103
2026-09-29T23:04:56.715Z,LAT-00983-7685b5,ACID_BULK,17.7,HARMFUL_CONTEXT,1.0,"PREDICTED_UNSAFE:a,b,d",0.2833,A-1.0-ppr,6.204,-0.002,-0.0,0.004899,0.300111,1.0,8.85,2.871009,-2.628991,0,0,0.0,0.0,1.0,0.5,0.300111
2026-09-29T23:04:56.716Z,LAT-00984-4f579a,BASE_FINE,3.3,ACCEPTABLE_CONTEXT,0.00568,OK,0.5852,A-1.0-ppr,3.504,0.003,0.001429,0.004899,0.300116,-1.0,0.0165,3.509782,-1.990218,0,0,0.0,0.0,1.0,0.5,0.300116
2026-09-29T23:04:56.717Z,LAT-00985-91dbf4,BASE_FINE,4.5,ACCEPTABLE_CONTEXT,0.00568,OK,0.584,A-1.0-ppr,3.512,0.003,-0.012857,0.013266,0.30011,-1.0,0.0225,3.520042,-1.979958,0,0,0.0,0.0,1.0,0.5,0.30011
2026-09-29T23:04:56.718Z,LAT-00986-0680b3,ACID_BULK,15.9,HARMFUL_CONTEXT,1.0,"PREDICTED_UNSAFE:a,b,d",0.2848,A-1.0-ppr,6.2,0.0,0.0,0.0,0.300105,1.0,7.95,2.931988,-2.568012,0,0,0.0,0.0,1.0,0.5,0.300105
2026-09-29T23:04:56.718Z,LAT-00987-daae70,BASE_FINE,3.3,ACCEPTABLE_CONTEXT,0.00409,OK,0.5613,A-1.0-ppr,7.004,-0.005,-0.01,0.013565,0.30011,-1.0,0.0165,7.014082,1.514082,0,0,0.0,0.0,1.0,0.5,0.30011
2026-09-29T23:04:56.719Z,LAT-00988-bfb937,BASE_FINE,3.8,UNCERTAIN_CONTEXT,1.0,STALE_SAMPLE,0.2817,A-1.0-ppr,7.004,0.004,0.002857,0.013565,4.000105,-1.0,0.019,7.01563,1.51563,0,0,0.0,0.0,1.0,0.5,4.000105
2026-09-29T23:04:56.720Z,LAT-00989-e43778,ACID_FINE,2.7,ACCEPTABLE_CONTEXT,0.00409,OK,0.5504,A-1.0-ppr,7.002,0.001,-0.001429,0.011662,0.300103,1.0,0.0135,6.994553,1.494553,0,0,0.0,0.0,1.0,0.5,0.300103
2026-09-29T23:04:56.720Z,LAT-00990-59b95c,BASE_FINE,5.0,UNCERTAIN_CONTEXT,1.0,STALE_SAMPLE,0.2535,A-1.0-ppr,6.996,0.003,-0.001429,0.004899,4.000113,-1.0,0.025,7.010996,1.510996,0,0,0.0,0.0,1.0,0.5,4.000113
2026-09-29T23:04:56.720Z,LAT-00991-465111,BASE_FINE,2.4,UNCERTAIN_CONTEXT,1.0,STALE_SAMPLE,0.2494,A-1.0-ppr,6.994,-0.002,0.005714,0.008,4.000107,-1.0,0.012,7.001124,1.501124,0,0,0.0,0.0,1.0,0.5,4.000107
2026-09-29T23:04:56.721Z,LAT-00992-bd6c06,ACID_BULK,16.8,HARMFUL_CONTEXT,1.0,"PREDICTED_UNSAFE:a,b,d",0.2734,A-1.0-ppr,6.194,0.0,-0.002857,0.004899,0.300107,1.0,8.4,2.898871,-2.601129,0,0,0.0,0.0,1.0,0.5,0.300107
2026-09-29T23:04:56.722Z,LAT-00993-9bc5ef,BASE_FINE,1.7,ACCEPTABLE_CONTEXT,0.00409,OK,0.556,A-1.0-ppr,7.002,0.001,-0.001429,0.004,0.300115,-1.0,0.0085,7.007044,1.507044,0,0,0.0,0.0,1.0,0.5,0.300115
2026-09-29T23:04:56.722Z,LAT-00994-f16140,ACID_BULK,10.5,HARMFUL_CONTEXT,1.0,"PREDICTED_UNSAFE:a,b,d",0.2844,A-1.0-ppr,6.198,0.002,-0.002857,0.004,0.300102,1.0,5.25,3.1976,-2.3024,0,0,0.0,0.0,1.0,0.5,0.300102
2026-09-29T23:04:56.723Z,LAT-00995-37c671,BASE_FINE,1.9,UNCERTAIN_CONTEXT,1.0,STALE_SAMPLE,0.2417,A-1.0-ppr,6.998,-0.001,-0.007143,0.007483,4.000101,-1.0,0.0095,7.003639,1.503639,0,0,0.0,0.0,1.0,0.5,4.000101
2026-09-29T23:04:56.723Z,LAT-00996-77d674,BASE_FINE,4.6,ACCEPTABLE_CONTEXT,0.003849,OK,0.5371,A-1.0-ppr,6.998,0.004,0.002857,0.007483,0.3001,-1.0,0.023,7.011845,1.511845,0,0,0.0,0.0,1.0,0.5,0.3001
2026-09-29T23:04:56.724Z,LAT-00997-19f415,BASE_FINE,5.0,ACCEPTABLE_CONTEXT,0.00409,OK,0.5623,A-1.0-ppr,7.004,-0.003,0.004286,0.010198,0.300109,-1.0,0.025,7.019341,1.519341,0,0,0.0,0.0,1.0,0.5,0.300109
2026-09-29T23:04:56.725Z,LAT-00998-91649c,BASE_FINE,3.7,ACCEPTABLE_CONTEXT,0.00568,OK,0.5809,A-1.0-ppr,3.498,0.003,-0.004286,0.007483,0.300102,-1.0,0.0185,3.504404,-1.995596,0,0,0.0,0.0,1.0,0.5,0.300102
2026-09-29T23:04:56.726Z,LAT-00999-bdaf13,BASE_FINE,9.4,ACCEPTABLE_CONTEXT,0.006187,OK,0.5801,A-1.0-ppr,3.508,-0.003,0.001429,0.009798,0.300103,-1.0,0.047,3.524802,-1.975198,0,0,0.0,0.0,1.0,0.5,0.300103
2026-09-29T23:04:56.726Z,LAT-01000-61183a,ACID_FINE,2.5,ACCEPTABLE_CONTEXT,0.003572,OK,0.5334,A-1.0-ppr,7.0,0.005,0.001429,0.008944,0.300104,1.0,0.0125,6.993105,1.493105,0,0,0.0,0.0,1.0,0.5,0.300104
2026-09-29T23:04:56.879Z,LAT-01001-567c3b,BASE_FINE,1.0,UNCERTAIN_CONTEXT,1.0,TIMEOUT,110.2462,A-1.0-ppr,,,,,,,,,,,,,,,,
2026-09-29T23:04:56.986Z,LAT-01002-d4bc5b,BASE_FINE,1.0,UNCERTAIN_CONTEXT,1.0,TIMEOUT,105.9238,A-1.0-ppr,,,,,,,,,,,,,,,,
2026-09-29T23:04:57.096Z,LAT-01003-c46e23,BASE_FINE,1.0,UNCERTAIN_CONTEXT,1.0,TIMEOUT,110.375,A-1.0-ppr,,,,,,,,,,,,,,,,
