case,temp_c,excess_mmol,ph
PLACEHOLDER-NaHCO3-acid,20.0,-60.000000,1.958602
PLACEHOLDER-NaHCO3-acid,20.0,-59.000000,1.966571
PLACEHOLDER-NaHCO3-acid,20.0,-58.000000,1.974689
PLACEHOLDER-NaHCO3-acid,20.0,-57.000000,1.982961
PLACEHOLDER-NaHCO3-acid,20.0,-56.000000,1.991394
PLACEHOLDER-NaHCO3-acid,20.0,-55.000000,1.999994
PLACEHOLDER-NaHCO3-acid,20.0,-54.000000,2.008768
PLACEHOLDER-NaHCO3-acid,20.0,-53.000000,2.017723
PLACEHOLDER-NaHCO3-acid,20.0,-52.000000,2.026866
PLACEHOLDER-NaHCO3-acid,20.0,-51.000000,2.036206
PLACEHOLDER-NaHCO3-acid,20.0,-50.000000,2.045751
PLACEHOLDER-NaHCO3-acid,20.0,-49.000000,2.055511
PLACEHOLDER-NaHCO3-acid,20.0,-48.000000,2.065495
PLACEHOLDER-NaHCO3-acid,20.0,-47.000000,2.075714
PLACEHOLDER-NaHCO3-acid,20.0,-46.000000,2.086179
PLACEHOLDER-NaHCO3-acid,20.0,-45.000000,2.096902
PLACEHOLDER-NaHCO3-acid,20.0,-44.000000,2.107898
PLACEHOLDER-NaHCO3-acid,20.0,-43.000000,2.119178
PLACEHOLDER-NaHCO3-acid,20.0,-42.000000,2.130760
PLACEHOLDER-NaHCO3-acid,20.0,-41.000000,2.142659
PLACEHOLDER-NaHCO3-acid,20.0,-40.000000,2.154893
PLACEHOLDER-NaHCO3-acid,20.0,-39.000000,2.167482
PLACEHOLDER-NaHCO3-acid,20.0,-38.000000,2.180446
PLACEHOLDER-NaHCO3-acid,20.0,-37.000000,2.193810
PLACEHOLDER-NaHCO3-acid,20.0,-36.000000,2.207597
PLACEHOLDER-NaHCO3-acid,20.0,-35.000000,2.221837
PLACEHOLDER-NaHCO3-acid,20.0,-34.000000,2.236560
PLACEHOLDER-NaHCO3-acid,20.0,-33.000000,2.251799
PLACEHOLDER-NaHCO3-acid,20.0,-32.000000,2.267593
PLACEHOLDER-NaHCO3-acid,20.0,-31.000000,2.283983
PLACEHOLDER-NaHCO3-acid,20.0,-30.000000,2.301015
PLACEHOLDER-NaHCO3-acid,20.0,-29.000000,2.318743
PLACEHOLDER-NaHCO3-acid,20.0,-28.000000,2.337225
PLACEHOLDER-NaHCO3-acid,20.0,-27.000000,2.356529
PLACEHOLDER-NaHCO3-acid,20.0,-26.000000,2.376731
PLACEHOLDER-NaHCO3-acid,20.0,-25.000000,2.397919
PLACEHOLDER-NaHCO3-acid,20.0,-24.000000,2.420193
PLACEHOLDER-NaHCO3-acid,20.0,-23.000000,2.443672
PLACEHOLDER-NaHCO3-acid,20.0,-22.000000,2.468494
PLACEHOLDER-NaHCO3-acid,20.0,-21.000000,2.494820
PLACEHOLDER-NaHCO3-acid,20.0,-20.000000,2.522845
PLACEHOLDER-NaHCO3-acid,20.0,-19.000000,2.552804
PLACEHOLDER-NaHCO3-acid,20.0,-18.000000,2.584984
PLACEHOLDER-NaHCO3-acid,20.0,-17.000000,2.619740
PLACEHOLDER-NaHCO3-acid,20.0,-16.000000,2.657521
PLACEHOLDER-NaHCO3-acid,20.0,-15.000000,2.698903
PLACEHOLDER-NaHCO3-acid,20.0,-14.000000,2.744648
PLACEHOLDER-NaHCO3-acid,20.0,-13.000000,2.795782
PLACEHOLDER-NaHCO3-acid,20.0,-12.000000,2.853747
PLACEHOLDER-NaHCO3-acid,20.0,-11.000000,2.920654
PLACEHOLDER-NaHCO3-acid,20.0,-10.000000,2.999770
PLACEHOLDER-NaHCO3-acid,20.0,-9.000000,3.096562
PLACEHOLDER-NaHCO3-acid,20.0,-8.000000,3.221251
PLACEHOLDER-NaHCO3-acid,20.0,-7.950000,3.228531
PLACEHOLDER-NaHCO3-acid,20.0,-7.900000,3.235935
PLACEHOLDER-NaHCO3-acid,20.0,-7.850000,3.243466
PLACEHOLDER-NaHCO3-acid,20.0,-7.800000,3.251131
PLACEHOLDER-NaHCO3-acid,20.0,-7.750000,3.258932
PLACEHOLDER-NaHCO3-acid,20.0,-7.700000,3.266876
PLACEHOLDER-NaHCO3-acid,20.0,-7.650000,3.274968
PLACEHOLDER-NaHCO3-acid,20.0,-7.600000,3.283212
PLACEHOLDER-NaHCO3-acid,20.0,-7.550000,3.291616
PLACEHOLDER-NaHCO3-acid,20.0,-7.500000,3.300185
PLACEHOLDER-NaHCO3-acid,20.0,-7.450000,3.308925
PLACEHOLDER-NaHCO3-acid,20.0,-7.400000,3.317845
PLACEHOLDER-NaHCO3-acid,20.0,-7.350000,3.326951
PLACEHOLDER-NaHCO3-acid,20.0,-7.300000,3.336251
PLACEHOLDER-NaHCO3-acid,20.0,-7.250000,3.345754
PLACEHOLDER-NaHCO3-acid,20.0,-7.200000,3.355468
PLACEHOLDER-NaHCO3-acid,20.0,-7.150000,3.365404
PLACEHOLDER-NaHCO3-acid,20.0,-7.100000,3.375571
PLACEHOLDER-NaHCO3-acid,20.0,-7.050000,3.385980
PLACEHOLDER-NaHCO3-acid,20.0,-7.000000,3.396644
PLACEHOLDER-NaHCO3-acid,20.0,-6.950000,3.407575
PLACEHOLDER-NaHCO3-acid,20.0,-6.900000,3.418786
PLACEHOLDER-NaHCO3-acid,20.0,-6.850000,3.430293
PLACEHOLDER-NaHCO3-acid,20.0,-6.800000,3.442110
PLACEHOLDER-NaHCO3-acid,20.0,-6.750000,3.454256
PLACEHOLDER-NaHCO3-acid,20.0,-6.700000,3.466749
PLACEHOLDER-NaHCO3-acid,20.0,-6.650000,3.479609
PLACEHOLDER-NaHCO3-acid,20.0,-6.600000,3.492858
PLACEHOLDER-NaHCO3-acid,20.0,-6.550000,3.506521
PLACEHOLDER-NaHCO3-acid,20.0,-6.500000,3.520623
PLACEHOLDER-NaHCO3-acid,20.0,-6.450000,3.535194
PLACEHOLDER-NaHCO3-acid,20.0,-6.400000,3.550265
PLACEHOLDER-NaHCO3-acid,20.0,-6.350000,3.565871
PLACEHOLDER-NaHCO3-acid,20.0,-6.300000,3.582053
PLACEHOLDER-NaHCO3-acid,20.0,-6.250000,3.598852
PLACEHOLDER-NaHCO3-acid,20.0,-6.200000,3.616317
PLACEHOLDER-NaHCO3-acid,20.0,-6.150000,3.634503
PLACEHOLDER-NaHCO3-acid,20.0,-6.100000,3.653470
PLACEHOLDER-NaHCO3-acid,20.0,-6.050000,3.673288
PLACEHOLDER-NaHCO3-acid,20.0,-6.000000,3.694033
PLACEHOLDER-NaHCO3-acid,20.0,-5.950000,3.715796
PLACEHOLDER-NaHCO3-acid,20.0,-5.900000,3.738679
PLACEHOLDER-NaHCO3-acid,20.0,-5.850000,3.762799
PLACEHOLDER-NaHCO3-acid,20.0,-5.800000,3.788295
PLACEHOLDER-NaHCO3-acid,20.0,-5.750000,3.815325
PLACEHOLDER-NaHCO3-acid,20.0,-5.700000,3.844079
PLACEHOLDER-NaHCO3-acid,20.0,-5.650000,3.874779
PLACEHOLDER-NaHCO3-acid,20.0,-5.600000,3.907695
PLACEHOLDER-NaHCO3-acid,20.0,-5.550000,3.943147
PLACEHOLDER-NaHCO3-acid,20.0,-5.500000,3.981526
PLACEHOLDER-NaHCO3-acid,20.0,-5.450000,4.023311
PLACEHOLDER-NaHCO3-acid,20.0,-5.400000,4.069088
PLACEHOLDER-NaHCO3-acid,20.0,-5.350000,4.119579
PLACEHOLDER-NaHCO3-acid,20.0,-5.300000,4.175665
PLACEHOLDER-NaHCO3-acid,20.0,-5.250000,4.238393
PLACEHOLDER-NaHCO3-acid,20.0,-5.200000,4.308932
PLACEHOLDER-NaHCO3-acid,20.0,-5.150000,4.388395
PLACEHOLDER-NaHCO3-acid,20.0,-5.100000,4.477379
PLACEHOLDER-NaHCO3-acid,20.0,-5.050000,4.575143
PLACEHOLDER-NaHCO3-acid,20.0,-5.000000,4.678729
PLACEHOLDER-NaHCO3-acid,20.0,-4.950000,4.783135
PLACEHOLDER-NaHCO3-acid,20.0,-4.900000,4.883163
PLACEHOLDER-NaHCO3-acid,20.0,-4.850000,4.975424
PLACEHOLDER-NaHCO3-acid,20.0,-4.800000,5.058777
PLACEHOLDER-NaHCO3-acid,20.0,-4.750000,5.133559
PLACEHOLDER-NaHCO3-acid,20.0,-4.700000,5.200738
PLACEHOLDER-NaHCO3-acid,20.0,-4.650000,5.261406
PLACEHOLDER-NaHCO3-acid,20.0,-4.600000,5.316572
PLACEHOLDER-NaHCO3-acid,20.0,-4.550000,5.367097
PLACEHOLDER-NaHCO3-acid,20.0,-4.500000,5.413693
PLACEHOLDER-NaHCO3-acid,20.0,-4.450000,5.456942
PLACEHOLDER-NaHCO3-acid,20.0,-4.400000,5.497321
PLACEHOLDER-NaHCO3-acid,20.0,-4.350000,5.535220
PLACEHOLDER-NaHCO3-acid,20.0,-4.300000,5.570961
PLACEHOLDER-NaHCO3-acid,20.0,-4.250000,5.604813
PLACEHOLDER-NaHCO3-acid,20.0,-4.200000,5.637000
PLACEHOLDER-NaHCO3-acid,20.0,-4.150000,5.667712
PLACEHOLDER-NaHCO3-acid,20.0,-4.100000,5.697112
PLACEHOLDER-NaHCO3-acid,20.0,-4.050000,5.725337
PLACEHOLDER-NaHCO3-acid,20.0,-4.000000,5.752508
PLACEHOLDER-NaHCO3-acid,20.0,-3.950000,5.778728
PLACEHOLDER-NaHCO3-acid,20.0,-3.900000,5.804088
PLACEHOLDER-NaHCO3-acid,20.0,-3.850000,5.828668
PLACEHOLDER-NaHCO3-acid,20.0,-3.800000,5.852540
PLACEHOLDER-NaHCO3-acid,20.0,-3.750000,5.875765
PLACEHOLDER-NaHCO3-acid,20.0,-3.700000,5.898401
PLACEHOLDER-NaHCO3-acid,20.0,-3.650000,5.920497
PLACEHOLDER-NaHCO3-acid,20.0,-3.600000,5.942100
PLACEHOLDER-NaHCO3-acid,20.0,-3.550000,5.963250
PLACEHOLDER-NaHCO3-acid,20.0,-3.500000,5.983986
PLACEHOLDER-NaHCO3-acid,20.0,-3.450000,6.004341
PLACEHOLDER-NaHCO3-acid,20.0,-3.400000,6.024347
PLACEHOLDER-NaHCO3-acid,20.0,-3.350000,6.044033
PLACEHOLDER-NaHCO3-acid,20.0,-3.300000,6.063426
PLACEHOLDER-NaHCO3-acid,20.0,-3.250000,6.082551
PLACEHOLDER-NaHCO3-acid,20.0,-3.200000,6.101432
PLACEHOLDER-NaHCO3-acid,20.0,-3.150000,6.120090
PLACEHOLDER-NaHCO3-acid,20.0,-3.100000,6.138546
PLACEHOLDER-NaHCO3-acid,20.0,-3.050000,6.156819
PLACEHOLDER-NaHCO3-acid,20.0,-3.000000,6.174928
PLACEHOLDER-NaHCO3-acid,20.0,-2.950000,6.192891
PLACEHOLDER-NaHCO3-acid,20.0,-2.900000,6.210723
PLACEHOLDER-NaHCO3-acid,20.0,-2.850000,6.228442
PLACEHOLDER-NaHCO3-acid,20.0,-2.800000,6.246062
PLACEHOLDER-NaHCO3-acid,20.0,-2.750000,6.263599
PLACEHOLDER-NaHCO3-acid,20.0,-2.700000,6.281068
PLACEHOLDER-NaHCO3-acid,20.0,-2.650000,6.298482
PLACEHOLDER-NaHCO3-acid,20.0,-2.600000,6.315856
PLACEHOLDER-NaHCO3-acid,20.0,-2.550000,6.333204
PLACEHOLDER-NaHCO3-acid,20.0,-2.500000,6.350540
PLACEHOLDER-NaHCO3-acid,20.0,-2.450000,6.367877
PLACEHOLDER-NaHCO3-acid,20.0,-2.400000,6.385229
PLACEHOLDER-NaHCO3-acid,20.0,-2.350000,6.402609
PLACEHOLDER-NaHCO3-acid,20.0,-2.300000,6.420033
PLACEHOLDER-NaHCO3-acid,20.0,-2.250000,6.437514
PLACEHOLDER-NaHCO3-acid,20.0,-2.200000,6.455066
PLACEHOLDER-NaHCO3-acid,20.0,-2.150000,6.472704
PLACEHOLDER-NaHCO3-acid,20.0,-2.100000,6.490443
PLACEHOLDER-NaHCO3-acid,20.0,-2.050000,6.508300
PLACEHOLDER-NaHCO3-acid,20.0,-2.000000,6.526290
PLACEHOLDER-NaHCO3-acid,20.0,-1.950000,6.544430
PLACEHOLDER-NaHCO3-acid,20.0,-1.900000,6.562739
PLACEHOLDER-NaHCO3-acid,20.0,-1.850000,6.581236
PLACEHOLDER-NaHCO3-acid,20.0,-1.800000,6.599939
PLACEHOLDER-NaHCO3-acid,20.0,-1.750000,6.618870
PLACEHOLDER-NaHCO3-acid,20.0,-1.700000,6.638051
PLACEHOLDER-NaHCO3-acid,20.0,-1.650000,6.657507
PLACEHOLDER-NaHCO3-acid,20.0,-1.600000,6.677263
PLACEHOLDER-NaHCO3-acid,20.0,-1.550000,6.697347
PLACEHOLDER-NaHCO3-acid,20.0,-1.500000,6.717789
PLACEHOLDER-NaHCO3-acid,20.0,-1.450000,6.738622
PLACEHOLDER-NaHCO3-acid,20.0,-1.400000,6.759881
PLACEHOLDER-NaHCO3-acid,20.0,-1.350000,6.781607
PLACEHOLDER-NaHCO3-acid,20.0,-1.300000,6.803841
PLACEHOLDER-NaHCO3-acid,20.0,-1.250000,6.826633
PLACEHOLDER-NaHCO3-acid,20.0,-1.200000,6.850035
PLACEHOLDER-NaHCO3-acid,20.0,-1.150000,6.874108
PLACEHOLDER-NaHCO3-acid,20.0,-1.100000,6.898918
PLACEHOLDER-NaHCO3-acid,20.0,-1.050000,6.924543
PLACEHOLDER-NaHCO3-acid,20.0,-1.000000,6.951068
PLACEHOLDER-NaHCO3-acid,20.0,-0.950000,6.978593
PLACEHOLDER-NaHCO3-acid,20.0,-0.900000,7.007233
PLACEHOLDER-NaHCO3-acid,20.0,-0.850000,7.037122
PLACEHOLDER-NaHCO3-acid,20.0,-0.800000,7.068417
PLACEHOLDER-NaHCO3-acid,20.0,-0.750000,7.101304
PLACEHOLDER-NaHCO3-acid,20.0,-0.700000,7.136004
PLACEHOLDER-NaHCO3-acid,20.0,-0.650000,7.172788
PLACEHOLDER-NaHCO3-acid,20.0,-0.600000,7.211985
PLACEHOLDER-NaHCO3-acid,20.0,-0.550000,7.254007
PLACEHOLDER-NaHCO3-acid,20.0,-0.500000,7.299372
PLACEHOLDER-NaHCO3-acid,20.0,-0.450000,7.348749
PLACEHOLDER-NaHCO3-acid,20.0,-0.400000,7.403017
PLACEHOLDER-NaHCO3-acid,20.0,-0.350000,7.463359
PLACEHOLDER-NaHCO3-acid,20.0,-0.300000,7.531412
PLACEHOLDER-NaHCO3-acid,20.0,-0.250000,7.609502
PLACEHOLDER-NaHCO3-acid,20.0,-0.200000,7.701026
PLACEHOLDER-NaHCO3-acid,20.0,-0.198000,7.705031
PLACEHOLDER-NaHCO3-acid,20.0,-0.196000,7.709065
PLACEHOLDER-NaHCO3-acid,20.0,-0.194000,7.713130
PLACEHOLDER-NaHCO3-acid,20.0,-0.192000,7.717224
PLACEHOLDER-NaHCO3-acid,20.0,-0.190000,7.721350
PLACEHOLDER-NaHCO3-acid,20.0,-0.188000,7.725506
PLACEHOLDER-NaHCO3-acid,20.0,-0.186000,7.729694
PLACEHOLDER-NaHCO3-acid,20.0,-0.184000,7.733915
PLACEHOLDER-NaHCO3-acid,20.0,-0.182000,7.738168
PLACEHOLDER-NaHCO3-acid,20.0,-0.180000,7.742453
PLACEHOLDER-NaHCO3-acid,20.0,-0.178000,7.746772
PLACEHOLDER-NaHCO3-acid,20.0,-0.176000,7.751125
PLACEHOLDER-NaHCO3-acid,20.0,-0.174000,7.755512
PLACEHOLDER-NaHCO3-acid,20.0,-0.172000,7.759934
PLACEHOLDER-NaHCO3-acid,20.0,-0.170000,7.764391
PLACEHOLDER-NaHCO3-acid,20.0,-0.168000,7.768883
PLACEHOLDER-NaHCO3-acid,20.0,-0.166000,7.773412
PLACEHOLDER-NaHCO3-acid,20.0,-0.164000,7.777977
PLACEHOLDER-NaHCO3-acid,20.0,-0.162000,7.782579
PLACEHOLDER-NaHCO3-acid,20.0,-0.160000,7.787219
PLACEHOLDER-NaHCO3-acid,20.0,-0.158000,7.791897
PLACEHOLDER-NaHCO3-acid,20.0,-0.156000,7.796613
PLACEHOLDER-NaHCO3-acid,20.0,-0.154000,7.801369
PLACEHOLDER-NaHCO3-acid,20.0,-0.152000,7.806164
PLACEHOLDER-NaHCO3-acid,20.0,-0.150000,7.810999
PLACEHOLDER-NaHCO3-acid,20.0,-0.148000,7.815875
PLACEHOLDER-NaHCO3-acid,20.0,-0.146000,7.820791
PLACEHOLDER-NaHCO3-acid,20.0,-0.144000,7.825750
PLACEHOLDER-NaHCO3-acid,20.0,-0.142000,7.830750
PLACEHOLDER-NaHCO3-acid,20.0,-0.140000,7.835793
PLACEHOLDER-NaHCO3-acid,20.0,-0.138000,7.840880
PLACEHOLDER-NaHCO3-acid,20.0,-0.136000,7.846010
PLACEHOLDER-NaHCO3-acid,20.0,-0.134000,7.851184
PLACEHOLDER-NaHCO3-acid,20.0,-0.132000,7.856403
PLACEHOLDER-NaHCO3-acid,20.0,-0.130000,7.861668
PLACEHOLDER-NaHCO3-acid,20.0,-0.128000,7.866978
PLACEHOLDER-NaHCO3-acid,20.0,-0.126000,7.872335
PLACEHOLDER-NaHCO3-acid,20.0,-0.124000,7.877739
PLACEHOLDER-NaHCO3-acid,20.0,-0.122000,7.883190
PLACEHOLDER-NaHCO3-acid,20.0,-0.120000,7.888689
PLACEHOLDER-NaHCO3-acid,20.0,-0.118000,7.894237
PLACEHOLDER-NaHCO3-acid,20.0,-0.116000,7.899833
PLACEHOLDER-NaHCO3-acid,20.0,-0.114000,7.905479
PLACEHOLDER-NaHCO3-acid,20.0,-0.112000,7.911175
PLACEHOLDER-NaHCO3-acid,20.0,-0.110000,7.916922
PLACEHOLDER-NaHCO3-acid,20.0,-0.108000,7.922720
PLACEHOLDER-NaHCO3-acid,20.0,-0.106000,7.928569
PLACEHOLDER-NaHCO3-acid,20.0,-0.104000,7.934469
PLACEHOLDER-NaHCO3-acid,20.0,-0.102000,7.940423
PLACEHOLDER-NaHCO3-acid,20.0,-0.100000,7.946428
PLACEHOLDER-NaHCO3-acid,20.0,-0.098000,7.952487
PLACEHOLDER-NaHCO3-acid,20.0,-0.096000,7.958600
PLACEHOLDER-NaHCO3-acid,20.0,-0.094000,7.964766
PLACEHOLDER-NaHCO3-acid,20.0,-0.092000,7.970986
PLACEHOLDER-NaHCO3-acid,20.0,-0.090000,7.977261
PLACEHOLDER-NaHCO3-acid,20.0,-0.088000,7.983591
PLACEHOLDER-NaHCO3-acid,20.0,-0.086000,7.989975
PLACEHOLDER-NaHCO3-acid,20.0,-0.084000,7.996415
PLACEHOLDER-NaHCO3-acid,20.0,-0.082000,8.002910
PLACEHOLDER-NaHCO3-acid,20.0,-0.080000,8.009460
PLACEHOLDER-NaHCO3-acid,20.0,-0.078000,8.016066
PLACEHOLDER-NaHCO3-acid,20.0,-0.076000,8.022727
PLACEHOLDER-NaHCO3-acid,20.0,-0.074000,8.029444
PLACEHOLDER-NaHCO3-acid,20.0,-0.072000,8.036216
PLACEHOLDER-NaHCO3-acid,20.0,-0.070000,8.043043
PLACEHOLDER-NaHCO3-acid,20.0,-0.068000,8.049926
PLACEHOLDER-NaHCO3-acid,20.0,-0.066000,8.056864
PLACEHOLDER-NaHCO3-acid,20.0,-0.064000,8.063856
PLACEHOLDER-NaHCO3-acid,20.0,-0.062000,8.070902
PLACEHOLDER-NaHCO3-acid,20.0,-0.060000,8.078002
PLACEHOLDER-NaHCO3-acid,20.0,-0.058000,8.085155
PLACEHOLDER-NaHCO3-acid,20.0,-0.056000,8.092361
PLACEHOLDER-NaHCO3-acid,20.0,-0.054000,8.099619
PLACEHOLDER-NaHCO3-acid,20.0,-0.052000,8.106928
PLACEHOLDER-NaHCO3-acid,20.0,-0.050000,8.114287
PLACEHOLDER-NaHCO3-acid,20.0,-0.048000,8.121696
PLACEHOLDER-NaHCO3-acid,20.0,-0.046000,8.129153
PLACEHOLDER-NaHCO3-acid,20.0,-0.044000,8.136657
PLACEHOLDER-NaHCO3-acid,20.0,-0.042000,8.144208
PLACEHOLDER-NaHCO3-acid,20.0,-0.040000,8.151803
PLACEHOLDER-NaHCO3-acid,20.0,-0.038000,8.159442
PLACEHOLDER-NaHCO3-acid,20.0,-0.036000,8.167122
PLACEHOLDER-NaHCO3-acid,20.0,-0.034000,8.174843
PLACEHOLDER-NaHCO3-acid,20.0,-0.032000,8.182603
PLACEHOLDER-NaHCO3-acid,20.0,-0.030000,8.190400
PLACEHOLDER-NaHCO3-acid,20.0,-0.028000,8.198232
PLACEHOLDER-NaHCO3-acid,20.0,-0.026000,8.206097
PLACEHOLDER-NaHCO3-acid,20.0,-0.024000,8.213993
PLACEHOLDER-NaHCO3-acid,20.0,-0.022000,8.221918
PLACEHOLDER-NaHCO3-acid,20.0,-0.020000,8.229870
PLACEHOLDER-NaHCO3-acid,20.0,-0.018000,8.237847
PLACEHOLDER-NaHCO3-acid,20.0,-0.016000,8.245846
PLACEHOLDER-NaHCO3-acid,20.0,-0.014000,8.253865
PLACEHOLDER-NaHCO3-acid,20.0,-0.012000,8.261902
PLACEHOLDER-NaHCO3-acid,20.0,-0.010000,8.269953
PLACEHOLDER-NaHCO3-acid,20.0,-0.008000,8.278017
PLACEHOLDER-NaHCO3-acid,20.0,-0.006000,8.286091
PLACEHOLDER-NaHCO3-acid,20.0,-0.004000,8.294173
PLACEHOLDER-NaHCO3-acid,20.0,-0.002000,8.302259
PLACEHOLDER-NaHCO3-base,20.0,-0.000000,8.310347
PLACEHOLDER-NaHCO3-base,20.0,0.002000,8.318434
PLACEHOLDER-NaHCO3-base,20.0,0.004000,8.326519
PLACEHOLDER-NaHCO3-base,20.0,0.006000,8.334597
PLACEHOLDER-NaHCO3-base,20.0,0.008000,8.342667
PLACEHOLDER-NaHCO3-base,20.0,0.010000,8.350726
PLACEHOLDER-NaHCO3-base,20.0,0.012000,8.358771
PLACEHOLDER-NaHCO3-base,20.0,0.014000,8.366801
PLACEHOLDER-NaHCO3-base,20.0,0.016000,8.374811
PLACEHOLDER-NaHCO3-base,20.0,0.018000,8.382801
PLACEHOLDER-NaHCO3-base,20.0,0.020000,8.390767
PLACEHOLDER-NaHCO3-base,20.0,0.022000,8.398707
PLACEHOLDER-NaHCO3-base,20.0,0.024000,8.406619
PLACEHOLDER-NaHCO3-base,20.0,0.026000,8.414501
PLACEHOLDER-NaHCO3-base,20.0,0.028000,8.422351
PLACEHOLDER-NaHCO3-base,20.0,0.030000,8.430167
PLACEHOLDER-NaHCO3-base,20.0,0.032000,8.437947
PLACEHOLDER-NaHCO3-base,20.0,0.034000,8.445689
PLACEHOLDER-NaHCO3-base,20.0,0.036000,8.453391
PLACEHOLDER-NaHCO3-base,20.0,0.038000,8.461052
PLACEHOLDER-NaHCO3-base,20.0,0.040000,8.468670
PLACEHOLDER-NaHCO3-base,20.0,0.042000,8.476244
PLACEHOLDER-NaHCO3-base,20.0,0.044000,8.483772
PLACEHOLDER-NaHCO3-base,20.0,0.046000,8.491254
PLACEHOLDER-NaHCO3-base,20.0,0.048000,8.498687
PLACEHOLDER-NaHCO3-base,20.0,0.050000,8.506071
PLACEHOLDER-NaHCO3-base,20.0,0.052000,8.513405
PLACEHOLDER-NaHCO3-base,20.0,0.054000,8.520688
PLACEHOLDER-NaHCO3-base,20.0,0.056000,8.527919
PLACEHOLDER-NaHCO3-base,20.0,0.058000,8.535097
PLACEHOLDER-NaHCO3-base,20.0,0.060000,8.542223
PLACEHOLDER-NaHCO3-base,20.0,0.062000,8.549294
PLACEHOLDER-NaHCO3-base,20.0,0.064000,8.556311
PLACEHOLDER-NaHCO3-base,20.0,0.066000,8.563273
PLACEHOLDER-NaHCO3-base,20.0,0.068000,8.570180
PLACEHOLDER-NaHCO3-base,20.0,0.070000,8.577032
PLACEHOLDER-NaHCO3-base,20.0,0.072000,8.583828
PLACEHOLDER-NaHCO3-base,20.0,0.074000,8.590568
PLACEHOLDER-NaHCO3-base,20.0,0.076000,8.597252
PLACEHOLDER-NaHCO3-base,20.0,0.078000,8.603881
PLACEHOLDER-NaHCO3-base,20.0,0.080000,8.610453
PLACEHOLDER-NaHCO3-base,20.0,0.082000,8.616970
PLACEHOLDER-NaHCO3-base,20.0,0.084000,8.623430
PLACEHOLDER-NaHCO3-base,20.0,0.086000,8.629835
PLACEHOLDER-NaHCO3-base,20.0,0.088000,8.636185
PLACEHOLDER-NaHCO3-base,20.0,0.090000,8.642479
PLACEHOLDER-NaHCO3-base,20.0,0.092000,8.648718
PLACEHOLDER-NaHCO3-base,20.0,0.094000,8.654902
PLACEHOLDER-NaHCO3-base,20.0,0.096000,8.661032
PLACEHOLDER-NaHCO3-base,20.0,0.098000,8.667108
PLACEHOLDER-NaHCO3-base,20.0,0.100000,8.673130
PLACEHOLDER-NaHCO3-base,20.0,0.102000,8.679099
PLACEHOLDER-NaHCO3-base,20.0,0.104000,8.685014
PLACEHOLDER-NaHCO3-base,20.0,0.106000,8.690877
PLACEHOLDER-NaHCO3-base,20.0,0.108000,8.696688
PLACEHOLDER-NaHCO3-base,20.0,0.110000,8.702447
PLACEHOLDER-NaHCO3-base,20.0,0.112000,8.708155
PLACEHOLDER-NaHCO3-base,20.0,0.114000,8.713813
PLACEHOLDER-NaHCO3-base,20.0,0.116000,8.719420
PLACEHOLDER-NaHCO3-base,20.0,0.118000,8.724977
PLACEHOLDER-NaHCO3-base,20.0,0.120000,8.730486
PLACEHOLDER-NaHCO3-base,20.0,0.122000,8.735945
PLACEHOLDER-NaHCO3-base,20.0,0.124000,8.741357
PLACEHOLDER-NaHCO3-base,20.0,0.126000,8.746720
PLACEHOLDER-NaHCO3-base,20.0,0.128000,8.752037
PLACEHOLDER-NaHCO3-base,20.0,0.130000,8.757307
PLACEHOLDER-NaHCO3-base,20.0,0.132000,8.762531
PLACEHOLDER-NaHCO3-base,20.0,0.134000,8.767709
PLACEHOLDER-NaHCO3-base,20.0,0.136000,8.772843
PLACEHOLDER-NaHCO3-base,20.0,0.138000,8.777932
PLACEHOLDER-NaHCO3-base,20.0,0.140000,8.782977
PLACEHOLDER-NaHCO3-base,20.0,0.142000,8.787979
PLACEHOLDER-NaHCO3-base,20.0,0.144000,8.792938
PLACEHOLDER-NaHCO3-base,20.0,0.146000,8.797855
PLACEHOLDER-NaHCO3-base,20.0,0.148000,8.802730
PLACEHOLDER-NaHCO3-base,20.0,0.150000,8.807564
PLACEHOLDER-NaHCO3-base,20.0,0.152000,8.812357
PLACEHOLDER-NaHCO3-base,20.0,0.154000,8.817110
PLACEHOLDER-NaHCO3-base,20.0,0.156000,8.821823
PLACEHOLDER-NaHCO3-base,20.0,0.158000,8.826497
PLACEHOLDER-NaHCO3-base,20.0,0.160000,8.831133
PLACEHOLDER-NaHCO3-base,20.0,0.162000,8.835730
PLACEHOLDER-NaHCO3-base,20.0,0.164000,8.840290
PLACEHOLDER-NaHCO3-base,20.0,0.166000,8.844812
PLACEHOLDER-NaHCO3-base,20.0,0.168000,8.849298
PLACEHOLDER-NaHCO3-base,20.0,0.170000,8.853748
PLACEHOLDER-NaHCO3-base,20.0,0.172000,8.858162
PLACEHOLDER-NaHCO3-base,20.0,0.174000,8.862540
PLACEHOLDER-NaHCO3-base,20.0,0.176000,8.866884
PLACEHOLDER-NaHCO3-base,20.0,0.178000,8.871194
PLACEHOLDER-NaHCO3-base,20.0,0.180000,8.875469
PLACEHOLDER-NaHCO3-base,20.0,0.182000,8.879712
PLACEHOLDER-NaHCO3-base,20.0,0.184000,8.883921
PLACEHOLDER-NaHCO3-base,20.0,0.186000,8.888098
PLACEHOLDER-NaHCO3-base,20.0,0.188000,8.892242
PLACEHOLDER-NaHCO3-base,20.0,0.190000,8.896355
PLACEHOLDER-NaHCO3-base,20.0,0.192000,8.900436
PLACEHOLDER-NaHCO3-base,20.0,0.194000,8.904487
PLACEHOLDER-NaHCO3-base,20.0,0.196000,8.908507
PLACEHOLDER-NaHCO3-base,20.0,0.198000,8.912497
PLACEHOLDER-NaHCO3-base,20.0,0.200000,8.916458
PLACEHOLDER-NaHCO3-base,20.0,0.250000,9.006856
PLACEHOLDER-NaHCO3-base,20.0,0.300000,9.083782
PLACEHOLDER-NaHCO3-base,20.0,0.350000,9.150636
PLACEHOLDER-NaHCO3-base,20.0,0.400000,9.209747
PLACEHOLDER-NaHCO3-base,20.0,0.450000,9.262750
PLACEHOLDER-NaHCO3-base,20.0,0.500000,9.310828
PLACEHOLDER-NaHCO3-base,20.0,0.550000,9.354859
PLACEHOLDER-NaHCO3-base,20.0,0.600000,9.395510
PLACEHOLDER-NaHCO3-base,20.0,0.650000,9.433300
PLACEHOLDER-NaHCO3-base,20.0,0.700000,9.468637
PLACEHOLDER-NaHCO3-base,20.0,0.750000,9.501851
PLACEHOLDER-NaHCO3-base,20.0,0.800000,9.533210
PLACEHOLDER-NaHCO3-base,20.0,0.850000,9.562935
PLACEHOLDER-NaHCO3-base,20.0,0.900000,9.591210
PLACEHOLDER-NaHCO3-base,20.0,0.950000,9.618190
PLACEHOLDER-NaHCO3-base,20.0,1.000000,9.644008
PLACEHOLDER-NaHCO3-base,20.0,1.050000,9.668777
PLACEHOLDER-NaHCO3-base,20.0,1.100000,9.692595
PLACEHOLDER-NaHCO3-base,20.0,1.150000,9.715546
PLACEHOLDER-NaHCO3-base,20.0,1.200000,9.737705
PLACEHOLDER-NaHCO3-base,20.0,1.250000,9.759136
PLACEHOLDER-NaHCO3-base,20.0,1.300000,9.779899
PLACEHOLDER-NaHCO3-base,20.0,1.350000,9.800044
PLACEHOLDER-NaHCO3-base,20.0,1.400000,9.819616
PLACEHOLDER-NaHCO3-base,20.0,1.450000,9.838658
PLACEHOLDER-NaHCO3-base,20.0,1.500000,9.857205
PLACEHOLDER-NaHCO3-base,20.0,1.550000,9.875290
PLACEHOLDER-NaHCO3-base,20.0,1.600000,9.892944
PLACEHOLDER-NaHCO3-base,20.0,1.650000,9.910195
PLACEHOLDER-NaHCO3-base,20.0,1.700000,9.927066
PLACEHOLDER-NaHCO3-base,20.0,1.750000,9.943581
PLACEHOLDER-NaHCO3-base,20.0,1.800000,9.959759
PLACEHOLDER-NaHCO3-base,20.0,1.850000,9.975621
PLACEHOLDER-NaHCO3-base,20.0,1.900000,9.991184
PLACEHOLDER-NaHCO3-base,20.0,1.950000,10.006463
PLACEHOLDER-NaHCO3-base,20.0,2.000000,10.021474
PLACEHOLDER-NaHCO3-base,20.0,2.050000,10.036229
PLACEHOLDER-NaHCO3-base,20.0,2.100000,10.050743
PLACEHOLDER-NaHCO3-base,20.0,2.150000,10.065026
PLACEHOLDER-NaHCO3-base,20.0,2.200000,10.079090
PLACEHOLDER-NaHCO3-base,20.0,2.250000,10.092944
PLACEHOLDER-NaHCO3-base,20.0,2.300000,10.106598
PLACEHOLDER-NaHCO3-base,20.0,2.350000,10.120061
PLACEHOLDER-NaHCO3-base,20.0,2.400000,10.133340
PLACEHOLDER-NaHCO3-base,20.0,2.450000,10.146445
PLACEHOLDER-NaHCO3-base,20.0,2.500000,10.159380
PLACEHOLDER-NaHCO3-base,20.0,2.550000,10.172154
PLACEHOLDER-NaHCO3-base,20.0,2.600000,10.184773
PLACEHOLDER-NaHCO3-base,20.0,2.650000,10.197242
PLACEHOLDER-NaHCO3-base,20.0,2.700000,10.209566
PLACEHOLDER-NaHCO3-base,20.0,2.750000,10.221751
PLACEHOLDER-NaHCO3-base,20.0,2.800000,10.233802
PLACEHOLDER-NaHCO3-base,20.0,2.850000,10.245723
PLACEHOLDER-NaHCO3-base,20.0,2.900000,10.257518
PLACEHOLDER-NaHCO3-base,20.0,2.950000,10.269191
PLACEHOLDER-NaHCO3-base,20.0,3.000000,10.280745
PLACEHOLDER-NaHCO3-base,20.0,3.050000,10.292186
PLACEHOLDER-NaHCO3-base,20.0,3.100000,10.303514
PLACEHOLDER-NaHCO3-base,20.0,3.150000,10.314734
PLACEHOLDER-NaHCO3-base,20.0,3.200000,10.325848
PLACEHOLDER-NaHCO3-base,20.0,3.250000,10.336859
PLACEHOLDER-NaHCO3-base,20.0,3.300000,10.347770
PLACEHOLDER-NaHCO3-base,20.0,3.350000,10.358582
PLACEHOLDER-NaHCO3-base,20.0,3.400000,10.369298
PLACEHOLDER-NaHCO3-base,20.0,3.450000,10.379921
PLACEHOLDER-NaHCO3-base,20.0,3.500000,10.390450
PLACEHOLDER-NaHCO3-base,20.0,3.550000,10.400890
PLACEHOLDER-NaHCO3-base,20.0,3.600000,10.411241
PLACEHOLDER-NaHCO3-base,20.0,3.650000,10.421504
PLACEHOLDER-NaHCO3-base,20.0,3.700000,10.431682
PLACEHOLDER-NaHCO3-base,20.0,3.750000,10.441775
PLACEHOLDER-NaHCO3-base,20.0,3.800000,10.451785
PLACEHOLDER-NaHCO3-base,20.0,3.850000,10.461713
PLACEHOLDER-NaHCO3-base,20.0,3.900000,10.471560
PLACEHOLDER-NaHCO3-base,20.0,3.950000,10.481327
PLACEHOLDER-NaHCO3-base,20.0,4.000000,10.491015
PLACEHOLDER-NaHCO3-base,20.0,4.050000,10.500624
PLACEHOLDER-NaHCO3-base,20.0,4.100000,10.510157
PLACEHOLDER-NaHCO3-base,20.0,4.150000,10.519613
PLACEHOLDER-NaHCO3-base,20.0,4.200000,10.528993
PLACEHOLDER-NaHCO3-base,20.0,4.250000,10.538297
PLACEHOLDER-NaHCO3-base,20.0,4.300000,10.547528
PLACEHOLDER-NaHCO3-base,20.0,4.350000,10.556684
PLACEHOLDER-NaHCO3-base,20.0,4.400000,10.565766
PLACEHOLDER-NaHCO3-base,20.0,4.450000,10.574776
PLACEHOLDER-NaHCO3-base,20.0,4.500000,10.583713
PLACEHOLDER-NaHCO3-base,20.0,4.550000,10.592578
PLACEHOLDER-NaHCO3-base,20.0,4.600000,10.601372
PLACEHOLDER-NaHCO3-base,20.0,4.650000,10.610094
PLACEHOLDER-NaHCO3-base,20.0,4.700000,10.618745
PLACEHOLDER-NaHCO3-base,20.0,4.750000,10.627326
PLACEHOLDER-NaHCO3-base,20.0,4.800000,10.635837
PLACEHOLDER-NaHCO3-base,20.0,4.850000,10.644278
PLACEHOLDER-NaHCO3-base,20.0,4.900000,10.652650
PLACEHOLDER-NaHCO3-base,20.0,4.950000,10.660953
PLACEHOLDER-NaHCO3-base,20.0,5.000000,10.669186
PLACEHOLDER-NaHCO3-base,20.0,5.050000,10.677352
PLACEHOLDER-NaHCO3-base,20.0,5.100000,10.685449
PLACEHOLDER-NaHCO3-base,20.0,5.150000,10.693479
PLACEHOLDER-NaHCO3-base,20.0,5.200000,10.701441
PLACEHOLDER-NaHCO3-base,20.0,5.250000,10.709336
PLACEHOLDER-NaHCO3-base,20.0,5.300000,10.717165
PLACEHOLDER-NaHCO3-base,20.0,5.350000,10.724927
PLACEHOLDER-NaHCO3-base,20.0,5.400000,10.732623
PLACEHOLDER-NaHCO3-base,20.0,5.450000,10.740253
PLACEHOLDER-NaHCO3-base,20.0,5.500000,10.747817
PLACEHOLDER-NaHCO3-base,20.0,5.550000,10.755317
PLACEHOLDER-NaHCO3-base,20.0,5.600000,10.762752
PLACEHOLDER-NaHCO3-base,20.0,5.650000,10.770123
PLACEHOLDER-NaHCO3-base,20.0,5.700000,10.777429
PLACEHOLDER-NaHCO3-base,20.0,5.750000,10.784673
PLACEHOLDER-NaHCO3-base,20.0,5.800000,10.791853
PLACEHOLDER-NaHCO3-base,20.0,5.850000,10.798970
PLACEHOLDER-NaHCO3-base,20.0,5.900000,10.806025
PLACEHOLDER-NaHCO3-base,20.0,5.950000,10.813018
PLACEHOLDER-NaHCO3-base,20.0,6.000000,10.819950
PLACEHOLDER-NaHCO3-base,20.0,6.050000,10.826821
PLACEHOLDER-NaHCO3-base,20.0,6.100000,10.833631
PLACEHOLDER-NaHCO3-base,20.0,6.150000,10.840381
PLACEHOLDER-NaHCO3-base,20.0,6.200000,10.847071
PLACEHOLDER-NaHCO3-base,20.0,6.250000,10.853702
PLACEHOLDER-NaHCO3-base,20.0,6.300000,10.860275
PLACEHOLDER-NaHCO3-base,20.0,6.350000,10.866789
PLACEHOLDER-NaHCO3-base,20.0,6.400000,10.873245
PLACEHOLDER-NaHCO3-base,20.0,6.450000,10.879645
PLACEHOLDER-NaHCO3-base,20.0,6.500000,10.885987
PLACEHOLDER-NaHCO3-base,20.0,6.550000,10.892273
PLACEHOLDER-NaHCO3-base,20.0,6.600000,10.898504
PLACEHOLDER-NaHCO3-base,20.0,6.650000,10.904679
PLACEHOLDER-NaHCO3-base,20.0,6.700000,10.910800
PLACEHOLDER-NaHCO3-base,20.0,6.750000,10.916866
PLACEHOLDER-NaHCO3-base,20.0,6.800000,10.922879
PLACEHOLDER-NaHCO3-base,20.0,6.850000,10.928838
PLACEHOLDER-NaHCO3-base,20.0,6.900000,10.934745
PLACEHOLDER-NaHCO3-base,20.0,6.950000,10.940600
PLACEHOLDER-NaHCO3-base,20.0,7.000000,10.946403
PLACEHOLDER-NaHCO3-base,20.0,7.050000,10.952155
PLACEHOLDER-NaHCO3-base,20.0,7.100000,10.957857
PLACEHOLDER-NaHCO3-base,20.0,7.150000,10.963509
PLACEHOLDER-NaHCO3-base,20.0,7.200000,10.969111
PLACEHOLDER-NaHCO3-base,20.0,7.250000,10.974665
PLACEHOLDER-NaHCO3-base,20.0,7.300000,10.980170
PLACEHOLDER-NaHCO3-base,20.0,7.350000,10.985627
PLACEHOLDER-NaHCO3-base,20.0,7.400000,10.991037
PLACEHOLDER-NaHCO3-base,20.0,7.450000,10.996400
PLACEHOLDER-NaHCO3-base,20.0,7.500000,11.001716
PLACEHOLDER-NaHCO3-base,20.0,7.550000,11.006987
PLACEHOLDER-NaHCO3-base,20.0,7.600000,11.012213
PLACEHOLDER-NaHCO3-base,20.0,7.650000,11.017394
PLACEHOLDER-NaHCO3-base,20.0,7.700000,11.022531
PLACEHOLDER-NaHCO3-base,20.0,7.750000,11.027624
PLACEHOLDER-NaHCO3-base,20.0,7.800000,11.032674
PLACEHOLDER-NaHCO3-base,20.0,7.850000,11.037681
PLACEHOLDER-NaHCO3-base,20.0,7.900000,11.042646
PLACEHOLDER-NaHCO3-base,20.0,7.950000,11.047570
PLACEHOLDER-NaHCO3-base,20.0,8.000000,11.052452
PLACEHOLDER-NaHCO3-base,20.0,9.000000,11.142165
PLACEHOLDER-NaHCO3-base,20.0,10.000000,11.219049
PLACEHOLDER-NaHCO3-base,20.0,11.000000,11.285858
PLACEHOLDER-NaHCO3-base,20.0,12.000000,11.344671
PLACEHOLDER-NaHCO3-base,20.0,13.000000,11.397053
PLACEHOLDER-NaHCO3-base,20.0,14.000000,11.444183
PLACEHOLDER-NaHCO3-base,20.0,15.000000,11.486964
PLACEHOLDER-NaHCO3-base,20.0,16.000000,11.526096
PLACEHOLDER-NaHCO3-base,20.0,17.000000,11.562128
PLACEHOLDER-NaHCO3-base,20.0,18.000000,11.595500
PLACEHOLDER-NaHCO3-base,20.0,19.000000,11.626565
PLACEHOLDER-NaHCO3-base,20.0,20.000000,11.655615
PLACEHOLDER-NaHCO3-base,20.0,21.000000,11.682889
PLACEHOLDER-NaHCO3-base,20.0,22.000000,11.708587
PLACEHOLDER-NaHCO3-base,20.0,23.000000,11.732877
PLACEHOLDER-NaHCO3-base,20.0,24.000000,11.755905
PLACEHOLDER-NaHCO3-base,20.0,25.000000,11.777791
PLACEHOLDER-NaHCO3-base,20.0,26.000000,11.798644
PLACEHOLDER-NaHCO3-base,20.0,27.000000,11.818553
PLACEHOLDER-NaHCO3-base,20.0,28.000000,11.837601
PLACEHOLDER-NaHCO3-base,20.0,29.000000,11.855858
PLACEHOLDER-NaHCO3-base,20.0,30.000000,11.873387
PLACEHOLDER-NaHCO3-base,20.0,31.000000,11.890242
PLACEHOLDER-NaHCO3-base,20.0,32.000000,11.906473
PLACEHOLDER-NaHCO3-base,20.0,33.000000,11.922124
PLACEHOLDER-NaHCO3-base,20.0,34.000000,11.937236
PLACEHOLDER-NaHCO3-base,20.0,35.000000,11.951842
PLACEHOLDER-NaHCO3-base,20.0,36.000000,11.965978
PLACEHOLDER-NaHCO3-base,20.0,37.000000,11.979670
PLACEHOLDER-NaHCO3-base,20.0,38.000000,11.992946
PLACEHOLDER-NaHCO3-base,20.0,39.000000,12.005832
PLACEHOLDER-NaHCO3-base,20.0,40.000000,12.018347
PLACEHOLDER-NaHCO3-base,20.0,41.000000,12.030514
PLACEHOLDER-NaHCO3-base,20.0,42.000000,12.042352
PLACEHOLDER-NaHCO3-base,20.0,43.000000,12.053876
PLACEHOLDER-NaHCO3-base,20.0,44.000000,12.065104
PLACEHOLDER-NaHCO3-base,20.0,45.000000,12.076050
PLACEHOLDER-NaHCO3-base,20.0,46.000000,12.086729
PLACEHOLDER-NaHCO3-base,20.0,47.000000,12.097152
PLACEHOLDER-NaHCO3-base,20.0,48.000000,12.107331
PLACEHOLDER-NaHCO3-base,20.0,49.000000,12.117278
PLACEHOLDER-NaHCO3-base,20.0,50.000000,12.127004
PLACEHOLDER-NaHCO3-base,20.0,51.000000,12.136517
PLACEHOLDER-NaHCO3-base,20.0,52.000000,12.145826
PLACEHOLDER-NaHCO3-base,20.0,53.000000,12.154941
PLACEHOLDER-NaHCO3-base,20.0,54.000000,12.163870
PLACEHOLDER-NaHCO3-base,20.0,55.000000,12.172618
PLACEHOLDER-NaHCO3-base,20.0,56.000000,12.181195
PLACEHOLDER-NaHCO3-base,20.0,57.000000,12.189605
PLACEHOLDER-NaHCO3-base,20.0,58.000000,12.197857
PLACEHOLDER-NaHCO3-base,20.0,59.000000,12.205955
PLACEHOLDER-NaHCO3-base,20.0,60.000000,12.213905
PLACEHOLDER-NaHCO3-acid,25.0,-60.000000,1.958602
PLACEHOLDER-NaHCO3-acid,25.0,-59.000000,1.966571
PLACEHOLDER-NaHCO3-acid,25.0,-58.000000,1.974689
PLACEHOLDER-NaHCO3-acid,25.0,-57.000000,1.982961
PLACEHOLDER-NaHCO3-acid,25.0,-56.000000,1.991394
PLACEHOLDER-NaHCO3-acid,25.0,-55.000000,1.999994
PLACEHOLDER-NaHCO3-acid,25.0,-54.000000,2.008768
PLACEHOLDER-NaHCO3-acid,25.0,-53.000000,2.017723
PLACEHOLDER-NaHCO3-acid,25.0,-52.000000,2.026866
PLACEHOLDER-NaHCO3-acid,25.0,-51.000000,2.036206
PLACEHOLDER-NaHCO3-acid,25.0,-50.000000,2.045751
PLACEHOLDER-NaHCO3-acid,25.0,-49.000000,2.055511
PLACEHOLDER-NaHCO3-acid,25.0,-48.000000,2.065495
PLACEHOLDER-NaHCO3-acid,25.0,-47.000000,2.075714
PLACEHOLDER-NaHCO3-acid,25.0,-46.000000,2.086179
PLACEHOLDER-NaHCO3-acid,25.0,-45.000000,2.096902
PLACEHOLDER-NaHCO3-acid,25.0,-44.000000,2.107898
PLACEHOLDER-NaHCO3-acid,25.0,-43.000000,2.119178
PLACEHOLDER-NaHCO3-acid,25.0,-42.000000,2.130760
PLACEHOLDER-NaHCO3-acid,25.0,-41.000000,2.142659
PLACEHOLDER-NaHCO3-acid,25.0,-40.000000,2.154893
PLACEHOLDER-NaHCO3-acid,25.0,-39.000000,2.167482
PLACEHOLDER-NaHCO3-acid,25.0,-38.000000,2.180446
PLACEHOLDER-NaHCO3-acid,25.0,-37.000000,2.193810
PLACEHOLDER-NaHCO3-acid,25.0,-36.000000,2.207597
PLACEHOLDER-NaHCO3-acid,25.0,-35.000000,2.221837
PLACEHOLDER-NaHCO3-acid,25.0,-34.000000,2.236560
PLACEHOLDER-NaHCO3-acid,25.0,-33.000000,2.251799
PLACEHOLDER-NaHCO3-acid,25.0,-32.000000,2.267593
PLACEHOLDER-NaHCO3-acid,25.0,-31.000000,2.283983
PLACEHOLDER-NaHCO3-acid,25.0,-30.000000,2.301015
PLACEHOLDER-NaHCO3-acid,25.0,-29.000000,2.318743
PLACEHOLDER-NaHCO3-acid,25.0,-28.000000,2.337225
PLACEHOLDER-NaHCO3-acid,25.0,-27.000000,2.356529
PLACEHOLDER-NaHCO3-acid,25.0,-26.000000,2.376731
PLACEHOLDER-NaHCO3-acid,25.0,-25.000000,2.397919
PLACEHOLDER-NaHCO3-acid,25.0,-24.000000,2.420193
PLACEHOLDER-NaHCO3-acid,25.0,-23.000000,2.443672
PLACEHOLDER-NaHCO3-acid,25.0,-22.000000,2.468494
PLACEHOLDER-NaHCO3-acid,25.0,-21.000000,2.494820
PLACEHOLDER-NaHCO3-acid,25.0,-20.000000,2.522845
PLACEHOLDER-NaHCO3-acid,25.0,-19.000000,2.552804
PLACEHOLDER-NaHCO3-acid,25.0,-18.000000,2.584984
PLACEHOLDER-NaHCO3-acid,25.0,-17.000000,2.619740
PLACEHOLDER-NaHCO3-acid,25.0,-16.000000,2.657521
PLACEHOLDER-NaHCO3-acid,25.0,-15.000000,2.698903
PLACEHOLDER-NaHCO3-acid,25.0,-14.000000,2.744648
PLACEHOLDER-NaHCO3-acid,25.0,-13.000000,2.795782
PLACEHOLDER-NaHCO3-acid,25.0,-12.000000,2.853747
PLACEHOLDER-NaHCO3-acid,25.0,-11.000000,2.920654
PLACEHOLDER-NaHCO3-acid,25.0,-10.000000,2.999770
PLACEHOLDER-NaHCO3-acid,25.0,-9.000000,3.096562
PLACEHOLDER-NaHCO3-acid,25.0,-8.000000,3.221251
PLACEHOLDER-NaHCO3-acid,25.0,-7.950000,3.228531
PLACEHOLDER-NaHCO3-acid,25.0,-7.900000,3.235935
PLACEHOLDER-NaHCO3-acid,25.0,-7.850000,3.243466
PLACEHOLDER-NaHCO3-acid,25.0,-7.800000,3.251131
PLACEHOLDER-NaHCO3-acid,25.0,-7.750000,3.258932
PLACEHOLDER-NaHCO3-acid,25.0,-7.700000,3.266876
PLACEHOLDER-NaHCO3-acid,25.0,-7.650000,3.274968
PLACEHOLDER-NaHCO3-acid,25.0,-7.600000,3.283212
PLACEHOLDER-NaHCO3-acid,25.0,-7.550000,3.291616
PLACEHOLDER-NaHCO3-acid,25.0,-7.500000,3.300185
PLACEHOLDER-NaHCO3-acid,25.0,-7.450000,3.308925
PLACEHOLDER-NaHCO3-acid,25.0,-7.400000,3.317845
PLACEHOLDER-NaHCO3-acid,25.0,-7.350000,3.326951
PLACEHOLDER-NaHCO3-acid,25.0,-7.300000,3.336251
PLACEHOLDER-NaHCO3-acid,25.0,-7.250000,3.345754
PLACEHOLDER-NaHCO3-acid,25.0,-7.200000,3.355468
PLACEHOLDER-NaHCO3-acid,25.0,-7.150000,3.365404
PLACEHOLDER-NaHCO3-acid,25.0,-7.100000,3.375571
PLACEHOLDER-NaHCO3-acid,25.0,-7.050000,3.385980
PLACEHOLDER-NaHCO3-acid,25.0,-7.000000,3.396644
PLACEHOLDER-NaHCO3-acid,25.0,-6.950000,3.407575
PLACEHOLDER-NaHCO3-acid,25.0,-6.900000,3.418786
PLACEHOLDER-NaHCO3-acid,25.0,-6.850000,3.430293
PLACEHOLDER-NaHCO3-acid,25.0,-6.800000,3.442110
PLACEHOLDER-NaHCO3-acid,25.0,-6.750000,3.454256
PLACEHOLDER-NaHCO3-acid,25.0,-6.700000,3.466749
PLACEHOLDER-NaHCO3-acid,25.0,-6.650000,3.479609
PLACEHOLDER-NaHCO3-acid,25.0,-6.600000,3.492858
PLACEHOLDER-NaHCO3-acid,25.0,-6.550000,3.506521
PLACEHOLDER-NaHCO3-acid,25.0,-6.500000,3.520623
PLACEHOLDER-NaHCO3-acid,25.0,-6.450000,3.535194
PLACEHOLDER-NaHCO3-acid,25.0,-6.400000,3.550265
PLACEHOLDER-NaHCO3-acid,25.0,-6.350000,3.565871
PLACEHOLDER-NaHCO3-acid,25.0,-6.300000,3.582053
PLACEHOLDER-NaHCO3-acid,25.0,-6.250000,3.598852
PLACEHOLDER-NaHCO3-acid,25.0,-6.200000,3.616317
PLACEHOLDER-NaHCO3-acid,25.0,-6.150000,3.634503
PLACEHOLDER-NaHCO3-acid,25.0,-6.100000,3.653470
PLACEHOLDER-NaHCO3-acid,25.0,-6.050000,3.673287
PLACEHOLDER-NaHCO3-acid,25.0,-6.000000,3.694033
PLACEHOLDER-NaHCO3-acid,25.0,-5.950000,3.715796
PLACEHOLDER-NaHCO3-acid,25.0,-5.900000,3.738679
PLACEHOLDER-NaHCO3-acid,25.0,-5.850000,3.762799
PLACEHOLDER-NaHCO3-acid,25.0,-5.800000,3.788295
PLACEHOLDER-NaHCO3-acid,25.0,-5.750000,3.815325
PLACEHOLDER-NaHCO3-acid,25.0,-5.700000,3.844079
PLACEHOLDER-NaHCO3-acid,25.0,-5.650000,3.874779
PLACEHOLDER-NaHCO3-acid,25.0,-5.600000,3.907695
PLACEHOLDER-NaHCO3-acid,25.0,-5.550000,3.943146
PLACEHOLDER-NaHCO3-acid,25.0,-5.500000,3.981526
PLACEHOLDER-NaHCO3-acid,25.0,-5.450000,4.023310
PLACEHOLDER-NaHCO3-acid,25.0,-5.400000,4.069088
PLACEHOLDER-NaHCO3-acid,25.0,-5.350000,4.119579
PLACEHOLDER-NaHCO3-acid,25.0,-5.300000,4.175665
PLACEHOLDER-NaHCO3-acid,25.0,-5.250000,4.238393
PLACEHOLDER-NaHCO3-acid,25.0,-5.200000,4.308932
PLACEHOLDER-NaHCO3-acid,25.0,-5.150000,4.388394
PLACEHOLDER-NaHCO3-acid,25.0,-5.100000,4.477378
PLACEHOLDER-NaHCO3-acid,25.0,-5.050000,4.575142
PLACEHOLDER-NaHCO3-acid,25.0,-5.000000,4.678727
PLACEHOLDER-NaHCO3-acid,25.0,-4.950000,4.783133
PLACEHOLDER-NaHCO3-acid,25.0,-4.900000,4.883161
PLACEHOLDER-NaHCO3-acid,25.0,-4.850000,4.975421
PLACEHOLDER-NaHCO3-acid,25.0,-4.800000,5.058774
PLACEHOLDER-NaHCO3-acid,25.0,-4.750000,5.133556
PLACEHOLDER-NaHCO3-acid,25.0,-4.700000,5.200735
PLACEHOLDER-NaHCO3-acid,25.0,-4.650000,5.261402
PLACEHOLDER-NaHCO3-acid,25.0,-4.600000,5.316568
PLACEHOLDER-NaHCO3-acid,25.0,-4.550000,5.367093
PLACEHOLDER-NaHCO3-acid,25.0,-4.500000,5.413689
PLACEHOLDER-NaHCO3-acid,25.0,-4.450000,5.456938
PLACEHOLDER-NaHCO3-acid,25.0,-4.400000,5.497317
PLACEHOLDER-NaHCO3-acid,25.0,-4.350000,5.535216
PLACEHOLDER-NaHCO3-acid,25.0,-4.300000,5.570957
PLACEHOLDER-NaHCO3-acid,25.0,-4.250000,5.604808
PLACEHOLDER-NaHCO3-acid,25.0,-4.200000,5.636995
PLACEHOLDER-NaHCO3-acid,25.0,-4.150000,5.667708
PLACEHOLDER-NaHCO3-acid,25.0,-4.100000,5.697107
PLACEHOLDER-NaHCO3-acid,25.0,-4.050000,5.725332
PLACEHOLDER-NaHCO3-acid,25.0,-4.000000,5.752503
PLACEHOLDER-NaHCO3-acid,25.0,-3.950000,5.778723
PLACEHOLDER-NaHCO3-acid,25.0,-3.900000,5.804083
PLACEHOLDER-NaHCO3-acid,25.0,-3.850000,5.828663
PLACEHOLDER-NaHCO3-acid,25.0,-3.800000,5.852534
PLACEHOLDER-NaHCO3-acid,25.0,-3.750000,5.875760
PLACEHOLDER-NaHCO3-acid,25.0,-3.700000,5.898395
PLACEHOLDER-NaHCO3-acid,25.0,-3.650000,5.920491
PLACEHOLDER-NaHCO3-acid,25.0,-3.600000,5.942094
PLACEHOLDER-NaHCO3-acid,25.0,-3.550000,5.963244
PLACEHOLDER-NaHCO3-acid,25.0,-3.500000,5.983979
PLACEHOLDER-NaHCO3-acid,25.0,-3.450000,6.004334
PLACEHOLDER-NaHCO3-acid,25.0,-3.400000,6.024340
PLACEHOLDER-NaHCO3-acid,25.0,-3.350000,6.044026
PLACEHOLDER-NaHCO3-acid,25.0,-3.300000,6.063419
PLACEHOLDER-NaHCO3-acid,25.0,-3.250000,6.082544
PLACEHOLDER-NaHCO3-acid,25.0,-3.200000,6.101424
PLACEHOLDER-NaHCO3-acid,25.0,-3.150000,6.120082
PLACEHOLDER-NaHCO3-acid,25.0,-3.100000,6.138538
PLACEHOLDER-NaHCO3-acid,25.0,-3.050000,6.156811
PLACEHOLDER-NaHCO3-acid,25.0,-3.000000,6.174920
PLACEHOLDER-NaHCO3-acid,25.0,-2.950000,6.192882
PLACEHOLDER-NaHCO3-acid,25.0,-2.900000,6.210714
PLACEHOLDER-NaHCO3-acid,25.0,-2.850000,6.228432
PLACEHOLDER-NaHCO3-acid,25.0,-2.800000,6.246052
PLACEHOLDER-NaHCO3-acid,25.0,-2.750000,6.263588
PLACEHOLDER-NaHCO3-acid,25.0,-2.700000,6.281057
PLACEHOLDER-NaHCO3-acid,25.0,-2.650000,6.298471
PLACEHOLDER-NaHCO3-acid,25.0,-2.600000,6.315844
PLACEHOLDER-NaHCO3-acid,25.0,-2.550000,6.333192
PLACEHOLDER-NaHCO3-acid,25.0,-2.500000,6.350527
PLACEHOLDER-NaHCO3-acid,25.0,-2.450000,6.367864
PLACEHOLDER-NaHCO3-acid,25.0,-2.400000,6.385215
PLACEHOLDER-NaHCO3-acid,25.0,-2.350000,6.402595
PLACEHOLDER-NaHCO3-acid,25.0,-2.300000,6.420018
PLACEHOLDER-NaHCO3-acid,25.0,-2.250000,6.437498
PLACEHOLDER-NaHCO3-acid,25.0,-2.200000,6.455049
PLACEHOLDER-NaHCO3-acid,25.0,-2.150000,6.472686
PLACEHOLDER-NaHCO3-acid,25.0,-2.100000,6.490425
PLACEHOLDER-NaHCO3-acid,25.0,-2.050000,6.508281
PLACEHOLDER-NaHCO3-acid,25.0,-2.000000,6.526270
PLACEHOLDER-NaHCO3-acid,25.0,-1.950000,6.544410
PLACEHOLDER-NaHCO3-acid,25.0,-1.900000,6.562717
PLACEHOLDER-NaHCO3-acid,25.0,-1.850000,6.581212
PLACEHOLDER-NaHCO3-acid,25.0,-1.800000,6.599914
PLACEHOLDER-NaHCO3-acid,25.0,-1.750000,6.618844
PLACEHOLDER-NaHCO3-acid,25.0,-1.700000,6.638024
PLACEHOLDER-NaHCO3-acid,25.0,-1.650000,6.657478
PLACEHOLDER-NaHCO3-acid,25.0,-1.600000,6.677232
PLACEHOLDER-NaHCO3-acid,25.0,-1.550000,6.697314
PLACEHOLDER-NaHCO3-acid,25.0,-1.500000,6.717754
PLACEHOLDER-NaHCO3-acid,25.0,-1.450000,6.738584
PLACEHOLDER-NaHCO3-acid,25.0,-1.400000,6.759841
PLACEHOLDER-NaHCO3-acid,25.0,-1.350000,6.781563
PLACEHOLDER-NaHCO3-acid,25.0,-1.300000,6.803794
PLACEHOLDER-NaHCO3-acid,25.0,-1.250000,6.826582
PLACEHOLDER-NaHCO3-acid,25.0,-1.200000,6.849980
PLACEHOLDER-NaHCO3-acid,25.0,-1.150000,6.874048
PLACEHOLDER-NaHCO3-acid,25.0,-1.100000,6.898853
PLACEHOLDER-NaHCO3-acid,25.0,-1.050000,6.924471
PLACEHOLDER-NaHCO3-acid,25.0,-1.000000,6.950989
PLACEHOLDER-NaHCO3-acid,25.0,-0.950000,6.978506
PLACEHOLDER-NaHCO3-acid,25.0,-0.900000,7.007136
PLACEHOLDER-NaHCO3-acid,25.0,-0.850000,7.037014
PLACEHOLDER-NaHCO3-acid,25.0,-0.800000,7.068294
PLACEHOLDER-NaHCO3-acid,25.0,-0.750000,7.101164
PLACEHOLDER-NaHCO3-acid,25.0,-0.700000,7.135844
PLACEHOLDER-NaHCO3-acid,25.0,-0.650000,7.172603
PLACEHOLDER-NaHCO3-acid,25.0,-0.600000,7.211769
PLACEHOLDER-NaHCO3-acid,25.0,-0.550000,7.253751
PLACEHOLDER-NaHCO3-acid,25.0,-0.500000,7.299065
PLACEHOLDER-NaHCO3-acid,25.0,-0.450000,7.348373
PLACEHOLDER-NaHCO3-acid,25.0,-0.400000,7.402546
PLACEHOLDER-NaHCO3-acid,25.0,-0.350000,7.462753
PLACEHOLDER-NaHCO3-acid,25.0,-0.300000,7.530607
PLACEHOLDER-NaHCO3-acid,25.0,-0.250000,7.608386
PLACEHOLDER-NaHCO3-acid,25.0,-0.200000,7.699396
PLACEHOLDER-NaHCO3-acid,25.0,-0.198000,7.703374
PLACEHOLDER-NaHCO3-acid,25.0,-0.196000,7.707380
PLACEHOLDER-NaHCO3-acid,25.0,-0.194000,7.711416
PLACEHOLDER-NaHCO3-acid,25.0,-0.192000,7.715482
PLACEHOLDER-NaHCO3-acid,25.0,-0.190000,7.719577
PLACEHOLDER-NaHCO3-acid,25.0,-0.188000,7.723704
PLACEHOLDER-NaHCO3-acid,25.0,-0.186000,7.727861
PLACEHOLDER-NaHCO3-acid,25.0,-0.184000,7.732049
PLACEHOLDER-NaHCO3-acid,25.0,-0.182000,7.736269
PLACEHOLDER-NaHCO3-acid,25.0,-0.180000,7.740521
PLACEHOLDER-NaHCO3-acid,25.0,-0.178000,7.744806
PLACEHOLDER-NaHCO3-acid,25.0,-0.176000,7.749124
PLACEHOLDER-NaHCO3-acid,25.0,-0.174000,7.753475
PLACEHOLDER-NaHCO3-acid,25.0,-0.172000,7.757860
PLACEHOLDER-NaHCO3-acid,25.0,-0.170000,7.762279
PLACEHOLDER-NaHCO3-acid,25.0,-0.168000,7.766732
PLACEHOLDER-NaHCO3-acid,25.0,-0.166000,7.771221
PLACEHOLDER-NaHCO3-acid,25.0,-0.164000,7.775746
PLACEHOLDER-NaHCO3-acid,25.0,-0.162000,7.780306
PLACEHOLDER-NaHCO3-acid,25.0,-0.160000,7.784903
PLACEHOLDER-NaHCO3-acid,25.0,-0.158000,7.789537
PLACEHOLDER-NaHCO3-acid,25.0,-0.156000,7.794208
PLACEHOLDER-NaHCO3-acid,25.0,-0.154000,7.798917
PLACEHOLDER-NaHCO3-acid,25.0,-0.152000,7.803664
PLACEHOLDER-NaHCO3-acid,25.0,-0.150000,7.808451
PLACEHOLDER-NaHCO3-acid,25.0,-0.148000,7.813276
PLACEHOLDER-NaHCO3-acid,25.0,-0.146000,7.818142
PLACEHOLDER-NaHCO3-acid,25.0,-0.144000,7.823047
PLACEHOLDER-NaHCO3-acid,25.0,-0.142000,7.827994
PLACEHOLDER-NaHCO3-acid,25.0,-0.140000,7.832981
PLACEHOLDER-NaHCO3-acid,25.0,-0.138000,7.838010
PLACEHOLDER-NaHCO3-acid,25.0,-0.136000,7.843082
PLACEHOLDER-NaHCO3-acid,25.0,-0.134000,7.848196
PLACEHOLDER-NaHCO3-acid,25.0,-0.132000,7.853354
PLACEHOLDER-NaHCO3-acid,25.0,-0.130000,7.858555
PLACEHOLDER-NaHCO3-acid,25.0,-0.128000,7.863800
PLACEHOLDER-NaHCO3-acid,25.0,-0.126000,7.869090
PLACEHOLDER-NaHCO3-acid,25.0,-0.124000,7.874424
PLACEHOLDER-NaHCO3-acid,25.0,-0.122000,7.879805
PLACEHOLDER-NaHCO3-acid,25.0,-0.120000,7.885231
PLACEHOLDER-NaHCO3-acid,25.0,-0.118000,7.890705
PLACEHOLDER-NaHCO3-acid,25.0,-0.116000,7.896224
PLACEHOLDER-NaHCO3-acid,25.0,-0.114000,7.901792
PLACEHOLDER-NaHCO3-acid,25.0,-0.112000,7.907407
PLACEHOLDER-NaHCO3-acid,25.0,-0.110000,7.913070
PLACEHOLDER-NaHCO3-acid,25.0,-0.108000,7.918783
PLACEHOLDER-NaHCO3-acid,25.0,-0.106000,7.924544
PLACEHOLDER-NaHCO3-acid,25.0,-0.104000,7.930354
PLACEHOLDER-NaHCO3-acid,25.0,-0.102000,7.936215
PLACEHOLDER-NaHCO3-acid,25.0,-0.100000,7.942125
PLACEHOLDER-NaHCO3-acid,25.0,-0.098000,7.948087
PLACEHOLDER-NaHCO3-acid,25.0,-0.096000,7.954098
PLACEHOLDER-NaHCO3-acid,25.0,-0.094000,7.960161
PLACEHOLDER-NaHCO3-acid,25.0,-0.092000,7.966276
PLACEHOLDER-NaHCO3-acid,25.0,-0.090000,7.972442
PLACEHOLDER-NaHCO3-acid,25.0,-0.088000,7.978659
PLACEHOLDER-NaHCO3-acid,25.0,-0.086000,7.984929
PLACEHOLDER-NaHCO3-acid,25.0,-0.084000,7.991251
PLACEHOLDER-NaHCO3-acid,25.0,-0.082000,7.997624
PLACEHOLDER-NaHCO3-acid,25.0,-0.080000,8.004050
PLACEHOLDER-NaHCO3-acid,25.0,-0.078000,8.010529
PLACEHOLDER-NaHCO3-acid,25.0,-0.076000,8.017059
PLACEHOLDER-NaHCO3-acid,25.0,-0.074000,8.023642
PLACEHOLDER-NaHCO3-acid,25.0,-0.072000,8.030276
PLACEHOLDER-NaHCO3-acid,25.0,-0.070000,8.036963
PLACEHOLDER-NaHCO3-acid,25.0,-0.068000,8.043701
PLACEHOLDER-NaHCO3-acid,25.0,-0.066000,8.050490
PLACEHOLDER-NaHCO3-acid,25.0,-0.064000,8.057331
PLACEHOLDER-NaHCO3-acid,25.0,-0.062000,8.064222
PLACEHOLDER-NaHCO3-acid,25.0,-0.060000,8.071163
PLACEHOLDER-NaHCO3-acid,25.0,-0.058000,8.078153
PLACEHOLDER-NaHCO3-acid,25.0,-0.056000,8.085193
PLACEHOLDER-NaHCO3-acid,25.0,-0.054000,8.092281
PLACEHOLDER-NaHCO3-acid,25.0,-0.052000,8.099416
PLACEHOLDER-NaHCO3-acid,25.0,-0.050000,8.106598
PLACEHOLDER-NaHCO3-acid,25.0,-0.048000,8.113825
PLACEHOLDER-NaHCO3-acid,25.0,-0.046000,8.121098
PLACEHOLDER-NaHCO3-acid,25.0,-0.044000,8.128414
PLACEHOLDER-NaHCO3-acid,25.0,-0.042000,8.135772
PLACEHOLDER-NaHCO3-acid,25.0,-0.040000,8.143172
PLACEHOLDER-NaHCO3-acid,25.0,-0.038000,8.150612
PLACEHOLDER-NaHCO3-acid,25.0,-0.036000,8.158090
PLACEHOLDER-NaHCO3-acid,25.0,-0.034000,8.165605
PLACEHOLDER-NaHCO3-acid,25.0,-0.032000,8.173156
PLACEHOLDER-NaHCO3-acid,25.0,-0.030000,8.180741
PLACEHOLDER-NaHCO3-acid,25.0,-0.028000,8.188358
PLACEHOLDER-NaHCO3-acid,25.0,-0.026000,8.196005
PLACEHOLDER-NaHCO3-acid,25.0,-0.024000,8.203680
PLACEHOLDER-NaHCO3-acid,25.0,-0.022000,8.211382
PLACEHOLDER-NaHCO3-acid,25.0,-0.020000,8.219109
PLACEHOLDER-NaHCO3-acid,25.0,-0.018000,8.226858
PLACEHOLDER-NaHCO3-acid,25.0,-0.016000,8.234627
PLACEHOLDER-NaHCO3-acid,25.0,-0.014000,8.242414
PLACEHOLDER-NaHCO3-acid,25.0,-0.012000,8.250217
PLACEHOLDER-NaHCO3-acid,25.0,-0.010000,8.258034
PLACEHOLDER-NaHCO3-acid,25.0,-0.008000,8.265862
PLACEHOLDER-NaHCO3-acid,25.0,-0.006000,8.273698
PLACEHOLDER-NaHCO3-acid,25.0,-0.004000,8.281542
PLACEHOLDER-NaHCO3-acid,25.0,-0.002000,8.289389
PLACEHOLDER-NaHCO3-base,25.0,-0.000000,8.297238
PLACEHOLDER-NaHCO3-base,25.0,0.002000,8.305086
PLACEHOLDER-NaHCO3-base,25.0,0.004000,8.312931
PLACEHOLDER-NaHCO3-base,25.0,0.006000,8.320770
PLACEHOLDER-NaHCO3-base,25.0,0.008000,8.328601
PLACEHOLDER-NaHCO3-base,25.0,0.010000,8.336422
PLACEHOLDER-NaHCO3-base,25.0,0.012000,8.344231
PLACEHOLDER-NaHCO3-base,25.0,0.014000,8.352024
PLACEHOLDER-NaHCO3-base,25.0,0.016000,8.359800
PLACEHOLDER-NaHCO3-base,25.0,0.018000,8.367556
PLACEHOLDER-NaHCO3-base,25.0,0.020000,8.375291
PLACEHOLDER-NaHCO3-base,25.0,0.022000,8.383002
PLACEHOLDER-NaHCO3-base,25.0,0.024000,8.390687
PLACEHOLDER-NaHCO3-base,25.0,0.026000,8.398344
PLACEHOLDER-NaHCO3-base,25.0,0.028000,8.405971
PLACEHOLDER-NaHCO3-base,25.0,0.030000,8.413567
PLACEHOLDER-NaHCO3-base,25.0,0.032000,8.421129
PLACEHOLDER-NaHCO3-base,25.0,0.034000,8.428656
PLACEHOLDER-NaHCO3-base,25.0,0.036000,8.436147
PLACEHOLDER-NaHCO3-base,25.0,0.038000,8.443599
PLACEHOLDER-NaHCO3-base,25.0,0.040000,8.451011
PLACEHOLDER-NaHCO3-base,25.0,0.042000,8.458383
PLACEHOLDER-NaHCO3-base,25.0,0.044000,8.465712
PLACEHOLDER-NaHCO3-base,25.0,0.046000,8.472997
PLACEHOLDER-NaHCO3-base,25.0,0.048000,8.480237
PLACEHOLDER-NaHCO3-base,25.0,0.050000,8.487432
PLACEHOLDER-NaHCO3-base,25.0,0.052000,8.494580
PLACEHOLDER-NaHCO3-base,25.0,0.054000,8.501681
PLACEHOLDER-NaHCO3-base,25.0,0.056000,8.508733
PLACEHOLDER-NaHCO3-base,25.0,0.058000,8.515736
PLACEHOLDER-NaHCO3-base,25.0,0.060000,8.522689
PLACEHOLDER-NaHCO3-base,25.0,0.062000,8.529592
PLACEHOLDER-NaHCO3-base,25.0,0.064000,8.536443
PLACEHOLDER-NaHCO3-base,25.0,0.066000,8.543244
PLACEHOLDER-NaHCO3-base,25.0,0.068000,8.549993
PLACEHOLDER-NaHCO3-base,25.0,0.070000,8.556689
PLACEHOLDER-NaHCO3-base,25.0,0.072000,8.563334
PLACEHOLDER-NaHCO3-base,25.0,0.074000,8.569926
PLACEHOLDER-NaHCO3-base,25.0,0.076000,8.576465
PLACEHOLDER-NaHCO3-base,25.0,0.078000,8.582951
PLACEHOLDER-NaHCO3-base,25.0,0.080000,8.589385
PLACEHOLDER-NaHCO3-base,25.0,0.082000,8.595765
PLACEHOLDER-NaHCO3-base,25.0,0.084000,8.602093
PLACEHOLDER-NaHCO3-base,25.0,0.086000,8.608369
PLACEHOLDER-NaHCO3-base,25.0,0.088000,8.614591
PLACEHOLDER-NaHCO3-base,25.0,0.090000,8.620761
PLACEHOLDER-NaHCO3-base,25.0,0.092000,8.626879
PLACEHOLDER-NaHCO3-base,25.0,0.094000,8.632945
PLACEHOLDER-NaHCO3-base,25.0,0.096000,8.638960
PLACEHOLDER-NaHCO3-base,25.0,0.098000,8.644922
PLACEHOLDER-NaHCO3-base,25.0,0.100000,8.650834
PLACEHOLDER-NaHCO3-base,25.0,0.102000,8.656694
PLACEHOLDER-NaHCO3-base,25.0,0.104000,8.662504
PLACEHOLDER-NaHCO3-base,25.0,0.106000,8.668264
PLACEHOLDER-NaHCO3-base,25.0,0.108000,8.673974
PLACEHOLDER-NaHCO3-base,25.0,0.110000,8.679634
PLACEHOLDER-NaHCO3-base,25.0,0.112000,8.685246
PLACEHOLDER-NaHCO3-base,25.0,0.114000,8.690809
PLACEHOLDER-NaHCO3-base,25.0,0.116000,8.696324
PLACEHOLDER-NaHCO3-base,25.0,0.118000,8.701791
PLACEHOLDER-NaHCO3-base,25.0,0.120000,8.707211
PLACEHOLDER-NaHCO3-base,25.0,0.122000,8.712584
PLACEHOLDER-NaHCO3-base,25.0,0.124000,8.717911
PLACEHOLDER-NaHCO3-base,25.0,0.126000,8.723192
PLACEHOLDER-NaHCO3-base,25.0,0.128000,8.728428
PLACEHOLDER-NaHCO3-base,25.0,0.130000,8.733618
PLACEHOLDER-NaHCO3-base,25.0,0.132000,8.738765
PLACEHOLDER-NaHCO3-base,25.0,0.134000,8.743867
PLACEHOLDER-NaHCO3-base,25.0,0.136000,8.748926
PLACEHOLDER-NaHCO3-base,25.0,0.138000,8.753943
PLACEHOLDER-NaHCO3-base,25.0,0.140000,8.758916
PLACEHOLDER-NaHCO3-base,25.0,0.142000,8.763848
PLACEHOLDER-NaHCO3-base,25.0,0.144000,8.768739
PLACEHOLDER-NaHCO3-base,25.0,0.146000,8.773588
PLACEHOLDER-NaHCO3-base,25.0,0.148000,8.778397
PLACEHOLDER-NaHCO3-base,25.0,0.150000,8.783167
PLACEHOLDER-NaHCO3-base,25.0,0.152000,8.787896
PLACEHOLDER-NaHCO3-base,25.0,0.154000,8.792587
PLACEHOLDER-NaHCO3-base,25.0,0.156000,8.797239
PLACEHOLDER-NaHCO3-base,25.0,0.158000,8.801853
PLACEHOLDER-NaHCO3-base,25.0,0.160000,8.806430
PLACEHOLDER-NaHCO3-base,25.0,0.162000,8.810969
PLACEHOLDER-NaHCO3-base,25.0,0.164000,8.815472
PLACEHOLDER-NaHCO3-base,25.0,0.166000,8.819939
PLACEHOLDER-NaHCO3-base,25.0,0.168000,8.824370
PLACEHOLDER-NaHCO3-base,25.0,0.170000,8.828766
PLACEHOLDER-NaHCO3-base,25.0,0.172000,8.833127
PLACEHOLDER-NaHCO3-base,25.0,0.174000,8.837453
PLACEHOLDER-NaHCO3-base,25.0,0.176000,8.841746
PLACEHOLDER-NaHCO3-base,25.0,0.178000,8.846005
PLACEHOLDER-NaHCO3-base,25.0,0.180000,8.850231
PLACEHOLDER-NaHCO3-base,25.0,0.182000,8.854425
PLACEHOLDER-NaHCO3-base,25.0,0.184000,8.858586
PLACEHOLDER-NaHCO3-base,25.0,0.186000,8.862715
PLACEHOLDER-NaHCO3-base,25.0,0.188000,8.866814
PLACEHOLDER-NaHCO3-base,25.0,0.190000,8.870881
PLACEHOLDER-NaHCO3-base,25.0,0.192000,8.874917
PLACEHOLDER-NaHCO3-base,25.0,0.194000,8.878923
PLACEHOLDER-NaHCO3-base,25.0,0.196000,8.882900
PLACEHOLDER-NaHCO3-base,25.0,0.198000,8.886846
PLACEHOLDER-NaHCO3-base,25.0,0.200000,8.890764
PLACEHOLDER-NaHCO3-base,25.0,0.250000,8.980253
PLACEHOLDER-NaHCO3-base,25.0,0.300000,9.056463
PLACEHOLDER-NaHCO3-base,25.0,0.350000,9.122703
PLACEHOLDER-NaHCO3-base,25.0,0.400000,9.181257
PLACEHOLDER-NaHCO3-base,25.0,0.450000,9.233734
PLACEHOLDER-NaHCO3-base,25.0,0.500000,9.281303
PLACEHOLDER-NaHCO3-base,25.0,0.550000,9.324835
PLACEHOLDER-NaHCO3-base,25.0,0.600000,9.364992
PLACEHOLDER-NaHCO3-base,25.0,0.650000,9.402287
PLACEHOLDER-NaHCO3-base,25.0,0.700000,9.437128
PLACEHOLDER-NaHCO3-base,25.0,0.750000,9.469842
PLACEHOLDER-NaHCO3-base,25.0,0.800000,9.500696
PLACEHOLDER-NaHCO3-base,25.0,0.850000,9.529910
PLACEHOLDER-NaHCO3-base,25.0,0.900000,9.557667
PLACEHOLDER-NaHCO3-base,25.0,0.950000,9.584124
PLACEHOLDER-NaHCO3-base,25.0,1.000000,9.609410
PLACEHOLDER-NaHCO3-base,25.0,1.050000,9.633639
PLACEHOLDER-NaHCO3-base,25.0,1.100000,9.656909
PLACEHOLDER-NaHCO3-base,25.0,1.150000,9.679304
PLACEHOLDER-NaHCO3-base,25.0,1.200000,9.700898
PLACEHOLDER-NaHCO3-base,25.0,1.250000,9.721756
PLACEHOLDER-NaHCO3-base,25.0,1.300000,9.741936
PLACEHOLDER-NaHCO3-base,25.0,1.350000,9.761488
PLACEHOLDER-NaHCO3-base,25.0,1.400000,9.780459
PLACEHOLDER-NaHCO3-base,25.0,1.450000,9.798889
PLACEHOLDER-NaHCO3-base,25.0,1.500000,9.816815
PLACEHOLDER-NaHCO3-base,25.0,1.550000,9.834270
PLACEHOLDER-NaHCO3-base,25.0,1.600000,9.851284
PLACEHOLDER-NaHCO3-base,25.0,1.650000,9.867884
PLACEHOLDER-NaHCO3-base,25.0,1.700000,9.884095
PLACEHOLDER-NaHCO3-base,25.0,1.750000,9.899939
PLACEHOLDER-NaHCO3-base,25.0,1.800000,9.915437
PLACEHOLDER-NaHCO3-base,25.0,1.850000,9.930607
PLACEHOLDER-NaHCO3-base,25.0,1.900000,9.945468
PLACEHOLDER-NaHCO3-base,25.0,1.950000,9.960036
PLACEHOLDER-NaHCO3-base,25.0,2.000000,9.974324
PLACEHOLDER-NaHCO3-base,25.0,2.050000,9.988347
PLACEHOLDER-NaHCO3-base,25.0,2.100000,10.002118
PLACEHOLDER-NaHCO3-base,25.0,2.150000,10.015647
PLACEHOLDER-NaHCO3-base,25.0,2.200000,10.028947
PLACEHOLDER-NaHCO3-base,25.0,2.250000,10.042027
PLACEHOLDER-NaHCO3-base,25.0,2.300000,10.054896
PLACEHOLDER-NaHCO3-base,25.0,2.350000,10.067564
PLACEHOLDER-NaHCO3-base,25.0,2.400000,10.080038
PLACEHOLDER-NaHCO3-base,25.0,2.450000,10.092327
PLACEHOLDER-NaHCO3-base,25.0,2.500000,10.104437
PLACEHOLDER-NaHCO3-base,25.0,2.550000,10.116375
PLACEHOLDER-NaHCO3-base,25.0,2.600000,10.128148
PLACEHOLDER-NaHCO3-base,25.0,2.650000,10.139761
PLACEHOLDER-NaHCO3-base,25.0,2.700000,10.151220
PLACEHOLDER-NaHCO3-base,25.0,2.750000,10.162530
PLACEHOLDER-NaHCO3-base,25.0,2.800000,10.173697
PLACEHOLDER-NaHCO3-base,25.0,2.850000,10.184725
PLACEHOLDER-NaHCO3-base,25.0,2.900000,10.195617
PLACEHOLDER-NaHCO3-base,25.0,2.950000,10.206379
PLACEHOLDER-NaHCO3-base,25.0,3.000000,10.217014
PLACEHOLDER-NaHCO3-base,25.0,3.050000,10.227527
PLACEHOLDER-NaHCO3-base,25.0,3.100000,10.237919
PLACEHOLDER-NaHCO3-base,25.0,3.150000,10.248195
PLACEHOLDER-NaHCO3-base,25.0,3.200000,10.258358
PLACEHOLDER-NaHCO3-base,25.0,3.250000,10.268410
PLACEHOLDER-NaHCO3-base,25.0,3.300000,10.278355
PLACEHOLDER-NaHCO3-base,25.0,3.350000,10.288194
PLACEHOLDER-NaHCO3-base,25.0,3.400000,10.297932
PLACEHOLDER-NaHCO3-base,25.0,3.450000,10.307569
PLACEHOLDER-NaHCO3-base,25.0,3.500000,10.317108
PLACEHOLDER-NaHCO3-base,25.0,3.550000,10.326552
PLACEHOLDER-NaHCO3-base,25.0,3.600000,10.335902
PLACEHOLDER-NaHCO3-base,25.0,3.650000,10.345160
PLACEHOLDER-NaHCO3-base,25.0,3.700000,10.354329
PLACEHOLDER-NaHCO3-base,25.0,3.750000,10.363409
PLACEHOLDER-NaHCO3-base,25.0,3.800000,10.372402
PLACEHOLDER-NaHCO3-base,25.0,3.850000,10.381311
PLACEHOLDER-NaHCO3-base,25.0,3.900000,10.390136
PLACEHOLDER-NaHCO3-base,25.0,3.950000,10.398879
PLACEHOLDER-NaHCO3-base,25.0,4.000000,10.407542
PLACEHOLDER-NaHCO3-base,25.0,4.050000,10.416125
PLACEHOLDER-NaHCO3-base,25.0,4.100000,10.424630
PLACEHOLDER-NaHCO3-base,25.0,4.150000,10.433058
PLACEHOLDER-NaHCO3-base,25.0,4.200000,10.441410
PLACEHOLDER-NaHCO3-base,25.0,4.250000,10.449688
PLACEHOLDER-NaHCO3-base,25.0,4.300000,10.457892
PLACEHOLDER-NaHCO3-base,25.0,4.350000,10.466024
PLACEHOLDER-NaHCO3-base,25.0,4.400000,10.474084
PLACEHOLDER-NaHCO3-base,25.0,4.450000,10.482073
PLACEHOLDER-NaHCO3-base,25.0,4.500000,10.489993
PLACEHOLDER-NaHCO3-base,25.0,4.550000,10.497844
PLACEHOLDER-NaHCO3-base,25.0,4.600000,10.505627
PLACEHOLDER-NaHCO3-base,25.0,4.650000,10.513342
PLACEHOLDER-NaHCO3-base,25.0,4.700000,10.520992
PLACEHOLDER-NaHCO3-base,25.0,4.750000,10.528575
PLACEHOLDER-NaHCO3-base,25.0,4.800000,10.536094
PLACEHOLDER-NaHCO3-base,25.0,4.850000,10.543548
PLACEHOLDER-NaHCO3-base,25.0,4.900000,10.550939
PLACEHOLDER-NaHCO3-base,25.0,4.950000,10.558267
PLACEHOLDER-NaHCO3-base,25.0,5.000000,10.565533
PLACEHOLDER-NaHCO3-base,25.0,5.050000,10.572738
PLACEHOLDER-NaHCO3-base,25.0,5.100000,10.579882
PLACEHOLDER-NaHCO3-base,25.0,5.150000,10.586965
PLACEHOLDER-NaHCO3-base,25.0,5.200000,10.593989
PLACEHOLDER-NaHCO3-base,25.0,5.250000,10.600954
PLACEHOLDER-NaHCO3-base,25.0,5.300000,10.607861
PLACEHOLDER-NaHCO3-base,25.0,5.350000,10.614709
PLACEHOLDER-NaHCO3-base,25.0,5.400000,10.621501
PLACEHOLDER-NaHCO3-base,25.0,5.450000,10.628235
PLACEHOLDER-NaHCO3-base,25.0,5.500000,10.634914
PLACEHOLDER-NaHCO3-base,25.0,5.550000,10.641537
PLACEHOLDER-NaHCO3-base,25.0,5.600000,10.648104
PLACEHOLDER-NaHCO3-base,25.0,5.650000,10.654618
PLACEHOLDER-NaHCO3-base,25.0,5.700000,10.661077
PLACEHOLDER-NaHCO3-base,25.0,5.750000,10.667483
PLACEHOLDER-NaHCO3-base,25.0,5.800000,10.673835
PLACEHOLDER-NaHCO3-base,25.0,5.850000,10.680135
PLACEHOLDER-NaHCO3-base,25.0,5.900000,10.686384
PLACEHOLDER-NaHCO3-base,25.0,5.950000,10.692580
PLACEHOLDER-NaHCO3-base,25.0,6.000000,10.698726
PLACEHOLDER-NaHCO3-base,25.0,6.050000,10.704821
PLACEHOLDER-NaHCO3-base,25.0,6.100000,10.710866
PLACEHOLDER-NaHCO3-base,25.0,6.150000,10.716862
PLACEHOLDER-NaHCO3-base,25.0,6.200000,10.722808
PLACEHOLDER-NaHCO3-base,25.0,6.250000,10.728706
PLACEHOLDER-NaHCO3-base,25.0,6.300000,10.734556
PLACEHOLDER-NaHCO3-base,25.0,6.350000,10.740358
PLACEHOLDER-NaHCO3-base,25.0,6.400000,10.746113
PLACEHOLDER-NaHCO3-base,25.0,6.450000,10.751821
PLACEHOLDER-NaHCO3-base,25.0,6.500000,10.757483
PLACEHOLDER-NaHCO3-base,25.0,6.550000,10.763100
PLACEHOLDER-NaHCO3-base,25.0,6.600000,10.768670
PLACEHOLDER-NaHCO3-base,25.0,6.650000,10.774196
PLACEHOLDER-NaHCO3-base,25.0,6.700000,10.779678
PLACEHOLDER-NaHCO3-base,25.0,6.750000,10.785115
PLACEHOLDER-NaHCO3-base,25.0,6.800000,10.790509
PLACEHOLDER-NaHCO3-base,25.0,6.850000,10.795860
PLACEHOLDER-NaHCO3-base,25.0,6.900000,10.801168
PLACEHOLDER-NaHCO3-base,25.0,6.950000,10.806434
PLACEHOLDER-NaHCO3-base,25.0,7.000000,10.811658
PLACEHOLDER-NaHCO3-base,25.0,7.050000,10.816841
PLACEHOLDER-NaHCO3-base,25.0,7.100000,10.821983
PLACEHOLDER-NaHCO3-base,25.0,7.150000,10.827084
PLACEHOLDER-NaHCO3-base,25.0,7.200000,10.832145
PLACEHOLDER-NaHCO3-base,25.0,7.250000,10.837166
PLACEHOLDER-NaHCO3-base,25.0,7.300000,10.842148
PLACEHOLDER-NaHCO3-base,25.0,7.350000,10.847091
PLACEHOLDER-NaHCO3-base,25.0,7.400000,10.851996
PLACEHOLDER-NaHCO3-base,25.0,7.450000,10.856863
PLACEHOLDER-NaHCO3-base,25.0,7.500000,10.861692
PLACEHOLDER-NaHCO3-base,25.0,7.550000,10.866484
PLACEHOLDER-NaHCO3-base,25.0,7.600000,10.871238
PLACEHOLDER-NaHCO3-base,25.0,7.650000,10.875957
PLACEHOLDER-NaHCO3-base,25.0,7.700000,10.880639
PLACEHOLDER-NaHCO3-base,25.0,7.750000,10.885286
PLACEHOLDER-NaHCO3-base,25.0,7.800000,10.889897
PLACEHOLDER-NaHCO3-base,25.0,7.850000,10.894473
PLACEHOLDER-NaHCO3-base,25.0,7.900000,10.899015
PLACEHOLDER-NaHCO3-base,25.0,7.950000,10.903523
PLACEHOLDER-NaHCO3-base,25.0,8.000000,10.907996
PLACEHOLDER-NaHCO3-base,25.0,9.000000,10.990904
PLACEHOLDER-NaHCO3-base,25.0,10.000000,11.063010
PLACEHOLDER-NaHCO3-base,25.0,11.000000,11.126411
PLACEHOLDER-NaHCO3-base,25.0,12.000000,11.182746
PLACEHOLDER-NaHCO3-base,25.0,13.000000,11.233286
PLACEHOLDER-NaHCO3-base,25.0,14.000000,11.279020
PLACEHOLDER-NaHCO3-base,25.0,15.000000,11.320721
PLACEHOLDER-NaHCO3-base,25.0,16.000000,11.359003
PLACEHOLDER-NaHCO3-base,25.0,17.000000,11.394357
PLACEHOLDER-NaHCO3-base,25.0,18.000000,11.427179
PLACEHOLDER-NaHCO3-base,25.0,19.000000,11.457794
PLACEHOLDER-NaHCO3-base,25.0,20.000000,11.486470
PLACEHOLDER-NaHCO3-base,25.0,21.000000,11.513430
PLACEHOLDER-NaHCO3-base,25.0,22.000000,11.538863
PLACEHOLDER-NaHCO3-base,25.0,23.000000,11.562927
PLACEHOLDER-NaHCO3-base,25.0,24.000000,11.585760
PLACEHOLDER-NaHCO3-base,25.0,25.000000,11.607479
PLACEHOLDER-NaHCO3-base,25.0,26.000000,11.628184
PLACEHOLDER-NaHCO3-base,25.0,27.000000,11.647966
PLACEHOLDER-NaHCO3-base,25.0,28.000000,11.666901
PLACEHOLDER-NaHCO3-base,25.0,29.000000,11.685057
PLACEHOLDER-NaHCO3-base,25.0,30.000000,11.702497
PLACEHOLDER-NaHCO3-base,25.0,31.000000,11.719272
PLACEHOLDER-NaHCO3-base,25.0,32.000000,11.735432
PLACEHOLDER-NaHCO3-base,25.0,33.000000,11.751019
PLACEHOLDER-NaHCO3-base,25.0,34.000000,11.766072
PLACEHOLDER-NaHCO3-base,25.0,35.000000,11.780627
PLACEHOLDER-NaHCO3-base,25.0,36.000000,11.794714
PLACEHOLDER-NaHCO3-base,25.0,37.000000,11.808363
PLACEHOLDER-NaHCO3-base,25.0,38.000000,11.821600
PLACEHOLDER-NaHCO3-base,25.0,39.000000,11.834448
PLACEHOLDER-NaHCO3-base,25.0,40.000000,11.846930
PLACEHOLDER-NaHCO3-base,25.0,41.000000,11.859067
PLACEHOLDER-NaHCO3-base,25.0,42.000000,11.870875
PLACEHOLDER-NaHCO3-base,25.0,43.000000,11.882374
PLACEHOLDER-NaHCO3-base,25.0,44.000000,11.893577
PLACEHOLDER-NaHCO3-base,25.0,45.000000,11.904501
PLACEHOLDER-NaHCO3-base,25.0,46.000000,11.915158
PLACEHOLDER-NaHCO3-base,25.0,47.000000,11.925561
PLACEHOLDER-NaHCO3-base,25.0,48.000000,11.935722
PLACEHOLDER-NaHCO3-base,25.0,49.000000,11.945653
PLACEHOLDER-NaHCO3-base,25.0,50.000000,11.955362
PLACEHOLDER-NaHCO3-base,25.0,51.000000,11.964860
PLACEHOLDER-NaHCO3-base,25.0,52.000000,11.974155
PLACEHOLDER-NaHCO3-base,25.0,53.000000,11.983257
PLACEHOLDER-NaHCO3-base,25.0,54.000000,11.992173
PLACEHOLDER-NaHCO3-base,25.0,55.000000,12.000910
PLACEHOLDER-NaHCO3-base,25.0,56.000000,12.009475
PLACEHOLDER-NaHCO3-base,25.0,57.000000,12.017876
PLACEHOLDER-NaHCO3-base,25.0,58.000000,12.026117
PLACEHOLDER-NaHCO3-base,25.0,59.000000,12.034206
PLACEHOLDER-NaHCO3-base,25.0,60.000000,12.042147
PLACEHOLDER-NaHCO3-acid,30.0,-60.000000,1.958602
PLACEHOLDER-NaHCO3-acid,30.0,-59.000000,1.966571
PLACEHOLDER-NaHCO3-acid,30.0,-58.000000,1.974689
PLACEHOLDER-NaHCO3-acid,30.0,-57.000000,1.982961
PLACEHOLDER-NaHCO3-acid,30.0,-56.000000,1.991394
PLACEHOLDER-NaHCO3-acid,30.0,-55.000000,1.999994
PLACEHOLDER-NaHCO3-acid,30.0,-54.000000,2.008768
PLACEHOLDER-NaHCO3-acid,30.0,-53.000000,2.017723
PLACEHOLDER-NaHCO3-acid,30.0,-52.000000,2.026866
PLACEHOLDER-NaHCO3-acid,30.0,-51.000000,2.036206
PLACEHOLDER-NaHCO3-acid,30.0,-50.000000,2.045751
PLACEHOLDER-NaHCO3-acid,30.0,-49.000000,2.055511
PLACEHOLDER-NaHCO3-acid,30.0,-48.000000,2.065495
PLACEHOLDER-NaHCO3-acid,30.0,-47.000000,2.075714
PLACEHOLDER-NaHCO3-acid,30.0,-46.000000,2.086179
PLACEHOLDER-NaHCO3-acid,30.0,-45.000000,2.096902
PLACEHOLDER-NaHCO3-acid,30.0,-44.000000,2.107898
PLACEHOLDER-NaHCO3-acid,30.0,-43.000000,2.119178
PLACEHOLDER-NaHCO3-acid,30.0,-42.000000,2.130760
PLACEHOLDER-NaHCO3-acid,30.0,-41.000000,2.142659
PLACEHOLDER-NaHCO3-acid,30.0,-40.000000,2.154893
PLACEHOLDER-NaHCO3-acid,30.0,-39.000000,2.167482
PLACEHOLDER-NaHCO3-acid,30.0,-38.000000,2.180446
PLACEHOLDER-NaHCO3-acid,30.0,-37.000000,2.193810
PLACEHOLDER-NaHCO3-acid,30.0,-36.000000,2.207597
PLACEHOLDER-NaHCO3-acid,30.0,-35.000000,2.221837
PLACEHOLDER-NaHCO3-acid,30.0,-34.000000,2.236560
PLACEHOLDER-NaHCO3-acid,30.0,-33.000000,2.251799
PLACEHOLDER-NaHCO3-acid,30.0,-32.000000,2.267593
PLACEHOLDER-NaHCO3-acid,30.0,-31.000000,2.283983
PLACEHOLDER-NaHCO3-acid,30.0,-30.000000,2.301015
PLACEHOLDER-NaHCO3-acid,30.0,-29.000000,2.318743
PLACEHOLDER-NaHCO3-acid,30.0,-28.000000,2.337225
PLACEHOLDER-NaHCO3-acid,30.0,-27.000000,2.356529
PLACEHOLDER-NaHCO3-acid,30.0,-26.000000,2.376731
PLACEHOLDER-NaHCO3-acid,30.0,-25.000000,2.397919
PLACEHOLDER-NaHCO3-acid,30.0,-24.000000,2.420193
PLACEHOLDER-NaHCO3-acid,30.0,-23.000000,2.443672
PLACEHOLDER-NaHCO3-acid,30.0,-22.000000,2.468494
PLACEHOLDER-NaHCO3-acid,30.0,-21.000000,2.494820
PLACEHOLDER-NaHCO3-acid,30.0,-20.000000,2.522845
PLACEHOLDER-NaHCO3-acid,30.0,-19.000000,2.552804
PLACEHOLDER-NaHCO3-acid,30.0,-18.000000,2.584984
PLACEHOLDER-NaHCO3-acid,30.0,-17.000000,2.619740
PLACEHOLDER-NaHCO3-acid,30.0,-16.000000,2.657521
PLACEHOLDER-NaHCO3-acid,30.0,-15.000000,2.698903
PLACEHOLDER-NaHCO3-acid,30.0,-14.000000,2.744648
PLACEHOLDER-NaHCO3-acid,30.0,-13.000000,2.795782
PLACEHOLDER-NaHCO3-acid,30.0,-12.000000,2.853747
PLACEHOLDER-NaHCO3-acid,30.0,-11.000000,2.920654
PLACEHOLDER-NaHCO3-acid,30.0,-10.000000,2.999770
PLACEHOLDER-NaHCO3-acid,30.0,-9.000000,3.096562
PLACEHOLDER-NaHCO3-acid,30.0,-8.000000,3.221251
PLACEHOLDER-NaHCO3-acid,30.0,-7.950000,3.228531
PLACEHOLDER-NaHCO3-acid,30.0,-7.900000,3.235935
PLACEHOLDER-NaHCO3-acid,30.0,-7.850000,3.243466
PLACEHOLDER-NaHCO3-acid,30.0,-7.800000,3.251131
PLACEHOLDER-NaHCO3-acid,30.0,-7.750000,3.258932
PLACEHOLDER-NaHCO3-acid,30.0,-7.700000,3.266876
PLACEHOLDER-NaHCO3-acid,30.0,-7.650000,3.274968
PLACEHOLDER-NaHCO3-acid,30.0,-7.600000,3.283212
PLACEHOLDER-NaHCO3-acid,30.0,-7.550000,3.291616
PLACEHOLDER-NaHCO3-acid,30.0,-7.500000,3.300185
PLACEHOLDER-NaHCO3-acid,30.0,-7.450000,3.308925
PLACEHOLDER-NaHCO3-acid,30.0,-7.400000,3.317845
PLACEHOLDER-NaHCO3-acid,30.0,-7.350000,3.326951
PLACEHOLDER-NaHCO3-acid,30.0,-7.300000,3.336251
PLACEHOLDER-NaHCO3-acid,30.0,-7.250000,3.345754
PLACEHOLDER-NaHCO3-acid,30.0,-7.200000,3.355468
PLACEHOLDER-NaHCO3-acid,30.0,-7.150000,3.365404
PLACEHOLDER-NaHCO3-acid,30.0,-7.100000,3.375571
PLACEHOLDER-NaHCO3-acid,30.0,-7.050000,3.385980
PLACEHOLDER-NaHCO3-acid,30.0,-7.000000,3.396644
PLACEHOLDER-NaHCO3-acid,30.0,-6.950000,3.407575
PLACEHOLDER-NaHCO3-acid,30.0,-6.900000,3.418786
PLACEHOLDER-NaHCO3-acid,30.0,-6.850000,3.430293
PLACEHOLDER-NaHCO3-acid,30.0,-6.800000,3.442110
PLACEHOLDER-NaHCO3-acid,30.0,-6.750000,3.454256
PLACEHOLDER-NaHCO3-acid,30.0,-6.700000,3.466749
PLACEHOLDER-NaHCO3-acid,30.0,-6.650000,3.479609
PLACEHOLDER-NaHCO3-acid,30.0,-6.600000,3.492858
PLACEHOLDER-NaHCO3-acid,30.0,-6.550000,3.506521
PLACEHOLDER-NaHCO3-acid,30.0,-6.500000,3.520623
PLACEHOLDER-NaHCO3-acid,30.0,-6.450000,3.535194
PLACEHOLDER-NaHCO3-acid,30.0,-6.400000,3.550265
PLACEHOLDER-NaHCO3-acid,30.0,-6.350000,3.565871
PLACEHOLDER-NaHCO3-acid,30.0,-6.300000,3.582053
PLACEHOLDER-NaHCO3-acid,30.0,-6.250000,3.598852
PLACEHOLDER-NaHCO3-acid,30.0,-6.200000,3.616317
PLACEHOLDER-NaHCO3-acid,30.0,-6.150000,3.634503
PLACEHOLDER-NaHCO3-acid,30.0,-6.100000,3.653470
PLACEHOLDER-NaHCO3-acid,30.0,-6.050000,3.673287
PLACEHOLDER-NaHCO3-acid,30.0,-6.000000,3.694033
PLACEHOLDER-NaHCO3-acid,30.0,-5.950000,3.715796
PLACEHOLDER-NaHCO3-acid,30.0,-5.900000,3.738679
PLACEHOLDER-NaHCO3-acid,30.0,-5.850000,3.762799
PLACEHOLDER-NaHCO3-acid,30.0,-5.800000,3.788295
PLACEHOLDER-NaHCO3-acid,30.0,-5.750000,3.815325
PLACEHOLDER-NaHCO3-acid,30.0,-5.700000,3.844078
PLACEHOLDER-NaHCO3-acid,30.0,-5.650000,3.874779
PLACEHOLDER-NaHCO3-acid,30.0,-5.600000,3.907695
PLACEHOLDER-NaHCO3-acid,30.0,-5.550000,3.943146
PLACEHOLDER-NaHCO3-acid,30.0,-5.500000,3.981526
PLACEHOLDER-NaHCO3-acid,30.0,-5.450000,4.023310
PLACEHOLDER-NaHCO3-acid,30.0,-5.400000,4.069087
PLACEHOLDER-NaHCO3-acid,30.0,-5.350000,4.119579
PLACEHOLDER-NaHCO3-acid,30.0,-5.300000,4.175665
PLACEHOLDER-NaHCO3-acid,30.0,-5.250000,4.238392
PLACEHOLDER-NaHCO3-acid,30.0,-5.200000,4.308931
PLACEHOLDER-NaHCO3-acid,30.0,-5.150000,4.388393
PLACEHOLDER-NaHCO3-acid,30.0,-5.100000,4.477377
PLACEHOLDER-NaHCO3-acid,30.0,-5.050000,4.575140
PLACEHOLDER-NaHCO3-acid,30.0,-5.000000,4.678725
PLACEHOLDER-NaHCO3-acid,30.0,-4.950000,4.783131
PLACEHOLDER-NaHCO3-acid,30.0,-4.900000,4.883158
PLACEHOLDER-NaHCO3-acid,30.0,-4.850000,4.975418
PLACEHOLDER-NaHCO3-acid,30.0,-4.800000,5.058770
PLACEHOLDER-NaHCO3-acid,30.0,-4.750000,5.133552
PLACEHOLDER-NaHCO3-acid,30.0,-4.700000,5.200730
PLACEHOLDER-NaHCO3-acid,30.0,-4.650000,5.261398
PLACEHOLDER-NaHCO3-acid,30.0,-4.600000,5.316563
PLACEHOLDER-NaHCO3-acid,30.0,-4.550000,5.367088
PLACEHOLDER-NaHCO3-acid,30.0,-4.500000,5.413684
PLACEHOLDER-NaHCO3-acid,30.0,-4.450000,5.456933
PLACEHOLDER-NaHCO3-acid,30.0,-4.400000,5.497311
PLACEHOLDER-NaHCO3-acid,30.0,-4.350000,5.535210
PLACEHOLDER-NaHCO3-acid,30.0,-4.300000,5.570951
PLACEHOLDER-NaHCO3-acid,30.0,-4.250000,5.604802
PLACEHOLDER-NaHCO3-acid,30.0,-4.200000,5.636989
PLACEHOLDER-NaHCO3-acid,30.0,-4.150000,5.667701
PLACEHOLDER-NaHCO3-acid,30.0,-4.100000,5.697101
PLACEHOLDER-NaHCO3-acid,30.0,-4.050000,5.725326
PLACEHOLDER-NaHCO3-acid,30.0,-4.000000,5.752496
PLACEHOLDER-NaHCO3-acid,30.0,-3.950000,5.778715
PLACEHOLDER-NaHCO3-acid,30.0,-3.900000,5.804075
PLACEHOLDER-NaHCO3-acid,30.0,-3.850000,5.828655
PLACEHOLDER-NaHCO3-acid,30.0,-3.800000,5.852527
PLACEHOLDER-NaHCO3-acid,30.0,-3.750000,5.875752
PLACEHOLDER-NaHCO3-acid,30.0,-3.700000,5.898387
PLACEHOLDER-NaHCO3-acid,30.0,-3.650000,5.920483
PLACEHOLDER-NaHCO3-acid,30.0,-3.600000,5.942085
PLACEHOLDER-NaHCO3-acid,30.0,-3.550000,5.963235
PLACEHOLDER-NaHCO3-acid,30.0,-3.500000,5.983970
PLACEHOLDER-NaHCO3-acid,30.0,-3.450000,6.004325
PLACEHOLDER-NaHCO3-acid,30.0,-3.400000,6.024330
PLACEHOLDER-NaHCO3-acid,30.0,-3.350000,6.044016
PLACEHOLDER-NaHCO3-acid,30.0,-3.300000,6.063408
PLACEHOLDER-NaHCO3-acid,30.0,-3.250000,6.082533
PLACEHOLDER-NaHCO3-acid,30.0,-3.200000,6.101413
PLACEHOLDER-NaHCO3-acid,30.0,-3.150000,6.120071
PLACEHOLDER-NaHCO3-acid,30.0,-3.100000,6.138526
PLACEHOLDER-NaHCO3-acid,30.0,-3.050000,6.156799
PLACEHOLDER-NaHCO3-acid,30.0,-3.000000,6.174907
PLACEHOLDER-NaHCO3-acid,30.0,-2.950000,6.192869
PLACEHOLDER-NaHCO3-acid,30.0,-2.900000,6.210700
PLACEHOLDER-NaHCO3-acid,30.0,-2.850000,6.228418
PLACEHOLDER-NaHCO3-acid,30.0,-2.800000,6.246038
PLACEHOLDER-NaHCO3-acid,30.0,-2.750000,6.263574
PLACEHOLDER-NaHCO3-acid,30.0,-2.700000,6.281041
PLACEHOLDER-NaHCO3-acid,30.0,-2.650000,6.298455
PLACEHOLDER-NaHCO3-acid,30.0,-2.600000,6.315828
PLACEHOLDER-NaHCO3-acid,30.0,-2.550000,6.333175
PLACEHOLDER-NaHCO3-acid,30.0,-2.500000,6.350509
PLACEHOLDER-NaHCO3-acid,30.0,-2.450000,6.367845
PLACEHOLDER-NaHCO3-acid,30.0,-2.400000,6.385196
PLACEHOLDER-NaHCO3-acid,30.0,-2.350000,6.402575
PLACEHOLDER-NaHCO3-acid,30.0,-2.300000,6.419997
PLACEHOLDER-NaHCO3-acid,30.0,-2.250000,6.437476
PLACEHOLDER-NaHCO3-acid,30.0,-2.200000,6.455026
PLACEHOLDER-NaHCO3-acid,30.0,-2.150000,6.472662
PLACEHOLDER-NaHCO3-acid,30.0,-2.100000,6.490400
PLACEHOLDER-NaHCO3-acid,30.0,-2.050000,6.508254
PLACEHOLDER-NaHCO3-acid,30.0,-2.000000,6.526242
PLACEHOLDER-NaHCO3-acid,30.0,-1.950000,6.544380
PLACEHOLDER-NaHCO3-acid,30.0,-1.900000,6.562687
PLACEHOLDER-NaHCO3-acid,30.0,-1.850000,6.581180
PLACEHOLDER-NaHCO3-acid,30.0,-1.800000,6.599880
PLACEHOLDER-NaHCO3-acid,30.0,-1.750000,6.618807
PLACEHOLDER-NaHCO3-acid,30.0,-1.700000,6.637985
PLACEHOLDER-NaHCO3-acid,30.0,-1.650000,6.657437
PLACEHOLDER-NaHCO3-acid,30.0,-1.600000,6.677189
PLACEHOLDER-NaHCO3-acid,30.0,-1.550000,6.697268
PLACEHOLDER-NaHCO3-acid,30.0,-1.500000,6.717704
PLACEHOLDER-NaHCO3-acid,30.0,-1.450000,6.738531
PLACEHOLDER-NaHCO3-acid,30.0,-1.400000,6.759784
PLACEHOLDER-NaHCO3-acid,30.0,-1.350000,6.781502
PLACEHOLDER-NaHCO3-acid,30.0,-1.300000,6.803728
PLACEHOLDER-NaHCO3-acid,30.0,-1.250000,6.826511
PLACEHOLDER-NaHCO3-acid,30.0,-1.200000,6.849903
PLACEHOLDER-NaHCO3-acid,30.0,-1.150000,6.873964
PLACEHOLDER-NaHCO3-acid,30.0,-1.100000,6.898761
PLACEHOLDER-NaHCO3-acid,30.0,-1.050000,6.924371
PLACEHOLDER-NaHCO3-acid,30.0,-1.000000,6.950878
PLACEHOLDER-NaHCO3-acid,30.0,-0.950000,6.978383
PLACEHOLDER-NaHCO3-acid,30.0,-0.900000,7.007000
PLACEHOLDER-NaHCO3-acid,30.0,-0.850000,7.036861
PLACEHOLDER-NaHCO3-acid,30.0,-0.800000,7.068123
PLACEHOLDER-NaHCO3-acid,30.0,-0.750000,7.100969
PLACEHOLDER-NaHCO3-acid,30.0,-0.700000,7.135621
PLACEHOLDER-NaHCO3-acid,30.0,-0.650000,7.172345
PLACEHOLDER-NaHCO3-acid,30.0,-0.600000,7.211467
PLACEHOLDER-NaHCO3-acid,30.0,-0.550000,7.253393
PLACEHOLDER-NaHCO3-acid,30.0,-0.500000,7.298634
PLACEHOLDER-NaHCO3-acid,30.0,-0.450000,7.347846
PLACEHOLDER-NaHCO3-acid,30.0,-0.400000,7.401887
PLACEHOLDER-NaHCO3-acid,30.0,-0.350000,7.461907
PLACEHOLDER-NaHCO3-acid,30.0,-0.300000,7.529484
PLACEHOLDER-NaHCO3-acid,30.0,-0.250000,7.606835
PLACEHOLDER-NaHCO3-acid,30.0,-0.200000,7.697138
PLACEHOLDER-NaHCO3-acid,30.0,-0.198000,7.701078
PLACEHOLDER-NaHCO3-acid,30.0,-0.196000,7.705047
PLACEHOLDER-NaHCO3-acid,30.0,-0.194000,7.709044
PLACEHOLDER-NaHCO3-acid,30.0,-0.192000,7.713070
PLACEHOLDER-NaHCO3-acid,30.0,-0.190000,7.717125
PLACEHOLDER-NaHCO3-acid,30.0,-0.188000,7.721209
PLACEHOLDER-NaHCO3-acid,30.0,-0.186000,7.725324
PLACEHOLDER-NaHCO3-acid,30.0,-0.184000,7.729468
PLACEHOLDER-NaHCO3-acid,30.0,-0.182000,7.733644
PLACEHOLDER-NaHCO3-acid,30.0,-0.180000,7.737850
PLACEHOLDER-NaHCO3-acid,30.0,-0.178000,7.742088
PLACEHOLDER-NaHCO3-acid,30.0,-0.176000,7.746358
PLACEHOLDER-NaHCO3-acid,30.0,-0.174000,7.750660
PLACEHOLDER-NaHCO3-acid,30.0,-0.172000,7.754995
PLACEHOLDER-NaHCO3-acid,30.0,-0.170000,7.759362
PLACEHOLDER-NaHCO3-acid,30.0,-0.168000,7.763763
PLACEHOLDER-NaHCO3-acid,30.0,-0.166000,7.768198
PLACEHOLDER-NaHCO3-acid,30.0,-0.164000,7.772667
PLACEHOLDER-NaHCO3-acid,30.0,-0.162000,7.777171
PLACEHOLDER-NaHCO3-acid,30.0,-0.160000,7.781709
PLACEHOLDER-NaHCO3-acid,30.0,-0.158000,7.786283
PLACEHOLDER-NaHCO3-acid,30.0,-0.156000,7.790893
PLACEHOLDER-NaHCO3-acid,30.0,-0.154000,7.795540
PLACEHOLDER-NaHCO3-acid,30.0,-0.152000,7.800223
PLACEHOLDER-NaHCO3-acid,30.0,-0.150000,7.804943
PLACEHOLDER-NaHCO3-acid,30.0,-0.148000,7.809701
PLACEHOLDER-NaHCO3-acid,30.0,-0.146000,7.814497
PLACEHOLDER-NaHCO3-acid,30.0,-0.144000,7.819332
PLACEHOLDER-NaHCO3-acid,30.0,-0.142000,7.824205
PLACEHOLDER-NaHCO3-acid,30.0,-0.140000,7.829118
PLACEHOLDER-NaHCO3-acid,30.0,-0.138000,7.834070
PLACEHOLDER-NaHCO3-acid,30.0,-0.136000,7.839063
PLACEHOLDER-NaHCO3-acid,30.0,-0.134000,7.844096
PLACEHOLDER-NaHCO3-acid,30.0,-0.132000,7.849170
PLACEHOLDER-NaHCO3-acid,30.0,-0.130000,7.854286
PLACEHOLDER-NaHCO3-acid,30.0,-0.128000,7.859444
PLACEHOLDER-NaHCO3-acid,30.0,-0.126000,7.864644
PLACEHOLDER-NaHCO3-acid,30.0,-0.124000,7.869886
PLACEHOLDER-NaHCO3-acid,30.0,-0.122000,7.875172
PLACEHOLDER-NaHCO3-acid,30.0,-0.120000,7.880502
PLACEHOLDER-NaHCO3-acid,30.0,-0.118000,7.885875
PLACEHOLDER-NaHCO3-acid,30.0,-0.116000,7.891293
PLACEHOLDER-NaHCO3-acid,30.0,-0.114000,7.896755
PLACEHOLDER-NaHCO3-acid,30.0,-0.112000,7.902262
PLACEHOLDER-NaHCO3-acid,30.0,-0.110000,7.907815
PLACEHOLDER-NaHCO3-acid,30.0,-0.108000,7.913414
PLACEHOLDER-NaHCO3-acid,30.0,-0.106000,7.919058
PLACEHOLDER-NaHCO3-acid,30.0,-0.104000,7.924749
PLACEHOLDER-NaHCO3-acid,30.0,-0.102000,7.930486
PLACEHOLDER-NaHCO3-acid,30.0,-0.100000,7.936271
PLACEHOLDER-NaHCO3-acid,30.0,-0.098000,7.942102
PLACEHOLDER-NaHCO3-acid,30.0,-0.096000,7.947981
PLACEHOLDER-NaHCO3-acid,30.0,-0.094000,7.953908
PLACEHOLDER-NaHCO3-acid,30.0,-0.092000,7.959882
PLACEHOLDER-NaHCO3-acid,30.0,-0.090000,7.965905
PLACEHOLDER-NaHCO3-acid,30.0,-0.088000,7.971975
PLACEHOLDER-NaHCO3-acid,30.0,-0.086000,7.978094
PLACEHOLDER-NaHCO3-acid,30.0,-0.084000,7.984261
PLACEHOLDER-NaHCO3-acid,30.0,-0.082000,7.990476
PLACEHOLDER-NaHCO3-acid,30.0,-0.080000,7.996739
PLACEHOLDER-NaHCO3-acid,30.0,-0.078000,8.003050
PLACEHOLDER-NaHCO3-acid,30.0,-0.076000,8.009410
PLACEHOLDER-NaHCO3-acid,30.0,-0.074000,8.015817
PLACEHOLDER-NaHCO3-acid,30.0,-0.072000,8.022272
PLACEHOLDER-NaHCO3-acid,30.0,-0.070000,8.028775
PLACEHOLDER-NaHCO3-acid,30.0,-0.068000,8.035325
PLACEHOLDER-NaHCO3-acid,30.0,-0.066000,8.041922
PLACEHOLDER-NaHCO3-acid,30.0,-0.064000,8.048566
PLACEHOLDER-NaHCO3-acid,30.0,-0.062000,8.055255
PLACEHOLDER-NaHCO3-acid,30.0,-0.060000,8.061990
PLACEHOLDER-NaHCO3-acid,30.0,-0.058000,8.068771
PLACEHOLDER-NaHCO3-acid,30.0,-0.056000,8.075595
PLACEHOLDER-NaHCO3-acid,30.0,-0.054000,8.082464
PLACEHOLDER-NaHCO3-acid,30.0,-0.052000,8.089375
PLACEHOLDER-NaHCO3-acid,30.0,-0.050000,8.096328
PLACEHOLDER-NaHCO3-acid,30.0,-0.048000,8.103323
PLACEHOLDER-NaHCO3-acid,30.0,-0.046000,8.110358
PLACEHOLDER-NaHCO3-acid,30.0,-0.044000,8.117433
PLACEHOLDER-NaHCO3-acid,30.0,-0.042000,8.124545
PLACEHOLDER-NaHCO3-acid,30.0,-0.040000,8.131695
PLACEHOLDER-NaHCO3-acid,30.0,-0.038000,8.138880
PLACEHOLDER-NaHCO3-acid,30.0,-0.036000,8.146100
PLACEHOLDER-NaHCO3-acid,30.0,-0.034000,8.153353
PLACEHOLDER-NaHCO3-acid,30.0,-0.032000,8.160638
PLACEHOLDER-NaHCO3-acid,30.0,-0.030000,8.167953
PLACEHOLDER-NaHCO3-acid,30.0,-0.028000,8.175296
PLACEHOLDER-NaHCO3-acid,30.0,-0.026000,8.182666
PLACEHOLDER-NaHCO3-acid,30.0,-0.024000,8.190062
PLACEHOLDER-NaHCO3-acid,30.0,-0.022000,8.197481
PLACEHOLDER-NaHCO3-acid,30.0,-0.020000,8.204921
PLACEHOLDER-NaHCO3-acid,30.0,-0.018000,8.212382
PLACEHOLDER-NaHCO3-acid,30.0,-0.016000,8.219860
PLACEHOLDER-NaHCO3-acid,30.0,-0.014000,8.227354
PLACEHOLDER-NaHCO3-acid,30.0,-0.012000,8.234861
PLACEHOLDER-NaHCO3-acid,30.0,-0.010000,8.242381
PLACEHOLDER-NaHCO3-acid,30.0,-0.008000,8.249910
PLACEHOLDER-NaHCO3-acid,30.0,-0.006000,8.257447
PLACEHOLDER-NaHCO3-acid,30.0,-0.004000,8.264989
PLACEHOLDER-NaHCO3-acid,30.0,-0.002000,8.272535
PLACEHOLDER-NaHCO3-base,30.0,-0.000000,8.280082
PLACEHOLDER-NaHCO3-base,30.0,0.002000,8.287628
PLACEHOLDER-NaHCO3-base,30.0,0.004000,8.295171
PLACEHOLDER-NaHCO3-base,30.0,0.006000,8.302708
PLACEHOLDER-NaHCO3-base,30.0,0.008000,8.310239
PLACEHOLDER-NaHCO3-base,30.0,0.010000,8.317759
PLACEHOLDER-NaHCO3-base,30.0,0.012000,8.325268
PLACEHOLDER-NaHCO3-base,30.0,0.014000,8.332764
PLACEHOLDER-NaHCO3-base,30.0,0.016000,8.340243
PLACEHOLDER-NaHCO3-base,30.0,0.018000,8.347705
PLACEHOLDER-NaHCO3-base,30.0,0.020000,8.355148
PLACEHOLDER-NaHCO3-base,30.0,0.022000,8.362569
PLACEHOLDER-NaHCO3-base,30.0,0.024000,8.369966
PLACEHOLDER-NaHCO3-base,30.0,0.026000,8.377339
PLACEHOLDER-NaHCO3-base,30.0,0.028000,8.384684
PLACEHOLDER-NaHCO3-base,30.0,0.030000,8.392001
PLACEHOLDER-NaHCO3-base,30.0,0.032000,8.399287
PLACEHOLDER-NaHCO3-base,30.0,0.034000,8.406542
PLACEHOLDER-NaHCO3-base,30.0,0.036000,8.413764
PLACEHOLDER-NaHCO3-base,30.0,0.038000,8.420951
PLACEHOLDER-NaHCO3-base,30.0,0.040000,8.428102
PLACEHOLDER-NaHCO3-base,30.0,0.042000,8.435216
PLACEHOLDER-NaHCO3-base,30.0,0.044000,8.442291
PLACEHOLDER-NaHCO3-base,30.0,0.046000,8.449326
PLACEHOLDER-NaHCO3-base,30.0,0.048000,8.456321
PLACEHOLDER-NaHCO3-base,30.0,0.050000,8.463275
PLACEHOLDER-NaHCO3-base,30.0,0.052000,8.470186
PLACEHOLDER-NaHCO3-base,30.0,0.054000,8.477053
PLACEHOLDER-NaHCO3-base,30.0,0.056000,8.483876
PLACEHOLDER-NaHCO3-base,30.0,0.058000,8.490655
PLACEHOLDER-NaHCO3-base,30.0,0.060000,8.497387
PLACEHOLDER-NaHCO3-base,30.0,0.062000,8.504074
PLACEHOLDER-NaHCO3-base,30.0,0.064000,8.510714
PLACEHOLDER-NaHCO3-base,30.0,0.066000,8.517307
PLACEHOLDER-NaHCO3-base,30.0,0.068000,8.523852
PLACEHOLDER-NaHCO3-base,30.0,0.070000,8.530349
PLACEHOLDER-NaHCO3-base,30.0,0.072000,8.536798
PLACEHOLDER-NaHCO3-base,30.0,0.074000,8.543199
PLACEHOLDER-NaHCO3-base,30.0,0.076000,8.549551
PLACEHOLDER-NaHCO3-base,30.0,0.078000,8.555855
PLACEHOLDER-NaHCO3-base,30.0,0.080000,8.562109
PLACEHOLDER-NaHCO3-base,30.0,0.082000,8.568315
PLACEHOLDER-NaHCO3-base,30.0,0.084000,8.574471
PLACEHOLDER-NaHCO3-base,30.0,0.086000,8.580579
PLACEHOLDER-NaHCO3-base,30.0,0.088000,8.586637
PLACEHOLDER-NaHCO3-base,30.0,0.090000,8.592647
PLACEHOLDER-NaHCO3-base,30.0,0.092000,8.598608
PLACEHOLDER-NaHCO3-base,30.0,0.094000,8.604521
PLACEHOLDER-NaHCO3-base,30.0,0.096000,8.610385
PLACEHOLDER-NaHCO3-base,30.0,0.098000,8.616201
PLACEHOLDER-NaHCO3-base,30.0,0.100000,8.621969
PLACEHOLDER-NaHCO3-base,30.0,0.102000,8.627689
PLACEHOLDER-NaHCO3-base,30.0,0.104000,8.633362
PLACEHOLDER-NaHCO3-base,30.0,0.106000,8.638987
PLACEHOLDER-NaHCO3-base,30.0,0.108000,8.644566
PLACEHOLDER-NaHCO3-base,30.0,0.110000,8.650099
PLACEHOLDER-NaHCO3-base,30.0,0.112000,8.655585
PLACEHOLDER-NaHCO3-base,30.0,0.114000,8.661025
PLACEHOLDER-NaHCO3-base,30.0,0.116000,8.666420
PLACEHOLDER-NaHCO3-base,30.0,0.118000,8.671770
PLACEHOLDER-NaHCO3-base,30.0,0.120000,8.677075
PLACEHOLDER-NaHCO3-base,30.0,0.122000,8.682336
PLACEHOLDER-NaHCO3-base,30.0,0.124000,8.687553
PLACEHOLDER-NaHCO3-base,30.0,0.126000,8.692726
PLACEHOLDER-NaHCO3-base,30.0,0.128000,8.697857
PLACEHOLDER-NaHCO3-base,30.0,0.130000,8.702944
PLACEHOLDER-NaHCO3-base,30.0,0.132000,8.707990
PLACEHOLDER-NaHCO3-base,30.0,0.134000,8.712994
PLACEHOLDER-NaHCO3-base,30.0,0.136000,8.717956
PLACEHOLDER-NaHCO3-base,30.0,0.138000,8.722878
PLACEHOLDER-NaHCO3-base,30.0,0.140000,8.727759
PLACEHOLDER-NaHCO3-base,30.0,0.142000,8.732600
PLACEHOLDER-NaHCO3-base,30.0,0.144000,8.737401
PLACEHOLDER-NaHCO3-base,30.0,0.146000,8.742163
PLACEHOLDER-NaHCO3-base,30.0,0.148000,8.746887
PLACEHOLDER-NaHCO3-base,30.0,0.150000,8.751572
PLACEHOLDER-NaHCO3-base,30.0,0.152000,8.756219
PLACEHOLDER-NaHCO3-base,30.0,0.154000,8.760829
PLACEHOLDER-NaHCO3-base,30.0,0.156000,8.765402
PLACEHOLDER-NaHCO3-base,30.0,0.158000,8.769939
PLACEHOLDER-NaHCO3-base,30.0,0.160000,8.774439
PLACEHOLDER-NaHCO3-base,30.0,0.162000,8.778904
PLACEHOLDER-NaHCO3-base,30.0,0.164000,8.783334
PLACEHOLDER-NaHCO3-base,30.0,0.166000,8.787728
PLACEHOLDER-NaHCO3-base,30.0,0.168000,8.792088
PLACEHOLDER-NaHCO3-base,30.0,0.170000,8.796415
PLACEHOLDER-NaHCO3-base,30.0,0.172000,8.800707
PLACEHOLDER-NaHCO3-base,30.0,0.174000,8.804967
PLACEHOLDER-NaHCO3-base,30.0,0.176000,8.809194
PLACEHOLDER-NaHCO3-base,30.0,0.178000,8.813388
PLACEHOLDER-NaHCO3-base,30.0,0.180000,8.817550
PLACEHOLDER-NaHCO3-base,30.0,0.182000,8.821681
PLACEHOLDER-NaHCO3-base,30.0,0.184000,8.825781
PLACEHOLDER-NaHCO3-base,30.0,0.186000,8.829850
PLACEHOLDER-NaHCO3-base,30.0,0.188000,8.833888
PLACEHOLDER-NaHCO3-base,30.0,0.190000,8.837896
PLACEHOLDER-NaHCO3-base,30.0,0.192000,8.841875
PLACEHOLDER-NaHCO3-base,30.0,0.194000,8.845824
PLACEHOLDER-NaHCO3-base,30.0,0.196000,8.849744
PLACEHOLDER-NaHCO3-base,30.0,0.198000,8.853636
PLACEHOLDER-NaHCO3-base,30.0,0.200000,8.857500
PLACEHOLDER-NaHCO3-base,30.0,0.250000,8.945841
PLACEHOLDER-NaHCO3-base,30.0,0.300000,9.021169
PLACEHOLDER-NaHCO3-base,30.0,0.350000,9.086673
PLACEHOLDER-NaHCO3-base,30.0,0.400000,9.144570
PLACEHOLDER-NaHCO3-base,30.0,0.450000,9.196439
PLACEHOLDER-NaHCO3-base,30.0,0.500000,9.243430
PLACEHOLDER-NaHCO3-base,30.0,0.550000,9.286401
PLACEHOLDER-NaHCO3-base,30.0,0.600000,9.326005
PLACEHOLDER-NaHCO3-base,30.0,0.650000,9.362754
PLACEHOLDER-NaHCO3-base,30.0,0.700000,9.397051
PLACEHOLDER-NaHCO3-base,30.0,0.750000,9.429221
PLACEHOLDER-NaHCO3-base,30.0,0.800000,9.459529
PLACEHOLDER-NaHCO3-base,30.0,0.850000,9.488195
PLACEHOLDER-NaHCO3-base,30.0,0.900000,9.515400
PLACEHOLDER-NaHCO3-base,30.0,0.950000,9.541300
PLACEHOLDER-NaHCO3-base,30.0,1.000000,9.566025
PLACEHOLDER-NaHCO3-base,30.0,1.050000,9.589688
PLACEHOLDER-NaHCO3-base,30.0,1.100000,9.612386
PLACEHOLDER-NaHCO3-base,30.0,1.150000,9.634203
PLACEHOLDER-NaHCO3-base,30.0,1.200000,9.655214
PLACEHOLDER-NaHCO3-base,30.0,1.250000,9.675482
PLACEHOLDER-NaHCO3-base,30.0,1.300000,9.695067
PLACEHOLDER-NaHCO3-base,30.0,1.350000,9.714018
PLACEHOLDER-NaHCO3-base,30.0,1.400000,9.732381
PLACEHOLDER-NaHCO3-base,30.0,1.450000,9.750196
PLACEHOLDER-NaHCO3-base,30.0,1.500000,9.767502
PLACEHOLDER-NaHCO3-base,30.0,1.550000,9.784330
PLACEHOLDER-NaHCO3-base,30.0,1.600000,9.800710
PLACEHOLDER-NaHCO3-base,30.0,1.650000,9.816670
PLACEHOLDER-NaHCO3-base,30.0,1.700000,9.832235
PLACEHOLDER-NaHCO3-base,30.0,1.750000,9.847426
PLACEHOLDER-NaHCO3-base,30.0,1.800000,9.862265
PLACEHOLDER-NaHCO3-base,30.0,1.850000,9.876771
PLACEHOLDER-NaHCO3-base,30.0,1.900000,9.890961
PLACEHOLDER-NaHCO3-base,30.0,1.950000,9.904850
PLACEHOLDER-NaHCO3-base,30.0,2.000000,9.918455
PLACEHOLDER-NaHCO3-base,30.0,2.050000,9.931789
PLACEHOLDER-NaHCO3-base,30.0,2.100000,9.944863
PLACEHOLDER-NaHCO3-base,30.0,2.150000,9.957692
PLACEHOLDER-NaHCO3-base,30.0,2.200000,9.970284
PLACEHOLDER-NaHCO3-base,30.0,2.250000,9.982651
PLACEHOLDER-NaHCO3-base,30.0,2.300000,9.994801
PLACEHOLDER-NaHCO3-base,30.0,2.350000,10.006745
PLACEHOLDER-NaHCO3-base,30.0,2.400000,10.018490
PLACEHOLDER-NaHCO3-base,30.0,2.450000,10.030044
PLACEHOLDER-NaHCO3-base,30.0,2.500000,10.041414
PLACEHOLDER-NaHCO3-base,30.0,2.550000,10.052608
PLACEHOLDER-NaHCO3-base,30.0,2.600000,10.063631
PLACEHOLDER-NaHCO3-base,30.0,2.650000,10.074490
PLACEHOLDER-NaHCO3-base,30.0,2.700000,10.085191
PLACEHOLDER-NaHCO3-base,30.0,2.750000,10.095738
PLACEHOLDER-NaHCO3-base,30.0,2.800000,10.106138
PLACEHOLDER-NaHCO3-base,30.0,2.850000,10.116394
PLACEHOLDER-NaHCO3-base,30.0,2.900000,10.126512
PLACEHOLDER-NaHCO3-base,30.0,2.950000,10.136496
PLACEHOLDER-NaHCO3-base,30.0,3.000000,10.146349
PLACEHOLDER-NaHCO3-base,30.0,3.050000,10.156076
PLACEHOLDER-NaHCO3-base,30.0,3.100000,10.165680
PLACEHOLDER-NaHCO3-base,30.0,3.150000,10.175166
PLACEHOLDER-NaHCO3-base,30.0,3.200000,10.184535
PLACEHOLDER-NaHCO3-base,30.0,3.250000,10.193791
PLACEHOLDER-NaHCO3-base,30.0,3.300000,10.202938
PLACEHOLDER-NaHCO3-base,30.0,3.350000,10.211978
PLACEHOLDER-NaHCO3-base,30.0,3.400000,10.220913
PLACEHOLDER-NaHCO3-base,30.0,3.450000,10.229747
PLACEHOLDER-NaHCO3-base,30.0,3.500000,10.238482
PLACEHOLDER-NaHCO3-base,30.0,3.550000,10.247120
PLACEHOLDER-NaHCO3-base,30.0,3.600000,10.255664
PLACEHOLDER-NaHCO3-base,30.0,3.650000,10.264115
PLACEHOLDER-NaHCO3-base,30.0,3.700000,10.272476
PLACEHOLDER-NaHCO3-base,30.0,3.750000,10.280749
PLACEHOLDER-NaHCO3-base,30.0,3.800000,10.288935
PLACEHOLDER-NaHCO3-base,30.0,3.850000,10.297037
PLACEHOLDER-NaHCO3-base,30.0,3.900000,10.305056
PLACEHOLDER-NaHCO3-base,30.0,3.950000,10.312994
PLACEHOLDER-NaHCO3-base,30.0,4.000000,10.320852
PLACEHOLDER-NaHCO3-base,30.0,4.050000,10.328632
PLACEHOLDER-NaHCO3-base,30.0,4.100000,10.336335
PLACEHOLDER-NaHCO3-base,30.0,4.150000,10.343964
PLACEHOLDER-NaHCO3-base,30.0,4.200000,10.351518
PLACEHOLDER-NaHCO3-base,30.0,4.250000,10.359001
PLACEHOLDER-NaHCO3-base,30.0,4.300000,10.366412
PLACEHOLDER-NaHCO3-base,30.0,4.350000,10.373753
PLACEHOLDER-NaHCO3-base,30.0,4.400000,10.381025
PLACEHOLDER-NaHCO3-base,30.0,4.450000,10.388230
PLACEHOLDER-NaHCO3-base,30.0,4.500000,10.395369
PLACEHOLDER-NaHCO3-base,30.0,4.550000,10.402442
PLACEHOLDER-NaHCO3-base,30.0,4.600000,10.409450
PLACEHOLDER-NaHCO3-base,30.0,4.650000,10.416396
PLACEHOLDER-NaHCO3-base,30.0,4.700000,10.423278
PLACEHOLDER-NaHCO3-base,30.0,4.750000,10.430100
PLACEHOLDER-NaHCO3-base,30.0,4.800000,10.436861
PLACEHOLDER-NaHCO3-base,30.0,4.850000,10.443562
PLACEHOLDER-NaHCO3-base,30.0,4.900000,10.450205
PLACEHOLDER-NaHCO3-base,30.0,4.950000,10.456790
PLACEHOLDER-NaHCO3-base,30.0,5.000000,10.463318
PLACEHOLDER-NaHCO3-base,30.0,5.050000,10.469789
PLACEHOLDER-NaHCO3-base,30.0,5.100000,10.476205
PLACEHOLDER-NaHCO3-base,30.0,5.150000,10.482566
PLACEHOLDER-NaHCO3-base,30.0,5.200000,10.488873
PLACEHOLDER-NaHCO3-base,30.0,5.250000,10.495127
PLACEHOLDER-NaHCO3-base,30.0,5.300000,10.501328
PLACEHOLDER-NaHCO3-base,30.0,5.350000,10.507477
PLACEHOLDER-NaHCO3-base,30.0,5.400000,10.513575
PLACEHOLDER-NaHCO3-base,30.0,5.450000,10.519623
PLACEHOLDER-NaHCO3-base,30.0,5.500000,10.525620
PLACEHOLDER-NaHCO3-base,30.0,5.550000,10.531568
PLACEHOLDER-NaHCO3-base,30.0,5.600000,10.537468
PLACEHOLDER-NaHCO3-base,30.0,5.650000,10.543319
PLACEHOLDER-NaHCO3-base,30.0,5.700000,10.549123
PLACEHOLDER-NaHCO3-base,30.0,5.750000,10.554880
PLACEHOLDER-NaHCO3-base,30.0,5.800000,10.560590
PLACEHOLDER-NaHCO3-base,30.0,5.850000,10.566255
PLACEHOLDER-NaHCO3-base,30.0,5.900000,10.571874
PLACEHOLDER-NaHCO3-base,30.0,5.950000,10.577449
PLACEHOLDER-NaHCO3-base,30.0,6.000000,10.582980
PLACEHOLDER-NaHCO3-base,30.0,6.050000,10.588466
PLACEHOLDER-NaHCO3-base,30.0,6.100000,10.593910
PLACEHOLDER-NaHCO3-base,30.0,6.150000,10.599310
PLACEHOLDER-NaHCO3-base,30.0,6.200000,10.604669
PLACEHOLDER-NaHCO3-base,30.0,6.250000,10.609986
PLACEHOLDER-NaHCO3-base,30.0,6.300000,10.615261
PLACEHOLDER-NaHCO3-base,30.0,6.350000,10.620496
PLACEHOLDER-NaHCO3-base,30.0,6.400000,10.625691
PLACEHOLDER-NaHCO3-base,30.0,6.450000,10.630845
PLACEHOLDER-NaHCO3-base,30.0,6.500000,10.635960
PLACEHOLDER-NaHCO3-base,30.0,6.550000,10.641036
PLACEHOLDER-NaHCO3-base,30.0,6.600000,10.646074
PLACEHOLDER-NaHCO3-base,30.0,6.650000,10.651073
PLACEHOLDER-NaHCO3-base,30.0,6.700000,10.656035
PLACEHOLDER-NaHCO3-base,30.0,6.750000,10.660960
PLACEHOLDER-NaHCO3-base,30.0,6.800000,10.665847
PLACEHOLDER-NaHCO3-base,30.0,6.850000,10.670698
PLACEHOLDER-NaHCO3-base,30.0,6.900000,10.675513
PLACEHOLDER-NaHCO3-base,30.0,6.950000,10.680292
PLACEHOLDER-NaHCO3-base,30.0,7.000000,10.685036
PLACEHOLDER-NaHCO3-base,30.0,7.050000,10.689745
PLACEHOLDER-NaHCO3-base,30.0,7.100000,10.694419
PLACEHOLDER-NaHCO3-base,30.0,7.150000,10.699060
PLACEHOLDER-NaHCO3-base,30.0,7.200000,10.703666
PLACEHOLDER-NaHCO3-base,30.0,7.250000,10.708239
PLACEHOLDER-NaHCO3-base,30.0,7.300000,10.712779
PLACEHOLDER-NaHCO3-base,30.0,7.350000,10.717286
PLACEHOLDER-NaHCO3-base,30.0,7.400000,10.721761
PLACEHOLDER-NaHCO3-base,30.0,7.450000,10.726204
PLACEHOLDER-NaHCO3-base,30.0,7.500000,10.730615
PLACEHOLDER-NaHCO3-base,30.0,7.550000,10.734994
PLACEHOLDER-NaHCO3-base,30.0,7.600000,10.739343
PLACEHOLDER-NaHCO3-base,30.0,7.650000,10.743661
PLACEHOLDER-NaHCO3-base,30.0,7.700000,10.747948
PLACEHOLDER-NaHCO3-base,30.0,7.750000,10.752206
PLACEHOLDER-NaHCO3-base,30.0,7.800000,10.756433
PLACEHOLDER-NaHCO3-base,30.0,7.850000,10.760632
PLACEHOLDER-NaHCO3-base,30.0,7.900000,10.764801
PLACEHOLDER-NaHCO3-base,30.0,7.950000,10.768941
PLACEHOLDER-NaHCO3-base,30.0,8.000000,10.773053
PLACEHOLDER-NaHCO3-base,30.0,9.000000,10.849736
PLACEHOLDER-NaHCO3-base,30.0,10.000000,10.917205
PLACEHOLDER-NaHCO3-base,30.0,11.000000,10.977132
PLACEHOLDER-NaHCO3-base,30.0,12.000000,11.030833
PLACEHOLDER-NaHCO3-base,30.0,13.000000,11.079348
PLACEHOLDER-NaHCO3-base,30.0,14.000000,11.123502
PLACEHOLDER-NaHCO3-base,30.0,15.000000,11.163953
PLACEHOLDER-NaHCO3-base,30.0,16.000000,11.201234
PLACEHOLDER-NaHCO3-base,30.0,17.000000,11.235774
PLACEHOLDER-NaHCO3-base,30.0,18.000000,11.267928
PLACEHOLDER-NaHCO3-base,30.0,19.000000,11.297988
PLACEHOLDER-NaHCO3-base,30.0,20.000000,11.326199
PLACEHOLDER-NaHCO3-base,30.0,21.000000,11.352766
PLACEHOLDER-NaHCO3-base,30.0,22.000000,11.377864
PLACEHOLDER-NaHCO3-base,30.0,23.000000,11.401640
PLACEHOLDER-NaHCO3-base,30.0,24.000000,11.424224
PLACEHOLDER-NaHCO3-base,30.0,25.000000,11.445726
PLACEHOLDER-NaHCO3-base,30.0,26.000000,11.466242
PLACEHOLDER-NaHCO3-base,30.0,27.000000,11.485857
PLACEHOLDER-NaHCO3-base,30.0,28.000000,11.504644
PLACEHOLDER-NaHCO3-base,30.0,29.000000,11.522670
PLACEHOLDER-NaHCO3-base,30.0,30.000000,11.539992
PLACEHOLDER-NaHCO3-base,30.0,31.000000,11.556663
PLACEHOLDER-NaHCO3-base,30.0,32.000000,11.572729
PLACEHOLDER-NaHCO3-base,30.0,33.000000,11.588231
PLACEHOLDER-NaHCO3-base,30.0,34.000000,11.603207
PLACEHOLDER-NaHCO3-base,30.0,35.000000,11.617692
PLACEHOLDER-NaHCO3-base,30.0,36.000000,11.631715
PLACEHOLDER-NaHCO3-base,30.0,37.000000,11.645306
PLACEHOLDER-NaHCO3-base,30.0,38.000000,11.658489
PLACEHOLDER-NaHCO3-base,30.0,39.000000,11.671289
PLACEHOLDER-NaHCO3-base,30.0,40.000000,11.683726
PLACEHOLDER-NaHCO3-base,30.0,41.000000,11.695821
PLACEHOLDER-NaHCO3-base,30.0,42.000000,11.707591
PLACEHOLDER-NaHCO3-base,30.0,43.000000,11.719054
PLACEHOLDER-NaHCO3-base,30.0,44.000000,11.730225
PLACEHOLDER-NaHCO3-base,30.0,45.000000,11.741118
PLACEHOLDER-NaHCO3-base,30.0,46.000000,11.751746
PLACEHOLDER-NaHCO3-base,30.0,47.000000,11.762123
PLACEHOLDER-NaHCO3-base,30.0,48.000000,11.772259
PLACEHOLDER-NaHCO3-base,30.0,49.000000,11.782166
PLACEHOLDER-NaHCO3-base,30.0,50.000000,11.791854
PLACEHOLDER-NaHCO3-base,30.0,51.000000,11.801331
PLACEHOLDER-NaHCO3-base,30.0,52.000000,11.810608
PLACEHOLDER-NaHCO3-base,30.0,53.000000,11.819692
PLACEHOLDER-NaHCO3-base,30.0,54.000000,11.828590
PLACEHOLDER-NaHCO3-base,30.0,55.000000,11.837311
PLACEHOLDER-NaHCO3-base,30.0,56.000000,11.845862
PLACEHOLDER-NaHCO3-base,30.0,57.000000,11.854248
PLACEHOLDER-NaHCO3-base,30.0,58.000000,11.862476
PLACEHOLDER-NaHCO3-base,30.0,59.000000,11.870551
PLACEHOLDER-NaHCO3-base,30.0,60.000000,11.878480
PLACEHOLDER-NaHCO3-acid,35.0,-60.000000,1.958602
PLACEHOLDER-NaHCO3-acid,35.0,-59.000000,1.966571
PLACEHOLDER-NaHCO3-acid,35.0,-58.000000,1.974689
PLACEHOLDER-NaHCO3-acid,35.0,-57.000000,1.982961
PLACEHOLDER-NaHCO3-acid,35.0,-56.000000,1.991394
PLACEHOLDER-NaHCO3-acid,35.0,-55.000000,1.999994
PLACEHOLDER-NaHCO3-acid,35.0,-54.000000,2.008768
PLACEHOLDER-NaHCO3-acid,35.0,-53.000000,2.017723
PLACEHOLDER-NaHCO3-acid,35.0,-52.000000,2.026866
PLACEHOLDER-NaHCO3-acid,35.0,-51.000000,2.036206
PLACEHOLDER-NaHCO3-acid,35.0,-50.000000,2.045751
PLACEHOLDER-NaHCO3-acid,35.0,-49.000000,2.055511
PLACEHOLDER-NaHCO3-acid,35.0,-48.000000,2.065495
PLACEHOLDER-NaHCO3-acid,35.0,-47.000000,2.075714
PLACEHOLDER-NaHCO3-acid,35.0,-46.000000,2.086179
PLACEHOLDER-NaHCO3-acid,35.0,-45.000000,2.096902
PLACEHOLDER-NaHCO3-acid,35.0,-44.000000,2.107898
PLACEHOLDER-NaHCO3-acid,35.0,-43.000000,2.119178
PLACEHOLDER-NaHCO3-acid,35.0,-42.000000,2.130760
PLACEHOLDER-NaHCO3-acid,35.0,-41.000000,2.142659
PLACEHOLDER-NaHCO3-acid,35.0,-40.000000,2.154893
PLACEHOLDER-NaHCO3-acid,35.0,-39.000000,2.167482
PLACEHOLDER-NaHCO3-acid,35.0,-38.000000,2.180446
PLACEHOLDER-NaHCO3-acid,35.0,-37.000000,2.193810
PLACEHOLDER-NaHCO3-acid,35.0,-36.000000,2.207597
PLACEHOLDER-NaHCO3-acid,35.0,-35.000000,2.221837
PLACEHOLDER-NaHCO3-acid,35.0,-34.000000,2.236560
PLACEHOLDER-NaHCO3-acid,35.0,-33.000000,2.251799
PLACEHOLDER-NaHCO3-acid,35.0,-32.000000,2.267593
PLACEHOLDER-NaHCO3-acid,35.0,-31.000000,2.283983
PLACEHOLDER-NaHCO3-acid,35.0,-30.000000,2.301015
PLACEHOLDER-NaHCO3-acid,35.0,-29.000000,2.318743
PLACEHOLDER-NaHCO3-acid,35.0,-28.000000,2.337225
PLACEHOLDER-NaHCO3-acid,35.0,-27.000000,2.356529
PLACEHOLDER-NaHCO3-acid,35.0,-26.000000,2.376731
PLACEHOLDER-NaHCO3-acid,35.0,-25.000000,2.397919
PLACEHOLDER-NaHCO3-acid,35.0,-24.000000,2.420193
PLACEHOLDER-NaHCO3-acid,35.0,-23.000000,2.443672
PLACEHOLDER-NaHCO3-acid,35.0,-22.000000,2.468494
PLACEHOLDER-NaHCO3-acid,35.0,-21.000000,2.494820
PLACEHOLDER-NaHCO3-acid,35.0,-20.000000,2.522845
PLACEHOLDER-NaHCO3-acid,35.0,-19.000000,2.552804
PLACEHOLDER-NaHCO3-acid,35.0,-18.000000,2.584984
PLACEHOLDER-NaHCO3-acid,35.0,-17.000000,2.619740
PLACEHOLDER-NaHCO3-acid,35.0,-16.000000,2.657521
PLACEHOLDER-NaHCO3-acid,35.0,-15.000000,2.698903
PLACEHOLDER-NaHCO3-acid,35.0,-14.000000,2.744648
PLACEHOLDER-NaHCO3-acid,35.0,-13.000000,2.795782
PLACEHOLDER-NaHCO3-acid,35.0,-12.000000,2.853747
PLACEHOLDER-NaHCO3-acid,35.0,-11.000000,2.920654
PLACEHOLDER-NaHCO3-acid,35.0,-10.000000,2.999770
PLACEHOLDER-NaHCO3-acid,35.0,-9.000000,3.096562
PLACEHOLDER-NaHCO3-acid,35.0,-8.000000,3.221251
PLACEHOLDER-NaHCO3-acid,35.0,-7.950000,3.228531
PLACEHOLDER-NaHCO3-acid,35.0,-7.900000,3.235935
PLACEHOLDER-NaHCO3-acid,35.0,-7.850000,3.243466
PLACEHOLDER-NaHCO3-acid,35.0,-7.800000,3.251131
PLACEHOLDER-NaHCO3-acid,35.0,-7.750000,3.258932
PLACEHOLDER-NaHCO3-acid,35.0,-7.700000,3.266876
PLACEHOLDER-NaHCO3-acid,35.0,-7.650000,3.274968
PLACEHOLDER-NaHCO3-acid,35.0,-7.600000,3.283212
PLACEHOLDER-NaHCO3-acid,35.0,-7.550000,3.291616
PLACEHOLDER-NaHCO3-acid,35.0,-7.500000,3.300185
PLACEHOLDER-NaHCO3-acid,35.0,-7.450000,3.308925
PLACEHOLDER-NaHCO3-acid,35.0,-7.400000,3.317845
PLACEHOLDER-NaHCO3-acid,35.0,-7.350000,3.326951
PLACEHOLDER-NaHCO3-acid,35.0,-7.300000,3.336251
PLACEHOLDER-NaHCO3-acid,35.0,-7.250000,3.345754
PLACEHOLDER-NaHCO3-acid,35.0,-7.200000,3.355468
PLACEHOLDER-NaHCO3-acid,35.0,-7.150000,3.365404
PLACEHOLDER-NaHCO3-acid,35.0,-7.100000,3.375571
PLACEHOLDER-NaHCO3-acid,35.0,-7.050000,3.385980
PLACEHOLDER-NaHCO3-acid,35.0,-7.000000,3.396644
PLACEHOLDER-NaHCO3-acid,35.0,-6.950000,3.407575
PLACEHOLDER-NaHCO3-acid,35.0,-6.900000,3.418786
PLACEHOLDER-NaHCO3-acid,35.0,-6.850000,3.430293
PLACEHOLDER-NaHCO3-acid,35.0,-6.800000,3.442110
PLACEHOLDER-NaHCO3-acid,35.0,-6.750000,3.454256
PLACEHOLDER-NaHCO3-acid,35.0,-6.700000,3.466749
PLACEHOLDER-NaHCO3-acid,35.0,-6.650000,3.479609
PLACEHOLDER-NaHCO3-acid,35.0,-6.600000,3.492858
PLACEHOLDER-NaHCO3-acid,35.0,-6.550000,3.506521
PLACEHOLDER-NaHCO3-acid,35.0,-6.500000,3.520623
PLACEHOLDER-NaHCO3-acid,35.0,-6.450000,3.535194
PLACEHOLDER-NaHCO3-acid,35.0,-6.400000,3.550265
PLACEHOLDER-NaHCO3-acid,35.0,-6.350000,3.565871
PLACEHOLDER-NaHCO3-acid,35.0,-6.300000,3.582053
PLACEHOLDER-NaHCO3-acid,35.0,-6.250000,3.598852
PLACEHOLDER-NaHCO3-acid,35.0,-6.200000,3.616317
PLACEHOLDER-NaHCO3-acid,35.0,-6.150000,3.634503
PLACEHOLDER-NaHCO3-acid,35.0,-6.100000,3.653470
PLACEHOLDER-NaHCO3-acid,35.0,-6.050000,3.673287
PLACEHOLDER-NaHCO3-acid,35.0,-6.000000,3.694033
PLACEHOLDER-NaHCO3-acid,35.0,-5.950000,3.715796
PLACEHOLDER-NaHCO3-acid,35.0,-5.900000,3.738679
PLACEHOLDER-NaHCO3-acid,35.0,-5.850000,3.762799
PLACEHOLDER-NaHCO3-acid,35.0,-5.800000,3.788294
PLACEHOLDER-NaHCO3-acid,35.0,-5.750000,3.815325
PLACEHOLDER-NaHCO3-acid,35.0,-5.700000,3.844078
PLACEHOLDER-NaHCO3-acid,35.0,-5.650000,3.874779
PLACEHOLDER-NaHCO3-acid,35.0,-5.600000,3.907694
PLACEHOLDER-NaHCO3-acid,35.0,-5.550000,3.943146
PLACEHOLDER-NaHCO3-acid,35.0,-5.500000,3.981525
PLACEHOLDER-NaHCO3-acid,35.0,-5.450000,4.023310
PLACEHOLDER-NaHCO3-acid,35.0,-5.400000,4.069087
PLACEHOLDER-NaHCO3-acid,35.0,-5.350000,4.119578
PLACEHOLDER-NaHCO3-acid,35.0,-5.300000,4.175664
PLACEHOLDER-NaHCO3-acid,35.0,-5.250000,4.238392
PLACEHOLDER-NaHCO3-acid,35.0,-5.200000,4.308930
PLACEHOLDER-NaHCO3-acid,35.0,-5.150000,4.388392
PLACEHOLDER-NaHCO3-acid,35.0,-5.100000,4.477375
PLACEHOLDER-NaHCO3-acid,35.0,-5.050000,4.575138
PLACEHOLDER-NaHCO3-acid,35.0,-5.000000,4.678722
PLACEHOLDER-NaHCO3-acid,35.0,-4.950000,4.783127
PLACEHOLDER-NaHCO3-acid,35.0,-4.900000,4.883153
PLACEHOLDER-NaHCO3-acid,35.0,-4.850000,4.975412
PLACEHOLDER-NaHCO3-acid,35.0,-4.800000,5.058764
PLACEHOLDER-NaHCO3-acid,35.0,-4.750000,5.133546
PLACEHOLDER-NaHCO3-acid,35.0,-4.700000,5.200723
PLACEHOLDER-NaHCO3-acid,35.0,-4.650000,5.261391
PLACEHOLDER-NaHCO3-acid,35.0,-4.600000,5.316556
PLACEHOLDER-NaHCO3-acid,35.0,-4.550000,5.367081
PLACEHOLDER-NaHCO3-acid,35.0,-4.500000,5.413677
PLACEHOLDER-NaHCO3-acid,35.0,-4.450000,5.456925
PLACEHOLDER-NaHCO3-acid,35.0,-4.400000,5.497304
PLACEHOLDER-NaHCO3-acid,35.0,-4.350000,5.535202
PLACEHOLDER-NaHCO3-acid,35.0,-4.300000,5.570943
PLACEHOLDER-NaHCO3-acid,35.0,-4.250000,5.604794
PLACEHOLDER-NaHCO3-acid,35.0,-4.200000,5.636981
PLACEHOLDER-NaHCO3-acid,35.0,-4.150000,5.667693
PLACEHOLDER-NaHCO3-acid,35.0,-4.100000,5.697092
PLACEHOLDER-NaHCO3-acid,35.0,-4.050000,5.725316
PLACEHOLDER-NaHCO3-acid,35.0,-4.000000,5.752486
PLACEHOLDER-NaHCO3-acid,35.0,-3.950000,5.778706
PLACEHOLDER-NaHCO3-acid,35.0,-3.900000,5.804065
PLACEHOLDER-NaHCO3-acid,35.0,-3.850000,5.828645
PLACEHOLDER-NaHCO3-acid,35.0,-3.800000,5.852516
PLACEHOLDER-NaHCO3-acid,35.0,-3.750000,5.875741
PLACEHOLDER-NaHCO3-acid,35.0,-3.700000,5.898376
PLACEHOLDER-NaHCO3-acid,35.0,-3.650000,5.920472
PLACEHOLDER-NaHCO3-acid,35.0,-3.600000,5.942074
PLACEHOLDER-NaHCO3-acid,35.0,-3.550000,5.963223
PLACEHOLDER-NaHCO3-acid,35.0,-3.500000,5.983958
PLACEHOLDER-NaHCO3-acid,35.0,-3.450000,6.004312
PLACEHOLDER-NaHCO3-acid,35.0,-3.400000,6.024317
PLACEHOLDER-NaHCO3-acid,35.0,-3.350000,6.044002
PLACEHOLDER-NaHCO3-acid,35.0,-3.300000,6.063394
PLACEHOLDER-NaHCO3-acid,35.0,-3.250000,6.082519
PLACEHOLDER-NaHCO3-acid,35.0,-3.200000,6.101398
PLACEHOLDER-NaHCO3-acid,35.0,-3.150000,6.120055
PLACEHOLDER-NaHCO3-acid,35.0,-3.100000,6.138510
PLACEHOLDER-NaHCO3-acid,35.0,-3.050000,6.156782
PLACEHOLDER-NaHCO3-acid,35.0,-3.000000,6.174890
PLACEHOLDER-NaHCO3-acid,35.0,-2.950000,6.192851
PLACEHOLDER-NaHCO3-acid,35.0,-2.900000,6.210682
PLACEHOLDER-NaHCO3-acid,35.0,-2.850000,6.228399
PLACEHOLDER-NaHCO3-acid,35.0,-2.800000,6.246018
PLACEHOLDER-NaHCO3-acid,35.0,-2.750000,6.263554
PLACEHOLDER-NaHCO3-acid,35.0,-2.700000,6.281020
PLACEHOLDER-NaHCO3-acid,35.0,-2.650000,6.298433
PLACEHOLDER-NaHCO3-acid,35.0,-2.600000,6.315805
PLACEHOLDER-NaHCO3-acid,35.0,-2.550000,6.333151
PLACEHOLDER-NaHCO3-acid,35.0,-2.500000,6.350485
PLACEHOLDER-NaHCO3-acid,35.0,-2.450000,6.367819
PLACEHOLDER-NaHCO3-acid,35.0,-2.400000,6.385169
PLACEHOLDER-NaHCO3-acid,35.0,-2.350000,6.402547
PLACEHOLDER-NaHCO3-acid,35.0,-2.300000,6.419968
PLACEHOLDER-NaHCO3-acid,35.0,-2.250000,6.437446
PLACEHOLDER-NaHCO3-acid,35.0,-2.200000,6.454994
PLACEHOLDER-NaHCO3-acid,35.0,-2.150000,6.472629
PLACEHOLDER-NaHCO3-acid,35.0,-2.100000,6.490365
PLACEHOLDER-NaHCO3-acid,35.0,-2.050000,6.508218
PLACEHOLDER-NaHCO3-acid,35.0,-2.000000,6.526204
PLACEHOLDER-NaHCO3-acid,35.0,-1.950000,6.544340
PLACEHOLDER-NaHCO3-acid,35.0,-1.900000,6.562644
PLACEHOLDER-NaHCO3-acid,35.0,-1.850000,6.581135
PLACEHOLDER-NaHCO3-acid,35.0,-1.800000,6.599833
PLACEHOLDER-NaHCO3-acid,35.0,-1.750000,6.618757
PLACEHOLDER-NaHCO3-acid,35.0,-1.700000,6.637932
PLACEHOLDER-NaHCO3-acid,35.0,-1.650000,6.657381
PLACEHOLDER-NaHCO3-acid,35.0,-1.600000,6.677129
PLACEHOLDER-NaHCO3-acid,35.0,-1.550000,6.697204
PLACEHOLDER-NaHCO3-acid,35.0,-1.500000,6.717637
PLACEHOLDER-NaHCO3-acid,35.0,-1.450000,6.738459
PLACEHOLDER-NaHCO3-acid,35.0,-1.400000,6.759706
PLACEHOLDER-NaHCO3-acid,35.0,-1.350000,6.781418
PLACEHOLDER-NaHCO3-acid,35.0,-1.300000,6.803638
PLACEHOLDER-NaHCO3-acid,35.0,-1.250000,6.826413
PLACEHOLDER-NaHCO3-acid,35.0,-1.200000,6.849797
PLACEHOLDER-NaHCO3-acid,35.0,-1.150000,6.873849
PLACEHOLDER-NaHCO3-acid,35.0,-1.100000,6.898636
PLACEHOLDER-NaHCO3-acid,35.0,-1.050000,6.924233
PLACEHOLDER-NaHCO3-acid,35.0,-1.000000,6.950726
PLACEHOLDER-NaHCO3-acid,35.0,-0.950000,6.978215
PLACEHOLDER-NaHCO3-acid,35.0,-0.900000,7.006813
PLACEHOLDER-NaHCO3-acid,35.0,-0.850000,7.036652
PLACEHOLDER-NaHCO3-acid,35.0,-0.800000,7.067887
PLACEHOLDER-NaHCO3-acid,35.0,-0.750000,7.100701
PLACEHOLDER-NaHCO3-acid,35.0,-0.700000,7.135314
PLACEHOLDER-NaHCO3-acid,35.0,-0.650000,7.171990
PLACEHOLDER-NaHCO3-acid,35.0,-0.600000,7.211053
PLACEHOLDER-NaHCO3-acid,35.0,-0.550000,7.252903
PLACEHOLDER-NaHCO3-acid,35.0,-0.500000,7.298045
PLACEHOLDER-NaHCO3-acid,35.0,-0.450000,7.347125
PLACEHOLDER-NaHCO3-acid,35.0,-0.400000,7.400986
PLACEHOLDER-NaHCO3-acid,35.0,-0.350000,7.460752
PLACEHOLDER-NaHCO3-acid,35.0,-0.300000,7.527955
PLACEHOLDER-NaHCO3-acid,35.0,-0.250000,7.604728
PLACEHOLDER-NaHCO3-acid,35.0,-0.200000,7.694086
PLACEHOLDER-NaHCO3-acid,35.0,-0.198000,7.697977
PLACEHOLDER-NaHCO3-acid,35.0,-0.196000,7.701896
PLACEHOLDER-NaHCO3-acid,35.0,-0.194000,7.705841
PLACEHOLDER-NaHCO3-acid,35.0,-0.192000,7.709814
PLACEHOLDER-NaHCO3-acid,35.0,-0.190000,7.713815
PLACEHOLDER-NaHCO3-acid,35.0,-0.188000,7.717845
PLACEHOLDER-NaHCO3-acid,35.0,-0.186000,7.721903
PLACEHOLDER-NaHCO3-acid,35.0,-0.184000,7.725990
PLACEHOLDER-NaHCO3-acid,35.0,-0.182000,7.730107
PLACEHOLDER-NaHCO3-acid,35.0,-0.180000,7.734253
PLACEHOLDER-NaHCO3-acid,35.0,-0.178000,7.738429
PLACEHOLDER-NaHCO3-acid,35.0,-0.176000,7.742635
PLACEHOLDER-NaHCO3-acid,35.0,-0.174000,7.746873
PLACEHOLDER-NaHCO3-acid,35.0,-0.172000,7.751141
PLACEHOLDER-NaHCO3-acid,35.0,-0.170000,7.755441
PLACEHOLDER-NaHCO3-acid,35.0,-0.168000,7.759772
PLACEHOLDER-NaHCO3-acid,35.0,-0.166000,7.764136
PLACEHOLDER-NaHCO3-acid,35.0,-0.164000,7.768532
PLACEHOLDER-NaHCO3-acid,35.0,-0.162000,7.772961
PLACEHOLDER-NaHCO3-acid,35.0,-0.160000,7.777423
PLACEHOLDER-NaHCO3-acid,35.0,-0.158000,7.781919
PLACEHOLDER-NaHCO3-acid,35.0,-0.156000,7.786449
PLACEHOLDER-NaHCO3-acid,35.0,-0.154000,7.791013
PLACEHOLDER-NaHCO3-acid,35.0,-0.152000,7.795612
PLACEHOLDER-NaHCO3-acid,35.0,-0.150000,7.800246
PLACEHOLDER-NaHCO3-acid,35.0,-0.148000,7.804916
PLACEHOLDER-NaHCO3-acid,35.0,-0.146000,7.809621
PLACEHOLDER-NaHCO3-acid,35.0,-0.144000,7.814363
PLACEHOLDER-NaHCO3-acid,35.0,-0.142000,7.819141
PLACEHOLDER-NaHCO3-acid,35.0,-0.140000,7.823956
PLACEHOLDER-NaHCO3-acid,35.0,-0.138000,7.828808
PLACEHOLDER-NaHCO3-acid,35.0,-0.136000,7.833698
PLACEHOLDER-NaHCO3-acid,35.0,-0.134000,7.838627
PLACEHOLDER-NaHCO3-acid,35.0,-0.132000,7.843593
PLACEHOLDER-NaHCO3-acid,35.0,-0.130000,7.848598
PLACEHOLDER-NaHCO3-acid,35.0,-0.128000,7.853643
PLACEHOLDER-NaHCO3-acid,35.0,-0.126000,7.858727
PLACEHOLDER-NaHCO3-acid,35.0,-0.124000,7.863850
PLACEHOLDER-NaHCO3-acid,35.0,-0.122000,7.869014
PLACEHOLDER-NaHCO3-acid,35.0,-0.120000,7.874218
PLACEHOLDER-NaHCO3-acid,35.0,-0.118000,7.879463
PLACEHOLDER-NaHCO3-acid,35.0,-0.116000,7.884749
PLACEHOLDER-NaHCO3-acid,35.0,-0.114000,7.890077
PLACEHOLDER-NaHCO3-acid,35.0,-0.112000,7.895446
PLACEHOLDER-NaHCO3-acid,35.0,-0.110000,7.900856
PLACEHOLDER-NaHCO3-acid,35.0,-0.108000,7.906309
PLACEHOLDER-NaHCO3-acid,35.0,-0.106000,7.911805
PLACEHOLDER-NaHCO3-acid,35.0,-0.104000,7.917343
PLACEHOLDER-NaHCO3-acid,35.0,-0.102000,7.922923
PLACEHOLDER-NaHCO3-acid,35.0,-0.100000,7.928547
PLACEHOLDER-NaHCO3-acid,35.0,-0.098000,7.934214
PLACEHOLDER-NaHCO3-acid,35.0,-0.096000,7.939924
PLACEHOLDER-NaHCO3-acid,35.0,-0.094000,7.945678
PLACEHOLDER-NaHCO3-acid,35.0,-0.092000,7.951475
PLACEHOLDER-NaHCO3-acid,35.0,-0.090000,7.957316
PLACEHOLDER-NaHCO3-acid,35.0,-0.088000,7.963200
PLACEHOLDER-NaHCO3-acid,35.0,-0.086000,7.969128
PLACEHOLDER-NaHCO3-acid,35.0,-0.084000,7.975100
PLACEHOLDER-NaHCO3-acid,35.0,-0.082000,7.981115
PLACEHOLDER-NaHCO3-acid,35.0,-0.080000,7.987173
PLACEHOLDER-NaHCO3-acid,35.0,-0.078000,7.993276
PLACEHOLDER-NaHCO3-acid,35.0,-0.076000,7.999421
PLACEHOLDER-NaHCO3-acid,35.0,-0.074000,8.005609
PLACEHOLDER-NaHCO3-acid,35.0,-0.072000,8.011840
PLACEHOLDER-NaHCO3-acid,35.0,-0.070000,8.018114
PLACEHOLDER-NaHCO3-acid,35.0,-0.068000,8.024430
PLACEHOLDER-NaHCO3-acid,35.0,-0.066000,8.030787
PLACEHOLDER-NaHCO3-acid,35.0,-0.064000,8.037187
PLACEHOLDER-NaHCO3-acid,35.0,-0.062000,8.043627
PLACEHOLDER-NaHCO3-acid,35.0,-0.060000,8.050107
PLACEHOLDER-NaHCO3-acid,35.0,-0.058000,8.056627
PLACEHOLDER-NaHCO3-acid,35.0,-0.056000,8.063187
PLACEHOLDER-NaHCO3-acid,35.0,-0.054000,8.069785
PLACEHOLDER-NaHCO3-acid,35.0,-0.052000,8.076421
PLACEHOLDER-NaHCO3-acid,35.0,-0.050000,8.083094
PLACEHOLDER-NaHCO3-acid,35.0,-0.048000,8.089803
PLACEHOLDER-NaHCO3-acid,35.0,-0.046000,8.096547
PLACEHOLDER-NaHCO3-acid,35.0,-0.044000,8.103326
PLACEHOLDER-NaHCO3-acid,35.0,-0.042000,8.110138
PLACEHOLDER-NaHCO3-acid,35.0,-0.040000,8.116983
PLACEHOLDER-NaHCO3-acid,35.0,-0.038000,8.123858
PLACEHOLDER-NaHCO3-acid,35.0,-0.036000,8.130764
PLACEHOLDER-NaHCO3-acid,35.0,-0.034000,8.137698
PLACEHOLDER-NaHCO3-acid,35.0,-0.032000,8.144659
PLACEHOLDER-NaHCO3-acid,35.0,-0.030000,8.151647
PLACEHOLDER-NaHCO3-acid,35.0,-0.028000,8.158659
PLACEHOLDER-NaHCO3-acid,35.0,-0.026000,8.165694
PLACEHOLDER-NaHCO3-acid,35.0,-0.024000,8.172751
PLACEHOLDER-NaHCO3-acid,35.0,-0.022000,8.179828
PLACEHOLDER-NaHCO3-acid,35.0,-0.020000,8.186923
PLACEHOLDER-NaHCO3-acid,35.0,-0.018000,8.194035
PLACEHOLDER-NaHCO3-acid,35.0,-0.016000,8.201163
PLACEHOLDER-NaHCO3-acid,35.0,-0.014000,8.208303
PLACEHOLDER-NaHCO3-acid,35.0,-0.012000,8.215456
PLACEHOLDER-NaHCO3-acid,35.0,-0.010000,8.222618
PLACEHOLDER-NaHCO3-acid,35.0,-0.008000,8.229789
PLACEHOLDER-NaHCO3-acid,35.0,-0.006000,8.236965
PLACEHOLDER-NaHCO3-acid,35.0,-0.004000,8.244146
PLACEHOLDER-NaHCO3-acid,35.0,-0.002000,8.251330
PLACEHOLDER-NaHCO3-base,35.0,-0.000000,8.258515
PLACEHOLDER-NaHCO3-base,35.0,0.002000,8.265698
PLACEHOLDER-NaHCO3-base,35.0,0.004000,8.272878
PLACEHOLDER-NaHCO3-base,35.0,0.006000,8.280054
PLACEHOLDER-NaHCO3-base,35.0,0.008000,8.287222
PLACEHOLDER-NaHCO3-base,35.0,0.010000,8.294383
PLACEHOLDER-NaHCO3-base,35.0,0.012000,8.301533
PLACEHOLDER-NaHCO3-base,35.0,0.014000,8.308670
PLACEHOLDER-NaHCO3-base,35.0,0.016000,8.315794
PLACEHOLDER-NaHCO3-base,35.0,0.018000,8.322903
PLACEHOLDER-NaHCO3-base,35.0,0.020000,8.329994
PLACEHOLDER-NaHCO3-base,35.0,0.022000,8.337066
PLACEHOLDER-NaHCO3-base,35.0,0.024000,8.344117
PLACEHOLDER-NaHCO3-base,35.0,0.026000,8.351146
PLACEHOLDER-NaHCO3-base,35.0,0.028000,8.358152
PLACEHOLDER-NaHCO3-base,35.0,0.030000,8.365132
PLACEHOLDER-NaHCO3-base,35.0,0.032000,8.372086
PLACEHOLDER-NaHCO3-base,35.0,0.034000,8.379012
PLACEHOLDER-NaHCO3-base,35.0,0.036000,8.385909
PLACEHOLDER-NaHCO3-base,35.0,0.038000,8.392775
PLACEHOLDER-NaHCO3-base,35.0,0.040000,8.399610
PLACEHOLDER-NaHCO3-base,35.0,0.042000,8.406411
PLACEHOLDER-NaHCO3-base,35.0,0.044000,8.413179
PLACEHOLDER-NaHCO3-base,35.0,0.046000,8.419911
PLACEHOLDER-NaHCO3-base,35.0,0.048000,8.426607
PLACEHOLDER-NaHCO3-base,35.0,0.050000,8.433267
PLACEHOLDER-NaHCO3-base,35.0,0.052000,8.439889
PLACEHOLDER-NaHCO3-base,35.0,0.054000,8.446472
PLACEHOLDER-NaHCO3-base,35.0,0.056000,8.453016
PLACEHOLDER-NaHCO3-base,35.0,0.058000,8.459520
PLACEHOLDER-NaHCO3-base,35.0,0.060000,8.465983
PLACEHOLDER-NaHCO3-base,35.0,0.062000,8.472405
PLACEHOLDER-NaHCO3-base,35.0,0.064000,8.478785
PLACEHOLDER-NaHCO3-base,35.0,0.066000,8.485123
PLACEHOLDER-NaHCO3-base,35.0,0.068000,8.491419
PLACEHOLDER-NaHCO3-base,35.0,0.070000,8.497671
PLACEHOLDER-NaHCO3-base,35.0,0.072000,8.503880
PLACEHOLDER-NaHCO3-base,35.0,0.074000,8.510045
PLACEHOLDER-NaHCO3-base,35.0,0.076000,8.516167
PLACEHOLDER-NaHCO3-base,35.0,0.078000,8.522244
PLACEHOLDER-NaHCO3-base,35.0,0.080000,8.528277
PLACEHOLDER-NaHCO3-base,35.0,0.082000,8.534266
PLACEHOLDER-NaHCO3-base,35.0,0.084000,8.540210
PLACEHOLDER-NaHCO3-base,35.0,0.086000,8.546110
PLACEHOLDER-NaHCO3-base,35.0,0.088000,8.551965
PLACEHOLDER-NaHCO3-base,35.0,0.090000,8.557776
PLACEHOLDER-NaHCO3-base,35.0,0.092000,8.563542
PLACEHOLDER-NaHCO3-base,35.0,0.094000,8.569264
PLACEHOLDER-NaHCO3-base,35.0,0.096000,8.574942
PLACEHOLDER-NaHCO3-base,35.0,0.098000,8.580575
PLACEHOLDER-NaHCO3-base,35.0,0.100000,8.586165
PLACEHOLDER-NaHCO3-base,35.0,0.102000,8.591711
PLACEHOLDER-NaHCO3-base,35.0,0.104000,8.597212
PLACEHOLDER-NaHCO3-base,35.0,0.106000,8.602671
PLACEHOLDER-NaHCO3-base,35.0,0.108000,8.608086
PLACEHOLDER-NaHCO3-base,35.0,0.110000,8.613459
PLACEHOLDER-NaHCO3-base,35.0,0.112000,8.618788
PLACEHOLDER-NaHCO3-base,35.0,0.114000,8.624075
PLACEHOLDER-NaHCO3-base,35.0,0.116000,8.629320
PLACEHOLDER-NaHCO3-base,35.0,0.118000,8.634524
PLACEHOLDER-NaHCO3-base,35.0,0.120000,8.639685
PLACEHOLDER-NaHCO3-base,35.0,0.122000,8.644806
PLACEHOLDER-NaHCO3-base,35.0,0.124000,8.649885
PLACEHOLDER-NaHCO3-base,35.0,0.126000,8.654924
PLACEHOLDER-NaHCO3-base,35.0,0.128000,8.659923
PLACEHOLDER-NaHCO3-base,35.0,0.130000,8.664881
PLACEHOLDER-NaHCO3-base,35.0,0.132000,8.669801
PLACEHOLDER-NaHCO3-base,35.0,0.134000,8.674681
PLACEHOLDER-NaHCO3-base,35.0,0.136000,8.679522
PLACEHOLDER-NaHCO3-base,35.0,0.138000,8.684325
PLACEHOLDER-NaHCO3-base,35.0,0.140000,8.689090
PLACEHOLDER-NaHCO3-base,35.0,0.142000,8.693817
PLACEHOLDER-NaHCO3-base,35.0,0.144000,8.698507
PLACEHOLDER-NaHCO3-base,35.0,0.146000,8.703160
PLACEHOLDER-NaHCO3-base,35.0,0.148000,8.707777
PLACEHOLDER-NaHCO3-base,35.0,0.150000,8.712357
PLACEHOLDER-NaHCO3-base,35.0,0.152000,8.716901
PLACEHOLDER-NaHCO3-base,35.0,0.154000,8.721411
PLACEHOLDER-NaHCO3-base,35.0,0.156000,8.725885
PLACEHOLDER-NaHCO3-base,35.0,0.158000,8.730324
PLACEHOLDER-NaHCO3-base,35.0,0.160000,8.734730
PLACEHOLDER-NaHCO3-base,35.0,0.162000,8.739101
PLACEHOLDER-NaHCO3-base,35.0,0.164000,8.743439
PLACEHOLDER-NaHCO3-base,35.0,0.166000,8.747744
PLACEHOLDER-NaHCO3-base,35.0,0.168000,8.752016
PLACEHOLDER-NaHCO3-base,35.0,0.170000,8.756255
PLACEHOLDER-NaHCO3-base,35.0,0.172000,8.760463
PLACEHOLDER-NaHCO3-base,35.0,0.174000,8.764639
PLACEHOLDER-NaHCO3-base,35.0,0.176000,8.768784
PLACEHOLDER-NaHCO3-base,35.0,0.178000,8.772897
PLACEHOLDER-NaHCO3-base,35.0,0.180000,8.776981
PLACEHOLDER-NaHCO3-base,35.0,0.182000,8.781034
PLACEHOLDER-NaHCO3-base,35.0,0.184000,8.785057
PLACEHOLDER-NaHCO3-base,35.0,0.186000,8.789050
PLACEHOLDER-NaHCO3-base,35.0,0.188000,8.793015
PLACEHOLDER-NaHCO3-base,35.0,0.190000,8.796951
PLACEHOLDER-NaHCO3-base,35.0,0.192000,8.800858
PLACEHOLDER-NaHCO3-base,35.0,0.194000,8.804737
PLACEHOLDER-NaHCO3-base,35.0,0.196000,8.808588
PLACEHOLDER-NaHCO3-base,35.0,0.198000,8.812411
PLACEHOLDER-NaHCO3-base,35.0,0.200000,8.816208
PLACEHOLDER-NaHCO3-base,35.0,0.250000,8.903152
PLACEHOLDER-NaHCO3-base,35.0,0.300000,8.977438
PLACEHOLDER-NaHCO3-base,35.0,0.350000,9.042095
PLACEHOLDER-NaHCO3-base,35.0,0.400000,9.099259
PLACEHOLDER-NaHCO3-base,35.0,0.450000,9.150464
PLACEHOLDER-NaHCO3-base,35.0,0.500000,9.196834
PLACEHOLDER-NaHCO3-base,35.0,0.550000,9.239211
PLACEHOLDER-NaHCO3-base,35.0,0.600000,9.278241
PLACEHOLDER-NaHCO3-base,35.0,0.650000,9.314426
PLACEHOLDER-NaHCO3-base,35.0,0.700000,9.348168
PLACEHOLDER-NaHCO3-base,35.0,0.750000,9.379787
PLACEHOLDER-NaHCO3-base,35.0,0.800000,9.409546
PLACEHOLDER-NaHCO3-base,35.0,0.850000,9.437664
PLACEHOLDER-NaHCO3-base,35.0,0.900000,9.464323
PLACEHOLDER-NaHCO3-base,35.0,0.950000,9.489674
PLACEHOLDER-NaHCO3-base,35.0,1.000000,9.513849
PLACEHOLDER-NaHCO3-base,35.0,1.050000,9.536961
PLACEHOLDER-NaHCO3-base,35.0,1.100000,9.559105
PLACEHOLDER-NaHCO3-base,35.0,1.150000,9.580366
PLACEHOLDER-NaHCO3-base,35.0,1.200000,9.600818
PLACEHOLDER-NaHCO3-base,35.0,1.250000,9.620525
PLACEHOLDER-NaHCO3-base,35.0,1.300000,9.639544
PLACEHOLDER-NaHCO3-base,35.0,1.350000,9.657927
PLACEHOLDER-NaHCO3-base,35.0,1.400000,9.675720
PLACEHOLDER-NaHCO3-base,35.0,1.450000,9.692962
PLACEHOLDER-NaHCO3-base,35.0,1.500000,9.709690
PLACEHOLDER-NaHCO3-base,35.0,1.550000,9.725938
PLACEHOLDER-NaHCO3-base,35.0,1.600000,9.741735
PLACEHOLDER-NaHCO3-base,35.0,1.650000,9.757109
PLACEHOLDER-NaHCO3-base,35.0,1.700000,9.772084
PLACEHOLDER-NaHCO3-base,35.0,1.750000,9.786683
PLACEHOLDER-NaHCO3-base,35.0,1.800000,9.800927
PLACEHOLDER-NaHCO3-base,35.0,1.850000,9.814835
PLACEHOLDER-NaHCO3-base,35.0,1.900000,9.828424
PLACEHOLDER-NaHCO3-base,35.0,1.950000,9.841710
PLACEHOLDER-NaHCO3-base,35.0,2.000000,9.854709
PLACEHOLDER-NaHCO3-base,35.0,2.050000,9.867433
PLACEHOLDER-NaHCO3-base,35.0,2.100000,9.879897
PLACEHOLDER-NaHCO3-base,35.0,2.150000,9.892111
PLACEHOLDER-NaHCO3-base,35.0,2.200000,9.904088
PLACEHOLDER-NaHCO3-base,35.0,2.250000,9.915836
PLACEHOLDER-NaHCO3-base,35.0,2.300000,9.927367
PLACEHOLDER-NaHCO3-base,35.0,2.350000,9.938688
PLACEHOLDER-NaHCO3-base,35.0,2.400000,9.949809
PLACEHOLDER-NaHCO3-base,35.0,2.450000,9.960737
PLACEHOLDER-NaHCO3-base,35.0,2.500000,9.971480
PLACEHOLDER-NaHCO3-base,35.0,2.550000,9.982044
PLACEHOLDER-NaHCO3-base,35.0,2.600000,9.992437
PLACEHOLDER-NaHCO3-base,35.0,2.650000,10.002664
PLACEHOLDER-NaHCO3-base,35.0,2.700000,10.012731
PLACEHOLDER-NaHCO3-base,35.0,2.750000,10.022644
PLACEHOLDER-NaHCO3-base,35.0,2.800000,10.032409
PLACEHOLDER-NaHCO3-base,35.0,2.850000,10.042029
PLACEHOLDER-NaHCO3-base,35.0,2.900000,10.051510
PLACEHOLDER-NaHCO3-base,35.0,2.950000,10.060856
PLACEHOLDER-NaHCO3-base,35.0,3.000000,10.070071
PLACEHOLDER-NaHCO3-base,35.0,3.050000,10.079160
PLACEHOLDER-NaHCO3-base,35.0,3.100000,10.088125
PLACEHOLDER-NaHCO3-base,35.0,3.150000,10.096972
PLACEHOLDER-NaHCO3-base,35.0,3.200000,10.105702
PLACEHOLDER-NaHCO3-base,35.0,3.250000,10.114320
PLACEHOLDER-NaHCO3-base,35.0,3.300000,10.122828
PLACEHOLDER-NaHCO3-base,35.0,3.350000,10.131230
PLACEHOLDER-NaHCO3-base,35.0,3.400000,10.139528
PLACEHOLDER-NaHCO3-base,35.0,3.450000,10.147726
PLACEHOLDER-NaHCO3-base,35.0,3.500000,10.155824
PLACEHOLDER-NaHCO3-base,35.0,3.550000,10.163828
PLACEHOLDER-NaHCO3-base,35.0,3.600000,10.171737
PLACEHOLDER-NaHCO3-base,35.0,3.650000,10.179555
PLACEHOLDER-NaHCO3-base,35.0,3.700000,10.187285
PLACEHOLDER-NaHCO3-base,35.0,3.750000,10.194927
PLACEHOLDER-NaHCO3-base,35.0,3.800000,10.202485
PLACEHOLDER-NaHCO3-base,35.0,3.850000,10.209960
PLACEHOLDER-NaHCO3-base,35.0,3.900000,10.217353
PLACEHOLDER-NaHCO3-base,35.0,3.950000,10.224667
PLACEHOLDER-NaHCO3-base,35.0,4.000000,10.231904
PLACEHOLDER-NaHCO3-base,35.0,4.050000,10.239065
PLACEHOLDER-NaHCO3-base,35.0,4.100000,10.246151
PLACEHOLDER-NaHCO3-base,35.0,4.150000,10.253164
PLACEHOLDER-NaHCO3-base,35.0,4.200000,10.260107
PLACEHOLDER-NaHCO3-base,35.0,4.250000,10.266979
PLACEHOLDER-NaHCO3-base,35.0,4.300000,10.273783
PLACEHOLDER-NaHCO3-base,35.0,4.350000,10.280519
PLACEHOLDER-NaHCO3-base,35.0,4.400000,10.287190
PLACEHOLDER-NaHCO3-base,35.0,4.450000,10.293796
PLACEHOLDER-NaHCO3-base,35.0,4.500000,10.300338
PLACEHOLDER-NaHCO3-base,35.0,4.550000,10.306819
PLACEHOLDER-NaHCO3-base,35.0,4.600000,10.313238
PLACEHOLDER-NaHCO3-base,35.0,4.650000,10.319597
PLACEHOLDER-NaHCO3-base,35.0,4.700000,10.325897
PLACEHOLDER-NaHCO3-base,35.0,4.750000,10.332139
PLACEHOLDER-NaHCO3-base,35.0,4.800000,10.338324
PLACEHOLDER-NaHCO3-base,35.0,4.850000,10.344453
PLACEHOLDER-NaHCO3-base,35.0,4.900000,10.350527
PLACEHOLDER-NaHCO3-base,35.0,4.950000,10.356546
PLACEHOLDER-NaHCO3-base,35.0,5.000000,10.362513
PLACEHOLDER-NaHCO3-base,35.0,5.050000,10.368427
PLACEHOLDER-NaHCO3-base,35.0,5.100000,10.374289
PLACEHOLDER-NaHCO3-base,35.0,5.150000,10.380100
PLACEHOLDER-NaHCO3-base,35.0,5.200000,10.385862
PLACEHOLDER-NaHCO3-base,35.0,5.250000,10.391574
PLACEHOLDER-NaHCO3-base,35.0,5.300000,10.397238
PLACEHOLDER-NaHCO3-base,35.0,5.350000,10.402854
PLACEHOLDER-NaHCO3-base,35.0,5.400000,10.408423
PLACEHOLDER-NaHCO3-base,35.0,5.450000,10.413946
PLACEHOLDER-NaHCO3-base,35.0,5.500000,10.419423
PLACEHOLDER-NaHCO3-base,35.0,5.550000,10.424854
PLACEHOLDER-NaHCO3-base,35.0,5.600000,10.430242
PLACEHOLDER-NaHCO3-base,35.0,5.650000,10.435586
PLACEHOLDER-NaHCO3-base,35.0,5.700000,10.440886
PLACEHOLDER-NaHCO3-base,35.0,5.750000,10.446144
PLACEHOLDER-NaHCO3-base,35.0,5.800000,10.451361
PLACEHOLDER-NaHCO3-base,35.0,5.850000,10.456535
PLACEHOLDER-NaHCO3-base,35.0,5.900000,10.461669
PLACEHOLDER-NaHCO3-base,35.0,5.950000,10.466763
PLACEHOLDER-NaHCO3-base,35.0,6.000000,10.471817
PLACEHOLDER-NaHCO3-base,35.0,6.050000,10.476832
PLACEHOLDER-NaHCO3-base,35.0,6.100000,10.481808
PLACEHOLDER-NaHCO3-base,35.0,6.150000,10.486745
PLACEHOLDER-NaHCO3-base,35.0,6.200000,10.491645
PLACEHOLDER-NaHCO3-base,35.0,6.250000,10.496508
PLACEHOLDER-NaHCO3-base,35.0,6.300000,10.501334
PLACEHOLDER-NaHCO3-base,35.0,6.350000,10.506124
PLACEHOLDER-NaHCO3-base,35.0,6.400000,10.510878
PLACEHOLDER-NaHCO3-base,35.0,6.450000,10.515597
PLACEHOLDER-NaHCO3-base,35.0,6.500000,10.520281
PLACEHOLDER-NaHCO3-base,35.0,6.550000,10.524930
PLACEHOLDER-NaHCO3-base,35.0,6.600000,10.529545
PLACEHOLDER-NaHCO3-base,35.0,6.650000,10.534126
PLACEHOLDER-NaHCO3-base,35.0,6.700000,10.538674
PLACEHOLDER-NaHCO3-base,35.0,6.750000,10.543189
PLACEHOLDER-NaHCO3-base,35.0,6.800000,10.547672
PLACEHOLDER-NaHCO3-base,35.0,6.850000,10.552123
PLACEHOLDER-NaHCO3-base,35.0,6.900000,10.556542
PLACEHOLDER-NaHCO3-base,35.0,6.950000,10.560929
PLACEHOLDER-NaHCO3-base,35.0,7.000000,10.565286
PLACEHOLDER-NaHCO3-base,35.0,7.050000,10.569611
PLACEHOLDER-NaHCO3-base,35.0,7.100000,10.573907
PLACEHOLDER-NaHCO3-base,35.0,7.150000,10.578173
PLACEHOLDER-NaHCO3-base,35.0,7.200000,10.582409
PLACEHOLDER-NaHCO3-base,35.0,7.250000,10.586616
PLACEHOLDER-NaHCO3-base,35.0,7.300000,10.590793
PLACEHOLDER-NaHCO3-base,35.0,7.350000,10.594943
PLACEHOLDER-NaHCO3-base,35.0,7.400000,10.599064
PLACEHOLDER-NaHCO3-base,35.0,7.450000,10.603157
PLACEHOLDER-NaHCO3-base,35.0,7.500000,10.607222
PLACEHOLDER-NaHCO3-base,35.0,7.550000,10.611260
PLACEHOLDER-NaHCO3-base,35.0,7.600000,10.615271
PLACEHOLDER-NaHCO3-base,35.0,7.650000,10.619255
PLACEHOLDER-NaHCO3-base,35.0,7.700000,10.623213
PLACEHOLDER-NaHCO3-base,35.0,7.750000,10.627144
PLACEHOLDER-NaHCO3-base,35.0,7.800000,10.631050
PLACEHOLDER-NaHCO3-base,35.0,7.850000,10.634930
PLACEHOLDER-NaHCO3-base,35.0,7.900000,10.638784
PLACEHOLDER-NaHCO3-base,35.0,7.950000,10.642614
PLACEHOLDER-NaHCO3-base,35.0,8.000000,10.646419
PLACEHOLDER-NaHCO3-base,35.0,9.000000,10.717681
PLACEHOLDER-NaHCO3-base,35.0,10.000000,10.780910
PLACEHOLDER-NaHCO3-base,35.0,11.000000,10.837513
PLACEHOLDER-NaHCO3-base,35.0,12.000000,10.888595
PLACEHOLDER-NaHCO3-base,35.0,13.000000,10.935028
PLACEHOLDER-NaHCO3-base,35.0,14.000000,10.977510
PLACEHOLDER-NaHCO3-base,35.0,15.000000,11.016607
PLACEHOLDER-NaHCO3-base,35.0,16.000000,11.052777
PLACEHOLDER-NaHCO3-base,35.0,17.000000,11.086400
PLACEHOLDER-NaHCO3-base,35.0,18.000000,11.117788
PLACEHOLDER-NaHCO3-base,35.0,19.000000,11.147204
PLACEHOLDER-NaHCO3-base,35.0,20.000000,11.174869
PLACEHOLDER-NaHCO3-base,35.0,21.000000,11.200969
PLACEHOLDER-NaHCO3-base,35.0,22.000000,11.225664
PLACEHOLDER-NaHCO3-base,35.0,23.000000,11.249093
PLACEHOLDER-NaHCO3-base,35.0,24.000000,11.271374
PLACEHOLDER-NaHCO3-base,35.0,25.000000,11.292610
PLACEHOLDER-NaHCO3-base,35.0,26.000000,11.312892
PLACEHOLDER-NaHCO3-base,35.0,27.000000,11.332300
PLACEHOLDER-NaHCO3-base,35.0,28.000000,11.350903
PLACEHOLDER-NaHCO3-base,35.0,29.000000,11.368765
PLACEHOLDER-NaHCO3-base,35.0,30.000000,11.385940
PLACEHOLDER-NaHCO3-base,35.0,31.000000,11.402478
PLACEHOLDER-NaHCO3-base,35.0,32.000000,11.418424
PLACEHOLDER-NaHCO3-base,35.0,33.000000,11.433818
PLACEHOLDER-NaHCO3-base,35.0,34.000000,11.448696
PLACEHOLDER-NaHCO3-base,35.0,35.000000,11.463091
PLACEHOLDER-NaHCO3-base,35.0,36.000000,11.477033
PLACEHOLDER-NaHCO3-base,35.0,37.000000,11.490549
PLACEHOLDER-NaHCO3-base,35.0,38.000000,11.503664
PLACEHOLDER-NaHCO3-base,35.0,39.000000,11.516400
PLACEHOLDER-NaHCO3-base,35.0,40.000000,11.528779
PLACEHOLDER-NaHCO3-base,35.0,41.000000,11.540820
PLACEHOLDER-NaHCO3-base,35.0,42.000000,11.552541
PLACEHOLDER-NaHCO3-base,35.0,43.000000,11.563957
PLACEHOLDER-NaHCO3-base,35.0,44.000000,11.575085
PLACEHOLDER-NaHCO3-base,35.0,45.000000,11.585938
PLACEHOLDER-NaHCO3-base,35.0,46.000000,11.596529
PLACEHOLDER-NaHCO3-base,35.0,47.000000,11.606871
PLACEHOLDER-NaHCO3-base,35.0,48.000000,11.616975
PLACEHOLDER-NaHCO3-base,35.0,49.000000,11.626852
PLACEHOLDER-NaHCO3-base,35.0,50.000000,11.636511
PLACEHOLDER-NaHCO3-base,35.0,51.000000,11.645962
PLACEHOLDER-NaHCO3-base,35.0,52.000000,11.655213
PLACEHOLDER-NaHCO3-base,35.0,53.000000,11.664273
PLACEHOLDER-NaHCO3-base,35.0,54.000000,11.673149
PLACEHOLDER-NaHCO3-base,35.0,55.000000,11.681849
PLACEHOLDER-NaHCO3-base,35.0,56.000000,11.690379
PLACEHOLDER-NaHCO3-base,35.0,57.000000,11.698747
PLACEHOLDER-NaHCO3-base,35.0,58.000000,11.706957
PLACEHOLDER-NaHCO3-base,35.0,59.000000,11.715016
PLACEHOLDER-NaHCO3-base,35.0,60.000000,11.722929
